llm_name,method_name,case_id,candidate_path,ground_truth_path,embedding_model,similarity_threshold,ground_truth_states,candidate_states,matched_state_pairs,missing_ground_truth_states,extra_candidate_states,ground_truth_state_count,candidate_state_count,matched_state_count,missing_state_count,extra_state_count,semantic_state_precision,semantic_state_recall,semantic_state_f1
DeepSeek_R1_14B,baseline_repair,case_01_healthcare_portal,valid_diagrams/DeepSeek_R1_14B/baseline_repair/case_01_healthcare_portal/diagram.puml,dataset/case_01_healthcare_portal/diagram.puml,sentence-transformers/all-MiniLM-L6-v2,0.800000,"[""Apply"",""Cash"",""Check fitness"",""Facilities"",""Feedback"",""Finance"",""Login"",""Logout"",""News and Experts"",""Payment"",""Register"",""Symptoms checker""]","[""AccessDenied"",""Logout"",""MainMenu"",""Registration"",""SignIn""]","[{""ground_truth_state"":""Logout"",""candidate_state"":""Logout"",""ground_truth_normalized"":""logout"",""candidate_normalized"":""logout"",""similarity"":1.0},{""ground_truth_state"":""Register"",""candidate_state"":""Registration"",""ground_truth_normalized"":""register"",""candidate_normalized"":""registration"",""similarity"":0.881089}]","[""Apply"",""Cash"",""Check fitness"",""Facilities"",""Feedback"",""Finance"",""Login"",""News and Experts"",""Payment"",""Symptoms checker""]","[""AccessDenied"",""MainMenu"",""SignIn""]",12,5,2,10,3,0.4,0.166667,0.235294
Llama_3.1_8B,baseline_repair,case_01_healthcare_portal,valid_diagrams/Llama_3.1_8B/baseline_repair/case_01_healthcare_portal/diagram.puml,dataset/case_01_healthcare_portal/diagram.puml,sentence-transformers/all-MiniLM-L6-v2,0.800000,"[""Apply"",""Cash"",""Check fitness"",""Facilities"",""Feedback"",""Finance"",""Login"",""Logout"",""News and Experts"",""Payment"",""Register"",""Symptoms checker""]","[""Access Denied"",""Cash Payment Details"",""Check Symptoms"",""Failed Registration"",""Fitness Checking"",""Insurance Payment Process"",""Logged Out"",""Payment Process"",""Read News"",""Registration"",""Select Payment Method"",""Signed In"",""User Feedback"",""View Facilities"",""View Result""]","[{""ground_truth_state"":""Check fitness"",""candidate_state"":""Fitness Checking"",""ground_truth_normalized"":""check fitness"",""candidate_normalized"":""fitness checking"",""similarity"":0.883875},{""ground_truth_state"":""Feedback"",""candidate_state"":""User Feedback"",""ground_truth_normalized"":""feedback"",""candidate_normalized"":""user feedback"",""similarity"":0.85144},{""ground_truth_state"":""Logout"",""candidate_state"":""Logged Out"",""ground_truth_normalized"":""logout"",""candidate_normalized"":""logged out"",""similarity"":0.805794},{""ground_truth_state"":""Payment"",""candidate_state"":""Payment Process"",""ground_truth_normalized"":""payment"",""candidate_normalized"":""payment process"",""similarity"":0.80333},{""ground_truth_state"":""Register"",""candidate_state"":""Registration"",""ground_truth_normalized"":""register"",""candidate_normalized"":""registration"",""similarity"":0.881089},{""ground_truth_state"":""Symptoms checker"",""candidate_state"":""Check Symptoms"",""ground_truth_normalized"":""symptoms checker"",""candidate_normalized"":""check symptoms"",""similarity"":0.830393}]","[""Apply"",""Cash"",""Facilities"",""Finance"",""Login"",""News and Experts""]","[""Access Denied"",""Cash Payment Details"",""Failed Registration"",""Insurance Payment Process"",""Read News"",""Select Payment Method"",""Signed In"",""View Facilities"",""View Result""]",12,15,6,6,9,0.4,0.5,0.444444
Llama_3.1_8B,few_shot,case_01_healthcare_portal,valid_diagrams/Llama_3.1_8B/few_shot/case_01_healthcare_portal/diagram.puml,dataset/case_01_healthcare_portal/diagram.puml,sentence-transformers/all-MiniLM-L6-v2,0.800000,"[""Apply"",""Cash"",""Check fitness"",""Facilities"",""Feedback"",""Finance"",""Login"",""Logout"",""News and Experts"",""Payment"",""Register"",""Symptoms checker""]","[""Access Denied"",""Cash Payment Details"",""Check Symptoms"",""Failed Registration"",""Fitness Checking"",""Insurance Payment Process"",""Logged Out"",""Payment Process"",""Read News"",""Registration"",""Select Payment Method"",""Signed In"",""User Feedback"",""View Facilities"",""View Result""]","[{""ground_truth_state"":""Check fitness"",""candidate_state"":""Fitness Checking"",""ground_truth_normalized"":""check fitness"",""candidate_normalized"":""fitness checking"",""similarity"":0.883875},{""ground_truth_state"":""Feedback"",""candidate_state"":""User Feedback"",""ground_truth_normalized"":""feedback"",""candidate_normalized"":""user feedback"",""similarity"":0.85144},{""ground_truth_state"":""Logout"",""candidate_state"":""Logged Out"",""ground_truth_normalized"":""logout"",""candidate_normalized"":""logged out"",""similarity"":0.805794},{""ground_truth_state"":""Payment"",""candidate_state"":""Payment Process"",""ground_truth_normalized"":""payment"",""candidate_normalized"":""payment process"",""similarity"":0.80333},{""ground_truth_state"":""Register"",""candidate_state"":""Registration"",""ground_truth_normalized"":""register"",""candidate_normalized"":""registration"",""similarity"":0.881089},{""ground_truth_state"":""Symptoms checker"",""candidate_state"":""Check Symptoms"",""ground_truth_normalized"":""symptoms checker"",""candidate_normalized"":""check symptoms"",""similarity"":0.830393}]","[""Apply"",""Cash"",""Facilities"",""Finance"",""Login"",""News and Experts""]","[""Access Denied"",""Cash Payment Details"",""Failed Registration"",""Insurance Payment Process"",""Read News"",""Select Payment Method"",""Signed In"",""View Facilities"",""View Result""]",12,15,6,6,9,0.4,0.5,0.444444
Llama_3.1_8B,syntax_grounded_repair,case_01_healthcare_portal,valid_diagrams/Llama_3.1_8B/syntax_grounded_repair/case_01_healthcare_portal/diagram.puml,dataset/case_01_healthcare_portal/diagram.puml,sentence-transformers/all-MiniLM-L6-v2,0.800000,"[""Apply"",""Cash"",""Check fitness"",""Facilities"",""Feedback"",""Finance"",""Login"",""Logout"",""News and Experts"",""Payment"",""Register"",""Symptoms checker""]","[""Access Denied"",""Cash Payment Details"",""Check Symptoms"",""Failed Registration"",""Fitness Checking"",""Insurance Payment Process"",""Logged Out"",""Payment Process"",""Read News"",""Registration"",""Select Payment Method"",""Signed In"",""User Feedback"",""View Facilities"",""View Result""]","[{""ground_truth_state"":""Check fitness"",""candidate_state"":""Fitness Checking"",""ground_truth_normalized"":""check fitness"",""candidate_normalized"":""fitness checking"",""similarity"":0.883875},{""ground_truth_state"":""Feedback"",""candidate_state"":""User Feedback"",""ground_truth_normalized"":""feedback"",""candidate_normalized"":""user feedback"",""similarity"":0.85144},{""ground_truth_state"":""Logout"",""candidate_state"":""Logged Out"",""ground_truth_normalized"":""logout"",""candidate_normalized"":""logged out"",""similarity"":0.805794},{""ground_truth_state"":""Payment"",""candidate_state"":""Payment Process"",""ground_truth_normalized"":""payment"",""candidate_normalized"":""payment process"",""similarity"":0.80333},{""ground_truth_state"":""Register"",""candidate_state"":""Registration"",""ground_truth_normalized"":""register"",""candidate_normalized"":""registration"",""similarity"":0.881089},{""ground_truth_state"":""Symptoms checker"",""candidate_state"":""Check Symptoms"",""ground_truth_normalized"":""symptoms checker"",""candidate_normalized"":""check symptoms"",""similarity"":0.830393}]","[""Apply"",""Cash"",""Facilities"",""Finance"",""Login"",""News and Experts""]","[""Access Denied"",""Cash Payment Details"",""Failed Registration"",""Insurance Payment Process"",""Read News"",""Select Payment Method"",""Signed In"",""View Facilities"",""View Result""]",12,15,6,6,9,0.4,0.5,0.444444
Qwen_2.5_7B,baseline_repair,case_01_healthcare_portal,valid_diagrams/Qwen_2.5_7B/baseline_repair/case_01_healthcare_portal/diagram.puml,dataset/case_01_healthcare_portal/diagram.puml,sentence-transformers/all-MiniLM-L6-v2,0.800000,"[""Apply"",""Cash"",""Check fitness"",""Facilities"",""Feedback"",""Finance"",""Login"",""Logout"",""News and Experts"",""Payment"",""Register"",""Symptoms checker""]","[""CashPayment"",""Dashboard"",""DoctorConsultation"",""Facilities"",""Feedback"",""FinishSession"",""FitnessCheck"",""InsurancePayment"",""Login"",""Logout"",""News"",""Payment"",""PaymentComplete"",""Register"",""SymptomCheck""]","[{""ground_truth_state"":""Check fitness"",""candidate_state"":""FitnessCheck"",""ground_truth_normalized"":""check fitness"",""candidate_normalized"":""fitness check"",""similarity"":0.909404},{""ground_truth_state"":""Facilities"",""candidate_state"":""Facilities"",""ground_truth_normalized"":""facilities"",""candidate_normalized"":""facilities"",""similarity"":1.0},{""ground_truth_state"":""Feedback"",""candidate_state"":""Feedback"",""ground_truth_normalized"":""feedback"",""candidate_normalized"":""feedback"",""similarity"":1.0},{""ground_truth_state"":""Login"",""candidate_state"":""Login"",""ground_truth_normalized"":""login"",""candidate_normalized"":""login"",""similarity"":1.0},{""ground_truth_state"":""Logout"",""candidate_state"":""Logout"",""ground_truth_normalized"":""logout"",""candidate_normalized"":""logout"",""similarity"":1.0},{""ground_truth_state"":""Payment"",""candidate_state"":""Payment"",""ground_truth_normalized"":""payment"",""candidate_normalized"":""payment"",""similarity"":1.0},{""ground_truth_state"":""Register"",""candidate_state"":""Register"",""ground_truth_normalized"":""register"",""candidate_normalized"":""register"",""similarity"":1.0}]","[""Apply"",""Cash"",""Finance"",""News and Experts"",""Symptoms checker""]","[""CashPayment"",""Dashboard"",""DoctorConsultation"",""FinishSession"",""InsurancePayment"",""News"",""PaymentComplete"",""SymptomCheck""]",12,15,7,5,8,0.466667,0.583333,0.518519
Qwen_2.5_7B,syntax_grounded_repair,case_01_healthcare_portal,valid_diagrams/Qwen_2.5_7B/syntax_grounded_repair/case_01_healthcare_portal/diagram.puml,dataset/case_01_healthcare_portal/diagram.puml,sentence-transformers/all-MiniLM-L6-v2,0.800000,"[""Apply"",""Cash"",""Check fitness"",""Facilities"",""Feedback"",""Finance"",""Login"",""Logout"",""News and Experts"",""Payment"",""Register"",""Symptoms checker""]","[""CashPayment"",""Dashboard"",""DoctorConsultation"",""End"",""Facilities"",""Feedback"",""FinishSession"",""FitnessCheck"",""InsurancePayment"",""Login"",""Logout"",""News"",""Payment"",""PaymentComplete"",""Register"",""SymptomCheck""]","[{""ground_truth_state"":""Check fitness"",""candidate_state"":""FitnessCheck"",""ground_truth_normalized"":""check fitness"",""candidate_normalized"":""fitness check"",""similarity"":0.909404},{""ground_truth_state"":""Facilities"",""candidate_state"":""Facilities"",""ground_truth_normalized"":""facilities"",""candidate_normalized"":""facilities"",""similarity"":1.0},{""ground_truth_state"":""Feedback"",""candidate_state"":""Feedback"",""ground_truth_normalized"":""feedback"",""candidate_normalized"":""feedback"",""similarity"":1.0},{""ground_truth_state"":""Login"",""candidate_state"":""Login"",""ground_truth_normalized"":""login"",""candidate_normalized"":""login"",""similarity"":1.0},{""ground_truth_state"":""Logout"",""candidate_state"":""Logout"",""ground_truth_normalized"":""logout"",""candidate_normalized"":""logout"",""similarity"":1.0},{""ground_truth_state"":""Payment"",""candidate_state"":""Payment"",""ground_truth_normalized"":""payment"",""candidate_normalized"":""payment"",""similarity"":1.0},{""ground_truth_state"":""Register"",""candidate_state"":""Register"",""ground_truth_normalized"":""register"",""candidate_normalized"":""register"",""similarity"":1.0}]","[""Apply"",""Cash"",""Finance"",""News and Experts"",""Symptoms checker""]","[""CashPayment"",""Dashboard"",""DoctorConsultation"",""End"",""FinishSession"",""InsurancePayment"",""News"",""PaymentComplete"",""SymptomCheck""]",12,16,7,5,9,0.4375,0.583333,0.5
DeepSeek_R1_14B,baseline_repair,case_02_inventory,valid_diagrams/DeepSeek_R1_14B/baseline_repair/case_02_inventory/diagram.puml,dataset/case_02_inventory/diagram.puml,sentence-transformers/all-MiniLM-L6-v2,0.800000,"[""Add Goods"",""Authentication Login"",""Cancel Receipt"",""Customer Request"",""Dashboard"",""Edit Goods"",""Expired Goods"",""Final State"",""Invoice Generation"",""Place Order"",""Receipt Generation"",""Remove Goods"",""Replace Item"",""Search Item"",""Tax Generation"",""View Summary Report""]","[""AddGoods"",""CalculateDiscountTax"",""CheckExpiry"",""GenerateInvoice"",""GenerateReceipt"",""GenerateReport"",""PlaceOrder"",""RecordRequest"",""RemoveGoods"",""ReplaceCancelReceipt"",""SearchItems"",""Start"",""UpdatePrice""]","[{""ground_truth_state"":""Add Goods"",""candidate_state"":""AddGoods"",""ground_truth_normalized"":""add goods"",""candidate_normalized"":""add goods"",""similarity"":1.0},{""ground_truth_state"":""Cancel Receipt"",""candidate_state"":""ReplaceCancelReceipt"",""ground_truth_normalized"":""cancel receipt"",""candidate_normalized"":""replace cancel receipt"",""similarity"":0.894516},{""ground_truth_state"":""Invoice Generation"",""candidate_state"":""GenerateInvoice"",""ground_truth_normalized"":""invoice generation"",""candidate_normalized"":""generate invoice"",""similarity"":0.921053},{""ground_truth_state"":""Place Order"",""candidate_state"":""PlaceOrder"",""ground_truth_normalized"":""place order"",""candidate_normalized"":""place order"",""similarity"":1.0},{""ground_truth_state"":""Receipt Generation"",""candidate_state"":""GenerateReceipt"",""ground_truth_normalized"":""receipt generation"",""candidate_normalized"":""generate receipt"",""similarity"":0.867102},{""ground_truth_state"":""Remove Goods"",""candidate_state"":""RemoveGoods"",""ground_truth_normalized"":""remove goods"",""candidate_normalized"":""remove goods"",""similarity"":1.0},{""ground_truth_state"":""Search Item"",""candidate_state"":""SearchItems"",""ground_truth_normalized"":""search item"",""candidate_normalized"":""search items"",""similarity"":0.946636}]","[""Authentication Login"",""Customer Request"",""Dashboard"",""Edit Goods"",""Expired Goods"",""Final State"",""Replace Item"",""Tax Generation"",""View Summary Report""]","[""CalculateDiscountTax"",""CheckExpiry"",""GenerateReport"",""RecordRequest"",""Start"",""UpdatePrice""]",16,13,7,9,6,0.538462,0.4375,0.482759
DeepSeek_R1_14B,syntax_grounded_repair,case_02_inventory,valid_diagrams/DeepSeek_R1_14B/syntax_grounded_repair/case_02_inventory/diagram.puml,dataset/case_02_inventory/diagram.puml,sentence-transformers/all-MiniLM-L6-v2,0.800000,"[""Add Goods"",""Authentication Login"",""Cancel Receipt"",""Customer Request"",""Dashboard"",""Edit Goods"",""Expired Goods"",""Final State"",""Invoice Generation"",""Place Order"",""Receipt Generation"",""Remove Goods"",""Replace Item"",""Search Item"",""Tax Generation"",""View Summary Report""]","[""AddGoods"",""CalculateDiscountTax"",""CheckExpiry"",""GenerateInvoice"",""GenerateReceipt"",""GenerateReport"",""PlaceOrder"",""RecordRequest"",""RemoveGoods"",""ReplaceCancelReceipt"",""SearchItems"",""Start"",""UpdatePrice""]","[{""ground_truth_state"":""Add Goods"",""candidate_state"":""AddGoods"",""ground_truth_normalized"":""add goods"",""candidate_normalized"":""add goods"",""similarity"":1.0},{""ground_truth_state"":""Cancel Receipt"",""candidate_state"":""ReplaceCancelReceipt"",""ground_truth_normalized"":""cancel receipt"",""candidate_normalized"":""replace cancel receipt"",""similarity"":0.894516},{""ground_truth_state"":""Invoice Generation"",""candidate_state"":""GenerateInvoice"",""ground_truth_normalized"":""invoice generation"",""candidate_normalized"":""generate invoice"",""similarity"":0.921053},{""ground_truth_state"":""Place Order"",""candidate_state"":""PlaceOrder"",""ground_truth_normalized"":""place order"",""candidate_normalized"":""place order"",""similarity"":1.0},{""ground_truth_state"":""Receipt Generation"",""candidate_state"":""GenerateReceipt"",""ground_truth_normalized"":""receipt generation"",""candidate_normalized"":""generate receipt"",""similarity"":0.867102},{""ground_truth_state"":""Remove Goods"",""candidate_state"":""RemoveGoods"",""ground_truth_normalized"":""remove goods"",""candidate_normalized"":""remove goods"",""similarity"":1.0},{""ground_truth_state"":""Search Item"",""candidate_state"":""SearchItems"",""ground_truth_normalized"":""search item"",""candidate_normalized"":""search items"",""similarity"":0.946636}]","[""Authentication Login"",""Customer Request"",""Dashboard"",""Edit Goods"",""Expired Goods"",""Final State"",""Replace Item"",""Tax Generation"",""View Summary Report""]","[""CalculateDiscountTax"",""CheckExpiry"",""GenerateReport"",""RecordRequest"",""Start"",""UpdatePrice""]",16,13,7,9,6,0.538462,0.4375,0.482759
Llama_3.1_8B,baseline_repair,case_02_inventory,valid_diagrams/Llama_3.1_8B/baseline_repair/case_02_inventory/diagram.puml,dataset/case_02_inventory/diagram.puml,sentence-transformers/all-MiniLM-L6-v2,0.800000,"[""Add Goods"",""Authentication Login"",""Cancel Receipt"",""Customer Request"",""Dashboard"",""Edit Goods"",""Expired Goods"",""Final State"",""Invoice Generation"",""Place Order"",""Receipt Generation"",""Remove Goods"",""Replace Item"",""Search Item"",""Tax Generation"",""View Summary Report""]","[""Adding"",""Billing"",""Cancelled"",""Expired"",""Idle"",""Invoicing"",""Ordering"",""Removing"",""Replaced"",""Searching"",""Summary"",""Updating""]",[],"[""Add Goods"",""Authentication Login"",""Cancel Receipt"",""Customer Request"",""Dashboard"",""Edit Goods"",""Expired Goods"",""Final State"",""Invoice Generation"",""Place Order"",""Receipt Generation"",""Remove Goods"",""Replace Item"",""Search Item"",""Tax Generation"",""View Summary Report""]","[""Adding"",""Billing"",""Cancelled"",""Expired"",""Idle"",""Invoicing"",""Ordering"",""Removing"",""Replaced"",""Searching"",""Summary"",""Updating""]",16,12,0,16,12,0.0,0.0,0.0
Llama_3.1_8B,syntax_grounded_repair,case_02_inventory,valid_diagrams/Llama_3.1_8B/syntax_grounded_repair/case_02_inventory/diagram.puml,dataset/case_02_inventory/diagram.puml,sentence-transformers/all-MiniLM-L6-v2,0.800000,"[""Add Goods"",""Authentication Login"",""Cancel Receipt"",""Customer Request"",""Dashboard"",""Edit Goods"",""Expired Goods"",""Final State"",""Invoice Generation"",""Place Order"",""Receipt Generation"",""Remove Goods"",""Replace Item"",""Search Item"",""Tax Generation"",""View Summary Report""]","[""Adding"",""Billing"",""Cancelled"",""Expired"",""Idle"",""Invoicing"",""Ordering"",""Removing"",""Replaced"",""Searching"",""Summary"",""Updating""]",[],"[""Add Goods"",""Authentication Login"",""Cancel Receipt"",""Customer Request"",""Dashboard"",""Edit Goods"",""Expired Goods"",""Final State"",""Invoice Generation"",""Place Order"",""Receipt Generation"",""Remove Goods"",""Replace Item"",""Search Item"",""Tax Generation"",""View Summary Report""]","[""Adding"",""Billing"",""Cancelled"",""Expired"",""Idle"",""Invoicing"",""Ordering"",""Removing"",""Replaced"",""Searching"",""Summary"",""Updating""]",16,12,0,16,12,0.0,0.0,0.0
DeepSeek_R1_14B,baseline_repair,case_12_business_process_outsourcing_bpo_management_system_2,valid_diagrams/DeepSeek_R1_14B/baseline_repair/case_12_business_process_outsourcing_bpo_management_system_2/diagram.puml,dataset/case_12_business_process_outsourcing_bpo_management_system_2/diagram.puml,sentence-transformers/all-MiniLM-L6-v2,0.800000,"[""Choose category"",""Choose rate range"",""search and display"",""Search users""]","[""ResultsDisplayed"",""SearchCriteriaEntered"",""Start""]",[],"[""Choose category"",""Choose rate range"",""search and display"",""Search users""]","[""ResultsDisplayed"",""SearchCriteriaEntered"",""Start""]",4,3,0,4,3,0.0,0.0,0.0
DeepSeek_R1_14B,syntax_grounded_repair,case_12_business_process_outsourcing_bpo_management_system_2,valid_diagrams/DeepSeek_R1_14B/syntax_grounded_repair/case_12_business_process_outsourcing_bpo_management_system_2/diagram.puml,dataset/case_12_business_process_outsourcing_bpo_management_system_2/diagram.puml,sentence-transformers/all-MiniLM-L6-v2,0.800000,"[""Choose category"",""Choose rate range"",""search and display"",""Search users""]","[""End"",""Searching"",""Start""]",[],"[""Choose category"",""Choose rate range"",""search and display"",""Search users""]","[""End"",""Searching"",""Start""]",4,3,0,4,3,0.0,0.0,0.0
Llama_3.1_8B,baseline_repair,case_12_business_process_outsourcing_bpo_management_system_2,valid_diagrams/Llama_3.1_8B/baseline_repair/case_12_business_process_outsourcing_bpo_management_system_2/diagram.puml,dataset/case_12_business_process_outsourcing_bpo_management_system_2/diagram.puml,sentence-transformers/all-MiniLM-L6-v2,0.800000,"[""Choose category"",""Choose rate range"",""search and display"",""Search users""]","[""DisplayResults"",""Search"",""SelectPriceRange""]",[],"[""Choose category"",""Choose rate range"",""search and display"",""Search users""]","[""DisplayResults"",""Search"",""SelectPriceRange""]",4,3,0,4,3,0.0,0.0,0.0
Llama_3.1_8B,few_shot,case_12_business_process_outsourcing_bpo_management_system_2,valid_diagrams/Llama_3.1_8B/few_shot/case_12_business_process_outsourcing_bpo_management_system_2/diagram.puml,dataset/case_12_business_process_outsourcing_bpo_management_system_2/diagram.puml,sentence-transformers/all-MiniLM-L6-v2,0.800000,"[""Choose category"",""Choose rate range"",""search and display"",""Search users""]","[""DisplayResults"",""Search"",""SelectPriceRange""]",[],"[""Choose category"",""Choose rate range"",""search and display"",""Search users""]","[""DisplayResults"",""Search"",""SelectPriceRange""]",4,3,0,4,3,0.0,0.0,0.0
Llama_3.1_8B,syntax_grounded_repair,case_12_business_process_outsourcing_bpo_management_system_2,valid_diagrams/Llama_3.1_8B/syntax_grounded_repair/case_12_business_process_outsourcing_bpo_management_system_2/diagram.puml,dataset/case_12_business_process_outsourcing_bpo_management_system_2/diagram.puml,sentence-transformers/all-MiniLM-L6-v2,0.800000,"[""Choose category"",""Choose rate range"",""search and display"",""Search users""]","[""DisplayResults"",""Search"",""SelectPriceRange""]",[],"[""Choose category"",""Choose rate range"",""search and display"",""Search users""]","[""DisplayResults"",""Search"",""SelectPriceRange""]",4,3,0,4,3,0.0,0.0,0.0
Qwen_2.5_7B,syntax_grounded_repair,case_12_business_process_outsourcing_bpo_management_system_2,valid_diagrams/Qwen_2.5_7B/syntax_grounded_repair/case_12_business_process_outsourcing_bpo_management_system_2/diagram.puml,dataset/case_12_business_process_outsourcing_bpo_management_system_2/diagram.puml,sentence-transformers/all-MiniLM-L6-v2,0.800000,"[""Choose category"",""Choose rate range"",""search and display"",""Search users""]","[""DisplayResults"",""FilterCategory"",""PriceRange"",""SearchCriteria""]",[],"[""Choose category"",""Choose rate range"",""search and display"",""Search users""]","[""DisplayResults"",""FilterCategory"",""PriceRange"",""SearchCriteria""]",4,4,0,4,4,0.0,0.0,0.0
DeepSeek_R1_14B,baseline_repair,case_15_e_ticketing_for_bus,valid_diagrams/DeepSeek_R1_14B/baseline_repair/case_15_e_ticketing_for_bus/diagram.puml,dataset/case_15_e_ticketing_for_bus/diagram.puml,sentence-transformers/all-MiniLM-L6-v2,0.800000,"[""CheckStatus"",""Confirmation"",""Login"",""LoginStart"",""Logout"",""ManageAccount"",""Payment"",""Register"",""Reservation""]","[""BookTicket"",""CheckTicketStatus"",""ConfirmPayment"",""CreateUser"",""End"",""Login"",""Logout"",""MainMenu"",""ManageAccount"",""Start"",""ValidateRegistration""]","[{""ground_truth_state"":""Login"",""candidate_state"":""Login"",""ground_truth_normalized"":""login"",""candidate_normalized"":""login"",""similarity"":1.0},{""ground_truth_state"":""Logout"",""candidate_state"":""Logout"",""ground_truth_normalized"":""logout"",""candidate_normalized"":""logout"",""similarity"":1.0},{""ground_truth_state"":""ManageAccount"",""candidate_state"":""ManageAccount"",""ground_truth_normalized"":""manage account"",""candidate_normalized"":""manage account"",""similarity"":1.0}]","[""CheckStatus"",""Confirmation"",""LoginStart"",""Payment"",""Register"",""Reservation""]","[""BookTicket"",""CheckTicketStatus"",""ConfirmPayment"",""CreateUser"",""End"",""MainMenu"",""Start"",""ValidateRegistration""]",9,11,3,6,8,0.272727,0.333333,0.3
DeepSeek_R1_14B,syntax_grounded_repair,case_15_e_ticketing_for_bus,valid_diagrams/DeepSeek_R1_14B/syntax_grounded_repair/case_15_e_ticketing_for_bus/diagram.puml,dataset/case_15_e_ticketing_for_bus/diagram.puml,sentence-transformers/all-MiniLM-L6-v2,0.800000,"[""CheckStatus"",""Confirmation"",""Login"",""LoginStart"",""Logout"",""ManageAccount"",""Payment"",""Register"",""Reservation""]","[""BookTicket"",""CheckTicketStatus"",""ConfirmPayment"",""CreateUser"",""End"",""Login"",""Logout"",""MainMenu"",""ManageAccount"",""Start"",""ValidateRegistration""]","[{""ground_truth_state"":""Login"",""candidate_state"":""Login"",""ground_truth_normalized"":""login"",""candidate_normalized"":""login"",""similarity"":1.0},{""ground_truth_state"":""Logout"",""candidate_state"":""Logout"",""ground_truth_normalized"":""logout"",""candidate_normalized"":""logout"",""similarity"":1.0},{""ground_truth_state"":""ManageAccount"",""candidate_state"":""ManageAccount"",""ground_truth_normalized"":""manage account"",""candidate_normalized"":""manage account"",""similarity"":1.0}]","[""CheckStatus"",""Confirmation"",""LoginStart"",""Payment"",""Register"",""Reservation""]","[""BookTicket"",""CheckTicketStatus"",""ConfirmPayment"",""CreateUser"",""End"",""MainMenu"",""Start"",""ValidateRegistration""]",9,11,3,6,8,0.272727,0.333333,0.3
Mistral,few_shot,case_15_e_ticketing_for_bus,valid_diagrams/Mistral/few_shot/case_15_e_ticketing_for_bus/diagram.puml,dataset/case_15_e_ticketing_for_bus/diagram.puml,sentence-transformers/all-MiniLM-L6-v2,0.800000,"[""CheckStatus"",""Confirmation"",""Login"",""LoginStart"",""Logout"",""ManageAccount"",""Payment"",""Register"",""Reservation""]","[""BookingTicket"",""CheckingTicketStatus"",""LoggedIn"",""LoggedOut"",""ManagingAccountDetails"",""NotRegistered"",""Registered"",""Registering""]","[{""ground_truth_state"":""Login"",""candidate_state"":""LoggedIn"",""ground_truth_normalized"":""login"",""candidate_normalized"":""logged in"",""similarity"":0.850182},{""ground_truth_state"":""Logout"",""candidate_state"":""LoggedOut"",""ground_truth_normalized"":""logout"",""candidate_normalized"":""logged out"",""similarity"":0.805794},{""ground_truth_state"":""ManageAccount"",""candidate_state"":""ManagingAccountDetails"",""ground_truth_normalized"":""manage account"",""candidate_normalized"":""managing account details"",""similarity"":0.803832},{""ground_truth_state"":""Register"",""candidate_state"":""Registering"",""ground_truth_normalized"":""register"",""candidate_normalized"":""registering"",""similarity"":0.924417}]","[""CheckStatus"",""Confirmation"",""LoginStart"",""Payment"",""Reservation""]","[""BookingTicket"",""CheckingTicketStatus"",""NotRegistered"",""Registered""]",9,8,4,5,4,0.5,0.444444,0.470588
DeepSeek_R1_14B,baseline_repair,case_16_weather_monitoring_system,valid_diagrams/DeepSeek_R1_14B/baseline_repair/case_16_weather_monitoring_system/diagram.puml,dataset/case_16_weather_monitoring_system/diagram.puml,sentence-transformers/all-MiniLM-L6-v2,0.800000,"[""Alert"",""Display"",""FuturePrediction"",""Graph"",""LiveUpdate"",""login"",""Logout"",""MeasureDewPoint"",""MeasureHumidity"",""MeasurePressure"",""MeasureRainfall"",""MeasureTemperature"",""NewLocation"",""Register"",""UserLocation"",""WeatherStatus"",""WeeklyAnalysis""]","[""LoggedIn"",""LoggedOut"",""Start""]","[{""ground_truth_state"":""login"",""candidate_state"":""LoggedIn"",""ground_truth_normalized"":""login"",""candidate_normalized"":""logged in"",""similarity"":0.850182},{""ground_truth_state"":""Logout"",""candidate_state"":""LoggedOut"",""ground_truth_normalized"":""logout"",""candidate_normalized"":""logged out"",""similarity"":0.805794}]","[""Alert"",""Display"",""FuturePrediction"",""Graph"",""LiveUpdate"",""MeasureDewPoint"",""MeasureHumidity"",""MeasurePressure"",""MeasureRainfall"",""MeasureTemperature"",""NewLocation"",""Register"",""UserLocation"",""WeatherStatus"",""WeeklyAnalysis""]","[""Start""]",17,3,2,15,1,0.666667,0.117647,0.2
DeepSeek_R1_14B,syntax_grounded_repair,case_16_weather_monitoring_system,valid_diagrams/DeepSeek_R1_14B/syntax_grounded_repair/case_16_weather_monitoring_system/diagram.puml,dataset/case_16_weather_monitoring_system/diagram.puml,sentence-transformers/all-MiniLM-L6-v2,0.800000,"[""Alert"",""Display"",""FuturePrediction"",""Graph"",""LiveUpdate"",""login"",""Logout"",""MeasureDewPoint"",""MeasureHumidity"",""MeasurePressure"",""MeasureRainfall"",""MeasureTemperature"",""NewLocation"",""Register"",""UserLocation"",""WeatherStatus"",""WeeklyAnalysis""]","[""INITIAL_STATE"",""MAIN_STATE"",""TERMINAL_STATE""]",[],"[""Alert"",""Display"",""FuturePrediction"",""Graph"",""LiveUpdate"",""login"",""Logout"",""MeasureDewPoint"",""MeasureHumidity"",""MeasurePressure"",""MeasureRainfall"",""MeasureTemperature"",""NewLocation"",""Register"",""UserLocation"",""WeatherStatus"",""WeeklyAnalysis""]","[""INITIAL_STATE"",""MAIN_STATE"",""TERMINAL_STATE""]",17,3,0,17,3,0.0,0.0,0.0
Mistral,syntax_grounded_repair,case_16_weather_monitoring_system,valid_diagrams/Mistral/syntax_grounded_repair/case_16_weather_monitoring_system/diagram.puml,dataset/case_16_weather_monitoring_system/diagram.puml,sentence-transformers/all-MiniLM-L6-v2,0.800000,"[""Alert"",""Display"",""FuturePrediction"",""Graph"",""LiveUpdate"",""login"",""Logout"",""MeasureDewPoint"",""MeasureHumidity"",""MeasurePressure"",""MeasureRainfall"",""MeasureTemperature"",""NewLocation"",""Register"",""UserLocation"",""WeatherStatus"",""WeeklyAnalysis""]","[""AdditionalDetails"",""CheckWeather"",""Idle"",""InvalidLogin"",""InvalidRegistration"",""Login"",""Logout"",""Register"",""WeatherInfo""]","[{""ground_truth_state"":""login"",""candidate_state"":""Login"",""ground_truth_normalized"":""login"",""candidate_normalized"":""login"",""similarity"":1.0},{""ground_truth_state"":""Logout"",""candidate_state"":""Logout"",""ground_truth_normalized"":""logout"",""candidate_normalized"":""logout"",""similarity"":1.0},{""ground_truth_state"":""Register"",""candidate_state"":""Register"",""ground_truth_normalized"":""register"",""candidate_normalized"":""register"",""similarity"":1.0}]","[""Alert"",""Display"",""FuturePrediction"",""Graph"",""LiveUpdate"",""MeasureDewPoint"",""MeasureHumidity"",""MeasurePressure"",""MeasureRainfall"",""MeasureTemperature"",""NewLocation"",""UserLocation"",""WeatherStatus"",""WeeklyAnalysis""]","[""AdditionalDetails"",""CheckWeather"",""Idle"",""InvalidLogin"",""InvalidRegistration"",""WeatherInfo""]",17,9,3,14,6,0.333333,0.176471,0.230769
Qwen_2.5_7B,baseline_repair,case_16_weather_monitoring_system,valid_diagrams/Qwen_2.5_7B/baseline_repair/case_16_weather_monitoring_system/diagram.puml,dataset/case_16_weather_monitoring_system/diagram.puml,sentence-transformers/all-MiniLM-L6-v2,0.800000,"[""Alert"",""Display"",""FuturePrediction"",""Graph"",""LiveUpdate"",""login"",""Logout"",""MeasureDewPoint"",""MeasureHumidity"",""MeasurePressure"",""MeasureRainfall"",""MeasureTemperature"",""NewLocation"",""Register"",""UserLocation"",""WeatherStatus"",""WeeklyAnalysis""]","[""CheckInfo"",""CheckLocation"",""ChooseInfo"",""Login"",""Register"",""ShowInfo"",""ViewDetails""]","[{""ground_truth_state"":""login"",""candidate_state"":""Login"",""ground_truth_normalized"":""login"",""candidate_normalized"":""login"",""similarity"":1.0},{""ground_truth_state"":""Register"",""candidate_state"":""Register"",""ground_truth_normalized"":""register"",""candidate_normalized"":""register"",""similarity"":1.0}]","[""Alert"",""Display"",""FuturePrediction"",""Graph"",""LiveUpdate"",""Logout"",""MeasureDewPoint"",""MeasureHumidity"",""MeasurePressure"",""MeasureRainfall"",""MeasureTemperature"",""NewLocation"",""UserLocation"",""WeatherStatus"",""WeeklyAnalysis""]","[""CheckInfo"",""CheckLocation"",""ChooseInfo"",""ShowInfo"",""ViewDetails""]",17,7,2,15,5,0.285714,0.117647,0.166667
Qwen_2.5_7B,syntax_grounded_repair,case_16_weather_monitoring_system,valid_diagrams/Qwen_2.5_7B/syntax_grounded_repair/case_16_weather_monitoring_system/diagram.puml,dataset/case_16_weather_monitoring_system/diagram.puml,sentence-transformers/all-MiniLM-L6-v2,0.800000,"[""Alert"",""Display"",""FuturePrediction"",""Graph"",""LiveUpdate"",""login"",""Logout"",""MeasureDewPoint"",""MeasureHumidity"",""MeasurePressure"",""MeasureRainfall"",""MeasureTemperature"",""NewLocation"",""Register"",""UserLocation"",""WeatherStatus"",""WeeklyAnalysis""]","[""CheckInfo"",""CheckLocation"",""ChooseInfo"",""Login"",""Register"",""ShowInfo"",""ViewDetails""]","[{""ground_truth_state"":""login"",""candidate_state"":""Login"",""ground_truth_normalized"":""login"",""candidate_normalized"":""login"",""similarity"":1.0},{""ground_truth_state"":""Register"",""candidate_state"":""Register"",""ground_truth_normalized"":""register"",""candidate_normalized"":""register"",""similarity"":1.0}]","[""Alert"",""Display"",""FuturePrediction"",""Graph"",""LiveUpdate"",""Logout"",""MeasureDewPoint"",""MeasureHumidity"",""MeasurePressure"",""MeasureRainfall"",""MeasureTemperature"",""NewLocation"",""UserLocation"",""WeatherStatus"",""WeeklyAnalysis""]","[""CheckInfo"",""CheckLocation"",""ChooseInfo"",""ShowInfo"",""ViewDetails""]",17,7,2,15,5,0.285714,0.117647,0.166667
DeepSeek_R1_14B,baseline_repair,case_18_digidoclocker,valid_diagrams/DeepSeek_R1_14B/baseline_repair/case_18_digidoclocker/diagram.puml,dataset/case_18_digidoclocker/diagram.puml,sentence-transformers/all-MiniLM-L6-v2,0.800000,"[""Apply for a Certificate"",""Certificate Sent to User"",""Digitlocker provides the Certificate"",""Login"",""Registrar asks a Certificate for verification"",""Registration"",""Upload a Document"",""validate the Type of User"",""View Profile""]","[""ApplyforCertificate"",""CitizenRegistration"",""EndSession"",""IdentifyUserType"",""Login"",""PostLoginOptions"",""RegistrarOptions"",""RequestCertificate"",""Start"",""UploadDocuments""]","[{""ground_truth_state"":""Apply for a Certificate"",""candidate_state"":""ApplyforCertificate"",""ground_truth_normalized"":""apply for a certificate"",""candidate_normalized"":""applyfor certificate"",""similarity"":0.845685},{""ground_truth_state"":""Login"",""candidate_state"":""Login"",""ground_truth_normalized"":""login"",""candidate_normalized"":""login"",""similarity"":1.0},{""ground_truth_state"":""Upload a Document"",""candidate_state"":""UploadDocuments"",""ground_truth_normalized"":""upload a document"",""candidate_normalized"":""upload documents"",""similarity"":0.926419}]","[""Certificate Sent to User"",""Digitlocker provides the Certificate"",""Registrar asks a Certificate for verification"",""Registration"",""validate the Type of User"",""View Profile""]","[""CitizenRegistration"",""EndSession"",""IdentifyUserType"",""PostLoginOptions"",""RegistrarOptions"",""RequestCertificate"",""Start""]",9,10,3,6,7,0.3,0.333333,0.315789
DeepSeek_R1_14B,few_shot,case_18_digidoclocker,valid_diagrams/DeepSeek_R1_14B/few_shot/case_18_digidoclocker/diagram.puml,dataset/case_18_digidoclocker/diagram.puml,sentence-transformers/all-MiniLM-L6-v2,0.800000,"[""Apply for a Certificate"",""Certificate Sent to User"",""Digitlocker provides the Certificate"",""Login"",""Registrar asks a Certificate for verification"",""Registration"",""Upload a Document"",""validate the Type of User"",""View Profile""]","[""ApplyforCertificate"",""CitizenRegistration"",""EndSession"",""IdentifyUserType"",""Login"",""PostLoginOptions"",""RegistrarOptions"",""RequestCertificate"",""Start"",""UploadDocuments""]","[{""ground_truth_state"":""Apply for a Certificate"",""candidate_state"":""ApplyforCertificate"",""ground_truth_normalized"":""apply for a certificate"",""candidate_normalized"":""applyfor certificate"",""similarity"":0.845685},{""ground_truth_state"":""Login"",""candidate_state"":""Login"",""ground_truth_normalized"":""login"",""candidate_normalized"":""login"",""similarity"":1.0},{""ground_truth_state"":""Upload a Document"",""candidate_state"":""UploadDocuments"",""ground_truth_normalized"":""upload a document"",""candidate_normalized"":""upload documents"",""similarity"":0.926419}]","[""Certificate Sent to User"",""Digitlocker provides the Certificate"",""Registrar asks a Certificate for verification"",""Registration"",""validate the Type of User"",""View Profile""]","[""CitizenRegistration"",""EndSession"",""IdentifyUserType"",""PostLoginOptions"",""RegistrarOptions"",""RequestCertificate"",""Start""]",9,10,3,6,7,0.3,0.333333,0.315789
DeepSeek_R1_14B,rag,case_18_digidoclocker,valid_diagrams/DeepSeek_R1_14B/rag/case_18_digidoclocker/diagram.puml,dataset/case_18_digidoclocker/diagram.puml,sentence-transformers/all-MiniLM-L6-v2,0.800000,"[""Apply for a Certificate"",""Certificate Sent to User"",""Digitlocker provides the Certificate"",""Login"",""Registrar asks a Certificate for verification"",""Registration"",""Upload a Document"",""validate the Type of User"",""View Profile""]","[""ApplyCertificate"",""End"",""Login"",""Registration"",""UpdateProfile"",""UploadDocuments"",""ViewProfile""]","[{""ground_truth_state"":""Apply for a Certificate"",""candidate_state"":""ApplyCertificate"",""ground_truth_normalized"":""apply for a certificate"",""candidate_normalized"":""apply certificate"",""similarity"":0.960818},{""ground_truth_state"":""Login"",""candidate_state"":""Login"",""ground_truth_normalized"":""login"",""candidate_normalized"":""login"",""similarity"":1.0},{""ground_truth_state"":""Registration"",""candidate_state"":""Registration"",""ground_truth_normalized"":""registration"",""candidate_normalized"":""registration"",""similarity"":1.0},{""ground_truth_state"":""Upload a Document"",""candidate_state"":""UploadDocuments"",""ground_truth_normalized"":""upload a document"",""candidate_normalized"":""upload documents"",""similarity"":0.926419},{""ground_truth_state"":""View Profile"",""candidate_state"":""ViewProfile"",""ground_truth_normalized"":""view profile"",""candidate_normalized"":""view profile"",""similarity"":1.0}]","[""Certificate Sent to User"",""Digitlocker provides the Certificate"",""Registrar asks a Certificate for verification"",""validate the Type of User""]","[""End"",""UpdateProfile""]",9,7,5,4,2,0.714286,0.555556,0.625
DeepSeek_R1_14B,syntax_grounded_repair,case_18_digidoclocker,valid_diagrams/DeepSeek_R1_14B/syntax_grounded_repair/case_18_digidoclocker/diagram.puml,dataset/case_18_digidoclocker/diagram.puml,sentence-transformers/all-MiniLM-L6-v2,0.800000,"[""Apply for a Certificate"",""Certificate Sent to User"",""Digitlocker provides the Certificate"",""Login"",""Registrar asks a Certificate for verification"",""Registration"",""Upload a Document"",""validate the Type of User"",""View Profile""]","[""ApplyforCertificate"",""CitizenRegistration"",""EndSession"",""IdentifyUserType"",""Login"",""PostLoginOptions"",""RegistrarOptions"",""RequestCertificate"",""Start"",""UploadDocuments""]","[{""ground_truth_state"":""Apply for a Certificate"",""candidate_state"":""ApplyforCertificate"",""ground_truth_normalized"":""apply for a certificate"",""candidate_normalized"":""applyfor certificate"",""similarity"":0.845685},{""ground_truth_state"":""Login"",""candidate_state"":""Login"",""ground_truth_normalized"":""login"",""candidate_normalized"":""login"",""similarity"":1.0},{""ground_truth_state"":""Upload a Document"",""candidate_state"":""UploadDocuments"",""ground_truth_normalized"":""upload a document"",""candidate_normalized"":""upload documents"",""similarity"":0.926419}]","[""Certificate Sent to User"",""Digitlocker provides the Certificate"",""Registrar asks a Certificate for verification"",""Registration"",""validate the Type of User"",""View Profile""]","[""CitizenRegistration"",""EndSession"",""IdentifyUserType"",""PostLoginOptions"",""RegistrarOptions"",""RequestCertificate"",""Start""]",9,10,3,6,7,0.3,0.333333,0.315789
Llama_3.1_8B,baseline_repair,case_18_digidoclocker,valid_diagrams/Llama_3.1_8B/baseline_repair/case_18_digidoclocker/diagram.puml,dataset/case_18_digidoclocker/diagram.puml,sentence-transformers/all-MiniLM-L6-v2,0.800000,"[""Apply for a Certificate"",""Certificate Sent to User"",""Digitlocker provides the Certificate"",""Login"",""Registrar asks a Certificate for verification"",""Registration"",""Upload a Document"",""validate the Type of User"",""View Profile""]","[""Certificate Application"",""Document Upload"",""End Session"",""Login"",""Profile View"",""Reapply for Certificate"",""Registration"",""Request Certificate""]","[{""ground_truth_state"":""Login"",""candidate_state"":""Login"",""ground_truth_normalized"":""login"",""candidate_normalized"":""login"",""similarity"":1.0},{""ground_truth_state"":""Registration"",""candidate_state"":""Registration"",""ground_truth_normalized"":""registration"",""candidate_normalized"":""registration"",""similarity"":1.0},{""ground_truth_state"":""Upload a Document"",""candidate_state"":""Document Upload"",""ground_truth_normalized"":""upload a document"",""candidate_normalized"":""document upload"",""similarity"":0.958088},{""ground_truth_state"":""View Profile"",""candidate_state"":""Profile View"",""ground_truth_normalized"":""view profile"",""candidate_normalized"":""profile view"",""similarity"":0.960932}]","[""Apply for a Certificate"",""Certificate Sent to User"",""Digitlocker provides the Certificate"",""Registrar asks a Certificate for verification"",""validate the Type of User""]","[""Certificate Application"",""End Session"",""Reapply for Certificate"",""Request Certificate""]",9,8,4,5,4,0.5,0.444444,0.470588
Llama_3.1_8B,syntax_grounded_repair,case_18_digidoclocker,valid_diagrams/Llama_3.1_8B/syntax_grounded_repair/case_18_digidoclocker/diagram.puml,dataset/case_18_digidoclocker/diagram.puml,sentence-transformers/all-MiniLM-L6-v2,0.800000,"[""Apply for a Certificate"",""Certificate Sent to User"",""Digitlocker provides the Certificate"",""Login"",""Registrar asks a Certificate for verification"",""Registration"",""Upload a Document"",""validate the Type of User"",""View Profile""]","[""Certificate Application"",""Document Upload"",""End Session"",""Login"",""Profile View"",""Reapply for Certificate"",""Registration"",""Request Certificate""]","[{""ground_truth_state"":""Login"",""candidate_state"":""Login"",""ground_truth_normalized"":""login"",""candidate_normalized"":""login"",""similarity"":1.0},{""ground_truth_state"":""Registration"",""candidate_state"":""Registration"",""ground_truth_normalized"":""registration"",""candidate_normalized"":""registration"",""similarity"":1.0},{""ground_truth_state"":""Upload a Document"",""candidate_state"":""Document Upload"",""ground_truth_normalized"":""upload a document"",""candidate_normalized"":""document upload"",""similarity"":0.958088},{""ground_truth_state"":""View Profile"",""candidate_state"":""Profile View"",""ground_truth_normalized"":""view profile"",""candidate_normalized"":""profile view"",""similarity"":0.960932}]","[""Apply for a Certificate"",""Certificate Sent to User"",""Digitlocker provides the Certificate"",""Registrar asks a Certificate for verification"",""validate the Type of User""]","[""Certificate Application"",""End Session"",""Reapply for Certificate"",""Request Certificate""]",9,8,4,5,4,0.5,0.444444,0.470588
DeepSeek_R1_14B,baseline_repair,case_28_ott_based_system_mini_reel,valid_diagrams/DeepSeek_R1_14B/baseline_repair/case_28_ott_based_system_mini_reel/diagram.puml,dataset/case_28_ott_based_system_mini_reel/diagram.puml,sentence-transformers/all-MiniLM-L6-v2,0.800000,"[""Account Creation"",""Discussion State"",""Show Likes"",""Updation"",""View""]","[""Account Created"",""Discussing"",""End"",""Liked Video"",""Start"",""Uploaded Video"",""Viewing Likes"",""Watching Video""]","[{""ground_truth_state"":""Account Creation"",""candidate_state"":""Account Created"",""ground_truth_normalized"":""account creation"",""candidate_normalized"":""account created"",""similarity"":0.843286},{""ground_truth_state"":""Show Likes"",""candidate_state"":""Viewing Likes"",""ground_truth_normalized"":""show likes"",""candidate_normalized"":""viewing likes"",""similarity"":0.813628}]","[""Discussion State"",""Updation"",""View""]","[""Discussing"",""End"",""Liked Video"",""Start"",""Uploaded Video"",""Watching Video""]",5,8,2,3,6,0.25,0.4,0.307692
DeepSeek_R1_14B,syntax_grounded_repair,case_28_ott_based_system_mini_reel,valid_diagrams/DeepSeek_R1_14B/syntax_grounded_repair/case_28_ott_based_system_mini_reel/diagram.puml,dataset/case_28_ott_based_system_mini_reel/diagram.puml,sentence-transformers/all-MiniLM-L6-v2,0.800000,"[""Account Creation"",""Discussion State"",""Show Likes"",""Updation"",""View""]","[""Account Created"",""Discussing"",""End"",""Liked Video"",""Start"",""Uploaded Video"",""Viewing Likes"",""Watching Video""]","[{""ground_truth_state"":""Account Creation"",""candidate_state"":""Account Created"",""ground_truth_normalized"":""account creation"",""candidate_normalized"":""account created"",""similarity"":0.843286},{""ground_truth_state"":""Show Likes"",""candidate_state"":""Viewing Likes"",""ground_truth_normalized"":""show likes"",""candidate_normalized"":""viewing likes"",""similarity"":0.813628}]","[""Discussion State"",""Updation"",""View""]","[""Discussing"",""End"",""Liked Video"",""Start"",""Uploaded Video"",""Watching Video""]",5,8,2,3,6,0.25,0.4,0.307692
Llama_3.1_8B,rag,case_28_ott_based_system_mini_reel,valid_diagrams/Llama_3.1_8B/rag/case_28_ott_based_system_mini_reel/diagram.puml,dataset/case_28_ott_based_system_mini_reel/diagram.puml,sentence-transformers/all-MiniLM-L6-v2,0.800000,"[""Account Creation"",""Discussion State"",""Show Likes"",""Updation"",""View""]","[""Create Account"",""Discussion"",""Save Videos"",""Upload Videos"",""View Saved Videos"",""Watch Videos""]","[{""ground_truth_state"":""Account Creation"",""candidate_state"":""Create Account"",""ground_truth_normalized"":""account creation"",""candidate_normalized"":""create account"",""similarity"":0.929123}]","[""Discussion State"",""Show Likes"",""Updation"",""View""]","[""Discussion"",""Save Videos"",""Upload Videos"",""View Saved Videos"",""Watch Videos""]",5,6,1,4,5,0.166667,0.2,0.181818
Llama_3.1_8B,syntax_grounded_repair,case_28_ott_based_system_mini_reel,valid_diagrams/Llama_3.1_8B/syntax_grounded_repair/case_28_ott_based_system_mini_reel/diagram.puml,dataset/case_28_ott_based_system_mini_reel/diagram.puml,sentence-transformers/all-MiniLM-L6-v2,0.800000,"[""Account Creation"",""Discussion State"",""Show Likes"",""Updation"",""View""]","[""Create Account"",""Discussion"",""End"",""Idle"",""Invalid registration"",""Save Video"",""Upload Video"",""View Saved Videos"",""Watch Video""]","[{""ground_truth_state"":""Account Creation"",""candidate_state"":""Create Account"",""ground_truth_normalized"":""account creation"",""candidate_normalized"":""create account"",""similarity"":0.929123}]","[""Discussion State"",""Show Likes"",""Updation"",""View""]","[""Discussion"",""End"",""Idle"",""Invalid registration"",""Save Video"",""Upload Video"",""View Saved Videos"",""Watch Video""]",5,9,1,4,8,0.111111,0.2,0.142857
Qwen_2.5_7B,rag,case_28_ott_based_system_mini_reel,valid_diagrams/Qwen_2.5_7B/rag/case_28_ott_based_system_mini_reel/diagram.puml,dataset/case_28_ott_based_system_mini_reel/diagram.puml,sentence-transformers/all-MiniLM-L6-v2,0.800000,"[""Account Creation"",""Discussion State"",""Show Likes"",""Updation"",""View""]","[""Create Account"",""Enter Discussion Option"",""Save to Likes List"",""Upload Video"",""View Likes List"",""Watch Videos""]","[{""ground_truth_state"":""Account Creation"",""candidate_state"":""Create Account"",""ground_truth_normalized"":""account creation"",""candidate_normalized"":""create account"",""similarity"":0.929123}]","[""Discussion State"",""Show Likes"",""Updation"",""View""]","[""Enter Discussion Option"",""Save to Likes List"",""Upload Video"",""View Likes List"",""Watch Videos""]",5,6,1,4,5,0.166667,0.2,0.181818
DeepSeek_R1_14B,baseline_repair,case_32_e_visa_processing_and_follow_up_system,valid_diagrams/DeepSeek_R1_14B/baseline_repair/case_32_e_visa_processing_and_follow_up_system/diagram.puml,dataset/case_32_e_visa_processing_and_follow_up_system/diagram.puml,sentence-transformers/all-MiniLM-L6-v2,0.800000,"[""Accept Application"",""Accept Visa"",""Apply for Visa"",""Cancel Application"",""Check Status"",""Give Feedback"",""Log Out"",""Login"",""Make Payment"",""Modify Details"",""Register"",""Reject Visa"",""Update Status"",""Verify Document Proofs"",""View Details"",""View purpose of application"",""View Status""]","[""Initial""]",[],"[""Accept Application"",""Accept Visa"",""Apply for Visa"",""Cancel Application"",""Check Status"",""Give Feedback"",""Log Out"",""Login"",""Make Payment"",""Modify Details"",""Register"",""Reject Visa"",""Update Status"",""Verify Document Proofs"",""View Details"",""View purpose of application"",""View Status""]","[""Initial""]",17,1,0,17,1,0.0,0.0,0.0
DeepSeek_R1_14B,syntax_grounded_repair,case_32_e_visa_processing_and_follow_up_system,valid_diagrams/DeepSeek_R1_14B/syntax_grounded_repair/case_32_e_visa_processing_and_follow_up_system/diagram.puml,dataset/case_32_e_visa_processing_and_follow_up_system/diagram.puml,sentence-transformers/all-MiniLM-L6-v2,0.800000,"[""Accept Application"",""Accept Visa"",""Apply for Visa"",""Cancel Application"",""Check Status"",""Give Feedback"",""Log Out"",""Login"",""Make Payment"",""Modify Details"",""Register"",""Reject Visa"",""Update Status"",""Verify Document Proofs"",""View Details"",""View purpose of application"",""View Status""]","[""ApplicationApproved"",""ApplicationProcessing"",""ApplicationRejected"",""ApplicationSubmitted"",""Initial"",""LoggedIn"",""LoggedOut"",""NotLoggedIn""]","[{""ground_truth_state"":""Log Out"",""candidate_state"":""LoggedOut"",""ground_truth_normalized"":""log out"",""candidate_normalized"":""logged out"",""similarity"":0.88936},{""ground_truth_state"":""Login"",""candidate_state"":""LoggedIn"",""ground_truth_normalized"":""login"",""candidate_normalized"":""logged in"",""similarity"":0.850182}]","[""Accept Application"",""Accept Visa"",""Apply for Visa"",""Cancel Application"",""Check Status"",""Give Feedback"",""Make Payment"",""Modify Details"",""Register"",""Reject Visa"",""Update Status"",""Verify Document Proofs"",""View Details"",""View purpose of application"",""View Status""]","[""ApplicationApproved"",""ApplicationProcessing"",""ApplicationRejected"",""ApplicationSubmitted"",""Initial"",""NotLoggedIn""]",17,8,2,15,6,0.25,0.117647,0.16
Mistral,baseline_repair,case_32_e_visa_processing_and_follow_up_system,valid_diagrams/Mistral/baseline_repair/case_32_e_visa_processing_and_follow_up_system/diagram.puml,dataset/case_32_e_visa_processing_and_follow_up_system/diagram.puml,sentence-transformers/all-MiniLM-L6-v2,0.800000,"[""Accept Application"",""Accept Visa"",""Apply for Visa"",""Cancel Application"",""Check Status"",""Give Feedback"",""Log Out"",""Login"",""Make Payment"",""Modify Details"",""Register"",""Reject Visa"",""Update Status"",""Verify Document Proofs"",""View Details"",""View purpose of application"",""View Status""]","[""Accepted"",""ApplyForVisa"",""CancelApplication"",""CheckStatus"",""Dashboard"",""GiveFeedback"",""LoggedIn"",""Logout"",""ModifyDetails"",""PaymentConfirmation"",""Settings"",""ViewDetails"",""ViewStatus""]","[{""ground_truth_state"":""Apply for Visa"",""candidate_state"":""ApplyForVisa"",""ground_truth_normalized"":""apply for visa"",""candidate_normalized"":""apply for visa"",""similarity"":1.0},{""ground_truth_state"":""Cancel Application"",""candidate_state"":""CancelApplication"",""ground_truth_normalized"":""cancel application"",""candidate_normalized"":""cancel application"",""similarity"":1.0},{""ground_truth_state"":""Check Status"",""candidate_state"":""CheckStatus"",""ground_truth_normalized"":""check status"",""candidate_normalized"":""check status"",""similarity"":1.0},{""ground_truth_state"":""Give Feedback"",""candidate_state"":""GiveFeedback"",""ground_truth_normalized"":""give feedback"",""candidate_normalized"":""give feedback"",""similarity"":1.0},{""ground_truth_state"":""Log Out"",""candidate_state"":""Logout"",""ground_truth_normalized"":""log out"",""candidate_normalized"":""logout"",""similarity"":0.868287},{""ground_truth_state"":""Login"",""candidate_state"":""LoggedIn"",""ground_truth_normalized"":""login"",""candidate_normalized"":""logged in"",""similarity"":0.850182},{""ground_truth_state"":""Modify Details"",""candidate_state"":""ModifyDetails"",""ground_truth_normalized"":""modify details"",""candidate_normalized"":""modify details"",""similarity"":1.0},{""ground_truth_state"":""View Details"",""candidate_state"":""ViewDetails"",""ground_truth_normalized"":""view details"",""candidate_normalized"":""view details"",""similarity"":1.0},{""ground_truth_state"":""View Status"",""candidate_state"":""ViewStatus"",""ground_truth_normalized"":""view status"",""candidate_normalized"":""view status"",""similarity"":1.0}]","[""Accept Application"",""Accept Visa"",""Make Payment"",""Register"",""Reject Visa"",""Update Status"",""Verify Document Proofs"",""View purpose of application""]","[""Accepted"",""Dashboard"",""PaymentConfirmation"",""Settings""]",17,13,9,8,4,0.692308,0.529412,0.6
Mistral,syntax_grounded_repair,case_32_e_visa_processing_and_follow_up_system,valid_diagrams/Mistral/syntax_grounded_repair/case_32_e_visa_processing_and_follow_up_system/diagram.puml,dataset/case_32_e_visa_processing_and_follow_up_system/diagram.puml,sentence-transformers/all-MiniLM-L6-v2,0.800000,"[""Accept Application"",""Accept Visa"",""Apply for Visa"",""Cancel Application"",""Check Status"",""Give Feedback"",""Log Out"",""Login"",""Make Payment"",""Modify Details"",""Register"",""Reject Visa"",""Update Status"",""Verify Document Proofs"",""View Details"",""View purpose of application"",""View Status""]","[""Accepted"",""ApplyForVisa"",""CancelApplication"",""CheckStatus"",""Dashboard"",""GiveFeedback"",""LoggedIn"",""Logout"",""ModifyDetails"",""PaymentConfirmation"",""Settings"",""ViewDetails"",""ViewStatus""]","[{""ground_truth_state"":""Apply for Visa"",""candidate_state"":""ApplyForVisa"",""ground_truth_normalized"":""apply for visa"",""candidate_normalized"":""apply for visa"",""similarity"":1.0},{""ground_truth_state"":""Cancel Application"",""candidate_state"":""CancelApplication"",""ground_truth_normalized"":""cancel application"",""candidate_normalized"":""cancel application"",""similarity"":1.0},{""ground_truth_state"":""Check Status"",""candidate_state"":""CheckStatus"",""ground_truth_normalized"":""check status"",""candidate_normalized"":""check status"",""similarity"":1.0},{""ground_truth_state"":""Give Feedback"",""candidate_state"":""GiveFeedback"",""ground_truth_normalized"":""give feedback"",""candidate_normalized"":""give feedback"",""similarity"":1.0},{""ground_truth_state"":""Log Out"",""candidate_state"":""Logout"",""ground_truth_normalized"":""log out"",""candidate_normalized"":""logout"",""similarity"":0.868287},{""ground_truth_state"":""Login"",""candidate_state"":""LoggedIn"",""ground_truth_normalized"":""login"",""candidate_normalized"":""logged in"",""similarity"":0.850182},{""ground_truth_state"":""Modify Details"",""candidate_state"":""ModifyDetails"",""ground_truth_normalized"":""modify details"",""candidate_normalized"":""modify details"",""similarity"":1.0},{""ground_truth_state"":""View Details"",""candidate_state"":""ViewDetails"",""ground_truth_normalized"":""view details"",""candidate_normalized"":""view details"",""similarity"":1.0},{""ground_truth_state"":""View Status"",""candidate_state"":""ViewStatus"",""ground_truth_normalized"":""view status"",""candidate_normalized"":""view status"",""similarity"":1.0}]","[""Accept Application"",""Accept Visa"",""Make Payment"",""Register"",""Reject Visa"",""Update Status"",""Verify Document Proofs"",""View purpose of application""]","[""Accepted"",""Dashboard"",""PaymentConfirmation"",""Settings""]",17,13,9,8,4,0.692308,0.529412,0.6
DeepSeek_R1_14B,baseline_repair,case_33_farm_management_system,valid_diagrams/DeepSeek_R1_14B/baseline_repair/case_33_farm_management_system/diagram.puml,dataset/case_33_farm_management_system/diagram.puml,sentence-transformers/all-MiniLM-L6-v2,0.800000,"[""labour availability"",""labour availability view"",""logout"",""market conditions"",""market conditions report"",""pest control techniques"",""pestcontrol"",""soil condition"",""soil condition view"",""user home"",""user login"",""weather insights"",""weather insights view""]","[""Idle"",""LabourAvailability"",""LoggedIn MainMenu"",""Logout"",""MarketConditions"",""PestControl"",""SoilSuggestions"",""WeatherInsights""]","[{""ground_truth_state"":""labour availability"",""candidate_state"":""LabourAvailability"",""ground_truth_normalized"":""labour availability"",""candidate_normalized"":""labour availability"",""similarity"":1.0},{""ground_truth_state"":""logout"",""candidate_state"":""Logout"",""ground_truth_normalized"":""logout"",""candidate_normalized"":""logout"",""similarity"":1.0},{""ground_truth_state"":""market conditions"",""candidate_state"":""MarketConditions"",""ground_truth_normalized"":""market conditions"",""candidate_normalized"":""market conditions"",""similarity"":1.0},{""ground_truth_state"":""pest control techniques"",""candidate_state"":""PestControl"",""ground_truth_normalized"":""pest control techniques"",""candidate_normalized"":""pest control"",""similarity"":0.892545},{""ground_truth_state"":""weather insights"",""candidate_state"":""WeatherInsights"",""ground_truth_normalized"":""weather insights"",""candidate_normalized"":""weather insights"",""similarity"":1.0}]","[""labour availability view"",""market conditions report"",""pestcontrol"",""soil condition"",""soil condition view"",""user home"",""user login"",""weather insights view""]","[""Idle"",""LoggedIn MainMenu"",""SoilSuggestions""]",13,8,5,8,3,0.625,0.384615,0.47619
DeepSeek_R1_14B,few_shot,case_33_farm_management_system,valid_diagrams/DeepSeek_R1_14B/few_shot/case_33_farm_management_system/diagram.puml,dataset/case_33_farm_management_system/diagram.puml,sentence-transformers/all-MiniLM-L6-v2,0.800000,"[""labour availability"",""labour availability view"",""logout"",""market conditions"",""market conditions report"",""pest control techniques"",""pestcontrol"",""soil condition"",""soil condition view"",""user home"",""user login"",""weather insights"",""weather insights view""]","[""Idle"",""LabourAvailability"",""LoggedIn MainMenu"",""Logout"",""MarketConditions"",""PestControl"",""SoilSuggestions"",""WeatherInsights""]","[{""ground_truth_state"":""labour availability"",""candidate_state"":""LabourAvailability"",""ground_truth_normalized"":""labour availability"",""candidate_normalized"":""labour availability"",""similarity"":1.0},{""ground_truth_state"":""logout"",""candidate_state"":""Logout"",""ground_truth_normalized"":""logout"",""candidate_normalized"":""logout"",""similarity"":1.0},{""ground_truth_state"":""market conditions"",""candidate_state"":""MarketConditions"",""ground_truth_normalized"":""market conditions"",""candidate_normalized"":""market conditions"",""similarity"":1.0},{""ground_truth_state"":""pest control techniques"",""candidate_state"":""PestControl"",""ground_truth_normalized"":""pest control techniques"",""candidate_normalized"":""pest control"",""similarity"":0.892545},{""ground_truth_state"":""weather insights"",""candidate_state"":""WeatherInsights"",""ground_truth_normalized"":""weather insights"",""candidate_normalized"":""weather insights"",""similarity"":1.0}]","[""labour availability view"",""market conditions report"",""pestcontrol"",""soil condition"",""soil condition view"",""user home"",""user login"",""weather insights view""]","[""Idle"",""LoggedIn MainMenu"",""SoilSuggestions""]",13,8,5,8,3,0.625,0.384615,0.47619
DeepSeek_R1_14B,syntax_grounded_repair,case_33_farm_management_system,valid_diagrams/DeepSeek_R1_14B/syntax_grounded_repair/case_33_farm_management_system/diagram.puml,dataset/case_33_farm_management_system/diagram.puml,sentence-transformers/all-MiniLM-L6-v2,0.800000,"[""labour availability"",""labour availability view"",""logout"",""market conditions"",""market conditions report"",""pest control techniques"",""pestcontrol"",""soil condition"",""soil condition view"",""user home"",""user login"",""weather insights"",""weather insights view""]","[""Idle"",""LabourAvailability"",""LoggedIn MainMenu"",""Logout"",""MarketConditions"",""PestControl"",""SoilSuggestions"",""WeatherInsights""]","[{""ground_truth_state"":""labour availability"",""candidate_state"":""LabourAvailability"",""ground_truth_normalized"":""labour availability"",""candidate_normalized"":""labour availability"",""similarity"":1.0},{""ground_truth_state"":""logout"",""candidate_state"":""Logout"",""ground_truth_normalized"":""logout"",""candidate_normalized"":""logout"",""similarity"":1.0},{""ground_truth_state"":""market conditions"",""candidate_state"":""MarketConditions"",""ground_truth_normalized"":""market conditions"",""candidate_normalized"":""market conditions"",""similarity"":1.0},{""ground_truth_state"":""pest control techniques"",""candidate_state"":""PestControl"",""ground_truth_normalized"":""pest control techniques"",""candidate_normalized"":""pest control"",""similarity"":0.892545},{""ground_truth_state"":""weather insights"",""candidate_state"":""WeatherInsights"",""ground_truth_normalized"":""weather insights"",""candidate_normalized"":""weather insights"",""similarity"":1.0}]","[""labour availability view"",""market conditions report"",""pestcontrol"",""soil condition"",""soil condition view"",""user home"",""user login"",""weather insights view""]","[""Idle"",""LoggedIn MainMenu"",""SoilSuggestions""]",13,8,5,8,3,0.625,0.384615,0.47619
Llama_3.1_8B,syntax_grounded_repair,case_33_farm_management_system,valid_diagrams/Llama_3.1_8B/syntax_grounded_repair/case_33_farm_management_system/diagram.puml,dataset/case_33_farm_management_system/diagram.puml,sentence-transformers/all-MiniLM-L6-v2,0.800000,"[""labour availability"",""labour availability view"",""logout"",""market conditions"",""market conditions report"",""pest control techniques"",""pestcontrol"",""soil condition"",""soil condition view"",""user home"",""user login"",""weather insights"",""weather insights view""]","[""Labour Availability"",""Logged In"",""Logged Out"",""Main Area"",""Market Conditions"",""Market Report"",""Pest Control Help"",""Pest Control Techniques"",""Session Ended"",""Soil Suggestions"",""Weather Insights""]","[{""ground_truth_state"":""labour availability"",""candidate_state"":""Labour Availability"",""ground_truth_normalized"":""labour availability"",""candidate_normalized"":""labour availability"",""similarity"":1.0},{""ground_truth_state"":""logout"",""candidate_state"":""Logged Out"",""ground_truth_normalized"":""logout"",""candidate_normalized"":""logged out"",""similarity"":0.805794},{""ground_truth_state"":""market conditions"",""candidate_state"":""Market Conditions"",""ground_truth_normalized"":""market conditions"",""candidate_normalized"":""market conditions"",""similarity"":1.0},{""ground_truth_state"":""market conditions report"",""candidate_state"":""Market Report"",""ground_truth_normalized"":""market conditions report"",""candidate_normalized"":""market report"",""similarity"":0.808552},{""ground_truth_state"":""pest control techniques"",""candidate_state"":""Pest Control Techniques"",""ground_truth_normalized"":""pest control techniques"",""candidate_normalized"":""pest control techniques"",""similarity"":1.0},{""ground_truth_state"":""weather insights"",""candidate_state"":""Weather Insights"",""ground_truth_normalized"":""weather insights"",""candidate_normalized"":""weather insights"",""similarity"":1.0}]","[""labour availability view"",""pestcontrol"",""soil condition"",""soil condition view"",""user home"",""user login"",""weather insights view""]","[""Logged In"",""Main Area"",""Pest Control Help"",""Session Ended"",""Soil Suggestions""]",13,11,6,7,5,0.545455,0.461538,0.5
Mistral,baseline_repair,case_33_farm_management_system,valid_diagrams/Mistral/baseline_repair/case_33_farm_management_system/diagram.puml,dataset/case_33_farm_management_system/diagram.puml,sentence-transformers/all-MiniLM-L6-v2,0.800000,"[""labour availability"",""labour availability view"",""logout"",""market conditions"",""market conditions report"",""pest control techniques"",""pestcontrol"",""soil condition"",""soil condition view"",""user home"",""user login"",""weather insights"",""weather insights view""]","[""Continue"",""Dashboard"",""LabourAvailability"",""LoggedIn"",""MarketConditions"",""MarketReport"",""PestControlHelp"",""PestControlTechniques"",""PhotoRequired"",""Results"",""SoilInfo"",""Suggestions"",""WeatherInsights""]","[{""ground_truth_state"":""labour availability"",""candidate_state"":""LabourAvailability"",""ground_truth_normalized"":""labour availability"",""candidate_normalized"":""labour availability"",""similarity"":1.0},{""ground_truth_state"":""market conditions"",""candidate_state"":""MarketConditions"",""ground_truth_normalized"":""market conditions"",""candidate_normalized"":""market conditions"",""similarity"":1.0},{""ground_truth_state"":""market conditions report"",""candidate_state"":""MarketReport"",""ground_truth_normalized"":""market conditions report"",""candidate_normalized"":""market report"",""similarity"":0.808552},{""ground_truth_state"":""pest control techniques"",""candidate_state"":""PestControlTechniques"",""ground_truth_normalized"":""pest control techniques"",""candidate_normalized"":""pest control techniques"",""similarity"":1.0},{""ground_truth_state"":""weather insights"",""candidate_state"":""WeatherInsights"",""ground_truth_normalized"":""weather insights"",""candidate_normalized"":""weather insights"",""similarity"":1.0}]","[""labour availability view"",""logout"",""pestcontrol"",""soil condition"",""soil condition view"",""user home"",""user login"",""weather insights view""]","[""Continue"",""Dashboard"",""LoggedIn"",""PestControlHelp"",""PhotoRequired"",""Results"",""SoilInfo"",""Suggestions""]",13,13,5,8,8,0.384615,0.384615,0.384615
DeepSeek_R1_14B,baseline_repair,case_34_green_rides,valid_diagrams/DeepSeek_R1_14B/baseline_repair/case_34_green_rides/diagram.puml,dataset/case_34_green_rides/diagram.puml,sentence-transformers/all-MiniLM-L6-v2,0.800000,"[""accident"",""details"",""drive mode"",""feedback"",""from and to"",""menu"",""notify"",""order""]","[""AccidentReport"",""DrivingMode"",""Feedback"",""Hungry"",""Initial"",""JourneyDetails"",""LoggedIn"",""Logout"",""Notifications"",""Ordering"",""RestaurantSelection""]","[{""ground_truth_state"":""drive mode"",""candidate_state"":""DrivingMode"",""ground_truth_normalized"":""drive mode"",""candidate_normalized"":""driving mode"",""similarity"":0.845288},{""ground_truth_state"":""feedback"",""candidate_state"":""Feedback"",""ground_truth_normalized"":""feedback"",""candidate_normalized"":""feedback"",""similarity"":1.0},{""ground_truth_state"":""order"",""candidate_state"":""Ordering"",""ground_truth_normalized"":""order"",""candidate_normalized"":""ordering"",""similarity"":0.893557}]","[""accident"",""details"",""from and to"",""menu"",""notify""]","[""AccidentReport"",""Hungry"",""Initial"",""JourneyDetails"",""LoggedIn"",""Logout"",""Notifications"",""RestaurantSelection""]",8,11,3,5,8,0.272727,0.375,0.315789
DeepSeek_R1_14B,syntax_grounded_repair,case_34_green_rides,valid_diagrams/DeepSeek_R1_14B/syntax_grounded_repair/case_34_green_rides/diagram.puml,dataset/case_34_green_rides/diagram.puml,sentence-transformers/all-MiniLM-L6-v2,0.800000,"[""accident"",""details"",""drive mode"",""feedback"",""from and to"",""menu"",""notify"",""order""]","[""AccidentReport"",""DrivingMode"",""Feedback"",""Hungry"",""Initial"",""JourneyDetails"",""LoggedIn"",""Logout"",""Notifications"",""Ordering"",""RestaurantSelection""]","[{""ground_truth_state"":""drive mode"",""candidate_state"":""DrivingMode"",""ground_truth_normalized"":""drive mode"",""candidate_normalized"":""driving mode"",""similarity"":0.845288},{""ground_truth_state"":""feedback"",""candidate_state"":""Feedback"",""ground_truth_normalized"":""feedback"",""candidate_normalized"":""feedback"",""similarity"":1.0},{""ground_truth_state"":""order"",""candidate_state"":""Ordering"",""ground_truth_normalized"":""order"",""candidate_normalized"":""ordering"",""similarity"":0.893557}]","[""accident"",""details"",""from and to"",""menu"",""notify""]","[""AccidentReport"",""Hungry"",""Initial"",""JourneyDetails"",""LoggedIn"",""Logout"",""Notifications"",""RestaurantSelection""]",8,11,3,5,8,0.272727,0.375,0.315789
Llama_3.1_8B,baseline_repair,case_34_green_rides,valid_diagrams/Llama_3.1_8B/baseline_repair/case_34_green_rides/diagram.puml,dataset/case_34_green_rides/diagram.puml,sentence-transformers/all-MiniLM-L6-v2,0.800000,"[""accident"",""details"",""drive mode"",""feedback"",""from and to"",""menu"",""notify"",""order""]","[""Accident"",""DrivingMode"",""EatPlace"",""Feedback"",""JourneyDetails"",""Login"",""OtherOptions""]","[{""ground_truth_state"":""accident"",""candidate_state"":""Accident"",""ground_truth_normalized"":""accident"",""candidate_normalized"":""accident"",""similarity"":1.0},{""ground_truth_state"":""drive mode"",""candidate_state"":""DrivingMode"",""ground_truth_normalized"":""drive mode"",""candidate_normalized"":""driving mode"",""similarity"":0.845288},{""ground_truth_state"":""feedback"",""candidate_state"":""Feedback"",""ground_truth_normalized"":""feedback"",""candidate_normalized"":""feedback"",""similarity"":1.0}]","[""details"",""from and to"",""menu"",""notify"",""order""]","[""EatPlace"",""JourneyDetails"",""Login"",""OtherOptions""]",8,7,3,5,4,0.428571,0.375,0.4
Llama_3.1_8B,few_shot,case_34_green_rides,valid_diagrams/Llama_3.1_8B/few_shot/case_34_green_rides/diagram.puml,dataset/case_34_green_rides/diagram.puml,sentence-transformers/all-MiniLM-L6-v2,0.800000,"[""accident"",""details"",""drive mode"",""feedback"",""from and to"",""menu"",""notify"",""order""]","[""Accident"",""DrivingMode"",""EatPlace"",""Feedback"",""JourneyDetails"",""Login"",""OtherOptions""]","[{""ground_truth_state"":""accident"",""candidate_state"":""Accident"",""ground_truth_normalized"":""accident"",""candidate_normalized"":""accident"",""similarity"":1.0},{""ground_truth_state"":""drive mode"",""candidate_state"":""DrivingMode"",""ground_truth_normalized"":""drive mode"",""candidate_normalized"":""driving mode"",""similarity"":0.845288},{""ground_truth_state"":""feedback"",""candidate_state"":""Feedback"",""ground_truth_normalized"":""feedback"",""candidate_normalized"":""feedback"",""similarity"":1.0}]","[""details"",""from and to"",""menu"",""notify"",""order""]","[""EatPlace"",""JourneyDetails"",""Login"",""OtherOptions""]",8,7,3,5,4,0.428571,0.375,0.4
Llama_3.1_8B,syntax_grounded_repair,case_34_green_rides,valid_diagrams/Llama_3.1_8B/syntax_grounded_repair/case_34_green_rides/diagram.puml,dataset/case_34_green_rides/diagram.puml,sentence-transformers/all-MiniLM-L6-v2,0.800000,"[""accident"",""details"",""drive mode"",""feedback"",""from and to"",""menu"",""notify"",""order""]","[""Accident"",""DrivingMode"",""EatPlace"",""Feedback"",""JourneyDetails"",""Login"",""OtherOptions""]","[{""ground_truth_state"":""accident"",""candidate_state"":""Accident"",""ground_truth_normalized"":""accident"",""candidate_normalized"":""accident"",""similarity"":1.0},{""ground_truth_state"":""drive mode"",""candidate_state"":""DrivingMode"",""ground_truth_normalized"":""drive mode"",""candidate_normalized"":""driving mode"",""similarity"":0.845288},{""ground_truth_state"":""feedback"",""candidate_state"":""Feedback"",""ground_truth_normalized"":""feedback"",""candidate_normalized"":""feedback"",""similarity"":1.0}]","[""details"",""from and to"",""menu"",""notify"",""order""]","[""EatPlace"",""JourneyDetails"",""Login"",""OtherOptions""]",8,7,3,5,4,0.428571,0.375,0.4
Qwen_2.5_7B,few_shot,case_34_green_rides,valid_diagrams/Qwen_2.5_7B/few_shot/case_34_green_rides/diagram.puml,dataset/case_34_green_rides/diagram.puml,sentence-transformers/all-MiniLM-L6-v2,0.800000,"[""accident"",""details"",""drive mode"",""feedback"",""from and to"",""menu"",""notify"",""order""]","[""Accident"",""Driving Mode"",""Feedback"",""Final"",""Login"",""Order Food"",""Select Place to Eat"",""View Journey Details""]","[{""ground_truth_state"":""accident"",""candidate_state"":""Accident"",""ground_truth_normalized"":""accident"",""candidate_normalized"":""accident"",""similarity"":1.0},{""ground_truth_state"":""drive mode"",""candidate_state"":""Driving Mode"",""ground_truth_normalized"":""drive mode"",""candidate_normalized"":""driving mode"",""similarity"":0.845288},{""ground_truth_state"":""feedback"",""candidate_state"":""Feedback"",""ground_truth_normalized"":""feedback"",""candidate_normalized"":""feedback"",""similarity"":1.0}]","[""details"",""from and to"",""menu"",""notify"",""order""]","[""Final"",""Login"",""Order Food"",""Select Place to Eat"",""View Journey Details""]",8,8,3,5,5,0.375,0.375,0.375
Qwen_2.5_7B,syntax_grounded_repair,case_34_green_rides,valid_diagrams/Qwen_2.5_7B/syntax_grounded_repair/case_34_green_rides/diagram.puml,dataset/case_34_green_rides/diagram.puml,sentence-transformers/all-MiniLM-L6-v2,0.800000,"[""accident"",""details"",""drive mode"",""feedback"",""from and to"",""menu"",""notify"",""order""]","[""Accident Notification"",""Driving Mode"",""Driving Notifications"",""Journey Details"",""Order Confirmation"",""Place to Eat""]","[{""ground_truth_state"":""drive mode"",""candidate_state"":""Driving Mode"",""ground_truth_normalized"":""drive mode"",""candidate_normalized"":""driving mode"",""similarity"":0.845288}]","[""accident"",""details"",""feedback"",""from and to"",""menu"",""notify"",""order""]","[""Accident Notification"",""Driving Notifications"",""Journey Details"",""Order Confirmation"",""Place to Eat""]",8,6,1,7,5,0.166667,0.125,0.142857
DeepSeek_R1_14B,baseline_repair,case_37_online_quiz_system,valid_diagrams/DeepSeek_R1_14B/baseline_repair/case_37_online_quiz_system/diagram.puml,dataset/case_37_online_quiz_system/diagram.puml,sentence-transformers/all-MiniLM-L6-v2,0.800000,"[""answer quiz"",""answer quiz by student"",""Create quiz/edit quiz by teacher"",""edit quiz"",""feedback"",""new quiz"",""post quiz"",""quiz answer and result"",""Registration or login"",""s2"",""s3"",""save draft"",""select quiz"",""student profile"",""submit"",""Teacher profile"",""view result""]","[""AnsweringQuiz"",""CreatingQuiz"",""EditingQuiz"",""LoggedIn"",""SelectingQuiz"",""Start"",""StudentMenu"",""SubmittingQuiz"",""TeacherMenu"",""ViewingQuizResults"",""ViewingResult""]","[{""ground_truth_state"":""answer quiz"",""candidate_state"":""AnsweringQuiz"",""ground_truth_normalized"":""answer quiz"",""candidate_normalized"":""answering quiz"",""similarity"":0.89004},{""ground_truth_state"":""Create quiz/edit quiz by teacher"",""candidate_state"":""CreatingQuiz"",""ground_truth_normalized"":""create quiz/edit quiz by teacher"",""candidate_normalized"":""creating quiz"",""similarity"":0.83278},{""ground_truth_state"":""edit quiz"",""candidate_state"":""EditingQuiz"",""ground_truth_normalized"":""edit quiz"",""candidate_normalized"":""editing quiz"",""similarity"":0.902877},{""ground_truth_state"":""select quiz"",""candidate_state"":""SelectingQuiz"",""ground_truth_normalized"":""select quiz"",""candidate_normalized"":""selecting quiz"",""similarity"":0.931614},{""ground_truth_state"":""view result"",""candidate_state"":""ViewingResult"",""ground_truth_normalized"":""view result"",""candidate_normalized"":""viewing result"",""similarity"":0.921011}]","[""answer quiz by student"",""feedback"",""new quiz"",""post quiz"",""quiz answer and result"",""Registration or login"",""s2"",""s3"",""save draft"",""student profile"",""submit"",""Teacher profile""]","[""LoggedIn"",""Start"",""StudentMenu"",""SubmittingQuiz"",""TeacherMenu"",""ViewingQuizResults""]",17,11,5,12,6,0.454545,0.294118,0.357143
DeepSeek_R1_14B,syntax_grounded_repair,case_37_online_quiz_system,valid_diagrams/DeepSeek_R1_14B/syntax_grounded_repair/case_37_online_quiz_system/diagram.puml,dataset/case_37_online_quiz_system/diagram.puml,sentence-transformers/all-MiniLM-L6-v2,0.800000,"[""answer quiz"",""answer quiz by student"",""Create quiz/edit quiz by teacher"",""edit quiz"",""feedback"",""new quiz"",""post quiz"",""quiz answer and result"",""Registration or login"",""s2"",""s3"",""save draft"",""select quiz"",""student profile"",""submit"",""Teacher profile"",""view result""]","[""AnsweringQuiz"",""CreatingQuiz"",""EditingQuiz"",""LoggedIn"",""SelectingQuiz"",""Start"",""StudentMenu"",""SubmittingQuiz"",""TeacherMenu"",""ViewingQuizResults"",""ViewingResult""]","[{""ground_truth_state"":""answer quiz"",""candidate_state"":""AnsweringQuiz"",""ground_truth_normalized"":""answer quiz"",""candidate_normalized"":""answering quiz"",""similarity"":0.89004},{""ground_truth_state"":""Create quiz/edit quiz by teacher"",""candidate_state"":""CreatingQuiz"",""ground_truth_normalized"":""create quiz/edit quiz by teacher"",""candidate_normalized"":""creating quiz"",""similarity"":0.83278},{""ground_truth_state"":""edit quiz"",""candidate_state"":""EditingQuiz"",""ground_truth_normalized"":""edit quiz"",""candidate_normalized"":""editing quiz"",""similarity"":0.902877},{""ground_truth_state"":""select quiz"",""candidate_state"":""SelectingQuiz"",""ground_truth_normalized"":""select quiz"",""candidate_normalized"":""selecting quiz"",""similarity"":0.931614},{""ground_truth_state"":""view result"",""candidate_state"":""ViewingResult"",""ground_truth_normalized"":""view result"",""candidate_normalized"":""viewing result"",""similarity"":0.921011}]","[""answer quiz by student"",""feedback"",""new quiz"",""post quiz"",""quiz answer and result"",""Registration or login"",""s2"",""s3"",""save draft"",""student profile"",""submit"",""Teacher profile""]","[""LoggedIn"",""Start"",""StudentMenu"",""SubmittingQuiz"",""TeacherMenu"",""ViewingQuizResults""]",17,11,5,12,6,0.454545,0.294118,0.357143
Llama_3.1_8B,rag,case_37_online_quiz_system,valid_diagrams/Llama_3.1_8B/rag/case_37_online_quiz_system/diagram.puml,dataset/case_37_online_quiz_system/diagram.puml,sentence-transformers/all-MiniLM-L6-v2,0.800000,"[""answer quiz"",""answer quiz by student"",""Create quiz/edit quiz by teacher"",""edit quiz"",""feedback"",""new quiz"",""post quiz"",""quiz answer and result"",""Registration or login"",""s2"",""s3"",""save draft"",""select quiz"",""student profile"",""submit"",""Teacher profile"",""view result""]","[""Answer Quiz"",""Create Quiz"",""Edit Quiz"",""Login"",""Post Quiz"",""Register"",""Save Quiz"",""Select Quiz"",""Student"",""Submit Quiz"",""Teacher"",""View Result"",""View Results""]","[{""ground_truth_state"":""answer quiz"",""candidate_state"":""Answer Quiz"",""ground_truth_normalized"":""answer quiz"",""candidate_normalized"":""answer quiz"",""similarity"":1.0},{""ground_truth_state"":""Create quiz/edit quiz by teacher"",""candidate_state"":""Create Quiz"",""ground_truth_normalized"":""create quiz/edit quiz by teacher"",""candidate_normalized"":""create quiz"",""similarity"":0.832968},{""ground_truth_state"":""edit quiz"",""candidate_state"":""Edit Quiz"",""ground_truth_normalized"":""edit quiz"",""candidate_normalized"":""edit quiz"",""similarity"":1.0},{""ground_truth_state"":""post quiz"",""candidate_state"":""Post Quiz"",""ground_truth_normalized"":""post quiz"",""candidate_normalized"":""post quiz"",""similarity"":1.0},{""ground_truth_state"":""select quiz"",""candidate_state"":""Select Quiz"",""ground_truth_normalized"":""select quiz"",""candidate_normalized"":""select quiz"",""similarity"":1.0},{""ground_truth_state"":""view result"",""candidate_state"":""View Result"",""ground_truth_normalized"":""view result"",""candidate_normalized"":""view result"",""similarity"":1.0}]","[""answer quiz by student"",""feedback"",""new quiz"",""quiz answer and result"",""Registration or login"",""s2"",""s3"",""save draft"",""student profile"",""submit"",""Teacher profile""]","[""Login"",""Register"",""Save Quiz"",""Student"",""Submit Quiz"",""Teacher"",""View Results""]",17,13,6,11,7,0.461538,0.352941,0.4
Qwen_2.5_7B,baseline_repair,case_37_online_quiz_system,valid_diagrams/Qwen_2.5_7B/baseline_repair/case_37_online_quiz_system/diagram.puml,dataset/case_37_online_quiz_system/diagram.puml,sentence-transformers/all-MiniLM-L6-v2,0.800000,"[""answer quiz"",""answer quiz by student"",""Create quiz/edit quiz by teacher"",""edit quiz"",""feedback"",""new quiz"",""post quiz"",""quiz answer and result"",""Registration or login"",""s2"",""s3"",""save draft"",""select quiz"",""student profile"",""submit"",""Teacher profile"",""view result""]","[""Answer Quiz"",""Create Quiz"",""Edit Quiz"",""Login"",""Login/Register"",""Register"",""Save Quiz"",""Select Quiz"",""Student"",""Submit Quiz"",""Teacher"",""View Result"",""View Results""]","[{""ground_truth_state"":""answer quiz"",""candidate_state"":""Answer Quiz"",""ground_truth_normalized"":""answer quiz"",""candidate_normalized"":""answer quiz"",""similarity"":1.0},{""ground_truth_state"":""Create quiz/edit quiz by teacher"",""candidate_state"":""Create Quiz"",""ground_truth_normalized"":""create quiz/edit quiz by teacher"",""candidate_normalized"":""create quiz"",""similarity"":0.832968},{""ground_truth_state"":""edit quiz"",""candidate_state"":""Edit Quiz"",""ground_truth_normalized"":""edit quiz"",""candidate_normalized"":""edit quiz"",""similarity"":1.0},{""ground_truth_state"":""post quiz"",""candidate_state"":""Submit Quiz"",""ground_truth_normalized"":""post quiz"",""candidate_normalized"":""submit quiz"",""similarity"":0.805518},{""ground_truth_state"":""Registration or login"",""candidate_state"":""Login/Register"",""ground_truth_normalized"":""registration or login"",""candidate_normalized"":""login/register"",""similarity"":0.86033},{""ground_truth_state"":""select quiz"",""candidate_state"":""Select Quiz"",""ground_truth_normalized"":""select quiz"",""candidate_normalized"":""select quiz"",""similarity"":1.0},{""ground_truth_state"":""view result"",""candidate_state"":""View Result"",""ground_truth_normalized"":""view result"",""candidate_normalized"":""view result"",""similarity"":1.0}]","[""answer quiz by student"",""feedback"",""new quiz"",""quiz answer and result"",""s2"",""s3"",""save draft"",""student profile"",""submit"",""Teacher profile""]","[""Login"",""Register"",""Save Quiz"",""Student"",""Teacher"",""View Results""]",17,13,7,10,6,0.538462,0.411765,0.466667
Qwen_2.5_7B,syntax_grounded_repair,case_37_online_quiz_system,valid_diagrams/Qwen_2.5_7B/syntax_grounded_repair/case_37_online_quiz_system/diagram.puml,dataset/case_37_online_quiz_system/diagram.puml,sentence-transformers/all-MiniLM-L6-v2,0.800000,"[""answer quiz"",""answer quiz by student"",""Create quiz/edit quiz by teacher"",""edit quiz"",""feedback"",""new quiz"",""post quiz"",""quiz answer and result"",""Registration or login"",""s2"",""s3"",""save draft"",""select quiz"",""student profile"",""submit"",""Teacher profile"",""view result""]","[""Answer Quiz"",""Create Quiz"",""Edit Quiz"",""Login"",""Login/Register"",""Register"",""Save Quiz"",""Select Quiz"",""Student"",""Submit Quiz"",""Teacher"",""View Result"",""View Results""]","[{""ground_truth_state"":""answer quiz"",""candidate_state"":""Answer Quiz"",""ground_truth_normalized"":""answer quiz"",""candidate_normalized"":""answer quiz"",""similarity"":1.0},{""ground_truth_state"":""Create quiz/edit quiz by teacher"",""candidate_state"":""Create Quiz"",""ground_truth_normalized"":""create quiz/edit quiz by teacher"",""candidate_normalized"":""create quiz"",""similarity"":0.832968},{""ground_truth_state"":""edit quiz"",""candidate_state"":""Edit Quiz"",""ground_truth_normalized"":""edit quiz"",""candidate_normalized"":""edit quiz"",""similarity"":1.0},{""ground_truth_state"":""post quiz"",""candidate_state"":""Submit Quiz"",""ground_truth_normalized"":""post quiz"",""candidate_normalized"":""submit quiz"",""similarity"":0.805518},{""ground_truth_state"":""Registration or login"",""candidate_state"":""Login/Register"",""ground_truth_normalized"":""registration or login"",""candidate_normalized"":""login/register"",""similarity"":0.86033},{""ground_truth_state"":""select quiz"",""candidate_state"":""Select Quiz"",""ground_truth_normalized"":""select quiz"",""candidate_normalized"":""select quiz"",""similarity"":1.0},{""ground_truth_state"":""view result"",""candidate_state"":""View Result"",""ground_truth_normalized"":""view result"",""candidate_normalized"":""view result"",""similarity"":1.0}]","[""answer quiz by student"",""feedback"",""new quiz"",""quiz answer and result"",""s2"",""s3"",""save draft"",""student profile"",""submit"",""Teacher profile""]","[""Login"",""Register"",""Save Quiz"",""Student"",""Teacher"",""View Results""]",17,13,7,10,6,0.538462,0.411765,0.466667
DeepSeek_R1_14B,baseline_repair,case_39_website_development,valid_diagrams/DeepSeek_R1_14B/baseline_repair/case_39_website_development/diagram.puml,dataset/case_39_website_development/diagram.puml,sentence-transformers/all-MiniLM-L6-v2,0.800000,"[""Available departments"",""Career opportunities"",""Display Projects"",""Employment/Internship application form"",""History of the firm"",""Homepage"",""News/blog"",""Photos"",""Updates"",""Verification"",""Walk-through""]","[""Application Checked"",""Apply"",""Career Info"",""Contact"",""Homepage"",""Job Application"",""Projects"",""View Photos"",""View Updates"",""View Videos""]","[{""ground_truth_state"":""Homepage"",""candidate_state"":""Homepage"",""ground_truth_normalized"":""homepage"",""candidate_normalized"":""homepage"",""similarity"":1.0}]","[""Available departments"",""Career opportunities"",""Display Projects"",""Employment/Internship application form"",""History of the firm"",""News/blog"",""Photos"",""Updates"",""Verification"",""Walk-through""]","[""Application Checked"",""Apply"",""Career Info"",""Contact"",""Job Application"",""Projects"",""View Photos"",""View Updates"",""View Videos""]",11,10,1,10,9,0.1,0.090909,0.095238
DeepSeek_R1_14B,rag,case_39_website_development,valid_diagrams/DeepSeek_R1_14B/rag/case_39_website_development/diagram.puml,dataset/case_39_website_development/diagram.puml,sentence-transformers/all-MiniLM-L6-v2,0.800000,"[""Available departments"",""Career opportunities"",""Display Projects"",""Employment/Internship application form"",""History of the firm"",""Homepage"",""News/blog"",""Photos"",""Updates"",""Verification"",""Walk-through""]","[""ApplicationChecked"",""ApplicationForm"",""CareerInfo"",""CareerSelection"",""Homepage"",""PhotoViewing"",""ProjectInfo"",""ProjectSelection"",""Updates"",""VideoViewing""]","[{""ground_truth_state"":""Homepage"",""candidate_state"":""Homepage"",""ground_truth_normalized"":""homepage"",""candidate_normalized"":""homepage"",""similarity"":1.0},{""ground_truth_state"":""Updates"",""candidate_state"":""Updates"",""ground_truth_normalized"":""updates"",""candidate_normalized"":""updates"",""similarity"":1.0}]","[""Available departments"",""Career opportunities"",""Display Projects"",""Employment/Internship application form"",""History of the firm"",""News/blog"",""Photos"",""Verification"",""Walk-through""]","[""ApplicationChecked"",""ApplicationForm"",""CareerInfo"",""CareerSelection"",""PhotoViewing"",""ProjectInfo"",""ProjectSelection"",""VideoViewing""]",11,10,2,9,8,0.2,0.181818,0.190476
DeepSeek_R1_14B,syntax_grounded_repair,case_39_website_development,valid_diagrams/DeepSeek_R1_14B/syntax_grounded_repair/case_39_website_development/diagram.puml,dataset/case_39_website_development/diagram.puml,sentence-transformers/all-MiniLM-L6-v2,0.800000,"[""Available departments"",""Career opportunities"",""Display Projects"",""Employment/Internship application form"",""History of the firm"",""Homepage"",""News/blog"",""Photos"",""Updates"",""Verification"",""Walk-through""]","[""Application Checked"",""Apply"",""Career Info"",""Contact"",""Homepage"",""Job Application"",""Projects"",""View Photos"",""View Updates"",""View Videos""]","[{""ground_truth_state"":""Homepage"",""candidate_state"":""Homepage"",""ground_truth_normalized"":""homepage"",""candidate_normalized"":""homepage"",""similarity"":1.0}]","[""Available departments"",""Career opportunities"",""Display Projects"",""Employment/Internship application form"",""History of the firm"",""News/blog"",""Photos"",""Updates"",""Verification"",""Walk-through""]","[""Application Checked"",""Apply"",""Career Info"",""Contact"",""Job Application"",""Projects"",""View Photos"",""View Updates"",""View Videos""]",11,10,1,10,9,0.1,0.090909,0.095238
Llama_3.1_8B,baseline_repair,case_39_website_development,valid_diagrams/Llama_3.1_8B/baseline_repair/case_39_website_development/diagram.puml,dataset/case_39_website_development/diagram.puml,sentence-transformers/all-MiniLM-L6-v2,0.800000,"[""Available departments"",""Career opportunities"",""Display Projects"",""Employment/Internship application form"",""History of the firm"",""Homepage"",""News/blog"",""Photos"",""Updates"",""Verification"",""Walk-through""]","[""Career Opportunities"",""Homepage"",""Job Application Status"",""Open Application Form"",""Project Details"",""View Photos"",""View Updates"",""Watch Videos""]","[{""ground_truth_state"":""Career opportunities"",""candidate_state"":""Career Opportunities"",""ground_truth_normalized"":""career opportunities"",""candidate_normalized"":""career opportunities"",""similarity"":1.0},{""ground_truth_state"":""Homepage"",""candidate_state"":""Homepage"",""ground_truth_normalized"":""homepage"",""candidate_normalized"":""homepage"",""similarity"":1.0}]","[""Available departments"",""Display Projects"",""Employment/Internship application form"",""History of the firm"",""News/blog"",""Photos"",""Updates"",""Verification"",""Walk-through""]","[""Job Application Status"",""Open Application Form"",""Project Details"",""View Photos"",""View Updates"",""Watch Videos""]",11,8,2,9,6,0.25,0.181818,0.210526
Llama_3.1_8B,few_shot,case_39_website_development,valid_diagrams/Llama_3.1_8B/few_shot/case_39_website_development/diagram.puml,dataset/case_39_website_development/diagram.puml,sentence-transformers/all-MiniLM-L6-v2,0.800000,"[""Available departments"",""Career opportunities"",""Display Projects"",""Employment/Internship application form"",""History of the firm"",""Homepage"",""News/blog"",""Photos"",""Updates"",""Verification"",""Walk-through""]","[""Career Opportunities"",""Homepage"",""Job Application Status"",""Open Application Form"",""Project Details"",""View Photos"",""View Updates"",""Watch Videos""]","[{""ground_truth_state"":""Career opportunities"",""candidate_state"":""Career Opportunities"",""ground_truth_normalized"":""career opportunities"",""candidate_normalized"":""career opportunities"",""similarity"":1.0},{""ground_truth_state"":""Homepage"",""candidate_state"":""Homepage"",""ground_truth_normalized"":""homepage"",""candidate_normalized"":""homepage"",""similarity"":1.0}]","[""Available departments"",""Display Projects"",""Employment/Internship application form"",""History of the firm"",""News/blog"",""Photos"",""Updates"",""Verification"",""Walk-through""]","[""Job Application Status"",""Open Application Form"",""Project Details"",""View Photos"",""View Updates"",""Watch Videos""]",11,8,2,9,6,0.25,0.181818,0.210526
Llama_3.1_8B,syntax_grounded_repair,case_39_website_development,valid_diagrams/Llama_3.1_8B/syntax_grounded_repair/case_39_website_development/diagram.puml,dataset/case_39_website_development/diagram.puml,sentence-transformers/all-MiniLM-L6-v2,0.800000,"[""Available departments"",""Career opportunities"",""Display Projects"",""Employment/Internship application form"",""History of the firm"",""Homepage"",""News/blog"",""Photos"",""Updates"",""Verification"",""Walk-through""]","[""Career Opportunities"",""Homepage"",""Job Application Status"",""Open Application Form"",""Project Details"",""View Photos"",""View Updates"",""Watch Videos""]","[{""ground_truth_state"":""Career opportunities"",""candidate_state"":""Career Opportunities"",""ground_truth_normalized"":""career opportunities"",""candidate_normalized"":""career opportunities"",""similarity"":1.0},{""ground_truth_state"":""Homepage"",""candidate_state"":""Homepage"",""ground_truth_normalized"":""homepage"",""candidate_normalized"":""homepage"",""similarity"":1.0}]","[""Available departments"",""Display Projects"",""Employment/Internship application form"",""History of the firm"",""News/blog"",""Photos"",""Updates"",""Verification"",""Walk-through""]","[""Job Application Status"",""Open Application Form"",""Project Details"",""View Photos"",""View Updates"",""Watch Videos""]",11,8,2,9,6,0.25,0.181818,0.210526
Mistral,syntax_grounded_repair,case_39_website_development,valid_diagrams/Mistral/syntax_grounded_repair/case_39_website_development/diagram.puml,dataset/case_39_website_development/diagram.puml,sentence-transformers/all-MiniLM-L6-v2,0.800000,"[""Available departments"",""Career opportunities"",""Display Projects"",""Employment/Internship application form"",""History of the firm"",""Homepage"",""News/blog"",""Photos"",""Updates"",""Verification"",""Walk-through""]","[""ApplicationForm"",""CareerOpportunities"",""Homepage"",""JobApplications"",""NavigationBar"",""Photos"",""Projects"",""TerminalState"",""Updates"",""Videos""]","[{""ground_truth_state"":""Career opportunities"",""candidate_state"":""CareerOpportunities"",""ground_truth_normalized"":""career opportunities"",""candidate_normalized"":""career opportunities"",""similarity"":1.0},{""ground_truth_state"":""Homepage"",""candidate_state"":""Homepage"",""ground_truth_normalized"":""homepage"",""candidate_normalized"":""homepage"",""similarity"":1.0},{""ground_truth_state"":""Photos"",""candidate_state"":""Photos"",""ground_truth_normalized"":""photos"",""candidate_normalized"":""photos"",""similarity"":1.0},{""ground_truth_state"":""Updates"",""candidate_state"":""Updates"",""ground_truth_normalized"":""updates"",""candidate_normalized"":""updates"",""similarity"":1.0}]","[""Available departments"",""Display Projects"",""Employment/Internship application form"",""History of the firm"",""News/blog"",""Verification"",""Walk-through""]","[""ApplicationForm"",""JobApplications"",""NavigationBar"",""Projects"",""TerminalState"",""Videos""]",11,10,4,7,6,0.4,0.363636,0.380952
Qwen_2.5_7B,rag,case_39_website_development,valid_diagrams/Qwen_2.5_7B/rag/case_39_website_development/diagram.puml,dataset/case_39_website_development/diagram.puml,sentence-transformers/all-MiniLM-L6-v2,0.800000,"[""Available departments"",""Career opportunities"",""Display Projects"",""Employment/Internship application form"",""History of the firm"",""Homepage"",""News/blog"",""Photos"",""Updates"",""Verification"",""Walk-through""]","[""CareerOpportunities"",""JobApplication"",""NavigationBar"",""PhotoOrVideo"",""ProjectInfo""]","[{""ground_truth_state"":""Career opportunities"",""candidate_state"":""CareerOpportunities"",""ground_truth_normalized"":""career opportunities"",""candidate_normalized"":""career opportunities"",""similarity"":1.0}]","[""Available departments"",""Display Projects"",""Employment/Internship application form"",""History of the firm"",""Homepage"",""News/blog"",""Photos"",""Updates"",""Verification"",""Walk-through""]","[""JobApplication"",""NavigationBar"",""PhotoOrVideo"",""ProjectInfo""]",11,5,1,10,4,0.2,0.090909,0.125
DeepSeek_R1_14B,rag,case_41_video_suggestion_system,valid_diagrams/DeepSeek_R1_14B/rag/case_41_video_suggestion_system/diagram.puml,dataset/case_41_video_suggestion_system/diagram.puml,sentence-transformers/all-MiniLM-L6-v2,0.800000,"[""Other Videos watched by similar users"",""Paid Promotion Videos"",""Request Suggestion"",""Retrieve Other Attributes of videos"",""Retrieve Unique Id"",""Similar Genre Videos"",""Similar Tag Videos"",""Suggest Videos"",""Trending Videos""]","[""AddDetails"",""GatherVideos"",""IdentifyUser"",""ReceiveRequest"",""SendVideos""]",[],"[""Other Videos watched by similar users"",""Paid Promotion Videos"",""Request Suggestion"",""Retrieve Other Attributes of videos"",""Retrieve Unique Id"",""Similar Genre Videos"",""Similar Tag Videos"",""Suggest Videos"",""Trending Videos""]","[""AddDetails"",""GatherVideos"",""IdentifyUser"",""ReceiveRequest"",""SendVideos""]",9,5,0,9,5,0.0,0.0,0.0
Llama_3.1_8B,baseline_repair,case_41_video_suggestion_system,valid_diagrams/Llama_3.1_8B/baseline_repair/case_41_video_suggestion_system/diagram.puml,dataset/case_41_video_suggestion_system/diagram.puml,sentence-transformers/all-MiniLM-L6-v2,0.800000,"[""Other Videos watched by similar users"",""Paid Promotion Videos"",""Request Suggestion"",""Retrieve Other Attributes of videos"",""Retrieve Unique Id"",""Similar Genre Videos"",""Similar Tag Videos"",""Suggest Videos"",""Trending Videos""]","[""Adding Details"",""Gathering Videos"",""Identifying User"",""Idle"",""Promoted Videos"",""Receiving Request"",""Sending Suggestions"",""Similar Videos"",""Trending Videos"",""User Preferences"",""User Profile""]","[{""ground_truth_state"":""Paid Promotion Videos"",""candidate_state"":""Promoted Videos"",""ground_truth_normalized"":""paid promotion videos"",""candidate_normalized"":""promoted videos"",""similarity"":0.844121},{""ground_truth_state"":""Similar Genre Videos"",""candidate_state"":""Similar Videos"",""ground_truth_normalized"":""similar genre videos"",""candidate_normalized"":""similar videos"",""similarity"":0.812945},{""ground_truth_state"":""Trending Videos"",""candidate_state"":""Trending Videos"",""ground_truth_normalized"":""trending videos"",""candidate_normalized"":""trending videos"",""similarity"":1.0}]","[""Other Videos watched by similar users"",""Request Suggestion"",""Retrieve Other Attributes of videos"",""Retrieve Unique Id"",""Similar Tag Videos"",""Suggest Videos""]","[""Adding Details"",""Gathering Videos"",""Identifying User"",""Idle"",""Receiving Request"",""Sending Suggestions"",""User Preferences"",""User Profile""]",9,11,3,6,8,0.272727,0.333333,0.3
Llama_3.1_8B,rag,case_41_video_suggestion_system,valid_diagrams/Llama_3.1_8B/rag/case_41_video_suggestion_system/diagram.puml,dataset/case_41_video_suggestion_system/diagram.puml,sentence-transformers/all-MiniLM-L6-v2,0.800000,"[""Other Videos watched by similar users"",""Paid Promotion Videos"",""Request Suggestion"",""Retrieve Other Attributes of videos"",""Retrieve Unique Id"",""Similar Genre Videos"",""Similar Tag Videos"",""Suggest Videos"",""Trending Videos""]","[""Idle"",""Processing""]",[],"[""Other Videos watched by similar users"",""Paid Promotion Videos"",""Request Suggestion"",""Retrieve Other Attributes of videos"",""Retrieve Unique Id"",""Similar Genre Videos"",""Similar Tag Videos"",""Suggest Videos"",""Trending Videos""]","[""Idle"",""Processing""]",9,2,0,9,2,0.0,0.0,0.0
Llama_3.1_8B,syntax_grounded_repair,case_41_video_suggestion_system,valid_diagrams/Llama_3.1_8B/syntax_grounded_repair/case_41_video_suggestion_system/diagram.puml,dataset/case_41_video_suggestion_system/diagram.puml,sentence-transformers/all-MiniLM-L6-v2,0.800000,"[""Other Videos watched by similar users"",""Paid Promotion Videos"",""Request Suggestion"",""Retrieve Other Attributes of videos"",""Retrieve Unique Id"",""Similar Genre Videos"",""Similar Tag Videos"",""Suggest Videos"",""Trending Videos""]","[""Adding Details"",""Gathering Videos"",""Identifying User"",""Idle"",""Promoted Videos"",""Receiving Request"",""Sending Suggestions"",""Similar Videos"",""Trending Videos"",""User Preferences"",""User Profile""]","[{""ground_truth_state"":""Paid Promotion Videos"",""candidate_state"":""Promoted Videos"",""ground_truth_normalized"":""paid promotion videos"",""candidate_normalized"":""promoted videos"",""similarity"":0.844121},{""ground_truth_state"":""Similar Genre Videos"",""candidate_state"":""Similar Videos"",""ground_truth_normalized"":""similar genre videos"",""candidate_normalized"":""similar videos"",""similarity"":0.812945},{""ground_truth_state"":""Trending Videos"",""candidate_state"":""Trending Videos"",""ground_truth_normalized"":""trending videos"",""candidate_normalized"":""trending videos"",""similarity"":1.0}]","[""Other Videos watched by similar users"",""Request Suggestion"",""Retrieve Other Attributes of videos"",""Retrieve Unique Id"",""Similar Tag Videos"",""Suggest Videos""]","[""Adding Details"",""Gathering Videos"",""Identifying User"",""Idle"",""Receiving Request"",""Sending Suggestions"",""User Preferences"",""User Profile""]",9,11,3,6,8,0.272727,0.333333,0.3
Mistral,baseline_repair,case_41_video_suggestion_system,valid_diagrams/Mistral/baseline_repair/case_41_video_suggestion_system/diagram.puml,dataset/case_41_video_suggestion_system/diagram.puml,sentence-transformers/all-MiniLM-L6-v2,0.800000,"[""Other Videos watched by similar users"",""Paid Promotion Videos"",""Request Suggestion"",""Retrieve Other Attributes of videos"",""Retrieve Unique Id"",""Similar Genre Videos"",""Similar Tag Videos"",""Suggest Videos"",""Trending Videos""]","[""AddDetails"",""GatherVideos"",""IdentifyUser"",""SendSuggestions"",""UserRequest""]",[],"[""Other Videos watched by similar users"",""Paid Promotion Videos"",""Request Suggestion"",""Retrieve Other Attributes of videos"",""Retrieve Unique Id"",""Similar Genre Videos"",""Similar Tag Videos"",""Suggest Videos"",""Trending Videos""]","[""AddDetails"",""GatherVideos"",""IdentifyUser"",""SendSuggestions"",""UserRequest""]",9,5,0,9,5,0.0,0.0,0.0
Mistral,rag,case_41_video_suggestion_system,valid_diagrams/Mistral/rag/case_41_video_suggestion_system/diagram.puml,dataset/case_41_video_suggestion_system/diagram.puml,sentence-transformers/all-MiniLM-L6-v2,0.800000,"[""Other Videos watched by similar users"",""Paid Promotion Videos"",""Request Suggestion"",""Retrieve Other Attributes of videos"",""Retrieve Unique Id"",""Similar Genre Videos"",""Similar Tag Videos"",""Suggest Videos"",""Trending Videos""]","[""AddDetails"",""GatherVideos"",""IdentifyUser"",""SendSuggestions"",""UserRequest""]",[],"[""Other Videos watched by similar users"",""Paid Promotion Videos"",""Request Suggestion"",""Retrieve Other Attributes of videos"",""Retrieve Unique Id"",""Similar Genre Videos"",""Similar Tag Videos"",""Suggest Videos"",""Trending Videos""]","[""AddDetails"",""GatherVideos"",""IdentifyUser"",""SendSuggestions"",""UserRequest""]",9,5,0,9,5,0.0,0.0,0.0
Mistral,syntax_grounded_repair,case_41_video_suggestion_system,valid_diagrams/Mistral/syntax_grounded_repair/case_41_video_suggestion_system/diagram.puml,dataset/case_41_video_suggestion_system/diagram.puml,sentence-transformers/all-MiniLM-L6-v2,0.800000,"[""Other Videos watched by similar users"",""Paid Promotion Videos"",""Request Suggestion"",""Retrieve Other Attributes of videos"",""Retrieve Unique Id"",""Similar Genre Videos"",""Similar Tag Videos"",""Suggest Videos"",""Trending Videos""]","[""AddDetails"",""GatherVideos"",""IdentifyUser"",""SendSuggestions"",""UserRequest""]",[],"[""Other Videos watched by similar users"",""Paid Promotion Videos"",""Request Suggestion"",""Retrieve Other Attributes of videos"",""Retrieve Unique Id"",""Similar Genre Videos"",""Similar Tag Videos"",""Suggest Videos"",""Trending Videos""]","[""AddDetails"",""GatherVideos"",""IdentifyUser"",""SendSuggestions"",""UserRequest""]",9,5,0,9,5,0.0,0.0,0.0
Qwen_2.5_7B,baseline_repair,case_41_video_suggestion_system,valid_diagrams/Qwen_2.5_7B/baseline_repair/case_41_video_suggestion_system/diagram.puml,dataset/case_41_video_suggestion_system/diagram.puml,sentence-transformers/all-MiniLM-L6-v2,0.800000,"[""Other Videos watched by similar users"",""Paid Promotion Videos"",""Request Suggestion"",""Retrieve Other Attributes of videos"",""Retrieve Unique Id"",""Similar Genre Videos"",""Similar Tag Videos"",""Suggest Videos"",""Trending Videos""]","[""UserDelivery"",""UserRequest"",""VideoCollection"",""VideoDetails""]",[],"[""Other Videos watched by similar users"",""Paid Promotion Videos"",""Request Suggestion"",""Retrieve Other Attributes of videos"",""Retrieve Unique Id"",""Similar Genre Videos"",""Similar Tag Videos"",""Suggest Videos"",""Trending Videos""]","[""UserDelivery"",""UserRequest"",""VideoCollection"",""VideoDetails""]",9,4,0,9,4,0.0,0.0,0.0
Qwen_2.5_7B,rag,case_41_video_suggestion_system,valid_diagrams/Qwen_2.5_7B/rag/case_41_video_suggestion_system/diagram.puml,dataset/case_41_video_suggestion_system/diagram.puml,sentence-transformers/all-MiniLM-L6-v2,0.800000,"[""Other Videos watched by similar users"",""Paid Promotion Videos"",""Request Suggestion"",""Retrieve Other Attributes of videos"",""Retrieve Unique Id"",""Similar Genre Videos"",""Similar Tag Videos"",""Suggest Videos"",""Trending Videos""]","[""AddDetails"",""GatherVideos"",""SendSuggestions"",""UserRequest""]",[],"[""Other Videos watched by similar users"",""Paid Promotion Videos"",""Request Suggestion"",""Retrieve Other Attributes of videos"",""Retrieve Unique Id"",""Similar Genre Videos"",""Similar Tag Videos"",""Suggest Videos"",""Trending Videos""]","[""AddDetails"",""GatherVideos"",""SendSuggestions"",""UserRequest""]",9,4,0,9,4,0.0,0.0,0.0
Qwen_2.5_7B,syntax_grounded_repair,case_41_video_suggestion_system,valid_diagrams/Qwen_2.5_7B/syntax_grounded_repair/case_41_video_suggestion_system/diagram.puml,dataset/case_41_video_suggestion_system/diagram.puml,sentence-transformers/all-MiniLM-L6-v2,0.800000,"[""Other Videos watched by similar users"",""Paid Promotion Videos"",""Request Suggestion"",""Retrieve Other Attributes of videos"",""Retrieve Unique Id"",""Similar Genre Videos"",""Similar Tag Videos"",""Suggest Videos"",""Trending Videos""]","[""UserDelivery"",""UserRequest"",""VideoCollection"",""VideoDetails""]",[],"[""Other Videos watched by similar users"",""Paid Promotion Videos"",""Request Suggestion"",""Retrieve Other Attributes of videos"",""Retrieve Unique Id"",""Similar Genre Videos"",""Similar Tag Videos"",""Suggest Videos"",""Trending Videos""]","[""UserDelivery"",""UserRequest"",""VideoCollection"",""VideoDetails""]",9,4,0,9,4,0.0,0.0,0.0
DeepSeek_R1_14B,baseline_repair,case_45_alarm_clock,valid_diagrams/DeepSeek_R1_14B/baseline_repair/case_45_alarm_clock/diagram.puml,dataset/case_45_alarm_clock/diagram.puml,sentence-transformers/all-MiniLM-L6-v2,0.800000,"[""Prepared"",""Ringing"",""Unprepared""]","[""Alarm Set"",""Off"",""Ringing""]","[{""ground_truth_state"":""Ringing"",""candidate_state"":""Ringing"",""ground_truth_normalized"":""ringing"",""candidate_normalized"":""ringing"",""similarity"":1.0}]","[""Prepared"",""Unprepared""]","[""Alarm Set"",""Off""]",3,3,1,2,2,0.333333,0.333333,0.333333
Llama_3.1_8B,baseline_repair,case_45_alarm_clock,valid_diagrams/Llama_3.1_8B/baseline_repair/case_45_alarm_clock/diagram.puml,dataset/case_45_alarm_clock/diagram.puml,sentence-transformers/all-MiniLM-L6-v2,0.800000,"[""Prepared"",""Ringing"",""Unprepared""]","[""Activated"",""Off"",""Stopped""]",[],"[""Prepared"",""Ringing"",""Unprepared""]","[""Activated"",""Off"",""Stopped""]",3,3,0,3,3,0.0,0.0,0.0
Llama_3.1_8B,rag,case_45_alarm_clock,valid_diagrams/Llama_3.1_8B/rag/case_45_alarm_clock/diagram.puml,dataset/case_45_alarm_clock/diagram.puml,sentence-transformers/all-MiniLM-L6-v2,0.800000,"[""Prepared"",""Ringing"",""Unprepared""]","[""AlarmActive"",""Idle"",""Off""]",[],"[""Prepared"",""Ringing"",""Unprepared""]","[""AlarmActive"",""Idle"",""Off""]",3,3,0,3,3,0.0,0.0,0.0
Llama_3.1_8B,syntax_grounded_repair,case_45_alarm_clock,valid_diagrams/Llama_3.1_8B/syntax_grounded_repair/case_45_alarm_clock/diagram.puml,dataset/case_45_alarm_clock/diagram.puml,sentence-transformers/all-MiniLM-L6-v2,0.800000,"[""Prepared"",""Ringing"",""Unprepared""]","[""Activated"",""Off"",""Stopped""]",[],"[""Prepared"",""Ringing"",""Unprepared""]","[""Activated"",""Off"",""Stopped""]",3,3,0,3,3,0.0,0.0,0.0
Qwen_2.5_7B,few_shot,case_45_alarm_clock,valid_diagrams/Qwen_2.5_7B/few_shot/case_45_alarm_clock/diagram.puml,dataset/case_45_alarm_clock/diagram.puml,sentence-transformers/all-MiniLM-L6-v2,0.800000,"[""Prepared"",""Ringing"",""Unprepared""]","[""Alarm Ringing"",""Alarm Set"",""Off""]",[],"[""Prepared"",""Ringing"",""Unprepared""]","[""Alarm Ringing"",""Alarm Set"",""Off""]",3,3,0,3,3,0.0,0.0,0.0
DeepSeek_R1_14B,baseline_repair,case_46_digital_watch,valid_diagrams/DeepSeek_R1_14B/baseline_repair/case_46_digital_watch/diagram.puml,dataset/case_46_digital_watch/diagram.puml,sentence-transformers/all-MiniLM-L6-v2,0.800000,"[""Change alarm hour"",""Change alarm minute"",""Change Hour"",""Change minutes"",""Display"",""Prepared"",""Ringing"",""TurnedOff"",""TurnedOn"",""Unprepared"",""Watch""]","[""Adjusting Time State"",""Alarm Off State"",""Alarm State"",""Light On State"",""Normal State""]",[],"[""Change alarm hour"",""Change alarm minute"",""Change Hour"",""Change minutes"",""Display"",""Prepared"",""Ringing"",""TurnedOff"",""TurnedOn"",""Unprepared"",""Watch""]","[""Adjusting Time State"",""Alarm Off State"",""Alarm State"",""Light On State"",""Normal State""]",11,5,0,11,5,0.0,0.0,0.0
DeepSeek_R1_14B,syntax_grounded_repair,case_46_digital_watch,valid_diagrams/DeepSeek_R1_14B/syntax_grounded_repair/case_46_digital_watch/diagram.puml,dataset/case_46_digital_watch/diagram.puml,sentence-transformers/all-MiniLM-L6-v2,0.800000,"[""Change alarm hour"",""Change alarm minute"",""Change Hour"",""Change minutes"",""Display"",""Prepared"",""Ringing"",""TurnedOff"",""TurnedOn"",""Unprepared"",""Watch""]","[""Adjusting Time State"",""Alarm Off State"",""Alarm State"",""Light On State"",""Normal State""]",[],"[""Change alarm hour"",""Change alarm minute"",""Change Hour"",""Change minutes"",""Display"",""Prepared"",""Ringing"",""TurnedOff"",""TurnedOn"",""Unprepared"",""Watch""]","[""Adjusting Time State"",""Alarm Off State"",""Alarm State"",""Light On State"",""Normal State""]",11,5,0,11,5,0.0,0.0,0.0
Qwen_2.5_7B,baseline_repair,case_46_digital_watch,valid_diagrams/Qwen_2.5_7B/baseline_repair/case_46_digital_watch/diagram.puml,dataset/case_46_digital_watch/diagram.puml,sentence-transformers/all-MiniLM-L6-v2,0.800000,"[""Change alarm hour"",""Change alarm minute"",""Change Hour"",""Change minutes"",""Display"",""Prepared"",""Ringing"",""TurnedOff"",""TurnedOn"",""Unprepared"",""Watch""]","[""Adjusting Time"",""Alarm Settings"",""Alarm Triggered"",""Idle"",""Light On""]",[],"[""Change alarm hour"",""Change alarm minute"",""Change Hour"",""Change minutes"",""Display"",""Prepared"",""Ringing"",""TurnedOff"",""TurnedOn"",""Unprepared"",""Watch""]","[""Adjusting Time"",""Alarm Settings"",""Alarm Triggered"",""Idle"",""Light On""]",11,5,0,11,5,0.0,0.0,0.0
Qwen_2.5_7B,syntax_grounded_repair,case_46_digital_watch,valid_diagrams/Qwen_2.5_7B/syntax_grounded_repair/case_46_digital_watch/diagram.puml,dataset/case_46_digital_watch/diagram.puml,sentence-transformers/all-MiniLM-L6-v2,0.800000,"[""Change alarm hour"",""Change alarm minute"",""Change Hour"",""Change minutes"",""Display"",""Prepared"",""Ringing"",""TurnedOff"",""TurnedOn"",""Unprepared"",""Watch""]","[""Adjusting Time"",""Alarm Settings"",""Alarm Triggered"",""Idle"",""Light On""]",[],"[""Change alarm hour"",""Change alarm minute"",""Change Hour"",""Change minutes"",""Display"",""Prepared"",""Ringing"",""TurnedOff"",""TurnedOn"",""Unprepared"",""Watch""]","[""Adjusting Time"",""Alarm Settings"",""Alarm Triggered"",""Idle"",""Light On""]",11,5,0,11,5,0.0,0.0,0.0
DeepSeek_R1_14B,baseline_repair,case_47_safehome_security_function,valid_diagrams/DeepSeek_R1_14B/baseline_repair/case_47_safehome_security_function/diagram.puml,dataset/case_47_safehome_security_function/diagram.puml,sentence-transformers/all-MiniLM-L6-v2,0.800000,"[""ActingOnAlarm"",""Idle"",""MonitoringSystemStatus"",""Resetting""]","[""Monitoring"",""Normal"",""PowerOnCheck"",""ReadyToUse"",""StartupProblem""]",[],"[""ActingOnAlarm"",""Idle"",""MonitoringSystemStatus"",""Resetting""]","[""Monitoring"",""Normal"",""PowerOnCheck"",""ReadyToUse"",""StartupProblem""]",4,5,0,4,5,0.0,0.0,0.0
DeepSeek_R1_14B,syntax_grounded_repair,case_47_safehome_security_function,valid_diagrams/DeepSeek_R1_14B/syntax_grounded_repair/case_47_safehome_security_function/diagram.puml,dataset/case_47_safehome_security_function/diagram.puml,sentence-transformers/all-MiniLM-L6-v2,0.800000,"[""ActingOnAlarm"",""Idle"",""MonitoringSystemStatus"",""Resetting""]","[""Monitoring"",""Normal"",""PowerOnCheck"",""ReadyToUse"",""StartupProblem""]",[],"[""ActingOnAlarm"",""Idle"",""MonitoringSystemStatus"",""Resetting""]","[""Monitoring"",""Normal"",""PowerOnCheck"",""ReadyToUse"",""StartupProblem""]",4,5,0,4,5,0.0,0.0,0.0
Llama_3.1_8B,baseline_repair,case_47_safehome_security_function,valid_diagrams/Llama_3.1_8B/baseline_repair/case_47_safehome_security_function/diagram.puml,dataset/case_47_safehome_security_function/diagram.puml,sentence-transformers/all-MiniLM-L6-v2,0.800000,"[""ActingOnAlarm"",""Idle"",""MonitoringSystemStatus"",""Resetting""]","[""Activate"",""Alarm"",""Monitoring"",""Normal"",""Problem"",""Ready"",""Reset"",""Startup"",""TurnOff""]","[{""ground_truth_state"":""ActingOnAlarm"",""candidate_state"":""Alarm"",""ground_truth_normalized"":""acting on alarm"",""candidate_normalized"":""alarm"",""similarity"":0.853297},{""ground_truth_state"":""Resetting"",""candidate_state"":""Reset"",""ground_truth_normalized"":""resetting"",""candidate_normalized"":""reset"",""similarity"":0.963797}]","[""Idle"",""MonitoringSystemStatus""]","[""Activate"",""Monitoring"",""Normal"",""Problem"",""Ready"",""Startup"",""TurnOff""]",4,9,2,2,7,0.222222,0.5,0.307692
Llama_3.1_8B,few_shot,case_47_safehome_security_function,valid_diagrams/Llama_3.1_8B/few_shot/case_47_safehome_security_function/diagram.puml,dataset/case_47_safehome_security_function/diagram.puml,sentence-transformers/all-MiniLM-L6-v2,0.800000,"[""ActingOnAlarm"",""Idle"",""MonitoringSystemStatus"",""Resetting""]","[""Activate"",""Alarm"",""Monitoring"",""Normal"",""Problem"",""Ready"",""Reset"",""Startup"",""TurnOff""]","[{""ground_truth_state"":""ActingOnAlarm"",""candidate_state"":""Alarm"",""ground_truth_normalized"":""acting on alarm"",""candidate_normalized"":""alarm"",""similarity"":0.853297},{""ground_truth_state"":""Resetting"",""candidate_state"":""Reset"",""ground_truth_normalized"":""resetting"",""candidate_normalized"":""reset"",""similarity"":0.963797}]","[""Idle"",""MonitoringSystemStatus""]","[""Activate"",""Monitoring"",""Normal"",""Problem"",""Ready"",""Startup"",""TurnOff""]",4,9,2,2,7,0.222222,0.5,0.307692
Llama_3.1_8B,rag,case_47_safehome_security_function,valid_diagrams/Llama_3.1_8B/rag/case_47_safehome_security_function/diagram.puml,dataset/case_47_safehome_security_function/diagram.puml,sentence-transformers/all-MiniLM-L6-v2,0.800000,"[""ActingOnAlarm"",""Idle"",""MonitoringSystemStatus"",""Resetting""]","[""Activate"",""Alarm"",""Deactivate"",""Monitoring"",""PowerOff"",""PowerOn"",""Ready"",""Reset"",""Startup""]","[{""ground_truth_state"":""ActingOnAlarm"",""candidate_state"":""Alarm"",""ground_truth_normalized"":""acting on alarm"",""candidate_normalized"":""alarm"",""similarity"":0.853297},{""ground_truth_state"":""Resetting"",""candidate_state"":""Reset"",""ground_truth_normalized"":""resetting"",""candidate_normalized"":""reset"",""similarity"":0.963797}]","[""Idle"",""MonitoringSystemStatus""]","[""Activate"",""Deactivate"",""Monitoring"",""PowerOff"",""PowerOn"",""Ready"",""Startup""]",4,9,2,2,7,0.222222,0.5,0.307692
Llama_3.1_8B,syntax_grounded_repair,case_47_safehome_security_function,valid_diagrams/Llama_3.1_8B/syntax_grounded_repair/case_47_safehome_security_function/diagram.puml,dataset/case_47_safehome_security_function/diagram.puml,sentence-transformers/all-MiniLM-L6-v2,0.800000,"[""ActingOnAlarm"",""Idle"",""MonitoringSystemStatus"",""Resetting""]","[""Activate"",""Alarm"",""Monitoring"",""Normal"",""Problem"",""Ready"",""Reset"",""Startup"",""TurnOff""]","[{""ground_truth_state"":""ActingOnAlarm"",""candidate_state"":""Alarm"",""ground_truth_normalized"":""acting on alarm"",""candidate_normalized"":""alarm"",""similarity"":0.853297},{""ground_truth_state"":""Resetting"",""candidate_state"":""Reset"",""ground_truth_normalized"":""resetting"",""candidate_normalized"":""reset"",""similarity"":0.963797}]","[""Idle"",""MonitoringSystemStatus""]","[""Activate"",""Monitoring"",""Normal"",""Problem"",""Ready"",""Startup"",""TurnOff""]",4,9,2,2,7,0.222222,0.5,0.307692
Qwen_2.5_7B,syntax_grounded_repair,case_47_safehome_security_function,valid_diagrams/Qwen_2.5_7B/syntax_grounded_repair/case_47_safehome_security_function/diagram.puml,dataset/case_47_safehome_security_function/diagram.puml,sentence-transformers/all-MiniLM-L6-v2,0.800000,"[""ActingOnAlarm"",""Idle"",""MonitoringSystemStatus"",""Resetting""]","[""Activate"",""Alarm"",""Idle"",""Monitoring"",""ReadyToUse"",""Reset"",""TurnOff""]","[{""ground_truth_state"":""ActingOnAlarm"",""candidate_state"":""Alarm"",""ground_truth_normalized"":""acting on alarm"",""candidate_normalized"":""alarm"",""similarity"":0.853297},{""ground_truth_state"":""Idle"",""candidate_state"":""Idle"",""ground_truth_normalized"":""idle"",""candidate_normalized"":""idle"",""similarity"":1.0},{""ground_truth_state"":""Resetting"",""candidate_state"":""Reset"",""ground_truth_normalized"":""resetting"",""candidate_normalized"":""reset"",""similarity"":0.963797}]","[""MonitoringSystemStatus""]","[""Activate"",""Monitoring"",""ReadyToUse"",""TurnOff""]",4,7,3,1,4,0.428571,0.75,0.545455
DeepSeek_R1_14B,baseline_repair,case_51_process_sale,valid_diagrams/DeepSeek_R1_14B/baseline_repair/case_51_process_sale/diagram.puml,dataset/case_51_process_sale/diagram.puml,sentence-transformers/all-MiniLM-L6-v2,0.800000,"[""AuthorizingPayment"",""EnteringItems"",""WaitingForPayment"",""WaitingForSale""]","[""Payment"",""Payment Declined"",""Sale Completed"",""Selecting Items"",""VerifyingPayment"",""Waiting for Sale""]","[{""ground_truth_state"":""WaitingForSale"",""candidate_state"":""Waiting for Sale"",""ground_truth_normalized"":""waiting for sale"",""candidate_normalized"":""waiting for sale"",""similarity"":1.0}]","[""AuthorizingPayment"",""EnteringItems"",""WaitingForPayment""]","[""Payment"",""Payment Declined"",""Sale Completed"",""Selecting Items"",""VerifyingPayment""]",4,6,1,3,5,0.166667,0.25,0.2
DeepSeek_R1_14B,few_shot,case_51_process_sale,valid_diagrams/DeepSeek_R1_14B/few_shot/case_51_process_sale/diagram.puml,dataset/case_51_process_sale/diagram.puml,sentence-transformers/all-MiniLM-L6-v2,0.800000,"[""AuthorizingPayment"",""EnteringItems"",""WaitingForPayment"",""WaitingForSale""]","[""Payment"",""Payment Declined"",""Sale Completed"",""Selecting Items"",""VerifyingPayment"",""Waiting for Sale""]","[{""ground_truth_state"":""WaitingForSale"",""candidate_state"":""Waiting for Sale"",""ground_truth_normalized"":""waiting for sale"",""candidate_normalized"":""waiting for sale"",""similarity"":1.0}]","[""AuthorizingPayment"",""EnteringItems"",""WaitingForPayment""]","[""Payment"",""Payment Declined"",""Sale Completed"",""Selecting Items"",""VerifyingPayment""]",4,6,1,3,5,0.166667,0.25,0.2
DeepSeek_R1_14B,syntax_grounded_repair,case_51_process_sale,valid_diagrams/DeepSeek_R1_14B/syntax_grounded_repair/case_51_process_sale/diagram.puml,dataset/case_51_process_sale/diagram.puml,sentence-transformers/all-MiniLM-L6-v2,0.800000,"[""AuthorizingPayment"",""EnteringItems"",""WaitingForPayment"",""WaitingForSale""]","[""Payment"",""Payment Declined"",""Sale Completed"",""Selecting Items"",""VerifyingPayment"",""Waiting for Sale""]","[{""ground_truth_state"":""WaitingForSale"",""candidate_state"":""Waiting for Sale"",""ground_truth_normalized"":""waiting for sale"",""candidate_normalized"":""waiting for sale"",""similarity"":1.0}]","[""AuthorizingPayment"",""EnteringItems"",""WaitingForPayment""]","[""Payment"",""Payment Declined"",""Sale Completed"",""Selecting Items"",""VerifyingPayment""]",4,6,1,3,5,0.166667,0.25,0.2
Llama_3.1_8B,baseline_repair,case_51_process_sale,valid_diagrams/Llama_3.1_8B/baseline_repair/case_51_process_sale/diagram.puml,dataset/case_51_process_sale/diagram.puml,sentence-transformers/all-MiniLM-L6-v2,0.800000,"[""AuthorizingPayment"",""EnteringItems"",""WaitingForPayment"",""WaitingForSale""]","[""AddingItems"",""Completed"",""Payment"",""VerifyingPayment"",""WaitingForSale""]","[{""ground_truth_state"":""WaitingForSale"",""candidate_state"":""WaitingForSale"",""ground_truth_normalized"":""waiting for sale"",""candidate_normalized"":""waiting for sale"",""similarity"":1.0}]","[""AuthorizingPayment"",""EnteringItems"",""WaitingForPayment""]","[""AddingItems"",""Completed"",""Payment"",""VerifyingPayment""]",4,5,1,3,4,0.2,0.25,0.222222
Llama_3.1_8B,syntax_grounded_repair,case_51_process_sale,valid_diagrams/Llama_3.1_8B/syntax_grounded_repair/case_51_process_sale/diagram.puml,dataset/case_51_process_sale/diagram.puml,sentence-transformers/all-MiniLM-L6-v2,0.800000,"[""AuthorizingPayment"",""EnteringItems"",""WaitingForPayment"",""WaitingForSale""]","[""AddingItems"",""Completed"",""Payment"",""VerifyingPayment"",""WaitingForSale""]","[{""ground_truth_state"":""WaitingForSale"",""candidate_state"":""WaitingForSale"",""ground_truth_normalized"":""waiting for sale"",""candidate_normalized"":""waiting for sale"",""similarity"":1.0}]","[""AuthorizingPayment"",""EnteringItems"",""WaitingForPayment""]","[""AddingItems"",""Completed"",""Payment"",""VerifyingPayment""]",4,5,1,3,4,0.2,0.25,0.222222
Mistral,baseline_repair,case_51_process_sale,valid_diagrams/Mistral/baseline_repair/case_51_process_sale/diagram.puml,dataset/case_51_process_sale/diagram.puml,sentence-transformers/all-MiniLM-L6-v2,0.800000,"[""AuthorizingPayment"",""EnteringItems"",""WaitingForPayment"",""WaitingForSale""]","[""Payment Completed"",""Payment Verification"",""Recording Items"",""Return to Waiting"",""Waiting for Customer"",""Waiting for Payment"",""WaitingForSale""]","[{""ground_truth_state"":""WaitingForPayment"",""candidate_state"":""Waiting for Payment"",""ground_truth_normalized"":""waiting for payment"",""candidate_normalized"":""waiting for payment"",""similarity"":1.0},{""ground_truth_state"":""WaitingForSale"",""candidate_state"":""WaitingForSale"",""ground_truth_normalized"":""waiting for sale"",""candidate_normalized"":""waiting for sale"",""similarity"":1.0}]","[""AuthorizingPayment"",""EnteringItems""]","[""Payment Completed"",""Payment Verification"",""Recording Items"",""Return to Waiting"",""Waiting for Customer""]",4,7,2,2,5,0.285714,0.5,0.363636
Mistral,rag,case_51_process_sale,valid_diagrams/Mistral/rag/case_51_process_sale/diagram.puml,dataset/case_51_process_sale/diagram.puml,sentence-transformers/all-MiniLM-L6-v2,0.800000,"[""AuthorizingPayment"",""EnteringItems"",""WaitingForPayment"",""WaitingForSale""]","[""Payment Completed"",""Payment Verification"",""Recording Items"",""Return to Waiting"",""Waiting for Customer"",""Waiting for Payment"",""WaitingForSale""]","[{""ground_truth_state"":""WaitingForPayment"",""candidate_state"":""Waiting for Payment"",""ground_truth_normalized"":""waiting for payment"",""candidate_normalized"":""waiting for payment"",""similarity"":1.0},{""ground_truth_state"":""WaitingForSale"",""candidate_state"":""WaitingForSale"",""ground_truth_normalized"":""waiting for sale"",""candidate_normalized"":""waiting for sale"",""similarity"":1.0}]","[""AuthorizingPayment"",""EnteringItems""]","[""Payment Completed"",""Payment Verification"",""Recording Items"",""Return to Waiting"",""Waiting for Customer""]",4,7,2,2,5,0.285714,0.5,0.363636
Mistral,syntax_grounded_repair,case_51_process_sale,valid_diagrams/Mistral/syntax_grounded_repair/case_51_process_sale/diagram.puml,dataset/case_51_process_sale/diagram.puml,sentence-transformers/all-MiniLM-L6-v2,0.800000,"[""AuthorizingPayment"",""EnteringItems"",""WaitingForPayment"",""WaitingForSale""]","[""Payment Completed"",""Payment Verification"",""Recording Items"",""Return to Waiting"",""Waiting for Customer"",""Waiting for Payment"",""WaitingForSale""]","[{""ground_truth_state"":""WaitingForPayment"",""candidate_state"":""Waiting for Payment"",""ground_truth_normalized"":""waiting for payment"",""candidate_normalized"":""waiting for payment"",""similarity"":1.0},{""ground_truth_state"":""WaitingForSale"",""candidate_state"":""WaitingForSale"",""ground_truth_normalized"":""waiting for sale"",""candidate_normalized"":""waiting for sale"",""similarity"":1.0}]","[""AuthorizingPayment"",""EnteringItems""]","[""Payment Completed"",""Payment Verification"",""Recording Items"",""Return to Waiting"",""Waiting for Customer""]",4,7,2,2,5,0.285714,0.5,0.363636
DeepSeek_R1_14B,baseline_repair,case_52_microwave_oven,valid_diagrams/DeepSeek_R1_14B/baseline_repair/case_52_microwave_oven/diagram.puml,dataset/case_52_microwave_oven/diagram.puml,sentence-transformers/all-MiniLM-L6-v2,0.800000,"[""Disabled"",""Enabled"",""Full Power"",""Half Power"",""Operation"",""Set Time"",""Waiting""]","[""Cooking"",""Door Open"",""Full Power"",""Half Power"",""Idle"",""Set Time""]","[{""ground_truth_state"":""Full Power"",""candidate_state"":""Full Power"",""ground_truth_normalized"":""full power"",""candidate_normalized"":""full power"",""similarity"":1.0},{""ground_truth_state"":""Half Power"",""candidate_state"":""Half Power"",""ground_truth_normalized"":""half power"",""candidate_normalized"":""half power"",""similarity"":1.0},{""ground_truth_state"":""Set Time"",""candidate_state"":""Set Time"",""ground_truth_normalized"":""set time"",""candidate_normalized"":""set time"",""similarity"":1.0}]","[""Disabled"",""Enabled"",""Operation"",""Waiting""]","[""Cooking"",""Door Open"",""Idle""]",7,6,3,4,3,0.5,0.428571,0.461538
DeepSeek_R1_14B,syntax_grounded_repair,case_52_microwave_oven,valid_diagrams/DeepSeek_R1_14B/syntax_grounded_repair/case_52_microwave_oven/diagram.puml,dataset/case_52_microwave_oven/diagram.puml,sentence-transformers/all-MiniLM-L6-v2,0.800000,"[""Disabled"",""Enabled"",""Full Power"",""Half Power"",""Operation"",""Set Time"",""Waiting""]","[""Cooking"",""Door Open"",""Full Power"",""Half Power"",""Idle"",""Set Time""]","[{""ground_truth_state"":""Full Power"",""candidate_state"":""Full Power"",""ground_truth_normalized"":""full power"",""candidate_normalized"":""full power"",""similarity"":1.0},{""ground_truth_state"":""Half Power"",""candidate_state"":""Half Power"",""ground_truth_normalized"":""half power"",""candidate_normalized"":""half power"",""similarity"":1.0},{""ground_truth_state"":""Set Time"",""candidate_state"":""Set Time"",""ground_truth_normalized"":""set time"",""candidate_normalized"":""set time"",""similarity"":1.0}]","[""Disabled"",""Enabled"",""Operation"",""Waiting""]","[""Cooking"",""Door Open"",""Idle""]",7,6,3,4,3,0.5,0.428571,0.461538
DeepSeek_R1_14B,baseline_repair,case_54_weather_station_system,valid_diagrams/DeepSeek_R1_14B/baseline_repair/case_54_weather_station_system/diagram.puml,dataset/case_54_weather_station_system/diagram.puml,sentence-transformers/all-MiniLM-L6-v2,0.800000,"[""Collecting"",""Configuring"",""Controlled"",""Operation"",""Running"",""Shutdown"",""Summarizing"",""Testing"",""Transmitting""]","[""Configuration"",""ControlledMode"",""Running"",""Shutdown""]","[{""ground_truth_state"":""Configuring"",""candidate_state"":""Configuration"",""ground_truth_normalized"":""configuring"",""candidate_normalized"":""configuration"",""similarity"":0.868244},{""ground_truth_state"":""Running"",""candidate_state"":""Running"",""ground_truth_normalized"":""running"",""candidate_normalized"":""running"",""similarity"":1.0},{""ground_truth_state"":""Shutdown"",""candidate_state"":""Shutdown"",""ground_truth_normalized"":""shutdown"",""candidate_normalized"":""shutdown"",""similarity"":1.0}]","[""Collecting"",""Controlled"",""Operation"",""Summarizing"",""Testing"",""Transmitting""]","[""ControlledMode""]",9,4,3,6,1,0.75,0.333333,0.461538
DeepSeek_R1_14B,syntax_grounded_repair,case_54_weather_station_system,valid_diagrams/DeepSeek_R1_14B/syntax_grounded_repair/case_54_weather_station_system/diagram.puml,dataset/case_54_weather_station_system/diagram.puml,sentence-transformers/all-MiniLM-L6-v2,0.800000,"[""Collecting"",""Configuring"",""Controlled"",""Operation"",""Running"",""Shutdown"",""Summarizing"",""Testing"",""Transmitting""]","[""Configuration"",""ControlledMode"",""Running"",""Shutdown""]","[{""ground_truth_state"":""Configuring"",""candidate_state"":""Configuration"",""ground_truth_normalized"":""configuring"",""candidate_normalized"":""configuration"",""similarity"":0.868244},{""ground_truth_state"":""Running"",""candidate_state"":""Running"",""ground_truth_normalized"":""running"",""candidate_normalized"":""running"",""similarity"":1.0},{""ground_truth_state"":""Shutdown"",""candidate_state"":""Shutdown"",""ground_truth_normalized"":""shutdown"",""candidate_normalized"":""shutdown"",""similarity"":1.0}]","[""Collecting"",""Controlled"",""Operation"",""Summarizing"",""Testing"",""Transmitting""]","[""ControlledMode""]",9,4,3,6,1,0.75,0.333333,0.461538
Llama_3.1_8B,baseline_repair,case_54_weather_station_system,valid_diagrams/Llama_3.1_8B/baseline_repair/case_54_weather_station_system/diagram.puml,dataset/case_54_weather_station_system/diagram.puml,sentence-transformers/all-MiniLM-L6-v2,0.800000,"[""Collecting"",""Configuring"",""Controlled"",""Operation"",""Running"",""Shutdown"",""Summarizing"",""Testing"",""Transmitting""]","[""ConfigMode"",""Controlled"",""DataCollection"",""Running"",""ShutDown"",""StatusChecking"",""SummaryPreparation""]","[{""ground_truth_state"":""Controlled"",""candidate_state"":""Controlled"",""ground_truth_normalized"":""controlled"",""candidate_normalized"":""controlled"",""similarity"":1.0},{""ground_truth_state"":""Running"",""candidate_state"":""Running"",""ground_truth_normalized"":""running"",""candidate_normalized"":""running"",""similarity"":1.0},{""ground_truth_state"":""Shutdown"",""candidate_state"":""ShutDown"",""ground_truth_normalized"":""shutdown"",""candidate_normalized"":""shut down"",""similarity"":0.807082}]","[""Collecting"",""Configuring"",""Operation"",""Summarizing"",""Testing"",""Transmitting""]","[""ConfigMode"",""DataCollection"",""StatusChecking"",""SummaryPreparation""]",9,7,3,6,4,0.428571,0.333333,0.375
Llama_3.1_8B,syntax_grounded_repair,case_54_weather_station_system,valid_diagrams/Llama_3.1_8B/syntax_grounded_repair/case_54_weather_station_system/diagram.puml,dataset/case_54_weather_station_system/diagram.puml,sentence-transformers/all-MiniLM-L6-v2,0.800000,"[""Collecting"",""Configuring"",""Controlled"",""Operation"",""Running"",""Shutdown"",""Summarizing"",""Testing"",""Transmitting""]","[""ConfigMode"",""Controlled"",""DataCollection"",""Running"",""ShutDown"",""StatusChecking"",""SummaryPreparation""]","[{""ground_truth_state"":""Controlled"",""candidate_state"":""Controlled"",""ground_truth_normalized"":""controlled"",""candidate_normalized"":""controlled"",""similarity"":1.0},{""ground_truth_state"":""Running"",""candidate_state"":""Running"",""ground_truth_normalized"":""running"",""candidate_normalized"":""running"",""similarity"":1.0},{""ground_truth_state"":""Shutdown"",""candidate_state"":""ShutDown"",""ground_truth_normalized"":""shutdown"",""candidate_normalized"":""shut down"",""similarity"":0.807082}]","[""Collecting"",""Configuring"",""Operation"",""Summarizing"",""Testing"",""Transmitting""]","[""ConfigMode"",""DataCollection"",""StatusChecking"",""SummaryPreparation""]",9,7,3,6,4,0.428571,0.333333,0.375
DeepSeek_R1_14B,baseline_repair,case_59_atm_1,valid_diagrams/DeepSeek_R1_14B/baseline_repair/case_59_atm_1/diagram.puml,dataset/case_59_atm_1/diagram.puml,sentence-transformers/all-MiniLM-L6-v2,0.800000,"[""EnterAmount <<extended>>"",""ReadAmount <<extended>>"",""ReleaseCard <<extended>>"",""SelectAmount <<extended>>""]","[""Cancel Transaction"",""Check Balance"",""Dispense Cash"",""Enter Custom Amount"",""Insert Card"",""Return Card"",""Select Amount"",""Select Predefined Amount""]","[{""ground_truth_state"":""SelectAmount <<extended>>"",""candidate_state"":""Select Amount"",""ground_truth_normalized"":""select amount <<extended>>"",""candidate_normalized"":""select amount"",""similarity"":0.824091}]","[""EnterAmount <<extended>>"",""ReadAmount <<extended>>"",""ReleaseCard <<extended>>""]","[""Cancel Transaction"",""Check Balance"",""Dispense Cash"",""Enter Custom Amount"",""Insert Card"",""Return Card"",""Select Predefined Amount""]",4,8,1,3,7,0.125,0.25,0.166667
DeepSeek_R1_14B,syntax_grounded_repair,case_59_atm_1,valid_diagrams/DeepSeek_R1_14B/syntax_grounded_repair/case_59_atm_1/diagram.puml,dataset/case_59_atm_1/diagram.puml,sentence-transformers/all-MiniLM-L6-v2,0.800000,"[""EnterAmount <<extended>>"",""ReadAmount <<extended>>"",""ReleaseCard <<extended>>"",""SelectAmount <<extended>>""]","[""Cancel Transaction"",""Check Balance"",""Dispense Cash"",""Enter Custom Amount"",""Insert Card"",""Return Card"",""Select Amount"",""Select Predefined Amount""]","[{""ground_truth_state"":""SelectAmount <<extended>>"",""candidate_state"":""Select Amount"",""ground_truth_normalized"":""select amount <<extended>>"",""candidate_normalized"":""select amount"",""similarity"":0.824091}]","[""EnterAmount <<extended>>"",""ReadAmount <<extended>>"",""ReleaseCard <<extended>>""]","[""Cancel Transaction"",""Check Balance"",""Dispense Cash"",""Enter Custom Amount"",""Insert Card"",""Return Card"",""Select Predefined Amount""]",4,8,1,3,7,0.125,0.25,0.166667
Llama_3.1_8B,baseline_repair,case_59_atm_1,valid_diagrams/Llama_3.1_8B/baseline_repair/case_59_atm_1/diagram.puml,dataset/case_59_atm_1/diagram.puml,sentence-transformers/all-MiniLM-L6-v2,0.800000,"[""EnterAmount <<extended>>"",""ReadAmount <<extended>>"",""ReleaseCard <<extended>>"",""SelectAmount <<extended>>""]","[""Cancel Transaction"",""Custom Amount"",""Idle"",""Select Amount"",""Transaction Completed""]","[{""ground_truth_state"":""SelectAmount <<extended>>"",""candidate_state"":""Select Amount"",""ground_truth_normalized"":""select amount <<extended>>"",""candidate_normalized"":""select amount"",""similarity"":0.824091}]","[""EnterAmount <<extended>>"",""ReadAmount <<extended>>"",""ReleaseCard <<extended>>""]","[""Cancel Transaction"",""Custom Amount"",""Idle"",""Transaction Completed""]",4,5,1,3,4,0.2,0.25,0.222222
Llama_3.1_8B,syntax_grounded_repair,case_59_atm_1,valid_diagrams/Llama_3.1_8B/syntax_grounded_repair/case_59_atm_1/diagram.puml,dataset/case_59_atm_1/diagram.puml,sentence-transformers/all-MiniLM-L6-v2,0.800000,"[""EnterAmount <<extended>>"",""ReadAmount <<extended>>"",""ReleaseCard <<extended>>"",""SelectAmount <<extended>>""]","[""Cancel Transaction"",""Custom Amount"",""Idle"",""Select Amount"",""Transaction Completed""]","[{""ground_truth_state"":""SelectAmount <<extended>>"",""candidate_state"":""Select Amount"",""ground_truth_normalized"":""select amount <<extended>>"",""candidate_normalized"":""select amount"",""similarity"":0.824091}]","[""EnterAmount <<extended>>"",""ReadAmount <<extended>>"",""ReleaseCard <<extended>>""]","[""Cancel Transaction"",""Custom Amount"",""Idle"",""Transaction Completed""]",4,5,1,3,4,0.2,0.25,0.222222
Qwen_2.5_7B,baseline_repair,case_59_atm_1,valid_diagrams/Qwen_2.5_7B/baseline_repair/case_59_atm_1/diagram.puml,dataset/case_59_atm_1/diagram.puml,sentence-transformers/all-MiniLM-L6-v2,0.800000,"[""EnterAmount <<extended>>"",""ReadAmount <<extended>>"",""ReleaseCard <<extended>>"",""SelectAmount <<extended>>""]","[""ClosedDown"",""Confiscating"",""Dispensing"",""Ejecting"",""Idle"",""Printing"",""ProcessingWithdrawal"",""Terminating"",""ValidatingAmount"",""WaitingForAmount""]",[],"[""EnterAmount <<extended>>"",""ReadAmount <<extended>>"",""ReleaseCard <<extended>>"",""SelectAmount <<extended>>""]","[""ClosedDown"",""Confiscating"",""Dispensing"",""Ejecting"",""Idle"",""Printing"",""ProcessingWithdrawal"",""Terminating"",""ValidatingAmount"",""WaitingForAmount""]",4,10,0,4,10,0.0,0.0,0.0
Qwen_2.5_7B,syntax_grounded_repair,case_59_atm_1,valid_diagrams/Qwen_2.5_7B/syntax_grounded_repair/case_59_atm_1/diagram.puml,dataset/case_59_atm_1/diagram.puml,sentence-transformers/all-MiniLM-L6-v2,0.800000,"[""EnterAmount <<extended>>"",""ReadAmount <<extended>>"",""ReleaseCard <<extended>>"",""SelectAmount <<extended>>""]","[""ClosedDown"",""Confiscating"",""Dispensing"",""Ejecting"",""Idle"",""Printing"",""ProcessingWithdrawal"",""Terminating"",""ValidatingAmount"",""WaitingForAmount""]",[],"[""EnterAmount <<extended>>"",""ReadAmount <<extended>>"",""ReleaseCard <<extended>>"",""SelectAmount <<extended>>""]","[""ClosedDown"",""Confiscating"",""Dispensing"",""Ejecting"",""Idle"",""Printing"",""ProcessingWithdrawal"",""Terminating"",""ValidatingAmount"",""WaitingForAmount""]",4,10,0,4,10,0.0,0.0,0.0
DeepSeek_R1_14B,baseline_repair,case_60_atm_2,valid_diagrams/DeepSeek_R1_14B/baseline_repair/case_60_atm_2/diagram.puml,dataset/case_60_atm_2/diagram.puml,sentence-transformers/all-MiniLM-L6-v2,0.800000,"[""EnterAmount"",""ReadAmount <<extended>>"",""SelectAmount <<extended>>"",""VerifyTransaction <<extended>>""]","[""End"",""EnterAmount"",""ReEnterAmount"",""SelectAmount"",""Start"",""VerifyTransaction""]","[{""ground_truth_state"":""EnterAmount"",""candidate_state"":""EnterAmount"",""ground_truth_normalized"":""enter amount"",""candidate_normalized"":""enter amount"",""similarity"":1.0},{""ground_truth_state"":""SelectAmount <<extended>>"",""candidate_state"":""SelectAmount"",""ground_truth_normalized"":""select amount <<extended>>"",""candidate_normalized"":""select amount"",""similarity"":0.824091},{""ground_truth_state"":""VerifyTransaction <<extended>>"",""candidate_state"":""VerifyTransaction"",""ground_truth_normalized"":""verify transaction <<extended>>"",""candidate_normalized"":""verify transaction"",""similarity"":0.802673}]","[""ReadAmount <<extended>>""]","[""End"",""ReEnterAmount"",""Start""]",4,6,3,1,3,0.5,0.75,0.6
DeepSeek_R1_14B,few_shot,case_60_atm_2,valid_diagrams/DeepSeek_R1_14B/few_shot/case_60_atm_2/diagram.puml,dataset/case_60_atm_2/diagram.puml,sentence-transformers/all-MiniLM-L6-v2,0.800000,"[""EnterAmount"",""ReadAmount <<extended>>"",""SelectAmount <<extended>>"",""VerifyTransaction <<extended>>""]","[""End"",""EnterAmount"",""ReEnterAmount"",""SelectAmount"",""Start"",""VerifyTransaction""]","[{""ground_truth_state"":""EnterAmount"",""candidate_state"":""EnterAmount"",""ground_truth_normalized"":""enter amount"",""candidate_normalized"":""enter amount"",""similarity"":1.0},{""ground_truth_state"":""SelectAmount <<extended>>"",""candidate_state"":""SelectAmount"",""ground_truth_normalized"":""select amount <<extended>>"",""candidate_normalized"":""select amount"",""similarity"":0.824091},{""ground_truth_state"":""VerifyTransaction <<extended>>"",""candidate_state"":""VerifyTransaction"",""ground_truth_normalized"":""verify transaction <<extended>>"",""candidate_normalized"":""verify transaction"",""similarity"":0.802673}]","[""ReadAmount <<extended>>""]","[""End"",""ReEnterAmount"",""Start""]",4,6,3,1,3,0.5,0.75,0.6
DeepSeek_R1_14B,rag,case_60_atm_2,valid_diagrams/DeepSeek_R1_14B/rag/case_60_atm_2/diagram.puml,dataset/case_60_atm_2/diagram.puml,sentence-transformers/all-MiniLM-L6-v2,0.800000,"[""EnterAmount"",""ReadAmount <<extended>>"",""SelectAmount <<extended>>"",""VerifyTransaction <<extended>>""]","[""AmountSelected"",""CustomAmountEntered"",""TransactionComplete"",""TransactionVerification"",""WaitingForAmountReentry"",""WaitingForAmountSelection""]",[],"[""EnterAmount"",""ReadAmount <<extended>>"",""SelectAmount <<extended>>"",""VerifyTransaction <<extended>>""]","[""AmountSelected"",""CustomAmountEntered"",""TransactionComplete"",""TransactionVerification"",""WaitingForAmountReentry"",""WaitingForAmountSelection""]",4,6,0,4,6,0.0,0.0,0.0
DeepSeek_R1_14B,syntax_grounded_repair,case_60_atm_2,valid_diagrams/DeepSeek_R1_14B/syntax_grounded_repair/case_60_atm_2/diagram.puml,dataset/case_60_atm_2/diagram.puml,sentence-transformers/all-MiniLM-L6-v2,0.800000,"[""EnterAmount"",""ReadAmount <<extended>>"",""SelectAmount <<extended>>"",""VerifyTransaction <<extended>>""]","[""End"",""EnterAmount"",""ReEnterAmount"",""SelectAmount"",""Start"",""VerifyTransaction""]","[{""ground_truth_state"":""EnterAmount"",""candidate_state"":""EnterAmount"",""ground_truth_normalized"":""enter amount"",""candidate_normalized"":""enter amount"",""similarity"":1.0},{""ground_truth_state"":""SelectAmount <<extended>>"",""candidate_state"":""SelectAmount"",""ground_truth_normalized"":""select amount <<extended>>"",""candidate_normalized"":""select amount"",""similarity"":0.824091},{""ground_truth_state"":""VerifyTransaction <<extended>>"",""candidate_state"":""VerifyTransaction"",""ground_truth_normalized"":""verify transaction <<extended>>"",""candidate_normalized"":""verify transaction"",""similarity"":0.802673}]","[""ReadAmount <<extended>>""]","[""End"",""ReEnterAmount"",""Start""]",4,6,3,1,3,0.5,0.75,0.6
Llama_3.1_8B,baseline_repair,case_60_atm_2,valid_diagrams/Llama_3.1_8B/baseline_repair/case_60_atm_2/diagram.puml,dataset/case_60_atm_2/diagram.puml,sentence-transformers/all-MiniLM-L6-v2,0.800000,"[""EnterAmount"",""ReadAmount <<extended>>"",""SelectAmount <<extended>>"",""VerifyTransaction <<extended>>""]","[""DispenseCash"",""SelectAmount"",""VerifyTransaction""]","[{""ground_truth_state"":""SelectAmount <<extended>>"",""candidate_state"":""SelectAmount"",""ground_truth_normalized"":""select amount <<extended>>"",""candidate_normalized"":""select amount"",""similarity"":0.824091},{""ground_truth_state"":""VerifyTransaction <<extended>>"",""candidate_state"":""VerifyTransaction"",""ground_truth_normalized"":""verify transaction <<extended>>"",""candidate_normalized"":""verify transaction"",""similarity"":0.802673}]","[""EnterAmount"",""ReadAmount <<extended>>""]","[""DispenseCash""]",4,3,2,2,1,0.666667,0.5,0.571429
Llama_3.1_8B,few_shot,case_60_atm_2,valid_diagrams/Llama_3.1_8B/few_shot/case_60_atm_2/diagram.puml,dataset/case_60_atm_2/diagram.puml,sentence-transformers/all-MiniLM-L6-v2,0.800000,"[""EnterAmount"",""ReadAmount <<extended>>"",""SelectAmount <<extended>>"",""VerifyTransaction <<extended>>""]","[""DispenseCash"",""SelectAmount"",""VerifyTransaction""]","[{""ground_truth_state"":""SelectAmount <<extended>>"",""candidate_state"":""SelectAmount"",""ground_truth_normalized"":""select amount <<extended>>"",""candidate_normalized"":""select amount"",""similarity"":0.824091},{""ground_truth_state"":""VerifyTransaction <<extended>>"",""candidate_state"":""VerifyTransaction"",""ground_truth_normalized"":""verify transaction <<extended>>"",""candidate_normalized"":""verify transaction"",""similarity"":0.802673}]","[""EnterAmount"",""ReadAmount <<extended>>""]","[""DispenseCash""]",4,3,2,2,1,0.666667,0.5,0.571429
Llama_3.1_8B,syntax_grounded_repair,case_60_atm_2,valid_diagrams/Llama_3.1_8B/syntax_grounded_repair/case_60_atm_2/diagram.puml,dataset/case_60_atm_2/diagram.puml,sentence-transformers/all-MiniLM-L6-v2,0.800000,"[""EnterAmount"",""ReadAmount <<extended>>"",""SelectAmount <<extended>>"",""VerifyTransaction <<extended>>""]","[""DispenseCash"",""SelectAmount"",""VerifyTransaction""]","[{""ground_truth_state"":""SelectAmount <<extended>>"",""candidate_state"":""SelectAmount"",""ground_truth_normalized"":""select amount <<extended>>"",""candidate_normalized"":""select amount"",""similarity"":0.824091},{""ground_truth_state"":""VerifyTransaction <<extended>>"",""candidate_state"":""VerifyTransaction"",""ground_truth_normalized"":""verify transaction <<extended>>"",""candidate_normalized"":""verify transaction"",""similarity"":0.802673}]","[""EnterAmount"",""ReadAmount <<extended>>""]","[""DispenseCash""]",4,3,2,2,1,0.666667,0.5,0.571429
Mistral,baseline_repair,case_60_atm_2,valid_diagrams/Mistral/baseline_repair/case_60_atm_2/diagram.puml,dataset/case_60_atm_2/diagram.puml,sentence-transformers/all-MiniLM-L6-v2,0.800000,"[""EnterAmount"",""ReadAmount <<extended>>"",""SelectAmount <<extended>>"",""VerifyTransaction <<extended>>""]","[""RejectedAmount"",""ReturnCard"",""SelectAmount"",""VerifyTransaction""]","[{""ground_truth_state"":""SelectAmount <<extended>>"",""candidate_state"":""SelectAmount"",""ground_truth_normalized"":""select amount <<extended>>"",""candidate_normalized"":""select amount"",""similarity"":0.824091},{""ground_truth_state"":""VerifyTransaction <<extended>>"",""candidate_state"":""VerifyTransaction"",""ground_truth_normalized"":""verify transaction <<extended>>"",""candidate_normalized"":""verify transaction"",""similarity"":0.802673}]","[""EnterAmount"",""ReadAmount <<extended>>""]","[""RejectedAmount"",""ReturnCard""]",4,4,2,2,2,0.5,0.5,0.5
Mistral,rag,case_60_atm_2,valid_diagrams/Mistral/rag/case_60_atm_2/diagram.puml,dataset/case_60_atm_2/diagram.puml,sentence-transformers/all-MiniLM-L6-v2,0.800000,"[""EnterAmount"",""ReadAmount <<extended>>"",""SelectAmount <<extended>>"",""VerifyTransaction <<extended>>""]","[""RejectedAmount"",""ReturnCard"",""SelectAmount"",""VerifyTransaction""]","[{""ground_truth_state"":""SelectAmount <<extended>>"",""candidate_state"":""SelectAmount"",""ground_truth_normalized"":""select amount <<extended>>"",""candidate_normalized"":""select amount"",""similarity"":0.824091},{""ground_truth_state"":""VerifyTransaction <<extended>>"",""candidate_state"":""VerifyTransaction"",""ground_truth_normalized"":""verify transaction <<extended>>"",""candidate_normalized"":""verify transaction"",""similarity"":0.802673}]","[""EnterAmount"",""ReadAmount <<extended>>""]","[""RejectedAmount"",""ReturnCard""]",4,4,2,2,2,0.5,0.5,0.5
Mistral,syntax_grounded_repair,case_60_atm_2,valid_diagrams/Mistral/syntax_grounded_repair/case_60_atm_2/diagram.puml,dataset/case_60_atm_2/diagram.puml,sentence-transformers/all-MiniLM-L6-v2,0.800000,"[""EnterAmount"",""ReadAmount <<extended>>"",""SelectAmount <<extended>>"",""VerifyTransaction <<extended>>""]","[""RejectedAmount"",""ReturnCard"",""SelectAmount"",""VerifyTransaction""]","[{""ground_truth_state"":""SelectAmount <<extended>>"",""candidate_state"":""SelectAmount"",""ground_truth_normalized"":""select amount <<extended>>"",""candidate_normalized"":""select amount"",""similarity"":0.824091},{""ground_truth_state"":""VerifyTransaction <<extended>>"",""candidate_state"":""VerifyTransaction"",""ground_truth_normalized"":""verify transaction <<extended>>"",""candidate_normalized"":""verify transaction"",""similarity"":0.802673}]","[""EnterAmount"",""ReadAmount <<extended>>""]","[""RejectedAmount"",""ReturnCard""]",4,4,2,2,2,0.5,0.5,0.5
Mistral,baseline_repair,case_65_plane,valid_diagrams/Mistral/baseline_repair/case_65_plane/diagram.puml,dataset/case_65_plane/diagram.puml,sentence-transformers/all-MiniLM-L6-v2,0.800000,"[""In Maintenance"",""Ordered"",""Ready for Use"",""Scheduled for Maintenance""]","[""Arrival"",""Maintenance"",""Operations"",""Order"",""OutOfService"",""Preparation"",""Removed""]","[{""ground_truth_state"":""In Maintenance"",""candidate_state"":""Maintenance"",""ground_truth_normalized"":""in maintenance"",""candidate_normalized"":""maintenance"",""similarity"":0.854492},{""ground_truth_state"":""Ordered"",""candidate_state"":""Order"",""ground_truth_normalized"":""ordered"",""candidate_normalized"":""order"",""similarity"":0.914529}]","[""Ready for Use"",""Scheduled for Maintenance""]","[""Arrival"",""Operations"",""OutOfService"",""Preparation"",""Removed""]",4,7,2,2,5,0.285714,0.5,0.363636
Mistral,syntax_grounded_repair,case_65_plane,valid_diagrams/Mistral/syntax_grounded_repair/case_65_plane/diagram.puml,dataset/case_65_plane/diagram.puml,sentence-transformers/all-MiniLM-L6-v2,0.800000,"[""In Maintenance"",""Ordered"",""Ready for Use"",""Scheduled for Maintenance""]","[""Arrival"",""Maintenance"",""Operations"",""Order"",""OutOfService"",""Preparation"",""Removed""]","[{""ground_truth_state"":""In Maintenance"",""candidate_state"":""Maintenance"",""ground_truth_normalized"":""in maintenance"",""candidate_normalized"":""maintenance"",""similarity"":0.854492},{""ground_truth_state"":""Ordered"",""candidate_state"":""Order"",""ground_truth_normalized"":""ordered"",""candidate_normalized"":""order"",""similarity"":0.914529}]","[""Ready for Use"",""Scheduled for Maintenance""]","[""Arrival"",""Operations"",""OutOfService"",""Preparation"",""Removed""]",4,7,2,2,5,0.285714,0.5,0.363636
Qwen_2.5_7B,baseline_repair,case_65_plane,valid_diagrams/Qwen_2.5_7B/baseline_repair/case_65_plane/diagram.puml,dataset/case_65_plane/diagram.puml,sentence-transformers/all-MiniLM-L6-v2,0.800000,"[""In Maintenance"",""Ordered"",""Ready for Use"",""Scheduled for Maintenance""]","[""Arrival"",""Historic"",""Maintenance"",""Operations"",""Order"",""Out of Service"",""Preparation""]","[{""ground_truth_state"":""In Maintenance"",""candidate_state"":""Maintenance"",""ground_truth_normalized"":""in maintenance"",""candidate_normalized"":""maintenance"",""similarity"":0.854492},{""ground_truth_state"":""Ordered"",""candidate_state"":""Order"",""ground_truth_normalized"":""ordered"",""candidate_normalized"":""order"",""similarity"":0.914529}]","[""Ready for Use"",""Scheduled for Maintenance""]","[""Arrival"",""Historic"",""Operations"",""Out of Service"",""Preparation""]",4,7,2,2,5,0.285714,0.5,0.363636
Qwen_2.5_7B,rag,case_65_plane,valid_diagrams/Qwen_2.5_7B/rag/case_65_plane/diagram.puml,dataset/case_65_plane/diagram.puml,sentence-transformers/all-MiniLM-L6-v2,0.800000,"[""In Maintenance"",""Ordered"",""Ready for Use"",""Scheduled for Maintenance""]","[""Arrival"",""Historic"",""Maintenance"",""Operations"",""Order"",""Out of Service"",""Preparation""]","[{""ground_truth_state"":""In Maintenance"",""candidate_state"":""Maintenance"",""ground_truth_normalized"":""in maintenance"",""candidate_normalized"":""maintenance"",""similarity"":0.854492},{""ground_truth_state"":""Ordered"",""candidate_state"":""Order"",""ground_truth_normalized"":""ordered"",""candidate_normalized"":""order"",""similarity"":0.914529}]","[""Ready for Use"",""Scheduled for Maintenance""]","[""Arrival"",""Historic"",""Operations"",""Out of Service"",""Preparation""]",4,7,2,2,5,0.285714,0.5,0.363636
Qwen_2.5_7B,syntax_grounded_repair,case_65_plane,valid_diagrams/Qwen_2.5_7B/syntax_grounded_repair/case_65_plane/diagram.puml,dataset/case_65_plane/diagram.puml,sentence-transformers/all-MiniLM-L6-v2,0.800000,"[""In Maintenance"",""Ordered"",""Ready for Use"",""Scheduled for Maintenance""]","[""Arrival"",""Historic"",""Maintenance"",""Operations"",""Order"",""Out of Service"",""Preparation""]","[{""ground_truth_state"":""In Maintenance"",""candidate_state"":""Maintenance"",""ground_truth_normalized"":""in maintenance"",""candidate_normalized"":""maintenance"",""similarity"":0.854492},{""ground_truth_state"":""Ordered"",""candidate_state"":""Order"",""ground_truth_normalized"":""ordered"",""candidate_normalized"":""order"",""similarity"":0.914529}]","[""Ready for Use"",""Scheduled for Maintenance""]","[""Arrival"",""Historic"",""Operations"",""Out of Service"",""Preparation""]",4,7,2,2,5,0.285714,0.5,0.363636
Llama_3.1_8B,baseline_repair,case_67_atm_many_scenarios_1,valid_diagrams/Llama_3.1_8B/baseline_repair/case_67_atm_many_scenarios_1/diagram.puml,dataset/case_67_atm_many_scenarios_1/diagram.puml,sentence-transformers/all-MiniLM-L6-v2,0.800000,"[""Dispensing"",""Ejecting"",""Idle"",""Printing"",""Processing Withdrawal"",""Terminating"",""Validating PIN"",""Waiting for Customer Choice"",""Waiting for PIN""]","[""CardReturn"",""CashDispensing"",""NotVerified"",""PINEntry"",""PINVerification"",""ReceiptPrinting"",""Reset"",""Verified""]","[{""ground_truth_state"":""Validating PIN"",""candidate_state"":""PINVerification"",""ground_truth_normalized"":""validating pin"",""candidate_normalized"":""pin verification"",""similarity"":0.853429}]","[""Dispensing"",""Ejecting"",""Idle"",""Printing"",""Processing Withdrawal"",""Terminating"",""Waiting for Customer Choice"",""Waiting for PIN""]","[""CardReturn"",""CashDispensing"",""NotVerified"",""PINEntry"",""ReceiptPrinting"",""Reset"",""Verified""]",9,8,1,8,7,0.125,0.111111,0.117647
Llama_3.1_8B,few_shot,case_67_atm_many_scenarios_1,valid_diagrams/Llama_3.1_8B/few_shot/case_67_atm_many_scenarios_1/diagram.puml,dataset/case_67_atm_many_scenarios_1/diagram.puml,sentence-transformers/all-MiniLM-L6-v2,0.800000,"[""Dispensing"",""Ejecting"",""Idle"",""Printing"",""Processing Withdrawal"",""Terminating"",""Validating PIN"",""Waiting for Customer Choice"",""Waiting for PIN""]","[""CardReturn"",""CashDispensing"",""NotVerified"",""PINEntry"",""PINVerification"",""ReceiptPrinting"",""Reset"",""Verified""]","[{""ground_truth_state"":""Validating PIN"",""candidate_state"":""PINVerification"",""ground_truth_normalized"":""validating pin"",""candidate_normalized"":""pin verification"",""similarity"":0.853429}]","[""Dispensing"",""Ejecting"",""Idle"",""Printing"",""Processing Withdrawal"",""Terminating"",""Waiting for Customer Choice"",""Waiting for PIN""]","[""CardReturn"",""CashDispensing"",""NotVerified"",""PINEntry"",""ReceiptPrinting"",""Reset"",""Verified""]",9,8,1,8,7,0.125,0.111111,0.117647
Llama_3.1_8B,syntax_grounded_repair,case_67_atm_many_scenarios_1,valid_diagrams/Llama_3.1_8B/syntax_grounded_repair/case_67_atm_many_scenarios_1/diagram.puml,dataset/case_67_atm_many_scenarios_1/diagram.puml,sentence-transformers/all-MiniLM-L6-v2,0.800000,"[""Dispensing"",""Ejecting"",""Idle"",""Printing"",""Processing Withdrawal"",""Terminating"",""Validating PIN"",""Waiting for Customer Choice"",""Waiting for PIN""]","[""CardReturn"",""CashDispensing"",""NotVerified"",""PINEntry"",""PINVerification"",""ReceiptPrinting"",""Reset"",""Verified""]","[{""ground_truth_state"":""Validating PIN"",""candidate_state"":""PINVerification"",""ground_truth_normalized"":""validating pin"",""candidate_normalized"":""pin verification"",""similarity"":0.853429}]","[""Dispensing"",""Ejecting"",""Idle"",""Printing"",""Processing Withdrawal"",""Terminating"",""Waiting for Customer Choice"",""Waiting for PIN""]","[""CardReturn"",""CashDispensing"",""NotVerified"",""PINEntry"",""ReceiptPrinting"",""Reset"",""Verified""]",9,8,1,8,7,0.125,0.111111,0.117647
Qwen_2.5_7B,baseline_repair,case_67_atm_many_scenarios_1,valid_diagrams/Qwen_2.5_7B/baseline_repair/case_67_atm_many_scenarios_1/diagram.puml,dataset/case_67_atm_many_scenarios_1/diagram.puml,sentence-transformers/all-MiniLM-L6-v2,0.800000,"[""Dispensing"",""Ejecting"",""Idle"",""Printing"",""Processing Withdrawal"",""Terminating"",""Validating PIN"",""Waiting for Customer Choice"",""Waiting for PIN""]","[""ClosedDown"",""Confiscating"",""Dispensing"",""Ejecting"",""Idle"",""Printing"",""ProcessingWithdrawal"",""Terminating"",""ValidatingPIN"",""WaitingForCustomerChoice"",""WaitingForPIN""]","[{""ground_truth_state"":""Dispensing"",""candidate_state"":""Dispensing"",""ground_truth_normalized"":""dispensing"",""candidate_normalized"":""dispensing"",""similarity"":1.0},{""ground_truth_state"":""Ejecting"",""candidate_state"":""Ejecting"",""ground_truth_normalized"":""ejecting"",""candidate_normalized"":""ejecting"",""similarity"":1.0},{""ground_truth_state"":""Idle"",""candidate_state"":""Idle"",""ground_truth_normalized"":""idle"",""candidate_normalized"":""idle"",""similarity"":1.0},{""ground_truth_state"":""Printing"",""candidate_state"":""Printing"",""ground_truth_normalized"":""printing"",""candidate_normalized"":""printing"",""similarity"":1.0},{""ground_truth_state"":""Processing Withdrawal"",""candidate_state"":""ProcessingWithdrawal"",""ground_truth_normalized"":""processing withdrawal"",""candidate_normalized"":""processing withdrawal"",""similarity"":1.0},{""ground_truth_state"":""Terminating"",""candidate_state"":""Terminating"",""ground_truth_normalized"":""terminating"",""candidate_normalized"":""terminating"",""similarity"":1.0},{""ground_truth_state"":""Validating PIN"",""candidate_state"":""ValidatingPIN"",""ground_truth_normalized"":""validating pin"",""candidate_normalized"":""validating pin"",""similarity"":1.0},{""ground_truth_state"":""Waiting for Customer Choice"",""candidate_state"":""WaitingForCustomerChoice"",""ground_truth_normalized"":""waiting for customer choice"",""candidate_normalized"":""waiting for customer choice"",""similarity"":1.0},{""ground_truth_state"":""Waiting for PIN"",""candidate_state"":""WaitingForPIN"",""ground_truth_normalized"":""waiting for pin"",""candidate_normalized"":""waiting for pin"",""similarity"":1.0}]",[],"[""ClosedDown"",""Confiscating""]",9,11,9,0,2,0.818182,1.0,0.9
Qwen_2.5_7B,syntax_grounded_repair,case_67_atm_many_scenarios_1,valid_diagrams/Qwen_2.5_7B/syntax_grounded_repair/case_67_atm_many_scenarios_1/diagram.puml,dataset/case_67_atm_many_scenarios_1/diagram.puml,sentence-transformers/all-MiniLM-L6-v2,0.800000,"[""Dispensing"",""Ejecting"",""Idle"",""Printing"",""Processing Withdrawal"",""Terminating"",""Validating PIN"",""Waiting for Customer Choice"",""Waiting for PIN""]","[""ClosedDown"",""Confiscating"",""Dispensing"",""Ejecting"",""Idle"",""Printing"",""ProcessingWithdrawal"",""Terminating"",""ValidatingPIN"",""WaitingForCustomerChoice"",""WaitingForPIN""]","[{""ground_truth_state"":""Dispensing"",""candidate_state"":""Dispensing"",""ground_truth_normalized"":""dispensing"",""candidate_normalized"":""dispensing"",""similarity"":1.0},{""ground_truth_state"":""Ejecting"",""candidate_state"":""Ejecting"",""ground_truth_normalized"":""ejecting"",""candidate_normalized"":""ejecting"",""similarity"":1.0},{""ground_truth_state"":""Idle"",""candidate_state"":""Idle"",""ground_truth_normalized"":""idle"",""candidate_normalized"":""idle"",""similarity"":1.0},{""ground_truth_state"":""Printing"",""candidate_state"":""Printing"",""ground_truth_normalized"":""printing"",""candidate_normalized"":""printing"",""similarity"":1.0},{""ground_truth_state"":""Processing Withdrawal"",""candidate_state"":""ProcessingWithdrawal"",""ground_truth_normalized"":""processing withdrawal"",""candidate_normalized"":""processing withdrawal"",""similarity"":1.0},{""ground_truth_state"":""Terminating"",""candidate_state"":""Terminating"",""ground_truth_normalized"":""terminating"",""candidate_normalized"":""terminating"",""similarity"":1.0},{""ground_truth_state"":""Validating PIN"",""candidate_state"":""ValidatingPIN"",""ground_truth_normalized"":""validating pin"",""candidate_normalized"":""validating pin"",""similarity"":1.0},{""ground_truth_state"":""Waiting for Customer Choice"",""candidate_state"":""WaitingForCustomerChoice"",""ground_truth_normalized"":""waiting for customer choice"",""candidate_normalized"":""waiting for customer choice"",""similarity"":1.0},{""ground_truth_state"":""Waiting for PIN"",""candidate_state"":""WaitingForPIN"",""ground_truth_normalized"":""waiting for pin"",""candidate_normalized"":""waiting for pin"",""similarity"":1.0}]",[],"[""ClosedDown"",""Confiscating""]",9,11,9,0,2,0.818182,1.0,0.9
DeepSeek_R1_14B,baseline_repair,case_70_atm_many_scenarios_7,valid_diagrams/DeepSeek_R1_14B/baseline_repair/case_70_atm_many_scenarios_7/diagram.puml,dataset/case_70_atm_many_scenarios_7/diagram.puml,sentence-transformers/all-MiniLM-L6-v2,0.800000,"[""Confiscating"",""Ejecting"",""Idle"",""Processing Customer Input"",""Processing Transaction"",""Validating PIN"",""Waiting for Customer Choice"",""Waiting for PIN""]","[""CheckPin"",""DisplayOptions"",""InsertCard"",""ProcessRequest""]",[],"[""Confiscating"",""Ejecting"",""Idle"",""Processing Customer Input"",""Processing Transaction"",""Validating PIN"",""Waiting for Customer Choice"",""Waiting for PIN""]","[""CheckPin"",""DisplayOptions"",""InsertCard"",""ProcessRequest""]",8,4,0,8,4,0.0,0.0,0.0
DeepSeek_R1_14B,syntax_grounded_repair,case_70_atm_many_scenarios_7,valid_diagrams/DeepSeek_R1_14B/syntax_grounded_repair/case_70_atm_many_scenarios_7/diagram.puml,dataset/case_70_atm_many_scenarios_7/diagram.puml,sentence-transformers/all-MiniLM-L6-v2,0.800000,"[""Confiscating"",""Ejecting"",""Idle"",""Processing Customer Input"",""Processing Transaction"",""Validating PIN"",""Waiting for Customer Choice"",""Waiting for PIN""]","[""Greeting"",""KeepCard"",""OptionsMenu"",""PINCheck"",""ProcessRequest"",""ReturnCard""]",[],"[""Confiscating"",""Ejecting"",""Idle"",""Processing Customer Input"",""Processing Transaction"",""Validating PIN"",""Waiting for Customer Choice"",""Waiting for PIN""]","[""Greeting"",""KeepCard"",""OptionsMenu"",""PINCheck"",""ProcessRequest"",""ReturnCard""]",8,6,0,8,6,0.0,0.0,0.0
Qwen_2.5_7B,baseline_repair,case_70_atm_many_scenarios_7,valid_diagrams/Qwen_2.5_7B/baseline_repair/case_70_atm_many_scenarios_7/diagram.puml,dataset/case_70_atm_many_scenarios_7/diagram.puml,sentence-transformers/all-MiniLM-L6-v2,0.800000,"[""Confiscating"",""Ejecting"",""Idle"",""Processing Customer Input"",""Processing Transaction"",""Validating PIN"",""Waiting for Customer Choice"",""Waiting for PIN""]","[""Confiscating"",""Ejecting"",""Idle"",""Terminating"",""ValidatingPIN"",""Waiting for Customer Choice"",""Waiting for PIN""]","[{""ground_truth_state"":""Confiscating"",""candidate_state"":""Confiscating"",""ground_truth_normalized"":""confiscating"",""candidate_normalized"":""confiscating"",""similarity"":1.0},{""ground_truth_state"":""Ejecting"",""candidate_state"":""Ejecting"",""ground_truth_normalized"":""ejecting"",""candidate_normalized"":""ejecting"",""similarity"":1.0},{""ground_truth_state"":""Idle"",""candidate_state"":""Idle"",""ground_truth_normalized"":""idle"",""candidate_normalized"":""idle"",""similarity"":1.0},{""ground_truth_state"":""Validating PIN"",""candidate_state"":""ValidatingPIN"",""ground_truth_normalized"":""validating pin"",""candidate_normalized"":""validating pin"",""similarity"":1.0},{""ground_truth_state"":""Waiting for Customer Choice"",""candidate_state"":""Waiting for Customer Choice"",""ground_truth_normalized"":""waiting for customer choice"",""candidate_normalized"":""waiting for customer choice"",""similarity"":1.0},{""ground_truth_state"":""Waiting for PIN"",""candidate_state"":""Waiting for PIN"",""ground_truth_normalized"":""waiting for pin"",""candidate_normalized"":""waiting for pin"",""similarity"":1.0}]","[""Processing Customer Input"",""Processing Transaction""]","[""Terminating""]",8,7,6,2,1,0.857143,0.75,0.8
Qwen_2.5_7B,syntax_grounded_repair,case_70_atm_many_scenarios_7,valid_diagrams/Qwen_2.5_7B/syntax_grounded_repair/case_70_atm_many_scenarios_7/diagram.puml,dataset/case_70_atm_many_scenarios_7/diagram.puml,sentence-transformers/all-MiniLM-L6-v2,0.800000,"[""Confiscating"",""Ejecting"",""Idle"",""Processing Customer Input"",""Processing Transaction"",""Validating PIN"",""Waiting for Customer Choice"",""Waiting for PIN""]","[""Confiscating"",""Ejecting"",""Idle"",""Terminating"",""ValidatingPIN"",""Waiting for Customer Choice"",""Waiting for PIN""]","[{""ground_truth_state"":""Confiscating"",""candidate_state"":""Confiscating"",""ground_truth_normalized"":""confiscating"",""candidate_normalized"":""confiscating"",""similarity"":1.0},{""ground_truth_state"":""Ejecting"",""candidate_state"":""Ejecting"",""ground_truth_normalized"":""ejecting"",""candidate_normalized"":""ejecting"",""similarity"":1.0},{""ground_truth_state"":""Idle"",""candidate_state"":""Idle"",""ground_truth_normalized"":""idle"",""candidate_normalized"":""idle"",""similarity"":1.0},{""ground_truth_state"":""Validating PIN"",""candidate_state"":""ValidatingPIN"",""ground_truth_normalized"":""validating pin"",""candidate_normalized"":""validating pin"",""similarity"":1.0},{""ground_truth_state"":""Waiting for Customer Choice"",""candidate_state"":""Waiting for Customer Choice"",""ground_truth_normalized"":""waiting for customer choice"",""candidate_normalized"":""waiting for customer choice"",""similarity"":1.0},{""ground_truth_state"":""Waiting for PIN"",""candidate_state"":""Waiting for PIN"",""ground_truth_normalized"":""waiting for pin"",""candidate_normalized"":""waiting for pin"",""similarity"":1.0}]","[""Processing Customer Input"",""Processing Transaction""]","[""Terminating""]",8,7,6,2,1,0.857143,0.75,0.8
DeepSeek_R1_14B,baseline_repair,case_75_graderate,valid_diagrams/DeepSeek_R1_14B/baseline_repair/case_75_graderate/diagram.puml,dataset/case_75_graderate/diagram.puml,sentence-transformers/all-MiniLM-L6-v2,0.800000,"[""Active"",""Lapsed"",""Pending""]","[""Active"",""Archived"",""Expired"",""Waiting""]","[{""ground_truth_state"":""Active"",""candidate_state"":""Active"",""ground_truth_normalized"":""active"",""candidate_normalized"":""active"",""similarity"":1.0}]","[""Lapsed"",""Pending""]","[""Archived"",""Expired"",""Waiting""]",3,4,1,2,3,0.25,0.333333,0.285714
DeepSeek_R1_14B,few_shot,case_75_graderate,valid_diagrams/DeepSeek_R1_14B/few_shot/case_75_graderate/diagram.puml,dataset/case_75_graderate/diagram.puml,sentence-transformers/all-MiniLM-L6-v2,0.800000,"[""Active"",""Lapsed"",""Pending""]","[""Active"",""Archived"",""Expired"",""Waiting""]","[{""ground_truth_state"":""Active"",""candidate_state"":""Active"",""ground_truth_normalized"":""active"",""candidate_normalized"":""active"",""similarity"":1.0}]","[""Lapsed"",""Pending""]","[""Archived"",""Expired"",""Waiting""]",3,4,1,2,3,0.25,0.333333,0.285714
DeepSeek_R1_14B,syntax_grounded_repair,case_75_graderate,valid_diagrams/DeepSeek_R1_14B/syntax_grounded_repair/case_75_graderate/diagram.puml,dataset/case_75_graderate/diagram.puml,sentence-transformers/all-MiniLM-L6-v2,0.800000,"[""Active"",""Lapsed"",""Pending""]","[""Active"",""Archived"",""Expired"",""Waiting""]","[{""ground_truth_state"":""Active"",""candidate_state"":""Active"",""ground_truth_normalized"":""active"",""candidate_normalized"":""active"",""similarity"":1.0}]","[""Lapsed"",""Pending""]","[""Archived"",""Expired"",""Waiting""]",3,4,1,2,3,0.25,0.333333,0.285714
Llama_3.1_8B,baseline_repair,case_75_graderate,valid_diagrams/Llama_3.1_8B/baseline_repair/case_75_graderate/diagram.puml,dataset/case_75_graderate/diagram.puml,sentence-transformers/all-MiniLM-L6-v2,0.800000,"[""Active"",""Lapsed"",""Pending""]","[""Active"",""Archived"",""Expired""]","[{""ground_truth_state"":""Active"",""candidate_state"":""Active"",""ground_truth_normalized"":""active"",""candidate_normalized"":""active"",""similarity"":1.0}]","[""Lapsed"",""Pending""]","[""Archived"",""Expired""]",3,3,1,2,2,0.333333,0.333333,0.333333
Llama_3.1_8B,few_shot,case_75_graderate,valid_diagrams/Llama_3.1_8B/few_shot/case_75_graderate/diagram.puml,dataset/case_75_graderate/diagram.puml,sentence-transformers/all-MiniLM-L6-v2,0.800000,"[""Active"",""Lapsed"",""Pending""]","[""Active"",""Archived"",""Expired""]","[{""ground_truth_state"":""Active"",""candidate_state"":""Active"",""ground_truth_normalized"":""active"",""candidate_normalized"":""active"",""similarity"":1.0}]","[""Lapsed"",""Pending""]","[""Archived"",""Expired""]",3,3,1,2,2,0.333333,0.333333,0.333333
Llama_3.1_8B,syntax_grounded_repair,case_75_graderate,valid_diagrams/Llama_3.1_8B/syntax_grounded_repair/case_75_graderate/diagram.puml,dataset/case_75_graderate/diagram.puml,sentence-transformers/all-MiniLM-L6-v2,0.800000,"[""Active"",""Lapsed"",""Pending""]","[""Active"",""Archived"",""Expired""]","[{""ground_truth_state"":""Active"",""candidate_state"":""Active"",""ground_truth_normalized"":""active"",""candidate_normalized"":""active"",""similarity"":1.0}]","[""Lapsed"",""Pending""]","[""Archived"",""Expired""]",3,3,1,2,2,0.333333,0.333333,0.333333
Mistral,baseline_repair,case_75_graderate,valid_diagrams/Mistral/baseline_repair/case_75_graderate/diagram.puml,dataset/case_75_graderate/diagram.puml,sentence-transformers/all-MiniLM-L6-v2,0.800000,"[""Active"",""Lapsed"",""Pending""]","[""Active"",""Archived"",""Expired"",""Inactive""]","[{""ground_truth_state"":""Active"",""candidate_state"":""Active"",""ground_truth_normalized"":""active"",""candidate_normalized"":""active"",""similarity"":1.0}]","[""Lapsed"",""Pending""]","[""Archived"",""Expired"",""Inactive""]",3,4,1,2,3,0.25,0.333333,0.285714
Mistral,rag,case_75_graderate,valid_diagrams/Mistral/rag/case_75_graderate/diagram.puml,dataset/case_75_graderate/diagram.puml,sentence-transformers/all-MiniLM-L6-v2,0.800000,"[""Active"",""Lapsed"",""Pending""]","[""Active"",""Archived"",""Expired"",""Inactive""]","[{""ground_truth_state"":""Active"",""candidate_state"":""Active"",""ground_truth_normalized"":""active"",""candidate_normalized"":""active"",""similarity"":1.0}]","[""Lapsed"",""Pending""]","[""Archived"",""Expired"",""Inactive""]",3,4,1,2,3,0.25,0.333333,0.285714
Mistral,syntax_grounded_repair,case_75_graderate,valid_diagrams/Mistral/syntax_grounded_repair/case_75_graderate/diagram.puml,dataset/case_75_graderate/diagram.puml,sentence-transformers/all-MiniLM-L6-v2,0.800000,"[""Active"",""Lapsed"",""Pending""]","[""Active"",""Archived"",""Expired"",""Inactive""]","[{""ground_truth_state"":""Active"",""candidate_state"":""Active"",""ground_truth_normalized"":""active"",""candidate_normalized"":""active"",""similarity"":1.0}]","[""Lapsed"",""Pending""]","[""Archived"",""Expired"",""Inactive""]",3,4,1,2,3,0.25,0.333333,0.285714
Qwen_2.5_7B,baseline_repair,case_75_graderate,valid_diagrams/Qwen_2.5_7B/baseline_repair/case_75_graderate/diagram.puml,dataset/case_75_graderate/diagram.puml,sentence-transformers/all-MiniLM-L6-v2,0.800000,"[""Active"",""Lapsed"",""Pending""]","[""Active"",""Expired"",""Waiting""]","[{""ground_truth_state"":""Active"",""candidate_state"":""Active"",""ground_truth_normalized"":""active"",""candidate_normalized"":""active"",""similarity"":1.0}]","[""Lapsed"",""Pending""]","[""Expired"",""Waiting""]",3,3,1,2,2,0.333333,0.333333,0.333333
Qwen_2.5_7B,rag,case_75_graderate,valid_diagrams/Qwen_2.5_7B/rag/case_75_graderate/diagram.puml,dataset/case_75_graderate/diagram.puml,sentence-transformers/all-MiniLM-L6-v2,0.800000,"[""Active"",""Lapsed"",""Pending""]","[""Active"",""Expired"",""Waiting""]","[{""ground_truth_state"":""Active"",""candidate_state"":""Active"",""ground_truth_normalized"":""active"",""candidate_normalized"":""active"",""similarity"":1.0}]","[""Lapsed"",""Pending""]","[""Expired"",""Waiting""]",3,3,1,2,2,0.333333,0.333333,0.333333
Qwen_2.5_7B,syntax_grounded_repair,case_75_graderate,valid_diagrams/Qwen_2.5_7B/syntax_grounded_repair/case_75_graderate/diagram.puml,dataset/case_75_graderate/diagram.puml,sentence-transformers/all-MiniLM-L6-v2,0.800000,"[""Active"",""Lapsed"",""Pending""]","[""Active"",""Expired"",""Waiting""]","[{""ground_truth_state"":""Active"",""candidate_state"":""Active"",""ground_truth_normalized"":""active"",""candidate_normalized"":""active"",""similarity"":1.0}]","[""Lapsed"",""Pending""]","[""Expired"",""Waiting""]",3,3,1,2,2,0.333333,0.333333,0.333333
DeepSeek_R1_14B,baseline_repair,case_78_class_campaign_version_2,valid_diagrams/DeepSeek_R1_14B/baseline_repair/case_78_class_campaign_version_2/diagram.puml,dataset/case_78_class_campaign_version_2/diagram.puml,sentence-transformers/all-MiniLM-L6-v2,0.800000,"[""Active"",""AdvertPreparation"",""Commissioned"",""Completed"",""Paid"",""Running Adverts"",""Scheduling""]","[""ApprovedAdverts"",""Archived"",""AwaitingBalance"",""CompleteCampaign"",""Paid"",""PaymentHandling"",""PrepareAdverts"",""RefundGenerated"",""Running"",""StartCampaign""]","[{""ground_truth_state"":""AdvertPreparation"",""candidate_state"":""PrepareAdverts"",""ground_truth_normalized"":""advert preparation"",""candidate_normalized"":""prepare adverts"",""similarity"":0.921139},{""ground_truth_state"":""Paid"",""candidate_state"":""Paid"",""ground_truth_normalized"":""paid"",""candidate_normalized"":""paid"",""similarity"":1.0}]","[""Active"",""Commissioned"",""Completed"",""Running Adverts"",""Scheduling""]","[""ApprovedAdverts"",""Archived"",""AwaitingBalance"",""CompleteCampaign"",""PaymentHandling"",""RefundGenerated"",""Running"",""StartCampaign""]",7,10,2,5,8,0.2,0.285714,0.235294
DeepSeek_R1_14B,few_shot,case_78_class_campaign_version_2,valid_diagrams/DeepSeek_R1_14B/few_shot/case_78_class_campaign_version_2/diagram.puml,dataset/case_78_class_campaign_version_2/diagram.puml,sentence-transformers/all-MiniLM-L6-v2,0.800000,"[""Active"",""AdvertPreparation"",""Commissioned"",""Completed"",""Paid"",""Running Adverts"",""Scheduling""]","[""ApprovedAdverts"",""Archived"",""AwaitingBalance"",""CompleteCampaign"",""Paid"",""PaymentHandling"",""PrepareAdverts"",""RefundGenerated"",""Running"",""StartCampaign""]","[{""ground_truth_state"":""AdvertPreparation"",""candidate_state"":""PrepareAdverts"",""ground_truth_normalized"":""advert preparation"",""candidate_normalized"":""prepare adverts"",""similarity"":0.921139},{""ground_truth_state"":""Paid"",""candidate_state"":""Paid"",""ground_truth_normalized"":""paid"",""candidate_normalized"":""paid"",""similarity"":1.0}]","[""Active"",""Commissioned"",""Completed"",""Running Adverts"",""Scheduling""]","[""ApprovedAdverts"",""Archived"",""AwaitingBalance"",""CompleteCampaign"",""PaymentHandling"",""RefundGenerated"",""Running"",""StartCampaign""]",7,10,2,5,8,0.2,0.285714,0.235294
DeepSeek_R1_14B,syntax_grounded_repair,case_78_class_campaign_version_2,valid_diagrams/DeepSeek_R1_14B/syntax_grounded_repair/case_78_class_campaign_version_2/diagram.puml,dataset/case_78_class_campaign_version_2/diagram.puml,sentence-transformers/all-MiniLM-L6-v2,0.800000,"[""Active"",""AdvertPreparation"",""Commissioned"",""Completed"",""Paid"",""Running Adverts"",""Scheduling""]","[""ApprovedAdverts"",""Archived"",""AwaitingBalance"",""CompleteCampaign"",""Paid"",""PaymentHandling"",""PrepareAdverts"",""RefundGenerated"",""Running"",""StartCampaign""]","[{""ground_truth_state"":""AdvertPreparation"",""candidate_state"":""PrepareAdverts"",""ground_truth_normalized"":""advert preparation"",""candidate_normalized"":""prepare adverts"",""similarity"":0.921139},{""ground_truth_state"":""Paid"",""candidate_state"":""Paid"",""ground_truth_normalized"":""paid"",""candidate_normalized"":""paid"",""similarity"":1.0}]","[""Active"",""Commissioned"",""Completed"",""Running Adverts"",""Scheduling""]","[""ApprovedAdverts"",""Archived"",""AwaitingBalance"",""CompleteCampaign"",""PaymentHandling"",""RefundGenerated"",""Running"",""StartCampaign""]",7,10,2,5,8,0.2,0.285714,0.235294
Llama_3.1_8B,rag,case_78_class_campaign_version_2,valid_diagrams/Llama_3.1_8B/rag/case_78_class_campaign_version_2/diagram.puml,dataset/case_78_class_campaign_version_2/diagram.puml,sentence-transformers/all-MiniLM-L6-v2,0.800000,"[""Active"",""AdvertPreparation"",""Commissioned"",""Completed"",""Paid"",""Running Adverts"",""Scheduling""]","[""Active"",""Commissioned"",""Completed"",""Paid""]","[{""ground_truth_state"":""Active"",""candidate_state"":""Active"",""ground_truth_normalized"":""active"",""candidate_normalized"":""active"",""similarity"":1.0},{""ground_truth_state"":""Commissioned"",""candidate_state"":""Commissioned"",""ground_truth_normalized"":""commissioned"",""candidate_normalized"":""commissioned"",""similarity"":1.0},{""ground_truth_state"":""Completed"",""candidate_state"":""Completed"",""ground_truth_normalized"":""completed"",""candidate_normalized"":""completed"",""similarity"":1.0},{""ground_truth_state"":""Paid"",""candidate_state"":""Paid"",""ground_truth_normalized"":""paid"",""candidate_normalized"":""paid"",""similarity"":1.0}]","[""AdvertPreparation"",""Running Adverts"",""Scheduling""]",[],7,4,4,3,0,1.0,0.571429,0.727273
Mistral,syntax_grounded_repair,case_78_class_campaign_version_2,valid_diagrams/Mistral/syntax_grounded_repair/case_78_class_campaign_version_2/diagram.puml,dataset/case_78_class_campaign_version_2/diagram.puml,sentence-transformers/all-MiniLM-L6-v2,0.800000,"[""Active"",""AdvertPreparation"",""Commissioned"",""Completed"",""Paid"",""Running Adverts"",""Scheduling""]","[""Active"",""AdvertPreparation"",""Commissioned"",""Completed"",""Paid"",""RunningAdverts"",""Scheduling"",""Suspended""]","[{""ground_truth_state"":""Active"",""candidate_state"":""Active"",""ground_truth_normalized"":""active"",""candidate_normalized"":""active"",""similarity"":1.0},{""ground_truth_state"":""AdvertPreparation"",""candidate_state"":""AdvertPreparation"",""ground_truth_normalized"":""advert preparation"",""candidate_normalized"":""advert preparation"",""similarity"":1.0},{""ground_truth_state"":""Commissioned"",""candidate_state"":""Commissioned"",""ground_truth_normalized"":""commissioned"",""candidate_normalized"":""commissioned"",""similarity"":1.0},{""ground_truth_state"":""Completed"",""candidate_state"":""Completed"",""ground_truth_normalized"":""completed"",""candidate_normalized"":""completed"",""similarity"":1.0},{""ground_truth_state"":""Paid"",""candidate_state"":""Paid"",""ground_truth_normalized"":""paid"",""candidate_normalized"":""paid"",""similarity"":1.0},{""ground_truth_state"":""Running Adverts"",""candidate_state"":""RunningAdverts"",""ground_truth_normalized"":""running adverts"",""candidate_normalized"":""running adverts"",""similarity"":1.0},{""ground_truth_state"":""Scheduling"",""candidate_state"":""Scheduling"",""ground_truth_normalized"":""scheduling"",""candidate_normalized"":""scheduling"",""similarity"":1.0}]",[],"[""Suspended""]",7,8,7,0,1,0.875,1.0,0.933333
Qwen_2.5_7B,baseline_repair,case_78_class_campaign_version_2,valid_diagrams/Qwen_2.5_7B/baseline_repair/case_78_class_campaign_version_2/diagram.puml,dataset/case_78_class_campaign_version_2/diagram.puml,sentence-transformers/all-MiniLM-L6-v2,0.800000,"[""Active"",""AdvertPreparation"",""Commissioned"",""Completed"",""Paid"",""Running Adverts"",""Scheduling""]","[""Active"",""AdvertPreparation"",""Commissioned"",""Completed"",""Evaluation"",""Monitoring"",""Paid"",""Running"",""RunningAdverts"",""Scheduling"",""Survey""]","[{""ground_truth_state"":""Active"",""candidate_state"":""Active"",""ground_truth_normalized"":""active"",""candidate_normalized"":""active"",""similarity"":1.0},{""ground_truth_state"":""AdvertPreparation"",""candidate_state"":""AdvertPreparation"",""ground_truth_normalized"":""advert preparation"",""candidate_normalized"":""advert preparation"",""similarity"":1.0},{""ground_truth_state"":""Commissioned"",""candidate_state"":""Commissioned"",""ground_truth_normalized"":""commissioned"",""candidate_normalized"":""commissioned"",""similarity"":1.0},{""ground_truth_state"":""Completed"",""candidate_state"":""Completed"",""ground_truth_normalized"":""completed"",""candidate_normalized"":""completed"",""similarity"":1.0},{""ground_truth_state"":""Paid"",""candidate_state"":""Paid"",""ground_truth_normalized"":""paid"",""candidate_normalized"":""paid"",""similarity"":1.0},{""ground_truth_state"":""Running Adverts"",""candidate_state"":""RunningAdverts"",""ground_truth_normalized"":""running adverts"",""candidate_normalized"":""running adverts"",""similarity"":1.0},{""ground_truth_state"":""Scheduling"",""candidate_state"":""Scheduling"",""ground_truth_normalized"":""scheduling"",""candidate_normalized"":""scheduling"",""similarity"":1.0}]",[],"[""Evaluation"",""Monitoring"",""Running"",""Survey""]",7,11,7,0,4,0.636364,1.0,0.777778
Qwen_2.5_7B,few_shot,case_78_class_campaign_version_2,valid_diagrams/Qwen_2.5_7B/few_shot/case_78_class_campaign_version_2/diagram.puml,dataset/case_78_class_campaign_version_2/diagram.puml,sentence-transformers/all-MiniLM-L6-v2,0.800000,"[""Active"",""AdvertPreparation"",""Commissioned"",""Completed"",""Paid"",""Running Adverts"",""Scheduling""]","[""Approve and Schedule Adverts"",""Approve and Sign Contract"",""Assign Staff and Manager"",""Campaign Archiving"",""Complete Campaign"",""Extend or Adjust Campaign"",""Final"",""Final Statement"",""Initial"",""Payment Completed"",""Payment Handling"",""Prepare Adverts"",""Run Adverts""]","[{""ground_truth_state"":""AdvertPreparation"",""candidate_state"":""Prepare Adverts"",""ground_truth_normalized"":""advert preparation"",""candidate_normalized"":""prepare adverts"",""similarity"":0.921139},{""ground_truth_state"":""Running Adverts"",""candidate_state"":""Run Adverts"",""ground_truth_normalized"":""running adverts"",""candidate_normalized"":""run adverts"",""similarity"":0.934507}]","[""Active"",""Commissioned"",""Completed"",""Paid"",""Scheduling""]","[""Approve and Schedule Adverts"",""Approve and Sign Contract"",""Assign Staff and Manager"",""Campaign Archiving"",""Complete Campaign"",""Extend or Adjust Campaign"",""Final"",""Final Statement"",""Initial"",""Payment Completed"",""Payment Handling""]",7,13,2,5,11,0.153846,0.285714,0.2
Qwen_2.5_7B,rag,case_78_class_campaign_version_2,valid_diagrams/Qwen_2.5_7B/rag/case_78_class_campaign_version_2/diagram.puml,dataset/case_78_class_campaign_version_2/diagram.puml,sentence-transformers/all-MiniLM-L6-v2,0.800000,"[""Active"",""AdvertPreparation"",""Commissioned"",""Completed"",""Paid"",""Running Adverts"",""Scheduling""]","[""Active"",""AdvertPreparation"",""Commissioned"",""Completed"",""Evaluation"",""Monitoring"",""Paid"",""Running"",""RunningAdverts"",""Scheduling"",""Survey""]","[{""ground_truth_state"":""Active"",""candidate_state"":""Active"",""ground_truth_normalized"":""active"",""candidate_normalized"":""active"",""similarity"":1.0},{""ground_truth_state"":""AdvertPreparation"",""candidate_state"":""AdvertPreparation"",""ground_truth_normalized"":""advert preparation"",""candidate_normalized"":""advert preparation"",""similarity"":1.0},{""ground_truth_state"":""Commissioned"",""candidate_state"":""Commissioned"",""ground_truth_normalized"":""commissioned"",""candidate_normalized"":""commissioned"",""similarity"":1.0},{""ground_truth_state"":""Completed"",""candidate_state"":""Completed"",""ground_truth_normalized"":""completed"",""candidate_normalized"":""completed"",""similarity"":1.0},{""ground_truth_state"":""Paid"",""candidate_state"":""Paid"",""ground_truth_normalized"":""paid"",""candidate_normalized"":""paid"",""similarity"":1.0},{""ground_truth_state"":""Running Adverts"",""candidate_state"":""RunningAdverts"",""ground_truth_normalized"":""running adverts"",""candidate_normalized"":""running adverts"",""similarity"":1.0},{""ground_truth_state"":""Scheduling"",""candidate_state"":""Scheduling"",""ground_truth_normalized"":""scheduling"",""candidate_normalized"":""scheduling"",""similarity"":1.0}]",[],"[""Evaluation"",""Monitoring"",""Running"",""Survey""]",7,11,7,0,4,0.636364,1.0,0.777778
Qwen_2.5_7B,syntax_grounded_repair,case_78_class_campaign_version_2,valid_diagrams/Qwen_2.5_7B/syntax_grounded_repair/case_78_class_campaign_version_2/diagram.puml,dataset/case_78_class_campaign_version_2/diagram.puml,sentence-transformers/all-MiniLM-L6-v2,0.800000,"[""Active"",""AdvertPreparation"",""Commissioned"",""Completed"",""Paid"",""Running Adverts"",""Scheduling""]","[""Active"",""AdvertPreparation"",""Commissioned"",""Completed"",""Evaluation"",""Monitoring"",""Paid"",""Running"",""RunningAdverts"",""Scheduling"",""Survey""]","[{""ground_truth_state"":""Active"",""candidate_state"":""Active"",""ground_truth_normalized"":""active"",""candidate_normalized"":""active"",""similarity"":1.0},{""ground_truth_state"":""AdvertPreparation"",""candidate_state"":""AdvertPreparation"",""ground_truth_normalized"":""advert preparation"",""candidate_normalized"":""advert preparation"",""similarity"":1.0},{""ground_truth_state"":""Commissioned"",""candidate_state"":""Commissioned"",""ground_truth_normalized"":""commissioned"",""candidate_normalized"":""commissioned"",""similarity"":1.0},{""ground_truth_state"":""Completed"",""candidate_state"":""Completed"",""ground_truth_normalized"":""completed"",""candidate_normalized"":""completed"",""similarity"":1.0},{""ground_truth_state"":""Paid"",""candidate_state"":""Paid"",""ground_truth_normalized"":""paid"",""candidate_normalized"":""paid"",""similarity"":1.0},{""ground_truth_state"":""Running Adverts"",""candidate_state"":""RunningAdverts"",""ground_truth_normalized"":""running adverts"",""candidate_normalized"":""running adverts"",""similarity"":1.0},{""ground_truth_state"":""Scheduling"",""candidate_state"":""Scheduling"",""ground_truth_normalized"":""scheduling"",""candidate_normalized"":""scheduling"",""similarity"":1.0}]",[],"[""Evaluation"",""Monitoring"",""Running"",""Survey""]",7,11,7,0,4,0.636364,1.0,0.777778
DeepSeek_R1_14B,baseline_repair,case_80_staff_member_class,valid_diagrams/DeepSeek_R1_14B/baseline_repair/case_80_staff_member_class/diagram.puml,dataset/case_80_staff_member_class/diagram.puml,sentence-transformers/all-MiniLM-L6-v2,0.800000,"[""AssignedCampaign"",""Campaign Staff"",""CampaignStaff"",""Employed"",""Ex-employee"",""NotAssigned"",""NotCampaignStaff"",""Staff Contact""]","[""Assigned"",""Unassigned"",""Unemployed""]","[{""ground_truth_state"":""NotAssigned"",""candidate_state"":""Assigned"",""ground_truth_normalized"":""not assigned"",""candidate_normalized"":""assigned"",""similarity"":0.857469}]","[""AssignedCampaign"",""Campaign Staff"",""CampaignStaff"",""Employed"",""Ex-employee"",""NotCampaignStaff"",""Staff Contact""]","[""Unassigned"",""Unemployed""]",8,3,1,7,2,0.333333,0.125,0.181818
DeepSeek_R1_14B,syntax_grounded_repair,case_80_staff_member_class,valid_diagrams/DeepSeek_R1_14B/syntax_grounded_repair/case_80_staff_member_class/diagram.puml,dataset/case_80_staff_member_class/diagram.puml,sentence-transformers/all-MiniLM-L6-v2,0.800000,"[""AssignedCampaign"",""Campaign Staff"",""CampaignStaff"",""Employed"",""Ex-employee"",""NotAssigned"",""NotCampaignStaff"",""Staff Contact""]","[""Assigned"",""Unassigned"",""Unemployed""]","[{""ground_truth_state"":""NotAssigned"",""candidate_state"":""Assigned"",""ground_truth_normalized"":""not assigned"",""candidate_normalized"":""assigned"",""similarity"":0.857469}]","[""AssignedCampaign"",""Campaign Staff"",""CampaignStaff"",""Employed"",""Ex-employee"",""NotCampaignStaff"",""Staff Contact""]","[""Unassigned"",""Unemployed""]",8,3,1,7,2,0.333333,0.125,0.181818
Mistral,baseline_repair,case_80_staff_member_class,valid_diagrams/Mistral/baseline_repair/case_80_staff_member_class/diagram.puml,dataset/case_80_staff_member_class/diagram.puml,sentence-transformers/all-MiniLM-L6-v2,0.800000,"[""AssignedCampaign"",""Campaign Staff"",""CampaignStaff"",""Employed"",""Ex-employee"",""NotAssigned"",""NotCampaignStaff"",""Staff Contact""]","[""Archive"",""Archived"",""Assign"",""AssignedToCampaign"",""AssignedToClient"",""LeaveJob"",""LoggedIn"",""LoggedOut"",""RemoveAssignment"",""SwitchAssignment"",""Unassigned"",""Unemployed""]","[{""ground_truth_state"":""AssignedCampaign"",""candidate_state"":""AssignedToCampaign"",""ground_truth_normalized"":""assigned campaign"",""candidate_normalized"":""assigned to campaign"",""similarity"":0.949934}]","[""Campaign Staff"",""CampaignStaff"",""Employed"",""Ex-employee"",""NotAssigned"",""NotCampaignStaff"",""Staff Contact""]","[""Archive"",""Archived"",""Assign"",""AssignedToClient"",""LeaveJob"",""LoggedIn"",""LoggedOut"",""RemoveAssignment"",""SwitchAssignment"",""Unassigned"",""Unemployed""]",8,12,1,7,11,0.083333,0.125,0.1
Mistral,few_shot,case_80_staff_member_class,valid_diagrams/Mistral/few_shot/case_80_staff_member_class/diagram.puml,dataset/case_80_staff_member_class/diagram.puml,sentence-transformers/all-MiniLM-L6-v2,0.800000,"[""AssignedCampaign"",""Campaign Staff"",""CampaignStaff"",""Employed"",""Ex-employee"",""NotAssigned"",""NotCampaignStaff"",""Staff Contact""]","[""Archived"",""Assigned to Campaign"",""Assigned to Client"",""Unassigned"",""Unemployed"",""Working""]","[{""ground_truth_state"":""AssignedCampaign"",""candidate_state"":""Assigned to Campaign"",""ground_truth_normalized"":""assigned campaign"",""candidate_normalized"":""assigned to campaign"",""similarity"":0.949934}]","[""Campaign Staff"",""CampaignStaff"",""Employed"",""Ex-employee"",""NotAssigned"",""NotCampaignStaff"",""Staff Contact""]","[""Archived"",""Assigned to Client"",""Unassigned"",""Unemployed"",""Working""]",8,6,1,7,5,0.166667,0.125,0.142857
Mistral,syntax_grounded_repair,case_80_staff_member_class,valid_diagrams/Mistral/syntax_grounded_repair/case_80_staff_member_class/diagram.puml,dataset/case_80_staff_member_class/diagram.puml,sentence-transformers/all-MiniLM-L6-v2,0.800000,"[""AssignedCampaign"",""Campaign Staff"",""CampaignStaff"",""Employed"",""Ex-employee"",""NotAssigned"",""NotCampaignStaff"",""Staff Contact""]","[""Archive"",""Archived"",""Assign"",""AssignedToCampaign"",""AssignedToClient"",""LeaveJob"",""LoggedIn"",""RemoveAssignment"",""SwitchAssignment"",""Unassigned"",""Unemployed""]","[{""ground_truth_state"":""AssignedCampaign"",""candidate_state"":""AssignedToCampaign"",""ground_truth_normalized"":""assigned campaign"",""candidate_normalized"":""assigned to campaign"",""similarity"":0.949934}]","[""Campaign Staff"",""CampaignStaff"",""Employed"",""Ex-employee"",""NotAssigned"",""NotCampaignStaff"",""Staff Contact""]","[""Archive"",""Archived"",""Assign"",""AssignedToClient"",""LeaveJob"",""LoggedIn"",""RemoveAssignment"",""SwitchAssignment"",""Unassigned"",""Unemployed""]",8,11,1,7,10,0.090909,0.125,0.105263
