llm_name,method_name,case_id,candidate_path,ground_truth_path,embedding_model,similarity_threshold,relaxed_similarity_threshold,ground_truth_states,candidate_states,matched_state_pairs,missing_ground_truth_states,extra_candidate_states,ground_truth_state_count,candidate_state_count,matched_state_count,missing_state_count,extra_state_count,semantic_state_precision,semantic_state_recall,semantic_state_f1
DeepSeek_R1_14B,baseline_repair,case_01_healthcare_portal,Code\untitled folder\results\plantuml_pipeline\runs\open_source__deepseek_r1_14b__few_shot_validation_generator_critic_repair\case_01_healthcare_portal\run_01.puml,dataset\case_01_healthcare_portal\diagram.puml,sentence-transformers/all-MiniLM-L6-v2,0.800000,0.650000,"[""Apply"",""Cash"",""Check fitness"",""Facilities"",""Feedback"",""Finance"",""Login"",""Logout"",""News and Experts"",""Payment"",""Register"",""Symptoms checker""]","[""AccessDenied"",""SignIn"",""Logout"",""MainMenu"",""Registration""]","[{""ground_truth_state"":""Login"",""candidate_state"":""SignIn"",""ground_truth_normalized"":""login"",""candidate_normalized"":""login"",""similarity"":1.0,""match_type"":""exact_normalized""},{""ground_truth_state"":""Logout"",""candidate_state"":""Logout"",""ground_truth_normalized"":""logout"",""candidate_normalized"":""logout"",""similarity"":1.0,""match_type"":""exact_normalized""},{""ground_truth_state"":""Register"",""candidate_state"":""Registration"",""ground_truth_normalized"":""registration"",""candidate_normalized"":""registration"",""similarity"":1.0,""match_type"":""exact_normalized""}]","[""Apply"",""Cash"",""Check fitness"",""Facilities"",""Feedback"",""Finance"",""News and Experts"",""Payment"",""Symptoms checker""]","[""AccessDenied"",""MainMenu""]",12,5,3,9,2,0.6,0.25,0.352941
DeepSeek_R1_14B,few_shot,case_01_healthcare_portal,Code\untitled folder\results\plantuml_pipeline\runs\open_source__deepseek_r1_14b__few_shot\case_01_healthcare_portal\run_01.puml,dataset\case_01_healthcare_portal\diagram.puml,sentence-transformers/all-MiniLM-L6-v2,0.800000,0.650000,"[""Apply"",""Cash"",""Check fitness"",""Facilities"",""Feedback"",""Finance"",""Login"",""Logout"",""News and Experts"",""Payment"",""Register"",""Symptoms checker""]","[""CashPayment"",""HealthInfo"",""Idle"",""InsurancePayment"",""InvalidLogin"",""InvalidRegister"",""Login"",""MainMenu"",""PaymentSelection"",""ProcessInsurance"",""ReadContent"",""Register"",""ViewResult""]","[{""ground_truth_state"":""Cash"",""candidate_state"":""CashPayment"",""ground_truth_normalized"":""cash"",""candidate_normalized"":""cash payment"",""similarity"":0.747122,""match_type"":""relaxed_lexical""},{""ground_truth_state"":""Login"",""candidate_state"":""Login"",""ground_truth_normalized"":""login"",""candidate_normalized"":""login"",""similarity"":1.0,""match_type"":""exact_normalized""},{""ground_truth_state"":""Payment"",""candidate_state"":""PaymentSelection"",""ground_truth_normalized"":""payment"",""candidate_normalized"":""payment selection"",""similarity"":0.70913,""match_type"":""relaxed_lexical""},{""ground_truth_state"":""Register"",""candidate_state"":""Register"",""ground_truth_normalized"":""registration"",""candidate_normalized"":""registration"",""similarity"":1.0,""match_type"":""exact_normalized""}]","[""Apply"",""Check fitness"",""Facilities"",""Feedback"",""Finance"",""Logout"",""News and Experts"",""Symptoms checker""]","[""HealthInfo"",""Idle"",""InsurancePayment"",""InvalidLogin"",""InvalidRegister"",""MainMenu"",""ProcessInsurance"",""ReadContent"",""ViewResult""]",12,13,4,8,9,0.307692,0.333333,0.32
DeepSeek_R1_14B,syntax_grounded_repair,case_01_healthcare_portal,Code\untitled folder\results\plantuml_pipeline\runs\open_source__deepseek_r1_14b__few_shot_validation_generator_critic_repair__syntax_grounded\case_01_healthcare_portal\run_01.puml,dataset\case_01_healthcare_portal\diagram.puml,sentence-transformers/all-MiniLM-L6-v2,0.800000,0.650000,"[""Apply"",""Cash"",""Check fitness"",""Facilities"",""Feedback"",""Finance"",""Login"",""Logout"",""News and Experts"",""Payment"",""Register"",""Symptoms checker""]","[""FeedbackSubmitted"",""INITIAL_STATE"",""InsuranceValidationRequested"",""LOGGED_OUT"",""RegistrationRequested""]","[{""ground_truth_state"":""Feedback"",""candidate_state"":""FeedbackSubmitted"",""ground_truth_normalized"":""feedback"",""candidate_normalized"":""feedback submitted"",""similarity"":0.827698,""match_type"":""strict""},{""ground_truth_state"":""Logout"",""candidate_state"":""LOGGED_OUT"",""ground_truth_normalized"":""logout"",""candidate_normalized"":""logout"",""similarity"":1.0,""match_type"":""exact_normalized""},{""ground_truth_state"":""Register"",""candidate_state"":""RegistrationRequested"",""ground_truth_normalized"":""registration"",""candidate_normalized"":""registration requested"",""similarity"":0.860441,""match_type"":""strict""}]","[""Apply"",""Cash"",""Check fitness"",""Facilities"",""Finance"",""Login"",""News and Experts"",""Payment"",""Symptoms checker""]","[""INITIAL_STATE"",""InsuranceValidationRequested""]",12,5,3,9,2,0.6,0.25,0.352941
Llama_3.1_8B,baseline_repair,case_01_healthcare_portal,Code\untitled folder\results\plantuml_pipeline\runs\open_source__llama31_8b_instruct__few_shot_validation_generator_critic_repair\case_01_healthcare_portal\run_01.puml,dataset\case_01_healthcare_portal\diagram.puml,sentence-transformers/all-MiniLM-L6-v2,0.800000,0.650000,"[""Apply"",""Cash"",""Check fitness"",""Facilities"",""Feedback"",""Finance"",""Login"",""Logout"",""News and Experts"",""Payment"",""Register"",""Symptoms checker""]","[""Access Denied"",""Cash Payment Details"",""Check Symptoms"",""Failed Registration"",""Fitness Checking"",""Insurance Payment Process"",""Signed In"",""Logged Out"",""Read News"",""Payment Process"",""Registration"",""Select Payment Method"",""User Feedback"",""View Facilities"",""View Result""]","[{""ground_truth_state"":""Cash"",""candidate_state"":""Cash Payment Details"",""ground_truth_normalized"":""cash"",""candidate_normalized"":""cash payment details"",""similarity"":0.58581,""match_type"":""relaxed_lexical""},{""ground_truth_state"":""Check fitness"",""candidate_state"":""Fitness Checking"",""ground_truth_normalized"":""check fitness"",""candidate_normalized"":""fitness checking"",""similarity"":0.883875,""match_type"":""strict""},{""ground_truth_state"":""Facilities"",""candidate_state"":""View Facilities"",""ground_truth_normalized"":""facilities"",""candidate_normalized"":""view facilities"",""similarity"":0.664028,""match_type"":""relaxed_lexical""},{""ground_truth_state"":""Feedback"",""candidate_state"":""User Feedback"",""ground_truth_normalized"":""feedback"",""candidate_normalized"":""user feedback"",""similarity"":0.851441,""match_type"":""strict""},{""ground_truth_state"":""Login"",""candidate_state"":""Signed In"",""ground_truth_normalized"":""login"",""candidate_normalized"":""login"",""similarity"":1.0,""match_type"":""exact_normalized""},{""ground_truth_state"":""Logout"",""candidate_state"":""Logged Out"",""ground_truth_normalized"":""logout"",""candidate_normalized"":""logout"",""similarity"":1.0,""match_type"":""exact_normalized""},{""ground_truth_state"":""News and Experts"",""candidate_state"":""Read News"",""ground_truth_normalized"":""news and experts"",""candidate_normalized"":""news and experts"",""similarity"":1.0,""match_type"":""exact_normalized""},{""ground_truth_state"":""Payment"",""candidate_state"":""Payment Process"",""ground_truth_normalized"":""payment"",""candidate_normalized"":""payment process"",""similarity"":0.80333,""match_type"":""strict""},{""ground_truth_state"":""Register"",""candidate_state"":""Registration"",""ground_truth_normalized"":""registration"",""candidate_normalized"":""registration"",""similarity"":1.0,""match_type"":""exact_normalized""},{""ground_truth_state"":""Symptoms checker"",""candidate_state"":""Check Symptoms"",""ground_truth_normalized"":""symptoms checker"",""candidate_normalized"":""check symptoms"",""similarity"":0.830393,""match_type"":""strict""}]","[""Apply"",""Finance""]","[""Access Denied"",""Failed Registration"",""Insurance Payment Process"",""Select Payment Method"",""View Result""]",12,15,10,2,5,0.666667,0.833333,0.740741
Llama_3.1_8B,few_shot,case_01_healthcare_portal,Code\untitled folder\results\plantuml_pipeline\runs\open_source__llama31_8b_instruct__few_shot\case_01_healthcare_portal\run_01.puml,dataset\case_01_healthcare_portal\diagram.puml,sentence-transformers/all-MiniLM-L6-v2,0.800000,0.650000,"[""Apply"",""Cash"",""Check fitness"",""Facilities"",""Feedback"",""Finance"",""Login"",""Logout"",""News and Experts"",""Payment"",""Register"",""Symptoms checker""]","[""Access Denied"",""Cash Payment Details"",""Check Symptoms"",""Failed Registration"",""Fitness Checking"",""Insurance Payment Process"",""Signed In"",""Logged Out"",""Read News"",""Payment Process"",""Registration"",""Select Payment Method"",""User Feedback"",""View Facilities"",""View Result""]","[{""ground_truth_state"":""Cash"",""candidate_state"":""Cash Payment Details"",""ground_truth_normalized"":""cash"",""candidate_normalized"":""cash payment details"",""similarity"":0.58581,""match_type"":""relaxed_lexical""},{""ground_truth_state"":""Check fitness"",""candidate_state"":""Fitness Checking"",""ground_truth_normalized"":""check fitness"",""candidate_normalized"":""fitness checking"",""similarity"":0.883875,""match_type"":""strict""},{""ground_truth_state"":""Facilities"",""candidate_state"":""View Facilities"",""ground_truth_normalized"":""facilities"",""candidate_normalized"":""view facilities"",""similarity"":0.664028,""match_type"":""relaxed_lexical""},{""ground_truth_state"":""Feedback"",""candidate_state"":""User Feedback"",""ground_truth_normalized"":""feedback"",""candidate_normalized"":""user feedback"",""similarity"":0.851441,""match_type"":""strict""},{""ground_truth_state"":""Login"",""candidate_state"":""Signed In"",""ground_truth_normalized"":""login"",""candidate_normalized"":""login"",""similarity"":1.0,""match_type"":""exact_normalized""},{""ground_truth_state"":""Logout"",""candidate_state"":""Logged Out"",""ground_truth_normalized"":""logout"",""candidate_normalized"":""logout"",""similarity"":1.0,""match_type"":""exact_normalized""},{""ground_truth_state"":""News and Experts"",""candidate_state"":""Read News"",""ground_truth_normalized"":""news and experts"",""candidate_normalized"":""news and experts"",""similarity"":1.0,""match_type"":""exact_normalized""},{""ground_truth_state"":""Payment"",""candidate_state"":""Payment Process"",""ground_truth_normalized"":""payment"",""candidate_normalized"":""payment process"",""similarity"":0.80333,""match_type"":""strict""},{""ground_truth_state"":""Register"",""candidate_state"":""Registration"",""ground_truth_normalized"":""registration"",""candidate_normalized"":""registration"",""similarity"":1.0,""match_type"":""exact_normalized""},{""ground_truth_state"":""Symptoms checker"",""candidate_state"":""Check Symptoms"",""ground_truth_normalized"":""symptoms checker"",""candidate_normalized"":""check symptoms"",""similarity"":0.830393,""match_type"":""strict""}]","[""Apply"",""Finance""]","[""Access Denied"",""Failed Registration"",""Insurance Payment Process"",""Select Payment Method"",""View Result""]",12,15,10,2,5,0.666667,0.833333,0.740741
Llama_3.1_8B,syntax_grounded_repair,case_01_healthcare_portal,Code\untitled folder\results\plantuml_pipeline\runs\open_source__llama31_8b_instruct__few_shot_validation_generator_critic_repair__syntax_grounded\case_01_healthcare_portal\run_01.puml,dataset\case_01_healthcare_portal\diagram.puml,sentence-transformers/all-MiniLM-L6-v2,0.800000,0.650000,"[""Apply"",""Cash"",""Check fitness"",""Facilities"",""Feedback"",""Finance"",""Login"",""Logout"",""News and Experts"",""Payment"",""Register"",""Symptoms checker""]","[""Access Denied"",""Cash Payment Details"",""Check Symptoms"",""Failed Registration"",""Fitness Checking"",""Insurance Payment Process"",""Signed In"",""Logged Out"",""Read News"",""Payment Process"",""Registration"",""Select Payment Method"",""User Feedback"",""View Facilities"",""View Result""]","[{""ground_truth_state"":""Cash"",""candidate_state"":""Cash Payment Details"",""ground_truth_normalized"":""cash"",""candidate_normalized"":""cash payment details"",""similarity"":0.58581,""match_type"":""relaxed_lexical""},{""ground_truth_state"":""Check fitness"",""candidate_state"":""Fitness Checking"",""ground_truth_normalized"":""check fitness"",""candidate_normalized"":""fitness checking"",""similarity"":0.883875,""match_type"":""strict""},{""ground_truth_state"":""Facilities"",""candidate_state"":""View Facilities"",""ground_truth_normalized"":""facilities"",""candidate_normalized"":""view facilities"",""similarity"":0.664028,""match_type"":""relaxed_lexical""},{""ground_truth_state"":""Feedback"",""candidate_state"":""User Feedback"",""ground_truth_normalized"":""feedback"",""candidate_normalized"":""user feedback"",""similarity"":0.851441,""match_type"":""strict""},{""ground_truth_state"":""Login"",""candidate_state"":""Signed In"",""ground_truth_normalized"":""login"",""candidate_normalized"":""login"",""similarity"":1.0,""match_type"":""exact_normalized""},{""ground_truth_state"":""Logout"",""candidate_state"":""Logged Out"",""ground_truth_normalized"":""logout"",""candidate_normalized"":""logout"",""similarity"":1.0,""match_type"":""exact_normalized""},{""ground_truth_state"":""News and Experts"",""candidate_state"":""Read News"",""ground_truth_normalized"":""news and experts"",""candidate_normalized"":""news and experts"",""similarity"":1.0,""match_type"":""exact_normalized""},{""ground_truth_state"":""Payment"",""candidate_state"":""Payment Process"",""ground_truth_normalized"":""payment"",""candidate_normalized"":""payment process"",""similarity"":0.80333,""match_type"":""strict""},{""ground_truth_state"":""Register"",""candidate_state"":""Registration"",""ground_truth_normalized"":""registration"",""candidate_normalized"":""registration"",""similarity"":1.0,""match_type"":""exact_normalized""},{""ground_truth_state"":""Symptoms checker"",""candidate_state"":""Check Symptoms"",""ground_truth_normalized"":""symptoms checker"",""candidate_normalized"":""check symptoms"",""similarity"":0.830393,""match_type"":""strict""}]","[""Apply"",""Finance""]","[""Access Denied"",""Failed Registration"",""Insurance Payment Process"",""Select Payment Method"",""View Result""]",12,15,10,2,5,0.666667,0.833333,0.740741
Mistral,baseline_repair,case_01_healthcare_portal,Code\untitled folder\results\plantuml_pipeline\runs\open_source__mistral__rag_validation_generator_critic_repair\case_01_healthcare_portal\run_01.puml,dataset\case_01_healthcare_portal\diagram.puml,sentence-transformers/all-MiniLM-L6-v2,0.800000,0.650000,"[""Apply"",""Cash"",""Check fitness"",""Facilities"",""Feedback"",""Finance"",""Login"",""Logout"",""News and Experts"",""Payment"",""Register"",""Symptoms checker""]","[""Entering Damaged parts list"",""Expiry Notification page"",""Logout"",""Service center Home"",""Service Center Login"",""Service Center Registration"",""Service Center Verification"",""ServiceJoin""]","[{""ground_truth_state"":""Login"",""candidate_state"":""Service Center Login"",""ground_truth_normalized"":""login"",""candidate_normalized"":""service center login"",""similarity"":0.568286,""match_type"":""relaxed_lexical""},{""ground_truth_state"":""Logout"",""candidate_state"":""Logout"",""ground_truth_normalized"":""logout"",""candidate_normalized"":""logout"",""similarity"":1.0,""match_type"":""exact_normalized""},{""ground_truth_state"":""Register"",""candidate_state"":""Service Center Registration"",""ground_truth_normalized"":""registration"",""candidate_normalized"":""service center registration"",""similarity"":0.668916,""match_type"":""relaxed_lexical""}]","[""Apply"",""Cash"",""Check fitness"",""Facilities"",""Feedback"",""Finance"",""News and Experts"",""Payment"",""Symptoms checker""]","[""Entering Damaged parts list"",""Expiry Notification page"",""Service center Home"",""Service Center Verification"",""ServiceJoin""]",12,8,3,9,5,0.375,0.25,0.3
Mistral,rag,case_01_healthcare_portal,Code\untitled folder\results\plantuml_pipeline\runs\open_source__mistral__rag\case_01_healthcare_portal\run_01.puml,dataset\case_01_healthcare_portal\diagram.puml,sentence-transformers/all-MiniLM-L6-v2,0.800000,0.650000,"[""Apply"",""Cash"",""Check fitness"",""Facilities"",""Feedback"",""Finance"",""Login"",""Logout"",""News and Experts"",""Payment"",""Register"",""Symptoms checker""]","[""CarOwnerRegistration"",""Entering Damaged parts list"",""Expiry Notification page"",""Logout"",""Service center Home"",""Service Center Login"",""Service Center Registration"",""Service Center Verification"",""Updating parts Information""]","[{""ground_truth_state"":""Login"",""candidate_state"":""Service Center Login"",""ground_truth_normalized"":""login"",""candidate_normalized"":""service center login"",""similarity"":0.568286,""match_type"":""relaxed_lexical""},{""ground_truth_state"":""Logout"",""candidate_state"":""Logout"",""ground_truth_normalized"":""logout"",""candidate_normalized"":""logout"",""similarity"":1.0,""match_type"":""exact_normalized""},{""ground_truth_state"":""Register"",""candidate_state"":""Service Center Registration"",""ground_truth_normalized"":""registration"",""candidate_normalized"":""service center registration"",""similarity"":0.668916,""match_type"":""relaxed_lexical""}]","[""Apply"",""Cash"",""Check fitness"",""Facilities"",""Feedback"",""Finance"",""News and Experts"",""Payment"",""Symptoms checker""]","[""CarOwnerRegistration"",""Entering Damaged parts list"",""Expiry Notification page"",""Service center Home"",""Service Center Verification"",""Updating parts Information""]",12,9,3,9,6,0.333333,0.25,0.285714
Mistral,syntax_grounded_repair,case_01_healthcare_portal,Code\untitled folder\results\plantuml_pipeline\runs\open_source__mistral__rag_validation_generator_critic_repair__syntax_grounded\case_01_healthcare_portal\run_01.puml,dataset\case_01_healthcare_portal\diagram.puml,sentence-transformers/all-MiniLM-L6-v2,0.800000,0.650000,"[""Apply"",""Cash"",""Check fitness"",""Facilities"",""Feedback"",""Finance"",""Login"",""Logout"",""News and Experts"",""Payment"",""Register"",""Symptoms checker""]","[""CashPayment"",""CheckResult"",""ContinueSession"",""FeedbackSubmitted"",""InsurancePayment"",""LoginFailed"",""LoginSuccess"",""PaymentCompleted"",""RegistrationSuccess""]","[{""ground_truth_state"":""Cash"",""candidate_state"":""CashPayment"",""ground_truth_normalized"":""cash"",""candidate_normalized"":""cash payment"",""similarity"":0.747122,""match_type"":""relaxed_lexical""},{""ground_truth_state"":""Feedback"",""candidate_state"":""FeedbackSubmitted"",""ground_truth_normalized"":""feedback"",""candidate_normalized"":""feedback submitted"",""similarity"":0.827698,""match_type"":""strict""},{""ground_truth_state"":""Login"",""candidate_state"":""LoginSuccess"",""ground_truth_normalized"":""login"",""candidate_normalized"":""login success"",""similarity"":0.737062,""match_type"":""relaxed_lexical""},{""ground_truth_state"":""Payment"",""candidate_state"":""PaymentCompleted"",""ground_truth_normalized"":""payment"",""candidate_normalized"":""payment completed"",""similarity"":0.800126,""match_type"":""strict""},{""ground_truth_state"":""Register"",""candidate_state"":""RegistrationSuccess"",""ground_truth_normalized"":""registration"",""candidate_normalized"":""registration success"",""similarity"":0.808504,""match_type"":""strict""}]","[""Apply"",""Check fitness"",""Facilities"",""Finance"",""Logout"",""News and Experts"",""Symptoms checker""]","[""CheckResult"",""ContinueSession"",""InsurancePayment"",""LoginFailed""]",12,9,5,7,4,0.555556,0.416667,0.47619
Qwen_2.5_7B,baseline_repair,case_01_healthcare_portal,Code\untitled folder\results\plantuml_pipeline\runs\open_source__qwen25_7b_instruct__rag_validation_generator_critic_repair\case_01_healthcare_portal\run_01.puml,dataset\case_01_healthcare_portal\diagram.puml,sentence-transformers/all-MiniLM-L6-v2,0.800000,0.650000,"[""Apply"",""Cash"",""Check fitness"",""Facilities"",""Feedback"",""Finance"",""Login"",""Logout"",""News and Experts"",""Payment"",""Register"",""Symptoms checker""]","[""CashPayment"",""Dashboard"",""DoctorConsultation"",""Facilities"",""Feedback"",""FinishSession"",""FitnessCheck"",""InsurancePayment"",""Login"",""Logout"",""News"",""Payment"",""PaymentComplete"",""Register"",""SymptomCheck""]","[{""ground_truth_state"":""Cash"",""candidate_state"":""CashPayment"",""ground_truth_normalized"":""cash"",""candidate_normalized"":""cash payment"",""similarity"":0.747122,""match_type"":""relaxed_lexical""},{""ground_truth_state"":""Check fitness"",""candidate_state"":""FitnessCheck"",""ground_truth_normalized"":""check fitness"",""candidate_normalized"":""fitness check"",""similarity"":0.909405,""match_type"":""strict""},{""ground_truth_state"":""Facilities"",""candidate_state"":""Facilities"",""ground_truth_normalized"":""facilities"",""candidate_normalized"":""facilities"",""similarity"":1.0,""match_type"":""exact_normalized""},{""ground_truth_state"":""Feedback"",""candidate_state"":""Feedback"",""ground_truth_normalized"":""feedback"",""candidate_normalized"":""feedback"",""similarity"":1.0,""match_type"":""exact_normalized""},{""ground_truth_state"":""Login"",""candidate_state"":""Login"",""ground_truth_normalized"":""login"",""candidate_normalized"":""login"",""similarity"":1.0,""match_type"":""exact_normalized""},{""ground_truth_state"":""Logout"",""candidate_state"":""Logout"",""ground_truth_normalized"":""logout"",""candidate_normalized"":""logout"",""similarity"":1.0,""match_type"":""exact_normalized""},{""ground_truth_state"":""News and Experts"",""candidate_state"":""News"",""ground_truth_normalized"":""news and experts"",""candidate_normalized"":""news and experts"",""similarity"":1.0,""match_type"":""exact_normalized""},{""ground_truth_state"":""Payment"",""candidate_state"":""Payment"",""ground_truth_normalized"":""payment"",""candidate_normalized"":""payment"",""similarity"":1.0,""match_type"":""exact_normalized""},{""ground_truth_state"":""Register"",""candidate_state"":""Register"",""ground_truth_normalized"":""registration"",""candidate_normalized"":""registration"",""similarity"":1.0,""match_type"":""exact_normalized""},{""ground_truth_state"":""Symptoms checker"",""candidate_state"":""SymptomCheck"",""ground_truth_normalized"":""symptoms checker"",""candidate_normalized"":""symptoms checker"",""similarity"":1.0,""match_type"":""exact_normalized""}]","[""Apply"",""Finance""]","[""Dashboard"",""DoctorConsultation"",""FinishSession"",""InsurancePayment"",""PaymentComplete""]",12,15,10,2,5,0.666667,0.833333,0.740741
Qwen_2.5_7B,rag,case_01_healthcare_portal,Code\untitled folder\results\plantuml_pipeline\runs\open_source__qwen25_7b_instruct__rag\case_01_healthcare_portal\run_01.puml,dataset\case_01_healthcare_portal\diagram.puml,sentence-transformers/all-MiniLM-L6-v2,0.800000,0.650000,"[""Apply"",""Cash"",""Check fitness"",""Facilities"",""Feedback"",""Finance"",""Login"",""Logout"",""News and Experts"",""Payment"",""Register"",""Symptoms checker""]","[""CashPayment"",""Dashboard"",""DoctorConsultation"",""Facilities"",""Feedback"",""FinishSession"",""FitnessCheck"",""InsurancePayment"",""Login"",""Logout"",""News"",""Payment"",""PaymentComplete"",""Register"",""SymptomCheck""]","[{""ground_truth_state"":""Cash"",""candidate_state"":""CashPayment"",""ground_truth_normalized"":""cash"",""candidate_normalized"":""cash payment"",""similarity"":0.747122,""match_type"":""relaxed_lexical""},{""ground_truth_state"":""Check fitness"",""candidate_state"":""FitnessCheck"",""ground_truth_normalized"":""check fitness"",""candidate_normalized"":""fitness check"",""similarity"":0.909405,""match_type"":""strict""},{""ground_truth_state"":""Facilities"",""candidate_state"":""Facilities"",""ground_truth_normalized"":""facilities"",""candidate_normalized"":""facilities"",""similarity"":1.0,""match_type"":""exact_normalized""},{""ground_truth_state"":""Feedback"",""candidate_state"":""Feedback"",""ground_truth_normalized"":""feedback"",""candidate_normalized"":""feedback"",""similarity"":1.0,""match_type"":""exact_normalized""},{""ground_truth_state"":""Login"",""candidate_state"":""Login"",""ground_truth_normalized"":""login"",""candidate_normalized"":""login"",""similarity"":1.0,""match_type"":""exact_normalized""},{""ground_truth_state"":""Logout"",""candidate_state"":""Logout"",""ground_truth_normalized"":""logout"",""candidate_normalized"":""logout"",""similarity"":1.0,""match_type"":""exact_normalized""},{""ground_truth_state"":""News and Experts"",""candidate_state"":""News"",""ground_truth_normalized"":""news and experts"",""candidate_normalized"":""news and experts"",""similarity"":1.0,""match_type"":""exact_normalized""},{""ground_truth_state"":""Payment"",""candidate_state"":""Payment"",""ground_truth_normalized"":""payment"",""candidate_normalized"":""payment"",""similarity"":1.0,""match_type"":""exact_normalized""},{""ground_truth_state"":""Register"",""candidate_state"":""Register"",""ground_truth_normalized"":""registration"",""candidate_normalized"":""registration"",""similarity"":1.0,""match_type"":""exact_normalized""},{""ground_truth_state"":""Symptoms checker"",""candidate_state"":""SymptomCheck"",""ground_truth_normalized"":""symptoms checker"",""candidate_normalized"":""symptoms checker"",""similarity"":1.0,""match_type"":""exact_normalized""}]","[""Apply"",""Finance""]","[""Dashboard"",""DoctorConsultation"",""FinishSession"",""InsurancePayment"",""PaymentComplete""]",12,15,10,2,5,0.666667,0.833333,0.740741
Qwen_2.5_7B,syntax_grounded_repair,case_01_healthcare_portal,Code\untitled folder\results\plantuml_pipeline\runs\open_source__qwen25_7b_instruct__rag_validation_generator_critic_repair__syntax_grounded_original_rag\case_01_healthcare_portal\run_01.puml,dataset\case_01_healthcare_portal\diagram.puml,sentence-transformers/all-MiniLM-L6-v2,0.800000,0.650000,"[""Apply"",""Cash"",""Check fitness"",""Facilities"",""Feedback"",""Finance"",""Login"",""Logout"",""News and Experts"",""Payment"",""Register"",""Symptoms checker""]","[""CashPayment"",""Dashboard"",""DoctorConsultation"",""End"",""Facilities"",""Feedback"",""FinishSession"",""FitnessCheck"",""InsurancePayment"",""Login"",""Logout"",""News"",""Payment"",""PaymentComplete"",""Register"",""SymptomCheck""]","[{""ground_truth_state"":""Cash"",""candidate_state"":""CashPayment"",""ground_truth_normalized"":""cash"",""candidate_normalized"":""cash payment"",""similarity"":0.747122,""match_type"":""relaxed_lexical""},{""ground_truth_state"":""Check fitness"",""candidate_state"":""FitnessCheck"",""ground_truth_normalized"":""check fitness"",""candidate_normalized"":""fitness check"",""similarity"":0.909405,""match_type"":""strict""},{""ground_truth_state"":""Facilities"",""candidate_state"":""Facilities"",""ground_truth_normalized"":""facilities"",""candidate_normalized"":""facilities"",""similarity"":1.0,""match_type"":""exact_normalized""},{""ground_truth_state"":""Feedback"",""candidate_state"":""Feedback"",""ground_truth_normalized"":""feedback"",""candidate_normalized"":""feedback"",""similarity"":1.0,""match_type"":""exact_normalized""},{""ground_truth_state"":""Login"",""candidate_state"":""Login"",""ground_truth_normalized"":""login"",""candidate_normalized"":""login"",""similarity"":1.0,""match_type"":""exact_normalized""},{""ground_truth_state"":""Logout"",""candidate_state"":""Logout"",""ground_truth_normalized"":""logout"",""candidate_normalized"":""logout"",""similarity"":1.0,""match_type"":""exact_normalized""},{""ground_truth_state"":""News and Experts"",""candidate_state"":""News"",""ground_truth_normalized"":""news and experts"",""candidate_normalized"":""news and experts"",""similarity"":1.0,""match_type"":""exact_normalized""},{""ground_truth_state"":""Payment"",""candidate_state"":""Payment"",""ground_truth_normalized"":""payment"",""candidate_normalized"":""payment"",""similarity"":1.0,""match_type"":""exact_normalized""},{""ground_truth_state"":""Register"",""candidate_state"":""Register"",""ground_truth_normalized"":""registration"",""candidate_normalized"":""registration"",""similarity"":1.0,""match_type"":""exact_normalized""},{""ground_truth_state"":""Symptoms checker"",""candidate_state"":""SymptomCheck"",""ground_truth_normalized"":""symptoms checker"",""candidate_normalized"":""symptoms checker"",""similarity"":1.0,""match_type"":""exact_normalized""}]","[""Apply"",""Finance""]","[""Dashboard"",""DoctorConsultation"",""End"",""FinishSession"",""InsurancePayment"",""PaymentComplete""]",12,16,10,2,6,0.625,0.833333,0.714286
DeepSeek_R1_14B,baseline_repair,case_02_inventory,Code\untitled folder\results\plantuml_pipeline\runs\open_source__deepseek_r1_14b__few_shot_validation_generator_critic_repair\case_02_inventory\run_01.puml,dataset\case_02_inventory\diagram.puml,sentence-transformers/all-MiniLM-L6-v2,0.800000,0.650000,"[""Add Goods"",""Authentication Login"",""Cancel Receipt"",""Customer Request"",""Dashboard"",""Edit Goods"",""Expired Goods"",""Final State"",""Invoice Generation"",""Place Order"",""Receipt Generation"",""Remove Goods"",""Replace Item"",""Search Item"",""Tax Generation"",""View Summary Report""]","[""AddGoods"",""CalculateDiscountTax"",""CheckExpiry"",""GenerateInvoice"",""GenerateReceipt"",""GenerateReport"",""PlaceOrder"",""RecordRequest"",""RemoveGoods"",""ReplaceCancelReceipt"",""SearchItems"",""Start"",""UpdatePrice""]","[{""ground_truth_state"":""Add Goods"",""candidate_state"":""AddGoods"",""ground_truth_normalized"":""add goods"",""candidate_normalized"":""add goods"",""similarity"":1.0,""match_type"":""exact_normalized""},{""ground_truth_state"":""Cancel Receipt"",""candidate_state"":""ReplaceCancelReceipt"",""ground_truth_normalized"":""cancel receipt"",""candidate_normalized"":""replace cancel receipt"",""similarity"":0.894516,""match_type"":""strict""},{""ground_truth_state"":""Invoice Generation"",""candidate_state"":""GenerateInvoice"",""ground_truth_normalized"":""invoice generation"",""candidate_normalized"":""generate invoice"",""similarity"":0.921053,""match_type"":""strict""},{""ground_truth_state"":""Place Order"",""candidate_state"":""PlaceOrder"",""ground_truth_normalized"":""place order"",""candidate_normalized"":""place order"",""similarity"":1.0,""match_type"":""exact_normalized""},{""ground_truth_state"":""Receipt Generation"",""candidate_state"":""GenerateReceipt"",""ground_truth_normalized"":""receipt generation"",""candidate_normalized"":""generate receipt"",""similarity"":0.867102,""match_type"":""strict""},{""ground_truth_state"":""Remove Goods"",""candidate_state"":""RemoveGoods"",""ground_truth_normalized"":""remove goods"",""candidate_normalized"":""remove goods"",""similarity"":1.0,""match_type"":""exact_normalized""},{""ground_truth_state"":""Search Item"",""candidate_state"":""SearchItems"",""ground_truth_normalized"":""search item"",""candidate_normalized"":""search items"",""similarity"":0.946636,""match_type"":""strict""}]","[""Authentication Login"",""Customer Request"",""Dashboard"",""Edit Goods"",""Expired Goods"",""Final State"",""Replace Item"",""Tax Generation"",""View Summary Report""]","[""CalculateDiscountTax"",""CheckExpiry"",""GenerateReport"",""RecordRequest"",""Start"",""UpdatePrice""]",16,13,7,9,6,0.538462,0.4375,0.482759
DeepSeek_R1_14B,few_shot,case_02_inventory,Code\untitled folder\results\plantuml_pipeline\runs\open_source__deepseek_r1_14b__few_shot\case_02_inventory\run_01.puml,dataset\case_02_inventory\diagram.puml,sentence-transformers/all-MiniLM-L6-v2,0.800000,0.650000,"[""Add Goods"",""Authentication Login"",""Cancel Receipt"",""Customer Request"",""Dashboard"",""Edit Goods"",""Expired Goods"",""Final State"",""Invoice Generation"",""Place Order"",""Receipt Generation"",""Remove Goods"",""Replace Item"",""Search Item"",""Tax Generation"",""View Summary Report""]","[""AddGoods"",""CalculateDiscountTax"",""CheckExpiry"",""GenerateInvoice"",""GenerateReceipt"",""GenerateReport"",""PlaceOrder"",""RecordRequest"",""RemoveGoods"",""ReplaceCancelReceipt"",""SearchItems"",""Start"",""UpdatePrice""]","[{""ground_truth_state"":""Add Goods"",""candidate_state"":""AddGoods"",""ground_truth_normalized"":""add goods"",""candidate_normalized"":""add goods"",""similarity"":1.0,""match_type"":""exact_normalized""},{""ground_truth_state"":""Cancel Receipt"",""candidate_state"":""ReplaceCancelReceipt"",""ground_truth_normalized"":""cancel receipt"",""candidate_normalized"":""replace cancel receipt"",""similarity"":0.894516,""match_type"":""strict""},{""ground_truth_state"":""Invoice Generation"",""candidate_state"":""GenerateInvoice"",""ground_truth_normalized"":""invoice generation"",""candidate_normalized"":""generate invoice"",""similarity"":0.921053,""match_type"":""strict""},{""ground_truth_state"":""Place Order"",""candidate_state"":""PlaceOrder"",""ground_truth_normalized"":""place order"",""candidate_normalized"":""place order"",""similarity"":1.0,""match_type"":""exact_normalized""},{""ground_truth_state"":""Receipt Generation"",""candidate_state"":""GenerateReceipt"",""ground_truth_normalized"":""receipt generation"",""candidate_normalized"":""generate receipt"",""similarity"":0.867102,""match_type"":""strict""},{""ground_truth_state"":""Remove Goods"",""candidate_state"":""RemoveGoods"",""ground_truth_normalized"":""remove goods"",""candidate_normalized"":""remove goods"",""similarity"":1.0,""match_type"":""exact_normalized""},{""ground_truth_state"":""Search Item"",""candidate_state"":""SearchItems"",""ground_truth_normalized"":""search item"",""candidate_normalized"":""search items"",""similarity"":0.946636,""match_type"":""strict""}]","[""Authentication Login"",""Customer Request"",""Dashboard"",""Edit Goods"",""Expired Goods"",""Final State"",""Replace Item"",""Tax Generation"",""View Summary Report""]","[""CalculateDiscountTax"",""CheckExpiry"",""GenerateReport"",""RecordRequest"",""Start"",""UpdatePrice""]",16,13,7,9,6,0.538462,0.4375,0.482759
DeepSeek_R1_14B,syntax_grounded_repair,case_02_inventory,Code\untitled folder\results\plantuml_pipeline\runs\open_source__deepseek_r1_14b__few_shot_validation_generator_critic_repair__syntax_grounded\case_02_inventory\run_01.puml,dataset\case_02_inventory\diagram.puml,sentence-transformers/all-MiniLM-L6-v2,0.800000,0.650000,"[""Add Goods"",""Authentication Login"",""Cancel Receipt"",""Customer Request"",""Dashboard"",""Edit Goods"",""Expired Goods"",""Final State"",""Invoice Generation"",""Place Order"",""Receipt Generation"",""Remove Goods"",""Replace Item"",""Search Item"",""Tax Generation"",""View Summary Report""]","[""AddGoods"",""CalculateDiscountTax"",""CheckExpiry"",""GenerateInvoice"",""GenerateReceipt"",""GenerateReport"",""PlaceOrder"",""RecordRequest"",""RemoveGoods"",""ReplaceCancelReceipt"",""SearchItems"",""Start"",""UpdatePrice""]","[{""ground_truth_state"":""Add Goods"",""candidate_state"":""AddGoods"",""ground_truth_normalized"":""add goods"",""candidate_normalized"":""add goods"",""similarity"":1.0,""match_type"":""exact_normalized""},{""ground_truth_state"":""Cancel Receipt"",""candidate_state"":""ReplaceCancelReceipt"",""ground_truth_normalized"":""cancel receipt"",""candidate_normalized"":""replace cancel receipt"",""similarity"":0.894516,""match_type"":""strict""},{""ground_truth_state"":""Invoice Generation"",""candidate_state"":""GenerateInvoice"",""ground_truth_normalized"":""invoice generation"",""candidate_normalized"":""generate invoice"",""similarity"":0.921053,""match_type"":""strict""},{""ground_truth_state"":""Place Order"",""candidate_state"":""PlaceOrder"",""ground_truth_normalized"":""place order"",""candidate_normalized"":""place order"",""similarity"":1.0,""match_type"":""exact_normalized""},{""ground_truth_state"":""Receipt Generation"",""candidate_state"":""GenerateReceipt"",""ground_truth_normalized"":""receipt generation"",""candidate_normalized"":""generate receipt"",""similarity"":0.867102,""match_type"":""strict""},{""ground_truth_state"":""Remove Goods"",""candidate_state"":""RemoveGoods"",""ground_truth_normalized"":""remove goods"",""candidate_normalized"":""remove goods"",""similarity"":1.0,""match_type"":""exact_normalized""},{""ground_truth_state"":""Search Item"",""candidate_state"":""SearchItems"",""ground_truth_normalized"":""search item"",""candidate_normalized"":""search items"",""similarity"":0.946636,""match_type"":""strict""}]","[""Authentication Login"",""Customer Request"",""Dashboard"",""Edit Goods"",""Expired Goods"",""Final State"",""Replace Item"",""Tax Generation"",""View Summary Report""]","[""CalculateDiscountTax"",""CheckExpiry"",""GenerateReport"",""RecordRequest"",""Start"",""UpdatePrice""]",16,13,7,9,6,0.538462,0.4375,0.482759
Llama_3.1_8B,baseline_repair,case_02_inventory,Code\untitled folder\results\plantuml_pipeline\runs\open_source__llama31_8b_instruct__few_shot_validation_generator_critic_repair\case_02_inventory\run_01.puml,dataset\case_02_inventory\diagram.puml,sentence-transformers/all-MiniLM-L6-v2,0.800000,0.650000,"[""Add Goods"",""Authentication Login"",""Cancel Receipt"",""Customer Request"",""Dashboard"",""Edit Goods"",""Expired Goods"",""Final State"",""Invoice Generation"",""Place Order"",""Receipt Generation"",""Remove Goods"",""Replace Item"",""Search Item"",""Tax Generation"",""View Summary Report""]","[""Adding"",""Billing"",""Cancelled"",""Expired"",""Idle"",""Invoicing"",""Ordering"",""Removing"",""Replaced"",""Searching"",""Summary"",""Updating""]","[{""ground_truth_state"":""Expired Goods"",""candidate_state"":""Expired"",""ground_truth_normalized"":""expired goods"",""candidate_normalized"":""expired"",""similarity"":0.681976,""match_type"":""relaxed_lexical""},{""ground_truth_state"":""Invoice Generation"",""candidate_state"":""Invoicing"",""ground_truth_normalized"":""invoice generation"",""candidate_normalized"":""invoicing"",""similarity"":0.747765,""match_type"":""relaxed""},{""ground_truth_state"":""Place Order"",""candidate_state"":""Ordering"",""ground_truth_normalized"":""place order"",""candidate_normalized"":""ordering"",""similarity"":0.744085,""match_type"":""relaxed""},{""ground_truth_state"":""Search Item"",""candidate_state"":""Searching"",""ground_truth_normalized"":""search item"",""candidate_normalized"":""searching"",""similarity"":0.681027,""match_type"":""relaxed""},{""ground_truth_state"":""View Summary Report"",""candidate_state"":""Summary"",""ground_truth_normalized"":""view summary report"",""candidate_normalized"":""summary"",""similarity"":0.505134,""match_type"":""relaxed_lexical""}]","[""Add Goods"",""Authentication Login"",""Cancel Receipt"",""Customer Request"",""Dashboard"",""Edit Goods"",""Final State"",""Receipt Generation"",""Remove Goods"",""Replace Item"",""Tax Generation""]","[""Adding"",""Billing"",""Cancelled"",""Idle"",""Removing"",""Replaced"",""Updating""]",16,12,5,11,7,0.416667,0.3125,0.357143
Llama_3.1_8B,few_shot,case_02_inventory,Code\untitled folder\results\plantuml_pipeline\runs\open_source__llama31_8b_instruct__few_shot\case_02_inventory\run_01.puml,dataset\case_02_inventory\diagram.puml,sentence-transformers/all-MiniLM-L6-v2,0.800000,0.650000,"[""Add Goods"",""Authentication Login"",""Cancel Receipt"",""Customer Request"",""Dashboard"",""Edit Goods"",""Expired Goods"",""Final State"",""Invoice Generation"",""Place Order"",""Receipt Generation"",""Remove Goods"",""Replace Item"",""Search Item"",""Tax Generation"",""View Summary Report""]","[""Adding"",""Billing"",""Cancelled"",""Expired"",""Idle"",""Invoicing"",""Ordering"",""Removing"",""Replaced"",""Searching"",""Summary"",""Updating""]","[{""ground_truth_state"":""Expired Goods"",""candidate_state"":""Expired"",""ground_truth_normalized"":""expired goods"",""candidate_normalized"":""expired"",""similarity"":0.681976,""match_type"":""relaxed_lexical""},{""ground_truth_state"":""Invoice Generation"",""candidate_state"":""Invoicing"",""ground_truth_normalized"":""invoice generation"",""candidate_normalized"":""invoicing"",""similarity"":0.747765,""match_type"":""relaxed""},{""ground_truth_state"":""Place Order"",""candidate_state"":""Ordering"",""ground_truth_normalized"":""place order"",""candidate_normalized"":""ordering"",""similarity"":0.744085,""match_type"":""relaxed""},{""ground_truth_state"":""Search Item"",""candidate_state"":""Searching"",""ground_truth_normalized"":""search item"",""candidate_normalized"":""searching"",""similarity"":0.681027,""match_type"":""relaxed""},{""ground_truth_state"":""View Summary Report"",""candidate_state"":""Summary"",""ground_truth_normalized"":""view summary report"",""candidate_normalized"":""summary"",""similarity"":0.505134,""match_type"":""relaxed_lexical""}]","[""Add Goods"",""Authentication Login"",""Cancel Receipt"",""Customer Request"",""Dashboard"",""Edit Goods"",""Final State"",""Receipt Generation"",""Remove Goods"",""Replace Item"",""Tax Generation""]","[""Adding"",""Billing"",""Cancelled"",""Idle"",""Removing"",""Replaced"",""Updating""]",16,12,5,11,7,0.416667,0.3125,0.357143
Llama_3.1_8B,syntax_grounded_repair,case_02_inventory,Code\untitled folder\results\plantuml_pipeline\runs\open_source__llama31_8b_instruct__few_shot_validation_generator_critic_repair__syntax_grounded\case_02_inventory\run_01.puml,dataset\case_02_inventory\diagram.puml,sentence-transformers/all-MiniLM-L6-v2,0.800000,0.650000,"[""Add Goods"",""Authentication Login"",""Cancel Receipt"",""Customer Request"",""Dashboard"",""Edit Goods"",""Expired Goods"",""Final State"",""Invoice Generation"",""Place Order"",""Receipt Generation"",""Remove Goods"",""Replace Item"",""Search Item"",""Tax Generation"",""View Summary Report""]","[""Adding"",""Billing"",""Cancelled"",""Expired"",""Idle"",""Invoicing"",""Ordering"",""Removing"",""Replaced"",""Searching"",""Summary"",""Updating""]","[{""ground_truth_state"":""Expired Goods"",""candidate_state"":""Expired"",""ground_truth_normalized"":""expired goods"",""candidate_normalized"":""expired"",""similarity"":0.681976,""match_type"":""relaxed_lexical""},{""ground_truth_state"":""Invoice Generation"",""candidate_state"":""Invoicing"",""ground_truth_normalized"":""invoice generation"",""candidate_normalized"":""invoicing"",""similarity"":0.747765,""match_type"":""relaxed""},{""ground_truth_state"":""Place Order"",""candidate_state"":""Ordering"",""ground_truth_normalized"":""place order"",""candidate_normalized"":""ordering"",""similarity"":0.744085,""match_type"":""relaxed""},{""ground_truth_state"":""Search Item"",""candidate_state"":""Searching"",""ground_truth_normalized"":""search item"",""candidate_normalized"":""searching"",""similarity"":0.681027,""match_type"":""relaxed""},{""ground_truth_state"":""View Summary Report"",""candidate_state"":""Summary"",""ground_truth_normalized"":""view summary report"",""candidate_normalized"":""summary"",""similarity"":0.505134,""match_type"":""relaxed_lexical""}]","[""Add Goods"",""Authentication Login"",""Cancel Receipt"",""Customer Request"",""Dashboard"",""Edit Goods"",""Final State"",""Receipt Generation"",""Remove Goods"",""Replace Item"",""Tax Generation""]","[""Adding"",""Billing"",""Cancelled"",""Idle"",""Removing"",""Replaced"",""Updating""]",16,12,5,11,7,0.416667,0.3125,0.357143
Mistral,baseline_repair,case_02_inventory,Code\untitled folder\results\plantuml_pipeline\runs\open_source__mistral__rag_validation_generator_critic_repair\case_02_inventory\run_01.puml,dataset\case_02_inventory\diagram.puml,sentence-transformers/all-MiniLM-L6-v2,0.800000,0.650000,"[""Add Goods"",""Authentication Login"",""Cancel Receipt"",""Customer Request"",""Dashboard"",""Edit Goods"",""Expired Goods"",""Final State"",""Invoice Generation"",""Place Order"",""Receipt Generation"",""Remove Goods"",""Replace Item"",""Search Item"",""Tax Generation"",""View Summary Report""]","[""AddGoods"",""CalculateDiscountAndTax"",""ExpiredGoodsNotification"",""GenerateInvoice"",""GenerateReceipt"",""OrderSupplier"",""PurchaseSelection"",""RecordRequest"",""RemoveExpiredGoods"",""RemoveGoods"",""ReplaceOrCancel"",""UpdatePrice"",""ViewTransactionsReport""]","[{""ground_truth_state"":""Add Goods"",""candidate_state"":""AddGoods"",""ground_truth_normalized"":""add goods"",""candidate_normalized"":""add goods"",""similarity"":1.0,""match_type"":""exact_normalized""},{""ground_truth_state"":""Expired Goods"",""candidate_state"":""RemoveExpiredGoods"",""ground_truth_normalized"":""expired goods"",""candidate_normalized"":""remove expired goods"",""similarity"":0.854714,""match_type"":""strict""},{""ground_truth_state"":""Invoice Generation"",""candidate_state"":""GenerateInvoice"",""ground_truth_normalized"":""invoice generation"",""candidate_normalized"":""generate invoice"",""similarity"":0.921053,""match_type"":""strict""},{""ground_truth_state"":""Receipt Generation"",""candidate_state"":""GenerateReceipt"",""ground_truth_normalized"":""receipt generation"",""candidate_normalized"":""generate receipt"",""similarity"":0.867102,""match_type"":""strict""},{""ground_truth_state"":""Remove Goods"",""candidate_state"":""RemoveGoods"",""ground_truth_normalized"":""remove goods"",""candidate_normalized"":""remove goods"",""similarity"":1.0,""match_type"":""exact_normalized""},{""ground_truth_state"":""View Summary Report"",""candidate_state"":""ViewTransactionsReport"",""ground_truth_normalized"":""view summary report"",""candidate_normalized"":""view transactions report"",""similarity"":0.674469,""match_type"":""relaxed""}]","[""Authentication Login"",""Cancel Receipt"",""Customer Request"",""Dashboard"",""Edit Goods"",""Final State"",""Place Order"",""Replace Item"",""Search Item"",""Tax Generation""]","[""CalculateDiscountAndTax"",""ExpiredGoodsNotification"",""OrderSupplier"",""PurchaseSelection"",""RecordRequest"",""ReplaceOrCancel"",""UpdatePrice""]",16,13,6,10,7,0.461538,0.375,0.413793
Mistral,rag,case_02_inventory,Code\untitled folder\results\plantuml_pipeline\runs\open_source__mistral__rag\case_02_inventory\run_01.puml,dataset\case_02_inventory\diagram.puml,sentence-transformers/all-MiniLM-L6-v2,0.800000,0.650000,"[""Add Goods"",""Authentication Login"",""Cancel Receipt"",""Customer Request"",""Dashboard"",""Edit Goods"",""Expired Goods"",""Final State"",""Invoice Generation"",""Place Order"",""Receipt Generation"",""Remove Goods"",""Replace Item"",""Search Item"",""Tax Generation"",""View Summary Report""]","[""AddGoods"",""CalculateDiscountAndTax"",""ExpiredGoodsNotification"",""GenerateInvoice"",""GenerateReceipt"",""OrderSupplier"",""PurchaseSelection"",""RecordRequest"",""RemoveExpiredGoods"",""RemoveGoods"",""ReplaceOrCancel"",""UpdatePrice"",""ViewTransactionsReport""]","[{""ground_truth_state"":""Add Goods"",""candidate_state"":""AddGoods"",""ground_truth_normalized"":""add goods"",""candidate_normalized"":""add goods"",""similarity"":1.0,""match_type"":""exact_normalized""},{""ground_truth_state"":""Expired Goods"",""candidate_state"":""RemoveExpiredGoods"",""ground_truth_normalized"":""expired goods"",""candidate_normalized"":""remove expired goods"",""similarity"":0.854714,""match_type"":""strict""},{""ground_truth_state"":""Invoice Generation"",""candidate_state"":""GenerateInvoice"",""ground_truth_normalized"":""invoice generation"",""candidate_normalized"":""generate invoice"",""similarity"":0.921053,""match_type"":""strict""},{""ground_truth_state"":""Receipt Generation"",""candidate_state"":""GenerateReceipt"",""ground_truth_normalized"":""receipt generation"",""candidate_normalized"":""generate receipt"",""similarity"":0.867102,""match_type"":""strict""},{""ground_truth_state"":""Remove Goods"",""candidate_state"":""RemoveGoods"",""ground_truth_normalized"":""remove goods"",""candidate_normalized"":""remove goods"",""similarity"":1.0,""match_type"":""exact_normalized""},{""ground_truth_state"":""View Summary Report"",""candidate_state"":""ViewTransactionsReport"",""ground_truth_normalized"":""view summary report"",""candidate_normalized"":""view transactions report"",""similarity"":0.674469,""match_type"":""relaxed""}]","[""Authentication Login"",""Cancel Receipt"",""Customer Request"",""Dashboard"",""Edit Goods"",""Final State"",""Place Order"",""Replace Item"",""Search Item"",""Tax Generation""]","[""CalculateDiscountAndTax"",""ExpiredGoodsNotification"",""OrderSupplier"",""PurchaseSelection"",""RecordRequest"",""ReplaceOrCancel"",""UpdatePrice""]",16,13,6,10,7,0.461538,0.375,0.413793
Mistral,syntax_grounded_repair,case_02_inventory,Code\untitled folder\results\plantuml_pipeline\runs\open_source__mistral__rag_validation_generator_critic_repair__syntax_grounded\case_02_inventory\run_01.puml,dataset\case_02_inventory\diagram.puml,sentence-transformers/all-MiniLM-L6-v2,0.800000,0.650000,"[""Add Goods"",""Authentication Login"",""Cancel Receipt"",""Customer Request"",""Dashboard"",""Edit Goods"",""Expired Goods"",""Final State"",""Invoice Generation"",""Place Order"",""Receipt Generation"",""Remove Goods"",""Replace Item"",""Search Item"",""Tax Generation"",""View Summary Report""]","[""AddGoods"",""CalculateDiscountAndTax"",""ExpiredGoodsNotification"",""GenerateInvoice"",""GenerateReceipt"",""OrderSupplier"",""PurchaseSelection"",""RecordRequest"",""RemoveExpiredGoods"",""RemoveGoods"",""ReplaceOrCancel"",""UpdatePrice"",""ViewTransactionsReport""]","[{""ground_truth_state"":""Add Goods"",""candidate_state"":""AddGoods"",""ground_truth_normalized"":""add goods"",""candidate_normalized"":""add goods"",""similarity"":1.0,""match_type"":""exact_normalized""},{""ground_truth_state"":""Expired Goods"",""candidate_state"":""RemoveExpiredGoods"",""ground_truth_normalized"":""expired goods"",""candidate_normalized"":""remove expired goods"",""similarity"":0.854714,""match_type"":""strict""},{""ground_truth_state"":""Invoice Generation"",""candidate_state"":""GenerateInvoice"",""ground_truth_normalized"":""invoice generation"",""candidate_normalized"":""generate invoice"",""similarity"":0.921053,""match_type"":""strict""},{""ground_truth_state"":""Receipt Generation"",""candidate_state"":""GenerateReceipt"",""ground_truth_normalized"":""receipt generation"",""candidate_normalized"":""generate receipt"",""similarity"":0.867102,""match_type"":""strict""},{""ground_truth_state"":""Remove Goods"",""candidate_state"":""RemoveGoods"",""ground_truth_normalized"":""remove goods"",""candidate_normalized"":""remove goods"",""similarity"":1.0,""match_type"":""exact_normalized""},{""ground_truth_state"":""View Summary Report"",""candidate_state"":""ViewTransactionsReport"",""ground_truth_normalized"":""view summary report"",""candidate_normalized"":""view transactions report"",""similarity"":0.674469,""match_type"":""relaxed""}]","[""Authentication Login"",""Cancel Receipt"",""Customer Request"",""Dashboard"",""Edit Goods"",""Final State"",""Place Order"",""Replace Item"",""Search Item"",""Tax Generation""]","[""CalculateDiscountAndTax"",""ExpiredGoodsNotification"",""OrderSupplier"",""PurchaseSelection"",""RecordRequest"",""ReplaceOrCancel"",""UpdatePrice""]",16,13,6,10,7,0.461538,0.375,0.413793
Qwen_2.5_7B,baseline_repair,case_02_inventory,Code\untitled folder\results\plantuml_pipeline\runs\open_source__qwen25_7b_instruct__rag_validation_generator_critic_repair\case_02_inventory\run_01.puml,dataset\case_02_inventory\diagram.puml,sentence-transformers/all-MiniLM-L6-v2,0.800000,0.650000,"[""Add Goods"",""Authentication Login"",""Cancel Receipt"",""Customer Request"",""Dashboard"",""Edit Goods"",""Expired Goods"",""Final State"",""Invoice Generation"",""Place Order"",""Receipt Generation"",""Remove Goods"",""Replace Item"",""Search Item"",""Tax Generation"",""View Summary Report""]","[""Add New Goods"",""Calculate Discount and Tax"",""Generate Invoice"",""Generate Receipt"",""Identify Expired Goods"",""Place Order"",""Record Customer Requests"",""Remove Goods"",""Replace Item or Cancel Receipt"",""Search Items"",""Update Price"",""View Summary Report""]","[{""ground_truth_state"":""Add Goods"",""candidate_state"":""Add New Goods"",""ground_truth_normalized"":""add goods"",""candidate_normalized"":""add new goods"",""similarity"":0.91487,""match_type"":""strict""},{""ground_truth_state"":""Cancel Receipt"",""candidate_state"":""Replace Item or Cancel Receipt"",""ground_truth_normalized"":""cancel receipt"",""candidate_normalized"":""replace item or cancel receipt"",""similarity"":0.835896,""match_type"":""strict""},{""ground_truth_state"":""Expired Goods"",""candidate_state"":""Identify Expired Goods"",""ground_truth_normalized"":""expired goods"",""candidate_normalized"":""identify expired goods"",""similarity"":0.92004,""match_type"":""strict""},{""ground_truth_state"":""Invoice Generation"",""candidate_state"":""Generate Invoice"",""ground_truth_normalized"":""invoice generation"",""candidate_normalized"":""generate invoice"",""similarity"":0.921053,""match_type"":""strict""},{""ground_truth_state"":""Place Order"",""candidate_state"":""Place Order"",""ground_truth_normalized"":""place order"",""candidate_normalized"":""place order"",""similarity"":1.0,""match_type"":""exact_normalized""},{""ground_truth_state"":""Receipt Generation"",""candidate_state"":""Generate Receipt"",""ground_truth_normalized"":""receipt generation"",""candidate_normalized"":""generate receipt"",""similarity"":0.867102,""match_type"":""strict""},{""ground_truth_state"":""Remove Goods"",""candidate_state"":""Remove Goods"",""ground_truth_normalized"":""remove goods"",""candidate_normalized"":""remove goods"",""similarity"":1.0,""match_type"":""exact_normalized""},{""ground_truth_state"":""Search Item"",""candidate_state"":""Search Items"",""ground_truth_normalized"":""search item"",""candidate_normalized"":""search items"",""similarity"":0.946636,""match_type"":""strict""},{""ground_truth_state"":""View Summary Report"",""candidate_state"":""View Summary Report"",""ground_truth_normalized"":""view summary report"",""candidate_normalized"":""view summary report"",""similarity"":1.0,""match_type"":""exact_normalized""}]","[""Authentication Login"",""Customer Request"",""Dashboard"",""Edit Goods"",""Final State"",""Replace Item"",""Tax Generation""]","[""Calculate Discount and Tax"",""Record Customer Requests"",""Update Price""]",16,12,9,7,3,0.75,0.5625,0.642857
Qwen_2.5_7B,rag,case_02_inventory,Code\untitled folder\results\plantuml_pipeline\runs\open_source__qwen25_7b_instruct__rag\case_02_inventory\run_01.puml,dataset\case_02_inventory\diagram.puml,sentence-transformers/all-MiniLM-L6-v2,0.800000,0.650000,"[""Add Goods"",""Authentication Login"",""Cancel Receipt"",""Customer Request"",""Dashboard"",""Edit Goods"",""Expired Goods"",""Final State"",""Invoice Generation"",""Place Order"",""Receipt Generation"",""Remove Goods"",""Replace Item"",""Search Item"",""Tax Generation"",""View Summary Report""]","[""Add New Goods"",""Calculate Discount and Tax"",""Generate Invoice"",""Generate Receipt"",""Identify Expired Goods"",""Place Order"",""Record Customer Requests"",""Remove Goods"",""Replace Item or Cancel Receipt"",""Search Items"",""Update Price"",""View Summary Report""]","[{""ground_truth_state"":""Add Goods"",""candidate_state"":""Add New Goods"",""ground_truth_normalized"":""add goods"",""candidate_normalized"":""add new goods"",""similarity"":0.91487,""match_type"":""strict""},{""ground_truth_state"":""Cancel Receipt"",""candidate_state"":""Replace Item or Cancel Receipt"",""ground_truth_normalized"":""cancel receipt"",""candidate_normalized"":""replace item or cancel receipt"",""similarity"":0.835896,""match_type"":""strict""},{""ground_truth_state"":""Expired Goods"",""candidate_state"":""Identify Expired Goods"",""ground_truth_normalized"":""expired goods"",""candidate_normalized"":""identify expired goods"",""similarity"":0.92004,""match_type"":""strict""},{""ground_truth_state"":""Invoice Generation"",""candidate_state"":""Generate Invoice"",""ground_truth_normalized"":""invoice generation"",""candidate_normalized"":""generate invoice"",""similarity"":0.921053,""match_type"":""strict""},{""ground_truth_state"":""Place Order"",""candidate_state"":""Place Order"",""ground_truth_normalized"":""place order"",""candidate_normalized"":""place order"",""similarity"":1.0,""match_type"":""exact_normalized""},{""ground_truth_state"":""Receipt Generation"",""candidate_state"":""Generate Receipt"",""ground_truth_normalized"":""receipt generation"",""candidate_normalized"":""generate receipt"",""similarity"":0.867102,""match_type"":""strict""},{""ground_truth_state"":""Remove Goods"",""candidate_state"":""Remove Goods"",""ground_truth_normalized"":""remove goods"",""candidate_normalized"":""remove goods"",""similarity"":1.0,""match_type"":""exact_normalized""},{""ground_truth_state"":""Search Item"",""candidate_state"":""Search Items"",""ground_truth_normalized"":""search item"",""candidate_normalized"":""search items"",""similarity"":0.946636,""match_type"":""strict""},{""ground_truth_state"":""View Summary Report"",""candidate_state"":""View Summary Report"",""ground_truth_normalized"":""view summary report"",""candidate_normalized"":""view summary report"",""similarity"":1.0,""match_type"":""exact_normalized""}]","[""Authentication Login"",""Customer Request"",""Dashboard"",""Edit Goods"",""Final State"",""Replace Item"",""Tax Generation""]","[""Calculate Discount and Tax"",""Record Customer Requests"",""Update Price""]",16,12,9,7,3,0.75,0.5625,0.642857
Qwen_2.5_7B,syntax_grounded_repair,case_02_inventory,Code\untitled folder\results\plantuml_pipeline\runs\open_source__qwen25_7b_instruct__rag_validation_generator_critic_repair__syntax_grounded_original_rag\case_02_inventory\run_01.puml,dataset\case_02_inventory\diagram.puml,sentence-transformers/all-MiniLM-L6-v2,0.800000,0.650000,"[""Add Goods"",""Authentication Login"",""Cancel Receipt"",""Customer Request"",""Dashboard"",""Edit Goods"",""Expired Goods"",""Final State"",""Invoice Generation"",""Place Order"",""Receipt Generation"",""Remove Goods"",""Replace Item"",""Search Item"",""Tax Generation"",""View Summary Report""]","[""Add New Goods"",""Calculate Discount and Tax"",""Generate Invoice"",""Generate Receipt"",""Identify Expired Goods"",""Place Order"",""Record Customer Requests"",""Remove Goods"",""Replace Item or Cancel Receipt"",""Search Items"",""Update Price"",""View Summary Report""]","[{""ground_truth_state"":""Add Goods"",""candidate_state"":""Add New Goods"",""ground_truth_normalized"":""add goods"",""candidate_normalized"":""add new goods"",""similarity"":0.91487,""match_type"":""strict""},{""ground_truth_state"":""Cancel Receipt"",""candidate_state"":""Replace Item or Cancel Receipt"",""ground_truth_normalized"":""cancel receipt"",""candidate_normalized"":""replace item or cancel receipt"",""similarity"":0.835896,""match_type"":""strict""},{""ground_truth_state"":""Expired Goods"",""candidate_state"":""Identify Expired Goods"",""ground_truth_normalized"":""expired goods"",""candidate_normalized"":""identify expired goods"",""similarity"":0.92004,""match_type"":""strict""},{""ground_truth_state"":""Invoice Generation"",""candidate_state"":""Generate Invoice"",""ground_truth_normalized"":""invoice generation"",""candidate_normalized"":""generate invoice"",""similarity"":0.921053,""match_type"":""strict""},{""ground_truth_state"":""Place Order"",""candidate_state"":""Place Order"",""ground_truth_normalized"":""place order"",""candidate_normalized"":""place order"",""similarity"":1.0,""match_type"":""exact_normalized""},{""ground_truth_state"":""Receipt Generation"",""candidate_state"":""Generate Receipt"",""ground_truth_normalized"":""receipt generation"",""candidate_normalized"":""generate receipt"",""similarity"":0.867102,""match_type"":""strict""},{""ground_truth_state"":""Remove Goods"",""candidate_state"":""Remove Goods"",""ground_truth_normalized"":""remove goods"",""candidate_normalized"":""remove goods"",""similarity"":1.0,""match_type"":""exact_normalized""},{""ground_truth_state"":""Search Item"",""candidate_state"":""Search Items"",""ground_truth_normalized"":""search item"",""candidate_normalized"":""search items"",""similarity"":0.946636,""match_type"":""strict""},{""ground_truth_state"":""View Summary Report"",""candidate_state"":""View Summary Report"",""ground_truth_normalized"":""view summary report"",""candidate_normalized"":""view summary report"",""similarity"":1.0,""match_type"":""exact_normalized""}]","[""Authentication Login"",""Customer Request"",""Dashboard"",""Edit Goods"",""Final State"",""Replace Item"",""Tax Generation""]","[""Calculate Discount and Tax"",""Record Customer Requests"",""Update Price""]",16,12,9,7,3,0.75,0.5625,0.642857
DeepSeek_R1_14B,baseline_repair,case_12_business_process_outsourcing_bpo_management_system_2,Code\untitled folder\results\plantuml_pipeline\runs\open_source__deepseek_r1_14b__few_shot_validation_generator_critic_repair\case_12_business_process_outsourcing_bpo_management_system_2\run_01.puml,dataset\case_12_business_process_outsourcing_bpo_management_system_2\diagram.puml,sentence-transformers/all-MiniLM-L6-v2,0.800000,0.650000,"[""Choose category"",""Choose rate range"",""search and display"",""Search users""]","[""ResultsDisplayed"",""SearchCriteriaEntered"",""Start""]",[],"[""Choose category"",""Choose rate range"",""search and display"",""Search users""]","[""ResultsDisplayed"",""SearchCriteriaEntered"",""Start""]",4,3,0,4,3,0.0,0.0,0.0
DeepSeek_R1_14B,few_shot,case_12_business_process_outsourcing_bpo_management_system_2,Code\untitled folder\results\plantuml_pipeline\runs\open_source__deepseek_r1_14b__few_shot\case_12_business_process_outsourcing_bpo_management_system_2\run_01.puml,dataset\case_12_business_process_outsourcing_bpo_management_system_2\diagram.puml,sentence-transformers/all-MiniLM-L6-v2,0.800000,0.650000,"[""Choose category"",""Choose rate range"",""search and display"",""Search users""]",[],[],"[""Choose category"",""Choose rate range"",""search and display"",""Search users""]",[],4,0,0,4,0,0.0,0.0,0.0
DeepSeek_R1_14B,syntax_grounded_repair,case_12_business_process_outsourcing_bpo_management_system_2,Code\untitled folder\results\plantuml_pipeline\runs\open_source__deepseek_r1_14b__few_shot_validation_generator_critic_repair__syntax_grounded\case_12_business_process_outsourcing_bpo_management_system_2\run_01.puml,dataset\case_12_business_process_outsourcing_bpo_management_system_2\diagram.puml,sentence-transformers/all-MiniLM-L6-v2,0.800000,0.650000,"[""Choose category"",""Choose rate range"",""search and display"",""Search users""]","[""DisplayResults"",""Initial"",""PriceRangeSelected"",""SearchFiltersApplied"",""Terminal""]","[{""ground_truth_state"":""Choose rate range"",""candidate_state"":""PriceRangeSelected"",""ground_truth_normalized"":""choose rate range"",""candidate_normalized"":""price range selected"",""similarity"":0.666872,""match_type"":""relaxed""},{""ground_truth_state"":""search and display"",""candidate_state"":""DisplayResults"",""ground_truth_normalized"":""search and display"",""candidate_normalized"":""display results"",""similarity"":0.656782,""match_type"":""relaxed""}]","[""Choose category"",""Search users""]","[""Initial"",""SearchFiltersApplied"",""Terminal""]",4,5,2,2,3,0.4,0.5,0.444444
Llama_3.1_8B,baseline_repair,case_12_business_process_outsourcing_bpo_management_system_2,Code\untitled folder\results\plantuml_pipeline\runs\open_source__llama31_8b_instruct__few_shot_validation_generator_critic_repair\case_12_business_process_outsourcing_bpo_management_system_2\run_01.puml,dataset\case_12_business_process_outsourcing_bpo_management_system_2\diagram.puml,sentence-transformers/all-MiniLM-L6-v2,0.800000,0.650000,"[""Choose category"",""Choose rate range"",""search and display"",""Search users""]","[""DisplayResults"",""Search"",""SelectPriceRange""]","[{""ground_truth_state"":""search and display"",""candidate_state"":""DisplayResults"",""ground_truth_normalized"":""search and display"",""candidate_normalized"":""display results"",""similarity"":0.656782,""match_type"":""relaxed""},{""ground_truth_state"":""Search users"",""candidate_state"":""Search"",""ground_truth_normalized"":""search users"",""candidate_normalized"":""search"",""similarity"":0.641379,""match_type"":""relaxed_lexical""}]","[""Choose category"",""Choose rate range""]","[""SelectPriceRange""]",4,3,2,2,1,0.666667,0.5,0.571429
Llama_3.1_8B,few_shot,case_12_business_process_outsourcing_bpo_management_system_2,Code\untitled folder\results\plantuml_pipeline\runs\open_source__llama31_8b_instruct__few_shot\case_12_business_process_outsourcing_bpo_management_system_2\run_01.puml,dataset\case_12_business_process_outsourcing_bpo_management_system_2\diagram.puml,sentence-transformers/all-MiniLM-L6-v2,0.800000,0.650000,"[""Choose category"",""Choose rate range"",""search and display"",""Search users""]","[""DisplayResults"",""Search"",""SelectPriceRange""]","[{""ground_truth_state"":""search and display"",""candidate_state"":""DisplayResults"",""ground_truth_normalized"":""search and display"",""candidate_normalized"":""display results"",""similarity"":0.656782,""match_type"":""relaxed""},{""ground_truth_state"":""Search users"",""candidate_state"":""Search"",""ground_truth_normalized"":""search users"",""candidate_normalized"":""search"",""similarity"":0.641379,""match_type"":""relaxed_lexical""}]","[""Choose category"",""Choose rate range""]","[""SelectPriceRange""]",4,3,2,2,1,0.666667,0.5,0.571429
Llama_3.1_8B,syntax_grounded_repair,case_12_business_process_outsourcing_bpo_management_system_2,Code\untitled folder\results\plantuml_pipeline\runs\open_source__llama31_8b_instruct__few_shot_validation_generator_critic_repair__syntax_grounded\case_12_business_process_outsourcing_bpo_management_system_2\run_01.puml,dataset\case_12_business_process_outsourcing_bpo_management_system_2\diagram.puml,sentence-transformers/all-MiniLM-L6-v2,0.800000,0.650000,"[""Choose category"",""Choose rate range"",""search and display"",""Search users""]","[""DisplayResults"",""Search"",""SelectPriceRange""]","[{""ground_truth_state"":""search and display"",""candidate_state"":""DisplayResults"",""ground_truth_normalized"":""search and display"",""candidate_normalized"":""display results"",""similarity"":0.656782,""match_type"":""relaxed""},{""ground_truth_state"":""Search users"",""candidate_state"":""Search"",""ground_truth_normalized"":""search users"",""candidate_normalized"":""search"",""similarity"":0.641379,""match_type"":""relaxed_lexical""}]","[""Choose category"",""Choose rate range""]","[""SelectPriceRange""]",4,3,2,2,1,0.666667,0.5,0.571429
Mistral,baseline_repair,case_12_business_process_outsourcing_bpo_management_system_2,Code\untitled folder\results\plantuml_pipeline\runs\open_source__mistral__rag_validation_generator_critic_repair\case_12_business_process_outsourcing_bpo_management_system_2\run_01.puml,dataset\case_12_business_process_outsourcing_bpo_management_system_2\diagram.puml,sentence-transformers/all-MiniLM-L6-v2,0.800000,0.650000,"[""Choose category"",""Choose rate range"",""search and display"",""Search users""]","[""Add to wishlist"",""Checking"",""EndInvalid"",""EnterDetails"",""Enter username and password"",""Login"",""Move from wishlist to cart"",""NewUser"",""New User Registration"",""Profile"",""RegisteredUser"",""Search users"",""Update Database"",""View current deals"",""View or Edit profile""]","[{""ground_truth_state"":""Search users"",""candidate_state"":""Search users"",""ground_truth_normalized"":""search users"",""candidate_normalized"":""search users"",""similarity"":1.0,""match_type"":""exact_normalized""}]","[""Choose category"",""Choose rate range"",""search and display""]","[""Add to wishlist"",""Checking"",""EndInvalid"",""EnterDetails"",""Enter username and password"",""Login"",""Move from wishlist to cart"",""NewUser"",""New User Registration"",""Profile"",""RegisteredUser"",""Update Database"",""View current deals"",""View or Edit profile""]",4,15,1,3,14,0.066667,0.25,0.105263
Mistral,rag,case_12_business_process_outsourcing_bpo_management_system_2,Code\untitled folder\results\plantuml_pipeline\runs\open_source__mistral__rag\case_12_business_process_outsourcing_bpo_management_system_2\run_01.puml,dataset\case_12_business_process_outsourcing_bpo_management_system_2\diagram.puml,sentence-transformers/all-MiniLM-L6-v2,0.800000,0.650000,"[""Choose category"",""Choose rate range"",""search and display"",""Search users""]","[""Add to wishlist"",""EnterDetails"",""Login"",""Move from wishlist to cart"",""NewUser"",""New User Registration"",""Profile"",""RegisteredUser"",""Search users"",""Update Database"",""View current deals"",""View or Edit profile""]","[{""ground_truth_state"":""Search users"",""candidate_state"":""Search users"",""ground_truth_normalized"":""search users"",""candidate_normalized"":""search users"",""similarity"":1.0,""match_type"":""exact_normalized""}]","[""Choose category"",""Choose rate range"",""search and display""]","[""Add to wishlist"",""EnterDetails"",""Login"",""Move from wishlist to cart"",""NewUser"",""New User Registration"",""Profile"",""RegisteredUser"",""Update Database"",""View current deals"",""View or Edit profile""]",4,12,1,3,11,0.083333,0.25,0.125
Mistral,syntax_grounded_repair,case_12_business_process_outsourcing_bpo_management_system_2,Code\untitled folder\results\plantuml_pipeline\runs\open_source__mistral__rag_validation_generator_critic_repair__syntax_grounded\case_12_business_process_outsourcing_bpo_management_system_2\run_01.puml,dataset\case_12_business_process_outsourcing_bpo_management_system_2\diagram.puml,sentence-transformers/all-MiniLM-L6-v2,0.800000,0.650000,"[""Choose category"",""Choose rate range"",""search and display"",""Search users""]","[""Add to wishlist"",""ChoiceReg"",""EndInvalid"",""EnterDetails"",""Login"",""Move from wishlist to cart"",""NewUser"",""New User Registration"",""Profile"",""RegisteredUser"",""Search users"",""UpdateDB"",""View current deals"",""View or Edit profile""]","[{""ground_truth_state"":""Search users"",""candidate_state"":""Search users"",""ground_truth_normalized"":""search users"",""candidate_normalized"":""search users"",""similarity"":1.0,""match_type"":""exact_normalized""}]","[""Choose category"",""Choose rate range"",""search and display""]","[""Add to wishlist"",""ChoiceReg"",""EndInvalid"",""EnterDetails"",""Login"",""Move from wishlist to cart"",""NewUser"",""New User Registration"",""Profile"",""RegisteredUser"",""UpdateDB"",""View current deals"",""View or Edit profile""]",4,14,1,3,13,0.071429,0.25,0.111111
Qwen_2.5_7B,baseline_repair,case_12_business_process_outsourcing_bpo_management_system_2,Code\untitled folder\results\plantuml_pipeline\runs\open_source__qwen25_7b_instruct__rag_validation_generator_critic_repair\case_12_business_process_outsourcing_bpo_management_system_2\run_01.puml,dataset\case_12_business_process_outsourcing_bpo_management_system_2\diagram.puml,sentence-transformers/all-MiniLM-L6-v2,0.800000,0.650000,"[""Choose category"",""Choose rate range"",""search and display"",""Search users""]","[""DisplayResults"",""FilterCategory"",""PriceRange"",""SearchCriteria""]","[{""ground_truth_state"":""search and display"",""candidate_state"":""DisplayResults"",""ground_truth_normalized"":""search and display"",""candidate_normalized"":""display results"",""similarity"":0.656782,""match_type"":""relaxed""}]","[""Choose category"",""Choose rate range"",""Search users""]","[""FilterCategory"",""PriceRange"",""SearchCriteria""]",4,4,1,3,3,0.25,0.25,0.25
Qwen_2.5_7B,rag,case_12_business_process_outsourcing_bpo_management_system_2,Code\untitled folder\results\plantuml_pipeline\runs\open_source__qwen25_7b_instruct__rag\case_12_business_process_outsourcing_bpo_management_system_2\run_01.puml,dataset\case_12_business_process_outsourcing_bpo_management_system_2\diagram.puml,sentence-transformers/all-MiniLM-L6-v2,0.800000,0.650000,"[""Choose category"",""Choose rate range"",""search and display"",""Search users""]","[""DisplayResults"",""FilterCategory"",""PriceRange"",""SearchCriteria""]","[{""ground_truth_state"":""search and display"",""candidate_state"":""DisplayResults"",""ground_truth_normalized"":""search and display"",""candidate_normalized"":""display results"",""similarity"":0.656782,""match_type"":""relaxed""}]","[""Choose category"",""Choose rate range"",""Search users""]","[""FilterCategory"",""PriceRange"",""SearchCriteria""]",4,4,1,3,3,0.25,0.25,0.25
Qwen_2.5_7B,syntax_grounded_repair,case_12_business_process_outsourcing_bpo_management_system_2,Code\untitled folder\results\plantuml_pipeline\runs\open_source__qwen25_7b_instruct__rag_validation_generator_critic_repair__syntax_grounded_original_rag\case_12_business_process_outsourcing_bpo_management_system_2\run_01.puml,dataset\case_12_business_process_outsourcing_bpo_management_system_2\diagram.puml,sentence-transformers/all-MiniLM-L6-v2,0.800000,0.650000,"[""Choose category"",""Choose rate range"",""search and display"",""Search users""]","[""DisplayResults"",""FilterCategory"",""PriceRange"",""SearchCriteria""]","[{""ground_truth_state"":""search and display"",""candidate_state"":""DisplayResults"",""ground_truth_normalized"":""search and display"",""candidate_normalized"":""display results"",""similarity"":0.656782,""match_type"":""relaxed""}]","[""Choose category"",""Choose rate range"",""Search users""]","[""FilterCategory"",""PriceRange"",""SearchCriteria""]",4,4,1,3,3,0.25,0.25,0.25
DeepSeek_R1_14B,baseline_repair,case_15_e_ticketing_for_bus,Code\untitled folder\results\plantuml_pipeline\runs\open_source__deepseek_r1_14b__few_shot_validation_generator_critic_repair\case_15_e_ticketing_for_bus\run_01.puml,dataset\case_15_e_ticketing_for_bus\diagram.puml,sentence-transformers/all-MiniLM-L6-v2,0.800000,0.650000,"[""CheckStatus"",""Confirmation"",""Login"",""LoginStart"",""Logout"",""ManageAccount"",""Payment"",""Register"",""Reservation""]","[""BookTicket"",""CheckTicketStatus"",""ConfirmPayment"",""CreateUser"",""End"",""Login"",""Logout"",""MainMenu"",""ManageAccount"",""Start"",""ValidateRegistration""]","[{""ground_truth_state"":""CheckStatus"",""candidate_state"":""CheckTicketStatus"",""ground_truth_normalized"":""check status"",""candidate_normalized"":""check ticket status"",""similarity"":0.749933,""match_type"":""relaxed_lexical""},{""ground_truth_state"":""Login"",""candidate_state"":""Login"",""ground_truth_normalized"":""login"",""candidate_normalized"":""login"",""similarity"":1.0,""match_type"":""exact_normalized""},{""ground_truth_state"":""Logout"",""candidate_state"":""Logout"",""ground_truth_normalized"":""logout"",""candidate_normalized"":""logout"",""similarity"":1.0,""match_type"":""exact_normalized""},{""ground_truth_state"":""ManageAccount"",""candidate_state"":""ManageAccount"",""ground_truth_normalized"":""manage account"",""candidate_normalized"":""manage account"",""similarity"":1.0,""match_type"":""exact_normalized""},{""ground_truth_state"":""Payment"",""candidate_state"":""ConfirmPayment"",""ground_truth_normalized"":""payment"",""candidate_normalized"":""confirm payment"",""similarity"":0.778653,""match_type"":""relaxed_lexical""},{""ground_truth_state"":""Register"",""candidate_state"":""ValidateRegistration"",""ground_truth_normalized"":""registration"",""candidate_normalized"":""validate registration"",""similarity"":0.73509,""match_type"":""relaxed_lexical""}]","[""Confirmation"",""LoginStart"",""Reservation""]","[""BookTicket"",""CreateUser"",""End"",""MainMenu"",""Start""]",9,11,6,3,5,0.545455,0.666667,0.6
DeepSeek_R1_14B,few_shot,case_15_e_ticketing_for_bus,Code\untitled folder\results\plantuml_pipeline\runs\open_source__deepseek_r1_14b__few_shot\case_15_e_ticketing_for_bus\run_01.puml,dataset\case_15_e_ticketing_for_bus\diagram.puml,sentence-transformers/all-MiniLM-L6-v2,0.800000,0.650000,"[""CheckStatus"",""Confirmation"",""Login"",""LoginStart"",""Logout"",""ManageAccount"",""Payment"",""Register"",""Reservation""]","[""BookTicket"",""CheckTicketStatus"",""ConfirmPayment"",""CreateUser"",""End"",""Login"",""Logout"",""MainMenu"",""ManageAccount"",""Start"",""ValidateRegistration""]","[{""ground_truth_state"":""CheckStatus"",""candidate_state"":""CheckTicketStatus"",""ground_truth_normalized"":""check status"",""candidate_normalized"":""check ticket status"",""similarity"":0.749933,""match_type"":""relaxed_lexical""},{""ground_truth_state"":""Login"",""candidate_state"":""Login"",""ground_truth_normalized"":""login"",""candidate_normalized"":""login"",""similarity"":1.0,""match_type"":""exact_normalized""},{""ground_truth_state"":""Logout"",""candidate_state"":""Logout"",""ground_truth_normalized"":""logout"",""candidate_normalized"":""logout"",""similarity"":1.0,""match_type"":""exact_normalized""},{""ground_truth_state"":""ManageAccount"",""candidate_state"":""ManageAccount"",""ground_truth_normalized"":""manage account"",""candidate_normalized"":""manage account"",""similarity"":1.0,""match_type"":""exact_normalized""},{""ground_truth_state"":""Payment"",""candidate_state"":""ConfirmPayment"",""ground_truth_normalized"":""payment"",""candidate_normalized"":""confirm payment"",""similarity"":0.778653,""match_type"":""relaxed_lexical""},{""ground_truth_state"":""Register"",""candidate_state"":""ValidateRegistration"",""ground_truth_normalized"":""registration"",""candidate_normalized"":""validate registration"",""similarity"":0.73509,""match_type"":""relaxed_lexical""}]","[""Confirmation"",""LoginStart"",""Reservation""]","[""BookTicket"",""CreateUser"",""End"",""MainMenu"",""Start""]",9,11,6,3,5,0.545455,0.666667,0.6
DeepSeek_R1_14B,syntax_grounded_repair,case_15_e_ticketing_for_bus,Code\untitled folder\results\plantuml_pipeline\runs\open_source__deepseek_r1_14b__few_shot_validation_generator_critic_repair__syntax_grounded\case_15_e_ticketing_for_bus\run_01.puml,dataset\case_15_e_ticketing_for_bus\diagram.puml,sentence-transformers/all-MiniLM-L6-v2,0.800000,0.650000,"[""CheckStatus"",""Confirmation"",""Login"",""LoginStart"",""Logout"",""ManageAccount"",""Payment"",""Register"",""Reservation""]","[""BookTicket"",""CheckTicketStatus"",""ConfirmPayment"",""CreateUser"",""End"",""Login"",""Logout"",""MainMenu"",""ManageAccount"",""Start"",""ValidateRegistration""]","[{""ground_truth_state"":""CheckStatus"",""candidate_state"":""CheckTicketStatus"",""ground_truth_normalized"":""check status"",""candidate_normalized"":""check ticket status"",""similarity"":0.749933,""match_type"":""relaxed_lexical""},{""ground_truth_state"":""Login"",""candidate_state"":""Login"",""ground_truth_normalized"":""login"",""candidate_normalized"":""login"",""similarity"":1.0,""match_type"":""exact_normalized""},{""ground_truth_state"":""Logout"",""candidate_state"":""Logout"",""ground_truth_normalized"":""logout"",""candidate_normalized"":""logout"",""similarity"":1.0,""match_type"":""exact_normalized""},{""ground_truth_state"":""ManageAccount"",""candidate_state"":""ManageAccount"",""ground_truth_normalized"":""manage account"",""candidate_normalized"":""manage account"",""similarity"":1.0,""match_type"":""exact_normalized""},{""ground_truth_state"":""Payment"",""candidate_state"":""ConfirmPayment"",""ground_truth_normalized"":""payment"",""candidate_normalized"":""confirm payment"",""similarity"":0.778653,""match_type"":""relaxed_lexical""},{""ground_truth_state"":""Register"",""candidate_state"":""ValidateRegistration"",""ground_truth_normalized"":""registration"",""candidate_normalized"":""validate registration"",""similarity"":0.73509,""match_type"":""relaxed_lexical""}]","[""Confirmation"",""LoginStart"",""Reservation""]","[""BookTicket"",""CreateUser"",""End"",""MainMenu"",""Start""]",9,11,6,3,5,0.545455,0.666667,0.6
Llama_3.1_8B,baseline_repair,case_15_e_ticketing_for_bus,Code\untitled folder\results\plantuml_pipeline\runs\open_source__llama31_8b_instruct__few_shot_validation_generator_critic_repair\case_15_e_ticketing_for_bus\run_01.puml,dataset\case_15_e_ticketing_for_bus\diagram.puml,sentence-transformers/all-MiniLM-L6-v2,0.800000,0.650000,"[""CheckStatus"",""Confirmation"",""Login"",""LoginStart"",""Logout"",""ManageAccount"",""Payment"",""Register"",""Reservation""]","[""Book Ticket"",""Check Ticket Status"",""Create User"",""Login"",""Logout"",""Manage Account"",""Validate User""]","[{""ground_truth_state"":""CheckStatus"",""candidate_state"":""Check Ticket Status"",""ground_truth_normalized"":""check status"",""candidate_normalized"":""check ticket status"",""similarity"":0.749933,""match_type"":""relaxed_lexical""},{""ground_truth_state"":""Login"",""candidate_state"":""Login"",""ground_truth_normalized"":""login"",""candidate_normalized"":""login"",""similarity"":1.0,""match_type"":""exact_normalized""},{""ground_truth_state"":""Logout"",""candidate_state"":""Logout"",""ground_truth_normalized"":""logout"",""candidate_normalized"":""logout"",""similarity"":1.0,""match_type"":""exact_normalized""},{""ground_truth_state"":""ManageAccount"",""candidate_state"":""Manage Account"",""ground_truth_normalized"":""manage account"",""candidate_normalized"":""manage account"",""similarity"":1.0,""match_type"":""exact_normalized""}]","[""Confirmation"",""LoginStart"",""Payment"",""Register"",""Reservation""]","[""Book Ticket"",""Create User"",""Validate User""]",9,7,4,5,3,0.571429,0.444444,0.5
Llama_3.1_8B,few_shot,case_15_e_ticketing_for_bus,Code\untitled folder\results\plantuml_pipeline\runs\open_source__llama31_8b_instruct__few_shot\case_15_e_ticketing_for_bus\run_01.puml,dataset\case_15_e_ticketing_for_bus\diagram.puml,sentence-transformers/all-MiniLM-L6-v2,0.800000,0.650000,"[""CheckStatus"",""Confirmation"",""Login"",""LoginStart"",""Logout"",""ManageAccount"",""Payment"",""Register"",""Reservation""]","[""Book Ticket"",""Check Ticket Status"",""Create User"",""Login"",""Logout"",""Manage Account"",""Validate User""]","[{""ground_truth_state"":""CheckStatus"",""candidate_state"":""Check Ticket Status"",""ground_truth_normalized"":""check status"",""candidate_normalized"":""check ticket status"",""similarity"":0.749933,""match_type"":""relaxed_lexical""},{""ground_truth_state"":""Login"",""candidate_state"":""Login"",""ground_truth_normalized"":""login"",""candidate_normalized"":""login"",""similarity"":1.0,""match_type"":""exact_normalized""},{""ground_truth_state"":""Logout"",""candidate_state"":""Logout"",""ground_truth_normalized"":""logout"",""candidate_normalized"":""logout"",""similarity"":1.0,""match_type"":""exact_normalized""},{""ground_truth_state"":""ManageAccount"",""candidate_state"":""Manage Account"",""ground_truth_normalized"":""manage account"",""candidate_normalized"":""manage account"",""similarity"":1.0,""match_type"":""exact_normalized""}]","[""Confirmation"",""LoginStart"",""Payment"",""Register"",""Reservation""]","[""Book Ticket"",""Create User"",""Validate User""]",9,7,4,5,3,0.571429,0.444444,0.5
Llama_3.1_8B,syntax_grounded_repair,case_15_e_ticketing_for_bus,Code\untitled folder\results\plantuml_pipeline\runs\open_source__llama31_8b_instruct__few_shot_validation_generator_critic_repair__syntax_grounded\case_15_e_ticketing_for_bus\run_01.puml,dataset\case_15_e_ticketing_for_bus\diagram.puml,sentence-transformers/all-MiniLM-L6-v2,0.800000,0.650000,"[""CheckStatus"",""Confirmation"",""Login"",""LoginStart"",""Logout"",""ManageAccount"",""Payment"",""Register"",""Reservation""]","[""Book Ticket"",""Check Ticket Status"",""Create User"",""Login"",""Logout"",""Manage Account"",""Validate User""]","[{""ground_truth_state"":""CheckStatus"",""candidate_state"":""Check Ticket Status"",""ground_truth_normalized"":""check status"",""candidate_normalized"":""check ticket status"",""similarity"":0.749933,""match_type"":""relaxed_lexical""},{""ground_truth_state"":""Login"",""candidate_state"":""Login"",""ground_truth_normalized"":""login"",""candidate_normalized"":""login"",""similarity"":1.0,""match_type"":""exact_normalized""},{""ground_truth_state"":""Logout"",""candidate_state"":""Logout"",""ground_truth_normalized"":""logout"",""candidate_normalized"":""logout"",""similarity"":1.0,""match_type"":""exact_normalized""},{""ground_truth_state"":""ManageAccount"",""candidate_state"":""Manage Account"",""ground_truth_normalized"":""manage account"",""candidate_normalized"":""manage account"",""similarity"":1.0,""match_type"":""exact_normalized""}]","[""Confirmation"",""LoginStart"",""Payment"",""Register"",""Reservation""]","[""Book Ticket"",""Create User"",""Validate User""]",9,7,4,5,3,0.571429,0.444444,0.5
Mistral,baseline_repair,case_15_e_ticketing_for_bus,Code\untitled folder\results\plantuml_pipeline\runs\open_source__mistral__rag_validation_generator_critic_repair\case_15_e_ticketing_for_bus\run_01.puml,dataset\case_15_e_ticketing_for_bus\diagram.puml,sentence-transformers/all-MiniLM-L6-v2,0.800000,0.650000,"[""CheckStatus"",""Confirmation"",""Login"",""LoginStart"",""Logout"",""ManageAccount"",""Payment"",""Register"",""Reservation""]","[""BookTicket"",""Dashboard"",""LoggedIn"",""OrderCompleted"",""PaymentConfirmation"",""Settings""]","[{""ground_truth_state"":""Login"",""candidate_state"":""LoggedIn"",""ground_truth_normalized"":""login"",""candidate_normalized"":""logged in"",""similarity"":0.850182,""match_type"":""strict""},{""ground_truth_state"":""Payment"",""candidate_state"":""PaymentConfirmation"",""ground_truth_normalized"":""payment"",""candidate_normalized"":""payment confirmation"",""similarity"":0.752168,""match_type"":""relaxed_lexical""}]","[""CheckStatus"",""Confirmation"",""LoginStart"",""Logout"",""ManageAccount"",""Register"",""Reservation""]","[""BookTicket"",""Dashboard"",""OrderCompleted"",""Settings""]",9,6,2,7,4,0.333333,0.222222,0.266667
Mistral,rag,case_15_e_ticketing_for_bus,Code\untitled folder\results\plantuml_pipeline\runs\open_source__mistral__rag\case_15_e_ticketing_for_bus\run_01.puml,dataset\case_15_e_ticketing_for_bus\diagram.puml,sentence-transformers/all-MiniLM-L6-v2,0.800000,0.650000,"[""CheckStatus"",""Confirmation"",""Login"",""LoginStart"",""Logout"",""ManageAccount"",""Payment"",""Register"",""Reservation""]","[""BookTicket"",""Dashboard"",""LoggedIn"",""OrderCompleted"",""PaymentConfirmation"",""Settings""]","[{""ground_truth_state"":""Login"",""candidate_state"":""LoggedIn"",""ground_truth_normalized"":""login"",""candidate_normalized"":""logged in"",""similarity"":0.850182,""match_type"":""strict""},{""ground_truth_state"":""Payment"",""candidate_state"":""PaymentConfirmation"",""ground_truth_normalized"":""payment"",""candidate_normalized"":""payment confirmation"",""similarity"":0.752168,""match_type"":""relaxed_lexical""}]","[""CheckStatus"",""Confirmation"",""LoginStart"",""Logout"",""ManageAccount"",""Register"",""Reservation""]","[""BookTicket"",""Dashboard"",""OrderCompleted"",""Settings""]",9,6,2,7,4,0.333333,0.222222,0.266667
Mistral,syntax_grounded_repair,case_15_e_ticketing_for_bus,Code\untitled folder\results\plantuml_pipeline\runs\open_source__mistral__rag_validation_generator_critic_repair__syntax_grounded\case_15_e_ticketing_for_bus\run_01.puml,dataset\case_15_e_ticketing_for_bus\diagram.puml,sentence-transformers/all-MiniLM-L6-v2,0.800000,0.650000,"[""CheckStatus"",""Confirmation"",""Login"",""LoginStart"",""Logout"",""ManageAccount"",""Payment"",""Register"",""Reservation""]","[""BookTicket"",""Dashboard"",""LoggedIn"",""OrderCompleted"",""PaymentConfirmation"",""Settings""]","[{""ground_truth_state"":""Login"",""candidate_state"":""LoggedIn"",""ground_truth_normalized"":""login"",""candidate_normalized"":""logged in"",""similarity"":0.850182,""match_type"":""strict""},{""ground_truth_state"":""Payment"",""candidate_state"":""PaymentConfirmation"",""ground_truth_normalized"":""payment"",""candidate_normalized"":""payment confirmation"",""similarity"":0.752168,""match_type"":""relaxed_lexical""}]","[""CheckStatus"",""Confirmation"",""LoginStart"",""Logout"",""ManageAccount"",""Register"",""Reservation""]","[""BookTicket"",""Dashboard"",""OrderCompleted"",""Settings""]",9,6,2,7,4,0.333333,0.222222,0.266667
Qwen_2.5_7B,baseline_repair,case_15_e_ticketing_for_bus,Code\untitled folder\results\plantuml_pipeline\runs\open_source__qwen25_7b_instruct__rag_validation_generator_critic_repair\case_15_e_ticketing_for_bus\run_01.puml,dataset\case_15_e_ticketing_for_bus\diagram.puml,sentence-transformers/all-MiniLM-L6-v2,0.800000,0.650000,"[""CheckStatus"",""Confirmation"",""Login"",""LoginStart"",""Logout"",""ManageAccount"",""Payment"",""Register"",""Reservation""]","[""Authenticate"",""BookTicket"",""CheckTicketStatus"",""ConfirmBooking"",""Dashboard"",""DeleteAccount"",""EditDetails"",""EnterDetails"",""Login"",""LoginFailed"",""LoginSuccess"",""Logout"",""MakePayment"",""ManageAccount"",""PaymentSuccess"",""ReEnterDetails"",""Registration"",""RegistrationComplete"",""ValidateDetails""]","[{""ground_truth_state"":""CheckStatus"",""candidate_state"":""CheckTicketStatus"",""ground_truth_normalized"":""check status"",""candidate_normalized"":""check ticket status"",""similarity"":0.749933,""match_type"":""relaxed_lexical""},{""ground_truth_state"":""Login"",""candidate_state"":""Login"",""ground_truth_normalized"":""login"",""candidate_normalized"":""login"",""similarity"":1.0,""match_type"":""exact_normalized""},{""ground_truth_state"":""LoginStart"",""candidate_state"":""LoginSuccess"",""ground_truth_normalized"":""login start"",""candidate_normalized"":""login success"",""similarity"":0.72129,""match_type"":""relaxed""},{""ground_truth_state"":""Logout"",""candidate_state"":""Logout"",""ground_truth_normalized"":""logout"",""candidate_normalized"":""logout"",""similarity"":1.0,""match_type"":""exact_normalized""},{""ground_truth_state"":""ManageAccount"",""candidate_state"":""ManageAccount"",""ground_truth_normalized"":""manage account"",""candidate_normalized"":""manage account"",""similarity"":1.0,""match_type"":""exact_normalized""},{""ground_truth_state"":""Payment"",""candidate_state"":""MakePayment"",""ground_truth_normalized"":""payment"",""candidate_normalized"":""make payment"",""similarity"":0.888751,""match_type"":""strict""},{""ground_truth_state"":""Register"",""candidate_state"":""Registration"",""ground_truth_normalized"":""registration"",""candidate_normalized"":""registration"",""similarity"":1.0,""match_type"":""exact_normalized""}]","[""Confirmation"",""Reservation""]","[""Authenticate"",""BookTicket"",""ConfirmBooking"",""Dashboard"",""DeleteAccount"",""EditDetails"",""EnterDetails"",""LoginFailed"",""PaymentSuccess"",""ReEnterDetails"",""RegistrationComplete"",""ValidateDetails""]",9,19,7,2,12,0.368421,0.777778,0.5
Qwen_2.5_7B,rag,case_15_e_ticketing_for_bus,Code\untitled folder\results\plantuml_pipeline\runs\open_source__qwen25_7b_instruct__rag\case_15_e_ticketing_for_bus\run_01.puml,dataset\case_15_e_ticketing_for_bus\diagram.puml,sentence-transformers/all-MiniLM-L6-v2,0.800000,0.650000,"[""CheckStatus"",""Confirmation"",""Login"",""LoginStart"",""Logout"",""ManageAccount"",""Payment"",""Register"",""Reservation""]","[""Authenticate"",""BookTicket"",""CheckTicketStatus"",""ConfirmBooking"",""Dashboard"",""DeleteAccount"",""EditDetails"",""EnterDetails"",""Login"",""LoginFailed"",""LoginSuccess"",""Logout"",""MakePayment"",""ManageAccount"",""PaymentSuccess"",""ReEnterDetails"",""Registration"",""RegistrationComplete"",""ValidateDetails""]","[{""ground_truth_state"":""CheckStatus"",""candidate_state"":""CheckTicketStatus"",""ground_truth_normalized"":""check status"",""candidate_normalized"":""check ticket status"",""similarity"":0.749933,""match_type"":""relaxed_lexical""},{""ground_truth_state"":""Login"",""candidate_state"":""Login"",""ground_truth_normalized"":""login"",""candidate_normalized"":""login"",""similarity"":1.0,""match_type"":""exact_normalized""},{""ground_truth_state"":""LoginStart"",""candidate_state"":""LoginSuccess"",""ground_truth_normalized"":""login start"",""candidate_normalized"":""login success"",""similarity"":0.72129,""match_type"":""relaxed""},{""ground_truth_state"":""Logout"",""candidate_state"":""Logout"",""ground_truth_normalized"":""logout"",""candidate_normalized"":""logout"",""similarity"":1.0,""match_type"":""exact_normalized""},{""ground_truth_state"":""ManageAccount"",""candidate_state"":""ManageAccount"",""ground_truth_normalized"":""manage account"",""candidate_normalized"":""manage account"",""similarity"":1.0,""match_type"":""exact_normalized""},{""ground_truth_state"":""Payment"",""candidate_state"":""MakePayment"",""ground_truth_normalized"":""payment"",""candidate_normalized"":""make payment"",""similarity"":0.888751,""match_type"":""strict""},{""ground_truth_state"":""Register"",""candidate_state"":""Registration"",""ground_truth_normalized"":""registration"",""candidate_normalized"":""registration"",""similarity"":1.0,""match_type"":""exact_normalized""}]","[""Confirmation"",""Reservation""]","[""Authenticate"",""BookTicket"",""ConfirmBooking"",""Dashboard"",""DeleteAccount"",""EditDetails"",""EnterDetails"",""LoginFailed"",""PaymentSuccess"",""ReEnterDetails"",""RegistrationComplete"",""ValidateDetails""]",9,19,7,2,12,0.368421,0.777778,0.5
Qwen_2.5_7B,syntax_grounded_repair,case_15_e_ticketing_for_bus,Code\untitled folder\results\plantuml_pipeline\runs\open_source__qwen25_7b_instruct__rag_validation_generator_critic_repair__syntax_grounded_original_rag\case_15_e_ticketing_for_bus\run_01.puml,dataset\case_15_e_ticketing_for_bus\diagram.puml,sentence-transformers/all-MiniLM-L6-v2,0.800000,0.650000,"[""CheckStatus"",""Confirmation"",""Login"",""LoginStart"",""Logout"",""ManageAccount"",""Payment"",""Register"",""Reservation""]","[""Authenticate"",""BookTicket"",""CheckTicketStatus"",""ConfirmBooking"",""Dashboard"",""DeleteAccount"",""EditDetails"",""EnterDetails"",""Login"",""LoginFailed"",""LoginSuccess"",""Logout"",""MakePayment"",""ManageAccount"",""PaymentSuccess"",""ReEnterDetails"",""Registration"",""RegistrationComplete"",""ValidateDetails""]","[{""ground_truth_state"":""CheckStatus"",""candidate_state"":""CheckTicketStatus"",""ground_truth_normalized"":""check status"",""candidate_normalized"":""check ticket status"",""similarity"":0.749933,""match_type"":""relaxed_lexical""},{""ground_truth_state"":""Login"",""candidate_state"":""Login"",""ground_truth_normalized"":""login"",""candidate_normalized"":""login"",""similarity"":1.0,""match_type"":""exact_normalized""},{""ground_truth_state"":""LoginStart"",""candidate_state"":""LoginSuccess"",""ground_truth_normalized"":""login start"",""candidate_normalized"":""login success"",""similarity"":0.72129,""match_type"":""relaxed""},{""ground_truth_state"":""Logout"",""candidate_state"":""Logout"",""ground_truth_normalized"":""logout"",""candidate_normalized"":""logout"",""similarity"":1.0,""match_type"":""exact_normalized""},{""ground_truth_state"":""ManageAccount"",""candidate_state"":""ManageAccount"",""ground_truth_normalized"":""manage account"",""candidate_normalized"":""manage account"",""similarity"":1.0,""match_type"":""exact_normalized""},{""ground_truth_state"":""Payment"",""candidate_state"":""MakePayment"",""ground_truth_normalized"":""payment"",""candidate_normalized"":""make payment"",""similarity"":0.888751,""match_type"":""strict""},{""ground_truth_state"":""Register"",""candidate_state"":""Registration"",""ground_truth_normalized"":""registration"",""candidate_normalized"":""registration"",""similarity"":1.0,""match_type"":""exact_normalized""}]","[""Confirmation"",""Reservation""]","[""Authenticate"",""BookTicket"",""ConfirmBooking"",""Dashboard"",""DeleteAccount"",""EditDetails"",""EnterDetails"",""LoginFailed"",""PaymentSuccess"",""ReEnterDetails"",""RegistrationComplete"",""ValidateDetails""]",9,19,7,2,12,0.368421,0.777778,0.5
DeepSeek_R1_14B,baseline_repair,case_16_weather_monitoring_system,Code\untitled folder\results\plantuml_pipeline\runs\open_source__deepseek_r1_14b__few_shot_validation_generator_critic_repair\case_16_weather_monitoring_system\run_01.puml,dataset\case_16_weather_monitoring_system\diagram.puml,sentence-transformers/all-MiniLM-L6-v2,0.800000,0.650000,"[""Alert"",""Display"",""FuturePrediction"",""Graph"",""LiveUpdate"",""login"",""Logout"",""MeasureDewPoint"",""MeasureHumidity"",""MeasurePressure"",""MeasureRainfall"",""MeasureTemperature"",""NewLocation"",""Register"",""UserLocation"",""WeatherStatus"",""WeeklyAnalysis""]","[""LoggedIn"",""LoggedOut"",""Start""]","[{""ground_truth_state"":""login"",""candidate_state"":""LoggedIn"",""ground_truth_normalized"":""login"",""candidate_normalized"":""logged in"",""similarity"":0.850182,""match_type"":""strict""},{""ground_truth_state"":""Logout"",""candidate_state"":""LoggedOut"",""ground_truth_normalized"":""logout"",""candidate_normalized"":""logout"",""similarity"":1.0,""match_type"":""exact_normalized""}]","[""Alert"",""Display"",""FuturePrediction"",""Graph"",""LiveUpdate"",""MeasureDewPoint"",""MeasureHumidity"",""MeasurePressure"",""MeasureRainfall"",""MeasureTemperature"",""NewLocation"",""Register"",""UserLocation"",""WeatherStatus"",""WeeklyAnalysis""]","[""Start""]",17,3,2,15,1,0.666667,0.117647,0.2
DeepSeek_R1_14B,few_shot,case_16_weather_monitoring_system,Code\untitled folder\results\plantuml_pipeline\runs\open_source__deepseek_r1_14b__few_shot\case_16_weather_monitoring_system\run_01.puml,dataset\case_16_weather_monitoring_system\diagram.puml,sentence-transformers/all-MiniLM-L6-v2,0.800000,0.650000,"[""Alert"",""Display"",""FuturePrediction"",""Graph"",""LiveUpdate"",""login"",""Logout"",""MeasureDewPoint"",""MeasureHumidity"",""MeasurePressure"",""MeasureRainfall"",""MeasureTemperature"",""NewLocation"",""Register"",""UserLocation"",""WeatherStatus"",""WeeklyAnalysis""]","[""AdditionalDetails"",""CreateUser"",""Failed Login"",""Failed Registration"",""LocationInvalid"",""Login"",""Logout"",""Successful Login"",""Successful Registration"",""WeatherCheck"",""WeatherInfo""]","[{""ground_truth_state"":""login"",""candidate_state"":""Login"",""ground_truth_normalized"":""login"",""candidate_normalized"":""login"",""similarity"":1.0,""match_type"":""exact_normalized""},{""ground_truth_state"":""Logout"",""candidate_state"":""Logout"",""ground_truth_normalized"":""logout"",""candidate_normalized"":""logout"",""similarity"":1.0,""match_type"":""exact_normalized""},{""ground_truth_state"":""Register"",""candidate_state"":""Successful Registration"",""ground_truth_normalized"":""registration"",""candidate_normalized"":""successful registration"",""similarity"":0.861216,""match_type"":""strict""},{""ground_truth_state"":""WeatherStatus"",""candidate_state"":""WeatherInfo"",""ground_truth_normalized"":""weather status"",""candidate_normalized"":""weather info"",""similarity"":0.799595,""match_type"":""relaxed""}]","[""Alert"",""Display"",""FuturePrediction"",""Graph"",""LiveUpdate"",""MeasureDewPoint"",""MeasureHumidity"",""MeasurePressure"",""MeasureRainfall"",""MeasureTemperature"",""NewLocation"",""UserLocation"",""WeeklyAnalysis""]","[""AdditionalDetails"",""CreateUser"",""Failed Login"",""Failed Registration"",""LocationInvalid"",""Successful Login"",""WeatherCheck""]",17,11,4,13,7,0.363636,0.235294,0.285714
DeepSeek_R1_14B,syntax_grounded_repair,case_16_weather_monitoring_system,Code\untitled folder\results\plantuml_pipeline\runs\open_source__deepseek_r1_14b__few_shot_validation_generator_critic_repair__syntax_grounded\case_16_weather_monitoring_system\run_01.puml,dataset\case_16_weather_monitoring_system\diagram.puml,sentence-transformers/all-MiniLM-L6-v2,0.800000,0.650000,"[""Alert"",""Display"",""FuturePrediction"",""Graph"",""LiveUpdate"",""login"",""Logout"",""MeasureDewPoint"",""MeasureHumidity"",""MeasurePressure"",""MeasureRainfall"",""MeasureTemperature"",""NewLocation"",""Register"",""UserLocation"",""WeatherStatus"",""WeeklyAnalysis""]","[""CheckWeather"",""CreateUser"",""Failure"",""Login"",""Logout"",""Success"",""ViewDetails""]","[{""ground_truth_state"":""login"",""candidate_state"":""Login"",""ground_truth_normalized"":""login"",""candidate_normalized"":""login"",""similarity"":1.0,""match_type"":""exact_normalized""},{""ground_truth_state"":""Logout"",""candidate_state"":""Logout"",""ground_truth_normalized"":""logout"",""candidate_normalized"":""logout"",""similarity"":1.0,""match_type"":""exact_normalized""},{""ground_truth_state"":""WeatherStatus"",""candidate_state"":""CheckWeather"",""ground_truth_normalized"":""weather status"",""candidate_normalized"":""check weather"",""similarity"":0.72821,""match_type"":""relaxed""}]","[""Alert"",""Display"",""FuturePrediction"",""Graph"",""LiveUpdate"",""MeasureDewPoint"",""MeasureHumidity"",""MeasurePressure"",""MeasureRainfall"",""MeasureTemperature"",""NewLocation"",""Register"",""UserLocation"",""WeeklyAnalysis""]","[""CreateUser"",""Failure"",""Success"",""ViewDetails""]",17,7,3,14,4,0.428571,0.176471,0.25
Llama_3.1_8B,baseline_repair,case_16_weather_monitoring_system,Code\untitled folder\results\plantuml_pipeline\runs\open_source__llama31_8b_instruct__few_shot_validation_generator_critic_repair\case_16_weather_monitoring_system\run_01.puml,dataset\case_16_weather_monitoring_system\diagram.puml,sentence-transformers/all-MiniLM-L6-v2,0.800000,0.650000,"[""Alert"",""Display"",""FuturePrediction"",""Graph"",""LiveUpdate"",""login"",""Logout"",""MeasureDewPoint"",""MeasureHumidity"",""MeasurePressure"",""MeasureRainfall"",""MeasureTemperature"",""NewLocation"",""Register"",""UserLocation"",""WeatherStatus"",""WeeklyAnalysis""]","[""Check weather"",""Create account"",""Idle"",""Invalid login"",""Invalid registration"",""Login"",""Logout"",""Select weather parameter"",""Update weather information"",""View additional weather details""]","[{""ground_truth_state"":""login"",""candidate_state"":""Login"",""ground_truth_normalized"":""login"",""candidate_normalized"":""login"",""similarity"":1.0,""match_type"":""exact_normalized""},{""ground_truth_state"":""Logout"",""candidate_state"":""Logout"",""ground_truth_normalized"":""logout"",""candidate_normalized"":""logout"",""similarity"":1.0,""match_type"":""exact_normalized""},{""ground_truth_state"":""Register"",""candidate_state"":""Invalid registration"",""ground_truth_normalized"":""registration"",""candidate_normalized"":""invalid registration"",""similarity"":0.735135,""match_type"":""relaxed_lexical""},{""ground_truth_state"":""WeatherStatus"",""candidate_state"":""Update weather information"",""ground_truth_normalized"":""weather status"",""candidate_normalized"":""update weather information"",""similarity"":0.73935,""match_type"":""relaxed""}]","[""Alert"",""Display"",""FuturePrediction"",""Graph"",""LiveUpdate"",""MeasureDewPoint"",""MeasureHumidity"",""MeasurePressure"",""MeasureRainfall"",""MeasureTemperature"",""NewLocation"",""UserLocation"",""WeeklyAnalysis""]","[""Check weather"",""Create account"",""Idle"",""Invalid login"",""Select weather parameter"",""View additional weather details""]",17,10,4,13,6,0.4,0.235294,0.296296
Llama_3.1_8B,few_shot,case_16_weather_monitoring_system,Code\untitled folder\results\plantuml_pipeline\runs\open_source__llama31_8b_instruct__few_shot\case_16_weather_monitoring_system\run_01.puml,dataset\case_16_weather_monitoring_system\diagram.puml,sentence-transformers/all-MiniLM-L6-v2,0.800000,0.650000,"[""Alert"",""Display"",""FuturePrediction"",""Graph"",""LiveUpdate"",""login"",""Logout"",""MeasureDewPoint"",""MeasureHumidity"",""MeasurePressure"",""MeasureRainfall"",""MeasureTemperature"",""NewLocation"",""Register"",""UserLocation"",""WeatherStatus"",""WeeklyAnalysis""]","[""Check weather"",""Create account"",""Idle"",""Invalid login"",""Invalid registration"",""Login"",""Logout"",""Select weather parameter"",""Update weather information"",""View additional weather details""]","[{""ground_truth_state"":""login"",""candidate_state"":""Login"",""ground_truth_normalized"":""login"",""candidate_normalized"":""login"",""similarity"":1.0,""match_type"":""exact_normalized""},{""ground_truth_state"":""Logout"",""candidate_state"":""Logout"",""ground_truth_normalized"":""logout"",""candidate_normalized"":""logout"",""similarity"":1.0,""match_type"":""exact_normalized""},{""ground_truth_state"":""Register"",""candidate_state"":""Invalid registration"",""ground_truth_normalized"":""registration"",""candidate_normalized"":""invalid registration"",""similarity"":0.735135,""match_type"":""relaxed_lexical""},{""ground_truth_state"":""WeatherStatus"",""candidate_state"":""Update weather information"",""ground_truth_normalized"":""weather status"",""candidate_normalized"":""update weather information"",""similarity"":0.73935,""match_type"":""relaxed""}]","[""Alert"",""Display"",""FuturePrediction"",""Graph"",""LiveUpdate"",""MeasureDewPoint"",""MeasureHumidity"",""MeasurePressure"",""MeasureRainfall"",""MeasureTemperature"",""NewLocation"",""UserLocation"",""WeeklyAnalysis""]","[""Check weather"",""Create account"",""Idle"",""Invalid login"",""Select weather parameter"",""View additional weather details""]",17,10,4,13,6,0.4,0.235294,0.296296
Llama_3.1_8B,syntax_grounded_repair,case_16_weather_monitoring_system,Code\untitled folder\results\plantuml_pipeline\runs\open_source__llama31_8b_instruct__few_shot_validation_generator_critic_repair__syntax_grounded\case_16_weather_monitoring_system\run_01.puml,dataset\case_16_weather_monitoring_system\diagram.puml,sentence-transformers/all-MiniLM-L6-v2,0.800000,0.650000,"[""Alert"",""Display"",""FuturePrediction"",""Graph"",""LiveUpdate"",""login"",""Logout"",""MeasureDewPoint"",""MeasureHumidity"",""MeasurePressure"",""MeasureRainfall"",""MeasureTemperature"",""NewLocation"",""Register"",""UserLocation"",""WeatherStatus"",""WeeklyAnalysis""]","[""Check weather"",""Create account"",""Idle"",""Invalid login"",""Invalid registration"",""Login"",""Logout"",""Select weather parameter"",""Update weather information"",""View additional weather details""]","[{""ground_truth_state"":""login"",""candidate_state"":""Login"",""ground_truth_normalized"":""login"",""candidate_normalized"":""login"",""similarity"":1.0,""match_type"":""exact_normalized""},{""ground_truth_state"":""Logout"",""candidate_state"":""Logout"",""ground_truth_normalized"":""logout"",""candidate_normalized"":""logout"",""similarity"":1.0,""match_type"":""exact_normalized""},{""ground_truth_state"":""Register"",""candidate_state"":""Invalid registration"",""ground_truth_normalized"":""registration"",""candidate_normalized"":""invalid registration"",""similarity"":0.735135,""match_type"":""relaxed_lexical""},{""ground_truth_state"":""WeatherStatus"",""candidate_state"":""Update weather information"",""ground_truth_normalized"":""weather status"",""candidate_normalized"":""update weather information"",""similarity"":0.73935,""match_type"":""relaxed""}]","[""Alert"",""Display"",""FuturePrediction"",""Graph"",""LiveUpdate"",""MeasureDewPoint"",""MeasureHumidity"",""MeasurePressure"",""MeasureRainfall"",""MeasureTemperature"",""NewLocation"",""UserLocation"",""WeeklyAnalysis""]","[""Check weather"",""Create account"",""Idle"",""Invalid login"",""Select weather parameter"",""View additional weather details""]",17,10,4,13,6,0.4,0.235294,0.296296
Mistral,baseline_repair,case_16_weather_monitoring_system,Code\untitled folder\results\plantuml_pipeline\runs\open_source__mistral__rag_validation_generator_critic_repair\case_16_weather_monitoring_system\run_01.puml,dataset\case_16_weather_monitoring_system\diagram.puml,sentence-transformers/all-MiniLM-L6-v2,0.800000,0.650000,"[""Alert"",""Display"",""FuturePrediction"",""Graph"",""LiveUpdate"",""login"",""Logout"",""MeasureDewPoint"",""MeasureHumidity"",""MeasurePressure"",""MeasureRainfall"",""MeasureTemperature"",""NewLocation"",""Register"",""UserLocation"",""WeatherStatus"",""WeeklyAnalysis""]","[""AssignCorporationWorker"",""BuyMedicines"",""Idle"",""InvalidLogin"",""InvalidRegistration"",""J2"",""J3"",""ListAllMedicalShops"",""Login"",""NoOfDeathsInTheLocality"",""Presc"",""PrescribeMedicinesIfNeeded"",""ReadBlog"",""Register"",""SendPatientInfo"",""StockUp"",""UpdateCurrentNoOfInfectedPeople"",""UpdateStatusOfCleanliness"",""ViewDataSharedByDoctor"",""ViewMaskDemand"",""ViewNumberOfInfectedPeopleInTheLocality"",""ViewPatientInfo""]","[{""ground_truth_state"":""login"",""candidate_state"":""Login"",""ground_truth_normalized"":""login"",""candidate_normalized"":""login"",""similarity"":1.0,""match_type"":""exact_normalized""},{""ground_truth_state"":""Register"",""candidate_state"":""Register"",""ground_truth_normalized"":""registration"",""candidate_normalized"":""registration"",""similarity"":1.0,""match_type"":""exact_normalized""}]","[""Alert"",""Display"",""FuturePrediction"",""Graph"",""LiveUpdate"",""Logout"",""MeasureDewPoint"",""MeasureHumidity"",""MeasurePressure"",""MeasureRainfall"",""MeasureTemperature"",""NewLocation"",""UserLocation"",""WeatherStatus"",""WeeklyAnalysis""]","[""AssignCorporationWorker"",""BuyMedicines"",""Idle"",""InvalidLogin"",""InvalidRegistration"",""J2"",""J3"",""ListAllMedicalShops"",""NoOfDeathsInTheLocality"",""Presc"",""PrescribeMedicinesIfNeeded"",""ReadBlog"",""SendPatientInfo"",""StockUp"",""UpdateCurrentNoOfInfectedPeople"",""UpdateStatusOfCleanliness"",""ViewDataSharedByDoctor"",""ViewMaskDemand"",""ViewNumberOfInfectedPeopleInTheLocality"",""ViewPatientInfo""]",17,22,2,15,20,0.090909,0.117647,0.102564
Mistral,rag,case_16_weather_monitoring_system,Code\untitled folder\results\plantuml_pipeline\runs\open_source__mistral__rag\case_16_weather_monitoring_system\run_01.puml,dataset\case_16_weather_monitoring_system\diagram.puml,sentence-transformers/all-MiniLM-L6-v2,0.800000,0.650000,"[""Alert"",""Display"",""FuturePrediction"",""Graph"",""LiveUpdate"",""login"",""Logout"",""MeasureDewPoint"",""MeasureHumidity"",""MeasurePressure"",""MeasureRainfall"",""MeasureTemperature"",""NewLocation"",""Register"",""UserLocation"",""WeatherStatus"",""WeeklyAnalysis""]","[""AssignCorporationWorker"",""BuyMedicines"",""Idle"",""InvalidLogin"",""InvalidRegistration"",""J3"",""ListAllMedicalShops"",""Login"",""NoOfDeathsInTheLocality"",""PrescribeMedicinesIfNeeded"",""ReadBlog"",""Register"",""SendPatientInfo"",""StockUp"",""UpdateCurrentNoOfInfectedPeople"",""UpdateStatusOfCleanliness"",""ViewDataSharedByDoctor"",""ViewMaskDemand"",""ViewNumberOfInfectedPeopleInTheLocality"",""ViewPatientInfo""]","[{""ground_truth_state"":""login"",""candidate_state"":""Login"",""ground_truth_normalized"":""login"",""candidate_normalized"":""login"",""similarity"":1.0,""match_type"":""exact_normalized""},{""ground_truth_state"":""Register"",""candidate_state"":""Register"",""ground_truth_normalized"":""registration"",""candidate_normalized"":""registration"",""similarity"":1.0,""match_type"":""exact_normalized""}]","[""Alert"",""Display"",""FuturePrediction"",""Graph"",""LiveUpdate"",""Logout"",""MeasureDewPoint"",""MeasureHumidity"",""MeasurePressure"",""MeasureRainfall"",""MeasureTemperature"",""NewLocation"",""UserLocation"",""WeatherStatus"",""WeeklyAnalysis""]","[""AssignCorporationWorker"",""BuyMedicines"",""Idle"",""InvalidLogin"",""InvalidRegistration"",""J3"",""ListAllMedicalShops"",""NoOfDeathsInTheLocality"",""PrescribeMedicinesIfNeeded"",""ReadBlog"",""SendPatientInfo"",""StockUp"",""UpdateCurrentNoOfInfectedPeople"",""UpdateStatusOfCleanliness"",""ViewDataSharedByDoctor"",""ViewMaskDemand"",""ViewNumberOfInfectedPeopleInTheLocality"",""ViewPatientInfo""]",17,20,2,15,18,0.1,0.117647,0.108108
Mistral,syntax_grounded_repair,case_16_weather_monitoring_system,Code\untitled folder\results\plantuml_pipeline\runs\open_source__mistral__rag_validation_generator_critic_repair__syntax_grounded\case_16_weather_monitoring_system\run_01.puml,dataset\case_16_weather_monitoring_system\diagram.puml,sentence-transformers/all-MiniLM-L6-v2,0.800000,0.650000,"[""Alert"",""Display"",""FuturePrediction"",""Graph"",""LiveUpdate"",""login"",""Logout"",""MeasureDewPoint"",""MeasureHumidity"",""MeasurePressure"",""MeasureRainfall"",""MeasureTemperature"",""NewLocation"",""Register"",""UserLocation"",""WeatherStatus"",""WeeklyAnalysis""]","[""AdditionalDetails"",""CheckWeather"",""Idle"",""InvalidLogin"",""InvalidRegistration"",""Login"",""Logout"",""Register"",""WeatherInfo""]","[{""ground_truth_state"":""login"",""candidate_state"":""Login"",""ground_truth_normalized"":""login"",""candidate_normalized"":""login"",""similarity"":1.0,""match_type"":""exact_normalized""},{""ground_truth_state"":""Logout"",""candidate_state"":""Logout"",""ground_truth_normalized"":""logout"",""candidate_normalized"":""logout"",""similarity"":1.0,""match_type"":""exact_normalized""},{""ground_truth_state"":""Register"",""candidate_state"":""Register"",""ground_truth_normalized"":""registration"",""candidate_normalized"":""registration"",""similarity"":1.0,""match_type"":""exact_normalized""},{""ground_truth_state"":""WeatherStatus"",""candidate_state"":""WeatherInfo"",""ground_truth_normalized"":""weather status"",""candidate_normalized"":""weather info"",""similarity"":0.799595,""match_type"":""relaxed""}]","[""Alert"",""Display"",""FuturePrediction"",""Graph"",""LiveUpdate"",""MeasureDewPoint"",""MeasureHumidity"",""MeasurePressure"",""MeasureRainfall"",""MeasureTemperature"",""NewLocation"",""UserLocation"",""WeeklyAnalysis""]","[""AdditionalDetails"",""CheckWeather"",""Idle"",""InvalidLogin"",""InvalidRegistration""]",17,9,4,13,5,0.444444,0.235294,0.307692
Qwen_2.5_7B,baseline_repair,case_16_weather_monitoring_system,Code\untitled folder\results\plantuml_pipeline\runs\open_source__qwen25_7b_instruct__rag_validation_generator_critic_repair\case_16_weather_monitoring_system\run_01.puml,dataset\case_16_weather_monitoring_system\diagram.puml,sentence-transformers/all-MiniLM-L6-v2,0.800000,0.650000,"[""Alert"",""Display"",""FuturePrediction"",""Graph"",""LiveUpdate"",""login"",""Logout"",""MeasureDewPoint"",""MeasureHumidity"",""MeasurePressure"",""MeasureRainfall"",""MeasureTemperature"",""NewLocation"",""Register"",""UserLocation"",""WeatherStatus"",""WeeklyAnalysis""]","[""CheckInfo"",""CheckLocation"",""ChooseInfo"",""Login"",""Register"",""ShowInfo"",""ViewDetails""]","[{""ground_truth_state"":""login"",""candidate_state"":""Login"",""ground_truth_normalized"":""login"",""candidate_normalized"":""login"",""similarity"":1.0,""match_type"":""exact_normalized""},{""ground_truth_state"":""Register"",""candidate_state"":""Register"",""ground_truth_normalized"":""registration"",""candidate_normalized"":""registration"",""similarity"":1.0,""match_type"":""exact_normalized""}]","[""Alert"",""Display"",""FuturePrediction"",""Graph"",""LiveUpdate"",""Logout"",""MeasureDewPoint"",""MeasureHumidity"",""MeasurePressure"",""MeasureRainfall"",""MeasureTemperature"",""NewLocation"",""UserLocation"",""WeatherStatus"",""WeeklyAnalysis""]","[""CheckInfo"",""CheckLocation"",""ChooseInfo"",""ShowInfo"",""ViewDetails""]",17,7,2,15,5,0.285714,0.117647,0.166667
Qwen_2.5_7B,rag,case_16_weather_monitoring_system,Code\untitled folder\results\plantuml_pipeline\runs\open_source__qwen25_7b_instruct__rag\case_16_weather_monitoring_system\run_01.puml,dataset\case_16_weather_monitoring_system\diagram.puml,sentence-transformers/all-MiniLM-L6-v2,0.800000,0.650000,"[""Alert"",""Display"",""FuturePrediction"",""Graph"",""LiveUpdate"",""login"",""Logout"",""MeasureDewPoint"",""MeasureHumidity"",""MeasurePressure"",""MeasureRainfall"",""MeasureTemperature"",""NewLocation"",""Register"",""UserLocation"",""WeatherStatus"",""WeeklyAnalysis""]","[""CheckInfo"",""CheckLocation"",""ChooseInfo"",""Login"",""Register"",""ShowInfo"",""ViewDetails""]","[{""ground_truth_state"":""login"",""candidate_state"":""Login"",""ground_truth_normalized"":""login"",""candidate_normalized"":""login"",""similarity"":1.0,""match_type"":""exact_normalized""},{""ground_truth_state"":""Register"",""candidate_state"":""Register"",""ground_truth_normalized"":""registration"",""candidate_normalized"":""registration"",""similarity"":1.0,""match_type"":""exact_normalized""}]","[""Alert"",""Display"",""FuturePrediction"",""Graph"",""LiveUpdate"",""Logout"",""MeasureDewPoint"",""MeasureHumidity"",""MeasurePressure"",""MeasureRainfall"",""MeasureTemperature"",""NewLocation"",""UserLocation"",""WeatherStatus"",""WeeklyAnalysis""]","[""CheckInfo"",""CheckLocation"",""ChooseInfo"",""ShowInfo"",""ViewDetails""]",17,7,2,15,5,0.285714,0.117647,0.166667
Qwen_2.5_7B,syntax_grounded_repair,case_16_weather_monitoring_system,Code\untitled folder\results\plantuml_pipeline\runs\open_source__qwen25_7b_instruct__rag_validation_generator_critic_repair__syntax_grounded_original_rag\case_16_weather_monitoring_system\run_01.puml,dataset\case_16_weather_monitoring_system\diagram.puml,sentence-transformers/all-MiniLM-L6-v2,0.800000,0.650000,"[""Alert"",""Display"",""FuturePrediction"",""Graph"",""LiveUpdate"",""login"",""Logout"",""MeasureDewPoint"",""MeasureHumidity"",""MeasurePressure"",""MeasureRainfall"",""MeasureTemperature"",""NewLocation"",""Register"",""UserLocation"",""WeatherStatus"",""WeeklyAnalysis""]","[""CheckInfo"",""CheckLocation"",""ChooseInfo"",""Login"",""Register"",""ShowInfo"",""ViewDetails""]","[{""ground_truth_state"":""login"",""candidate_state"":""Login"",""ground_truth_normalized"":""login"",""candidate_normalized"":""login"",""similarity"":1.0,""match_type"":""exact_normalized""},{""ground_truth_state"":""Register"",""candidate_state"":""Register"",""ground_truth_normalized"":""registration"",""candidate_normalized"":""registration"",""similarity"":1.0,""match_type"":""exact_normalized""}]","[""Alert"",""Display"",""FuturePrediction"",""Graph"",""LiveUpdate"",""Logout"",""MeasureDewPoint"",""MeasureHumidity"",""MeasurePressure"",""MeasureRainfall"",""MeasureTemperature"",""NewLocation"",""UserLocation"",""WeatherStatus"",""WeeklyAnalysis""]","[""CheckInfo"",""CheckLocation"",""ChooseInfo"",""ShowInfo"",""ViewDetails""]",17,7,2,15,5,0.285714,0.117647,0.166667
DeepSeek_R1_14B,baseline_repair,case_18_digidoclocker,Code\untitled folder\results\plantuml_pipeline\runs\open_source__deepseek_r1_14b__few_shot_validation_generator_critic_repair\case_18_digidoclocker\run_01.puml,dataset\case_18_digidoclocker\diagram.puml,sentence-transformers/all-MiniLM-L6-v2,0.800000,0.650000,"[""Apply for a Certificate"",""Certificate Sent to User"",""Digitlocker provides the Certificate"",""Login"",""Registrar asks a Certificate for verification"",""Registration"",""Upload a Document"",""validate the Type of User"",""View Profile""]","[""ApplyforCertificate"",""CitizenRegistration"",""EndSession"",""IdentifyUserType"",""Login"",""PostLoginOptions"",""RegistrarOptions"",""RequestCertificate"",""Start"",""UploadDocuments""]","[{""ground_truth_state"":""Apply for a Certificate"",""candidate_state"":""ApplyforCertificate"",""ground_truth_normalized"":""apply for a certificate"",""candidate_normalized"":""applyfor certificate"",""similarity"":0.845685,""match_type"":""strict""},{""ground_truth_state"":""Certificate Sent to User"",""candidate_state"":""RequestCertificate"",""ground_truth_normalized"":""certificate sent to user"",""candidate_normalized"":""request certificate"",""similarity"":0.652681,""match_type"":""relaxed""},{""ground_truth_state"":""Login"",""candidate_state"":""Login"",""ground_truth_normalized"":""login"",""candidate_normalized"":""login"",""similarity"":1.0,""match_type"":""exact_normalized""},{""ground_truth_state"":""Registration"",""candidate_state"":""CitizenRegistration"",""ground_truth_normalized"":""registration"",""candidate_normalized"":""citizen registration"",""similarity"":0.776612,""match_type"":""relaxed_lexical""},{""ground_truth_state"":""Upload a Document"",""candidate_state"":""UploadDocuments"",""ground_truth_normalized"":""upload a document"",""candidate_normalized"":""upload documents"",""similarity"":0.926419,""match_type"":""strict""},{""ground_truth_state"":""validate the Type of User"",""candidate_state"":""IdentifyUserType"",""ground_truth_normalized"":""validate the type of user"",""candidate_normalized"":""identify user type"",""similarity"":0.7588,""match_type"":""relaxed""}]","[""Digitlocker provides the Certificate"",""Registrar asks a Certificate for verification"",""View Profile""]","[""EndSession"",""PostLoginOptions"",""RegistrarOptions"",""Start""]",9,10,6,3,4,0.6,0.666667,0.631579
DeepSeek_R1_14B,few_shot,case_18_digidoclocker,Code\untitled folder\results\plantuml_pipeline\runs\open_source__deepseek_r1_14b__few_shot\case_18_digidoclocker\run_01.puml,dataset\case_18_digidoclocker\diagram.puml,sentence-transformers/all-MiniLM-L6-v2,0.800000,0.650000,"[""Apply for a Certificate"",""Certificate Sent to User"",""Digitlocker provides the Certificate"",""Login"",""Registrar asks a Certificate for verification"",""Registration"",""Upload a Document"",""validate the Type of User"",""View Profile""]","[""ApplyforCertificate"",""CitizenRegistration"",""EndSession"",""IdentifyUserType"",""Login"",""PostLoginOptions"",""RegistrarOptions"",""RequestCertificate"",""Start"",""UploadDocuments""]","[{""ground_truth_state"":""Apply for a Certificate"",""candidate_state"":""ApplyforCertificate"",""ground_truth_normalized"":""apply for a certificate"",""candidate_normalized"":""applyfor certificate"",""similarity"":0.845685,""match_type"":""strict""},{""ground_truth_state"":""Certificate Sent to User"",""candidate_state"":""RequestCertificate"",""ground_truth_normalized"":""certificate sent to user"",""candidate_normalized"":""request certificate"",""similarity"":0.652681,""match_type"":""relaxed""},{""ground_truth_state"":""Login"",""candidate_state"":""Login"",""ground_truth_normalized"":""login"",""candidate_normalized"":""login"",""similarity"":1.0,""match_type"":""exact_normalized""},{""ground_truth_state"":""Registration"",""candidate_state"":""CitizenRegistration"",""ground_truth_normalized"":""registration"",""candidate_normalized"":""citizen registration"",""similarity"":0.776612,""match_type"":""relaxed_lexical""},{""ground_truth_state"":""Upload a Document"",""candidate_state"":""UploadDocuments"",""ground_truth_normalized"":""upload a document"",""candidate_normalized"":""upload documents"",""similarity"":0.926419,""match_type"":""strict""},{""ground_truth_state"":""validate the Type of User"",""candidate_state"":""IdentifyUserType"",""ground_truth_normalized"":""validate the type of user"",""candidate_normalized"":""identify user type"",""similarity"":0.7588,""match_type"":""relaxed""}]","[""Digitlocker provides the Certificate"",""Registrar asks a Certificate for verification"",""View Profile""]","[""EndSession"",""PostLoginOptions"",""RegistrarOptions"",""Start""]",9,10,6,3,4,0.6,0.666667,0.631579
DeepSeek_R1_14B,syntax_grounded_repair,case_18_digidoclocker,Code\untitled folder\results\plantuml_pipeline\runs\open_source__deepseek_r1_14b__few_shot_validation_generator_critic_repair__syntax_grounded\case_18_digidoclocker\run_01.puml,dataset\case_18_digidoclocker\diagram.puml,sentence-transformers/all-MiniLM-L6-v2,0.800000,0.650000,"[""Apply for a Certificate"",""Certificate Sent to User"",""Digitlocker provides the Certificate"",""Login"",""Registrar asks a Certificate for verification"",""Registration"",""Upload a Document"",""validate the Type of User"",""View Profile""]","[""ApplyforCertificate"",""CitizenRegistration"",""EndSession"",""IdentifyUserType"",""Login"",""PostLoginOptions"",""RegistrarOptions"",""RequestCertificate"",""Start"",""UploadDocuments""]","[{""ground_truth_state"":""Apply for a Certificate"",""candidate_state"":""ApplyforCertificate"",""ground_truth_normalized"":""apply for a certificate"",""candidate_normalized"":""applyfor certificate"",""similarity"":0.845685,""match_type"":""strict""},{""ground_truth_state"":""Certificate Sent to User"",""candidate_state"":""RequestCertificate"",""ground_truth_normalized"":""certificate sent to user"",""candidate_normalized"":""request certificate"",""similarity"":0.652681,""match_type"":""relaxed""},{""ground_truth_state"":""Login"",""candidate_state"":""Login"",""ground_truth_normalized"":""login"",""candidate_normalized"":""login"",""similarity"":1.0,""match_type"":""exact_normalized""},{""ground_truth_state"":""Registration"",""candidate_state"":""CitizenRegistration"",""ground_truth_normalized"":""registration"",""candidate_normalized"":""citizen registration"",""similarity"":0.776612,""match_type"":""relaxed_lexical""},{""ground_truth_state"":""Upload a Document"",""candidate_state"":""UploadDocuments"",""ground_truth_normalized"":""upload a document"",""candidate_normalized"":""upload documents"",""similarity"":0.926419,""match_type"":""strict""},{""ground_truth_state"":""validate the Type of User"",""candidate_state"":""IdentifyUserType"",""ground_truth_normalized"":""validate the type of user"",""candidate_normalized"":""identify user type"",""similarity"":0.7588,""match_type"":""relaxed""}]","[""Digitlocker provides the Certificate"",""Registrar asks a Certificate for verification"",""View Profile""]","[""EndSession"",""PostLoginOptions"",""RegistrarOptions"",""Start""]",9,10,6,3,4,0.6,0.666667,0.631579
Llama_3.1_8B,baseline_repair,case_18_digidoclocker,Code\untitled folder\results\plantuml_pipeline\runs\open_source__llama31_8b_instruct__few_shot_validation_generator_critic_repair\case_18_digidoclocker\run_01.puml,dataset\case_18_digidoclocker\diagram.puml,sentence-transformers/all-MiniLM-L6-v2,0.800000,0.650000,"[""Apply for a Certificate"",""Certificate Sent to User"",""Digitlocker provides the Certificate"",""Login"",""Registrar asks a Certificate for verification"",""Registration"",""Upload a Document"",""validate the Type of User"",""View Profile""]","[""Certificate Application"",""Document Upload"",""End Session"",""Login"",""Profile View"",""Reapply for Certificate"",""Registration"",""Request Certificate""]","[{""ground_truth_state"":""Apply for a Certificate"",""candidate_state"":""Certificate Application"",""ground_truth_normalized"":""apply for a certificate"",""candidate_normalized"":""certificate application"",""similarity"":0.75819,""match_type"":""relaxed""},{""ground_truth_state"":""Certificate Sent to User"",""candidate_state"":""Request Certificate"",""ground_truth_normalized"":""certificate sent to user"",""candidate_normalized"":""request certificate"",""similarity"":0.652681,""match_type"":""relaxed""},{""ground_truth_state"":""Login"",""candidate_state"":""Login"",""ground_truth_normalized"":""login"",""candidate_normalized"":""login"",""similarity"":1.0,""match_type"":""exact_normalized""},{""ground_truth_state"":""Registration"",""candidate_state"":""Registration"",""ground_truth_normalized"":""registration"",""candidate_normalized"":""registration"",""similarity"":1.0,""match_type"":""exact_normalized""},{""ground_truth_state"":""Upload a Document"",""candidate_state"":""Document Upload"",""ground_truth_normalized"":""upload a document"",""candidate_normalized"":""document upload"",""similarity"":0.958088,""match_type"":""strict""},{""ground_truth_state"":""View Profile"",""candidate_state"":""Profile View"",""ground_truth_normalized"":""view profile"",""candidate_normalized"":""profile view"",""similarity"":0.960932,""match_type"":""strict""}]","[""Digitlocker provides the Certificate"",""Registrar asks a Certificate for verification"",""validate the Type of User""]","[""End Session"",""Reapply for Certificate""]",9,8,6,3,2,0.75,0.666667,0.705882
Llama_3.1_8B,few_shot,case_18_digidoclocker,Code\untitled folder\results\plantuml_pipeline\runs\open_source__llama31_8b_instruct__few_shot\case_18_digidoclocker\run_01.puml,dataset\case_18_digidoclocker\diagram.puml,sentence-transformers/all-MiniLM-L6-v2,0.800000,0.650000,"[""Apply for a Certificate"",""Certificate Sent to User"",""Digitlocker provides the Certificate"",""Login"",""Registrar asks a Certificate for verification"",""Registration"",""Upload a Document"",""validate the Type of User"",""View Profile""]","[""Certificate Application"",""Document Upload"",""End Session"",""Login"",""Profile View"",""Reapply for Certificate"",""Registration"",""Request Certificate""]","[{""ground_truth_state"":""Apply for a Certificate"",""candidate_state"":""Certificate Application"",""ground_truth_normalized"":""apply for a certificate"",""candidate_normalized"":""certificate application"",""similarity"":0.75819,""match_type"":""relaxed""},{""ground_truth_state"":""Certificate Sent to User"",""candidate_state"":""Request Certificate"",""ground_truth_normalized"":""certificate sent to user"",""candidate_normalized"":""request certificate"",""similarity"":0.652681,""match_type"":""relaxed""},{""ground_truth_state"":""Login"",""candidate_state"":""Login"",""ground_truth_normalized"":""login"",""candidate_normalized"":""login"",""similarity"":1.0,""match_type"":""exact_normalized""},{""ground_truth_state"":""Registration"",""candidate_state"":""Registration"",""ground_truth_normalized"":""registration"",""candidate_normalized"":""registration"",""similarity"":1.0,""match_type"":""exact_normalized""},{""ground_truth_state"":""Upload a Document"",""candidate_state"":""Document Upload"",""ground_truth_normalized"":""upload a document"",""candidate_normalized"":""document upload"",""similarity"":0.958088,""match_type"":""strict""},{""ground_truth_state"":""View Profile"",""candidate_state"":""Profile View"",""ground_truth_normalized"":""view profile"",""candidate_normalized"":""profile view"",""similarity"":0.960932,""match_type"":""strict""}]","[""Digitlocker provides the Certificate"",""Registrar asks a Certificate for verification"",""validate the Type of User""]","[""End Session"",""Reapply for Certificate""]",9,8,6,3,2,0.75,0.666667,0.705882
Llama_3.1_8B,syntax_grounded_repair,case_18_digidoclocker,Code\untitled folder\results\plantuml_pipeline\runs\open_source__llama31_8b_instruct__few_shot_validation_generator_critic_repair__syntax_grounded\case_18_digidoclocker\run_01.puml,dataset\case_18_digidoclocker\diagram.puml,sentence-transformers/all-MiniLM-L6-v2,0.800000,0.650000,"[""Apply for a Certificate"",""Certificate Sent to User"",""Digitlocker provides the Certificate"",""Login"",""Registrar asks a Certificate for verification"",""Registration"",""Upload a Document"",""validate the Type of User"",""View Profile""]","[""Certificate Application"",""Document Upload"",""End Session"",""Login"",""Profile View"",""Reapply for Certificate"",""Registration"",""Request Certificate""]","[{""ground_truth_state"":""Apply for a Certificate"",""candidate_state"":""Certificate Application"",""ground_truth_normalized"":""apply for a certificate"",""candidate_normalized"":""certificate application"",""similarity"":0.75819,""match_type"":""relaxed""},{""ground_truth_state"":""Certificate Sent to User"",""candidate_state"":""Request Certificate"",""ground_truth_normalized"":""certificate sent to user"",""candidate_normalized"":""request certificate"",""similarity"":0.652681,""match_type"":""relaxed""},{""ground_truth_state"":""Login"",""candidate_state"":""Login"",""ground_truth_normalized"":""login"",""candidate_normalized"":""login"",""similarity"":1.0,""match_type"":""exact_normalized""},{""ground_truth_state"":""Registration"",""candidate_state"":""Registration"",""ground_truth_normalized"":""registration"",""candidate_normalized"":""registration"",""similarity"":1.0,""match_type"":""exact_normalized""},{""ground_truth_state"":""Upload a Document"",""candidate_state"":""Document Upload"",""ground_truth_normalized"":""upload a document"",""candidate_normalized"":""document upload"",""similarity"":0.958088,""match_type"":""strict""},{""ground_truth_state"":""View Profile"",""candidate_state"":""Profile View"",""ground_truth_normalized"":""view profile"",""candidate_normalized"":""profile view"",""similarity"":0.960932,""match_type"":""strict""}]","[""Digitlocker provides the Certificate"",""Registrar asks a Certificate for verification"",""validate the Type of User""]","[""End Session"",""Reapply for Certificate""]",9,8,6,3,2,0.75,0.666667,0.705882
Mistral,baseline_repair,case_18_digidoclocker,Code\untitled folder\results\plantuml_pipeline\runs\open_source__mistral__rag_validation_generator_critic_repair\case_18_digidoclocker\run_01.puml,dataset\case_18_digidoclocker\diagram.puml,sentence-transformers/all-MiniLM-L6-v2,0.800000,0.650000,"[""Apply for a Certificate"",""Certificate Sent to User"",""Digitlocker provides the Certificate"",""Login"",""Registrar asks a Certificate for verification"",""Registration"",""Upload a Document"",""validate the Type of User"",""View Profile""]","[""Authentication"",""CheckMemberDetails"",""CitizenEditDocs"",""CitizenLogout"",""CitizenSaveEdits"",""CitizenUploadDocs"",""CitizenViewDocs"",""Dashboard"",""EnterMemberDetails"",""EnterMemberID"",""EnterPassword"",""InactiveMember"",""InvalidCredentials"",""IssueMemberID"",""LoggedIn"",""MemberIDCheck"",""MemberRegistration"",""PayFineAmount"",""ReEnterMemberDetails"",""Settings"",""SuccessfulLogin"",""SuccessfulRegistration""]","[{""ground_truth_state"":""Login"",""candidate_state"":""LoggedIn"",""ground_truth_normalized"":""login"",""candidate_normalized"":""logged in"",""similarity"":0.850182,""match_type"":""strict""},{""ground_truth_state"":""Registration"",""candidate_state"":""SuccessfulRegistration"",""ground_truth_normalized"":""registration"",""candidate_normalized"":""successful registration"",""similarity"":0.861216,""match_type"":""strict""},{""ground_truth_state"":""Upload a Document"",""candidate_state"":""CitizenUploadDocs"",""ground_truth_normalized"":""upload a document"",""candidate_normalized"":""citizen upload docs"",""similarity"":0.681911,""match_type"":""relaxed""}]","[""Apply for a Certificate"",""Certificate Sent to User"",""Digitlocker provides the Certificate"",""Registrar asks a Certificate for verification"",""validate the Type of User"",""View Profile""]","[""Authentication"",""CheckMemberDetails"",""CitizenEditDocs"",""CitizenLogout"",""CitizenSaveEdits"",""CitizenViewDocs"",""Dashboard"",""EnterMemberDetails"",""EnterMemberID"",""EnterPassword"",""InactiveMember"",""InvalidCredentials"",""IssueMemberID"",""MemberIDCheck"",""MemberRegistration"",""PayFineAmount"",""ReEnterMemberDetails"",""Settings"",""SuccessfulLogin""]",9,22,3,6,19,0.136364,0.333333,0.193548
Mistral,rag,case_18_digidoclocker,Code\untitled folder\results\plantuml_pipeline\runs\open_source__mistral__rag\case_18_digidoclocker\run_01.puml,dataset\case_18_digidoclocker\diagram.puml,sentence-transformers/all-MiniLM-L6-v2,0.800000,0.650000,"[""Apply for a Certificate"",""Certificate Sent to User"",""Digitlocker provides the Certificate"",""Login"",""Registrar asks a Certificate for verification"",""Registration"",""Upload a Document"",""validate the Type of User"",""View Profile""]","[""Authentication"",""CheckMemberDetails"",""CitizenEditDocs"",""CitizenLogout"",""CitizenSaveEdits"",""CitizenUploadDocs"",""CitizenViewDocs"",""Dashboard"",""EnterMemberDetails"",""EnterMemberID"",""EnterPassword"",""InactiveMember"",""InvalidCredentials"",""IssueMemberID"",""LoggedIn"",""MemberIDCheck"",""MemberRegistration"",""PayFineAmount"",""ReEnterMemberDetails"",""Settings"",""SuccessfulLogin"",""SuccessfulRegistration""]","[{""ground_truth_state"":""Login"",""candidate_state"":""LoggedIn"",""ground_truth_normalized"":""login"",""candidate_normalized"":""logged in"",""similarity"":0.850182,""match_type"":""strict""},{""ground_truth_state"":""Registration"",""candidate_state"":""SuccessfulRegistration"",""ground_truth_normalized"":""registration"",""candidate_normalized"":""successful registration"",""similarity"":0.861216,""match_type"":""strict""},{""ground_truth_state"":""Upload a Document"",""candidate_state"":""CitizenUploadDocs"",""ground_truth_normalized"":""upload a document"",""candidate_normalized"":""citizen upload docs"",""similarity"":0.681911,""match_type"":""relaxed""}]","[""Apply for a Certificate"",""Certificate Sent to User"",""Digitlocker provides the Certificate"",""Registrar asks a Certificate for verification"",""validate the Type of User"",""View Profile""]","[""Authentication"",""CheckMemberDetails"",""CitizenEditDocs"",""CitizenLogout"",""CitizenSaveEdits"",""CitizenViewDocs"",""Dashboard"",""EnterMemberDetails"",""EnterMemberID"",""EnterPassword"",""InactiveMember"",""InvalidCredentials"",""IssueMemberID"",""MemberIDCheck"",""MemberRegistration"",""PayFineAmount"",""ReEnterMemberDetails"",""Settings"",""SuccessfulLogin""]",9,22,3,6,19,0.136364,0.333333,0.193548
Mistral,syntax_grounded_repair,case_18_digidoclocker,Code\untitled folder\results\plantuml_pipeline\runs\open_source__mistral__rag_validation_generator_critic_repair__syntax_grounded\case_18_digidoclocker\run_01.puml,dataset\case_18_digidoclocker\diagram.puml,sentence-transformers/all-MiniLM-L6-v2,0.800000,0.650000,"[""Apply for a Certificate"",""Certificate Sent to User"",""Digitlocker provides the Certificate"",""Login"",""Registrar asks a Certificate for verification"",""Registration"",""Upload a Document"",""validate the Type of User"",""View Profile""]","[""Authentication"",""CheckMemberDetails"",""CitizenEditDocs"",""CitizenLogout"",""CitizenSaveEdits"",""CitizenUploadDocs"",""CitizenViewDocs"",""Dashboard"",""EnterMemberDetails"",""EnterMemberID"",""EnterPassword"",""InactiveMember"",""INITIAL_STATE"",""InvalidCredentials"",""IssueMemberID"",""LoggedIn"",""MemberRegistration"",""PayFineAmount"",""ReEnterMemberDetails"",""Settings"",""SuccessfulLogin"",""SuccessfulRegistration""]","[{""ground_truth_state"":""Login"",""candidate_state"":""LoggedIn"",""ground_truth_normalized"":""login"",""candidate_normalized"":""logged in"",""similarity"":0.850182,""match_type"":""strict""},{""ground_truth_state"":""Registration"",""candidate_state"":""SuccessfulRegistration"",""ground_truth_normalized"":""registration"",""candidate_normalized"":""successful registration"",""similarity"":0.861216,""match_type"":""strict""},{""ground_truth_state"":""Upload a Document"",""candidate_state"":""CitizenUploadDocs"",""ground_truth_normalized"":""upload a document"",""candidate_normalized"":""citizen upload docs"",""similarity"":0.681911,""match_type"":""relaxed""}]","[""Apply for a Certificate"",""Certificate Sent to User"",""Digitlocker provides the Certificate"",""Registrar asks a Certificate for verification"",""validate the Type of User"",""View Profile""]","[""Authentication"",""CheckMemberDetails"",""CitizenEditDocs"",""CitizenLogout"",""CitizenSaveEdits"",""CitizenViewDocs"",""Dashboard"",""EnterMemberDetails"",""EnterMemberID"",""EnterPassword"",""InactiveMember"",""INITIAL_STATE"",""InvalidCredentials"",""IssueMemberID"",""MemberRegistration"",""PayFineAmount"",""ReEnterMemberDetails"",""Settings"",""SuccessfulLogin""]",9,22,3,6,19,0.136364,0.333333,0.193548
Qwen_2.5_7B,baseline_repair,case_18_digidoclocker,Code\untitled folder\results\plantuml_pipeline\runs\open_source__qwen25_7b_instruct__rag_validation_generator_critic_repair\case_18_digidoclocker\run_01.puml,dataset\case_18_digidoclocker\diagram.puml,sentence-transformers/all-MiniLM-L6-v2,0.800000,0.650000,"[""Apply for a Certificate"",""Certificate Sent to User"",""Digitlocker provides the Certificate"",""Login"",""Registrar asks a Certificate for verification"",""Registration"",""Upload a Document"",""validate the Type of User"",""View Profile""]","[""CertificateApply"",""CitizenLogin"",""DocumentUpload"",""ProfileView"",""RegistrarRequest"",""Registration""]","[{""ground_truth_state"":""Apply for a Certificate"",""candidate_state"":""CertificateApply"",""ground_truth_normalized"":""apply for a certificate"",""candidate_normalized"":""certificate apply"",""similarity"":0.925847,""match_type"":""strict""},{""ground_truth_state"":""Login"",""candidate_state"":""CitizenLogin"",""ground_truth_normalized"":""login"",""candidate_normalized"":""citizen login"",""similarity"":0.652814,""match_type"":""relaxed_lexical""},{""ground_truth_state"":""Registrar asks a Certificate for verification"",""candidate_state"":""RegistrarRequest"",""ground_truth_normalized"":""registrar asks a certificate for verification"",""candidate_normalized"":""registrar request"",""similarity"":0.650591,""match_type"":""relaxed""},{""ground_truth_state"":""Registration"",""candidate_state"":""Registration"",""ground_truth_normalized"":""registration"",""candidate_normalized"":""registration"",""similarity"":1.0,""match_type"":""exact_normalized""},{""ground_truth_state"":""Upload a Document"",""candidate_state"":""DocumentUpload"",""ground_truth_normalized"":""upload a document"",""candidate_normalized"":""document upload"",""similarity"":0.958088,""match_type"":""strict""},{""ground_truth_state"":""View Profile"",""candidate_state"":""ProfileView"",""ground_truth_normalized"":""view profile"",""candidate_normalized"":""profile view"",""similarity"":0.960932,""match_type"":""strict""}]","[""Certificate Sent to User"",""Digitlocker provides the Certificate"",""validate the Type of User""]",[],9,6,6,3,0,1.0,0.666667,0.8
Qwen_2.5_7B,rag,case_18_digidoclocker,Code\untitled folder\results\plantuml_pipeline\runs\open_source__qwen25_7b_instruct__rag\case_18_digidoclocker\run_01.puml,dataset\case_18_digidoclocker\diagram.puml,sentence-transformers/all-MiniLM-L6-v2,0.800000,0.650000,"[""Apply for a Certificate"",""Certificate Sent to User"",""Digitlocker provides the Certificate"",""Login"",""Registrar asks a Certificate for verification"",""Registration"",""Upload a Document"",""validate the Type of User"",""View Profile""]","[""CertificateApply"",""CitizenLogin"",""DocumentUpload"",""ProfileView"",""RegistrarRequest"",""Registration""]","[{""ground_truth_state"":""Apply for a Certificate"",""candidate_state"":""CertificateApply"",""ground_truth_normalized"":""apply for a certificate"",""candidate_normalized"":""certificate apply"",""similarity"":0.925847,""match_type"":""strict""},{""ground_truth_state"":""Login"",""candidate_state"":""CitizenLogin"",""ground_truth_normalized"":""login"",""candidate_normalized"":""citizen login"",""similarity"":0.652814,""match_type"":""relaxed_lexical""},{""ground_truth_state"":""Registrar asks a Certificate for verification"",""candidate_state"":""RegistrarRequest"",""ground_truth_normalized"":""registrar asks a certificate for verification"",""candidate_normalized"":""registrar request"",""similarity"":0.650591,""match_type"":""relaxed""},{""ground_truth_state"":""Registration"",""candidate_state"":""Registration"",""ground_truth_normalized"":""registration"",""candidate_normalized"":""registration"",""similarity"":1.0,""match_type"":""exact_normalized""},{""ground_truth_state"":""Upload a Document"",""candidate_state"":""DocumentUpload"",""ground_truth_normalized"":""upload a document"",""candidate_normalized"":""document upload"",""similarity"":0.958088,""match_type"":""strict""},{""ground_truth_state"":""View Profile"",""candidate_state"":""ProfileView"",""ground_truth_normalized"":""view profile"",""candidate_normalized"":""profile view"",""similarity"":0.960932,""match_type"":""strict""}]","[""Certificate Sent to User"",""Digitlocker provides the Certificate"",""validate the Type of User""]",[],9,6,6,3,0,1.0,0.666667,0.8
Qwen_2.5_7B,syntax_grounded_repair,case_18_digidoclocker,Code\untitled folder\results\plantuml_pipeline\runs\open_source__qwen25_7b_instruct__rag_validation_generator_critic_repair__syntax_grounded_original_rag\case_18_digidoclocker\run_01.puml,dataset\case_18_digidoclocker\diagram.puml,sentence-transformers/all-MiniLM-L6-v2,0.800000,0.650000,"[""Apply for a Certificate"",""Certificate Sent to User"",""Digitlocker provides the Certificate"",""Login"",""Registrar asks a Certificate for verification"",""Registration"",""Upload a Document"",""validate the Type of User"",""View Profile""]","[""CertificateApply"",""CitizenLogin"",""DocumentUpload"",""ProfileView"",""RegistrarRequest"",""Registration""]","[{""ground_truth_state"":""Apply for a Certificate"",""candidate_state"":""CertificateApply"",""ground_truth_normalized"":""apply for a certificate"",""candidate_normalized"":""certificate apply"",""similarity"":0.925847,""match_type"":""strict""},{""ground_truth_state"":""Login"",""candidate_state"":""CitizenLogin"",""ground_truth_normalized"":""login"",""candidate_normalized"":""citizen login"",""similarity"":0.652814,""match_type"":""relaxed_lexical""},{""ground_truth_state"":""Registrar asks a Certificate for verification"",""candidate_state"":""RegistrarRequest"",""ground_truth_normalized"":""registrar asks a certificate for verification"",""candidate_normalized"":""registrar request"",""similarity"":0.650591,""match_type"":""relaxed""},{""ground_truth_state"":""Registration"",""candidate_state"":""Registration"",""ground_truth_normalized"":""registration"",""candidate_normalized"":""registration"",""similarity"":1.0,""match_type"":""exact_normalized""},{""ground_truth_state"":""Upload a Document"",""candidate_state"":""DocumentUpload"",""ground_truth_normalized"":""upload a document"",""candidate_normalized"":""document upload"",""similarity"":0.958088,""match_type"":""strict""},{""ground_truth_state"":""View Profile"",""candidate_state"":""ProfileView"",""ground_truth_normalized"":""view profile"",""candidate_normalized"":""profile view"",""similarity"":0.960932,""match_type"":""strict""}]","[""Certificate Sent to User"",""Digitlocker provides the Certificate"",""validate the Type of User""]",[],9,6,6,3,0,1.0,0.666667,0.8
DeepSeek_R1_14B,baseline_repair,case_28_ott_based_system_mini_reel,Code\untitled folder\results\plantuml_pipeline\runs\open_source__deepseek_r1_14b__few_shot_validation_generator_critic_repair\case_28_ott_based_system_mini_reel\run_01.puml,dataset\case_28_ott_based_system_mini_reel\diagram.puml,sentence-transformers/all-MiniLM-L6-v2,0.800000,0.650000,"[""Account Creation"",""Discussion State"",""Show Likes"",""Updation"",""View""]","[""Account Created"",""Discussing"",""End"",""Liked Video"",""Start"",""Uploaded Video"",""Viewing Likes"",""Watching Video""]","[{""ground_truth_state"":""Account Creation"",""candidate_state"":""Account Created"",""ground_truth_normalized"":""account creation"",""candidate_normalized"":""account created"",""similarity"":0.843286,""match_type"":""strict""},{""ground_truth_state"":""Discussion State"",""candidate_state"":""Discussing"",""ground_truth_normalized"":""discussion state"",""candidate_normalized"":""discussing"",""similarity"":0.681038,""match_type"":""relaxed""},{""ground_truth_state"":""Show Likes"",""candidate_state"":""Viewing Likes"",""ground_truth_normalized"":""show likes"",""candidate_normalized"":""viewing likes"",""similarity"":0.813628,""match_type"":""strict""}]","[""Updation"",""View""]","[""End"",""Liked Video"",""Start"",""Uploaded Video"",""Watching Video""]",5,8,3,2,5,0.375,0.6,0.461538
DeepSeek_R1_14B,few_shot,case_28_ott_based_system_mini_reel,Code\untitled folder\results\plantuml_pipeline\runs\open_source__deepseek_r1_14b__few_shot\case_28_ott_based_system_mini_reel\run_01.puml,dataset\case_28_ott_based_system_mini_reel\diagram.puml,sentence-transformers/all-MiniLM-L6-v2,0.800000,0.650000,"[""Account Creation"",""Discussion State"",""Show Likes"",""Updation"",""View""]","[""Account Created"",""Discussing"",""End"",""Liked Video"",""Start"",""Uploaded Video"",""Viewing Likes"",""Watching Video""]","[{""ground_truth_state"":""Account Creation"",""candidate_state"":""Account Created"",""ground_truth_normalized"":""account creation"",""candidate_normalized"":""account created"",""similarity"":0.843286,""match_type"":""strict""},{""ground_truth_state"":""Discussion State"",""candidate_state"":""Discussing"",""ground_truth_normalized"":""discussion state"",""candidate_normalized"":""discussing"",""similarity"":0.681038,""match_type"":""relaxed""},{""ground_truth_state"":""Show Likes"",""candidate_state"":""Viewing Likes"",""ground_truth_normalized"":""show likes"",""candidate_normalized"":""viewing likes"",""similarity"":0.813628,""match_type"":""strict""}]","[""Updation"",""View""]","[""End"",""Liked Video"",""Start"",""Uploaded Video"",""Watching Video""]",5,8,3,2,5,0.375,0.6,0.461538
DeepSeek_R1_14B,syntax_grounded_repair,case_28_ott_based_system_mini_reel,Code\untitled folder\results\plantuml_pipeline\runs\open_source__deepseek_r1_14b__few_shot_validation_generator_critic_repair__syntax_grounded\case_28_ott_based_system_mini_reel\run_01.puml,dataset\case_28_ott_based_system_mini_reel\diagram.puml,sentence-transformers/all-MiniLM-L6-v2,0.800000,0.650000,"[""Account Creation"",""Discussion State"",""Show Likes"",""Updation"",""View""]","[""Account Created"",""Discussing"",""End"",""Liked Video"",""Start"",""Uploaded Video"",""Viewing Likes"",""Watching Video""]","[{""ground_truth_state"":""Account Creation"",""candidate_state"":""Account Created"",""ground_truth_normalized"":""account creation"",""candidate_normalized"":""account created"",""similarity"":0.843286,""match_type"":""strict""},{""ground_truth_state"":""Discussion State"",""candidate_state"":""Discussing"",""ground_truth_normalized"":""discussion state"",""candidate_normalized"":""discussing"",""similarity"":0.681038,""match_type"":""relaxed""},{""ground_truth_state"":""Show Likes"",""candidate_state"":""Viewing Likes"",""ground_truth_normalized"":""show likes"",""candidate_normalized"":""viewing likes"",""similarity"":0.813628,""match_type"":""strict""}]","[""Updation"",""View""]","[""End"",""Liked Video"",""Start"",""Uploaded Video"",""Watching Video""]",5,8,3,2,5,0.375,0.6,0.461538
Llama_3.1_8B,baseline_repair,case_28_ott_based_system_mini_reel,Code\untitled folder\results\plantuml_pipeline\runs\open_source__llama31_8b_instruct__few_shot_validation_generator_critic_repair\case_28_ott_based_system_mini_reel\run_01.puml,dataset\case_28_ott_based_system_mini_reel\diagram.puml,sentence-transformers/all-MiniLM-L6-v2,0.800000,0.650000,"[""Account Creation"",""Discussion State"",""Show Likes"",""Updation"",""View""]","[""Create Account"",""Discussion"",""End"",""Idle"",""Invalid registration"",""Save Video"",""Upload Video"",""View Saved Videos"",""Watch Video""]","[{""ground_truth_state"":""Account Creation"",""candidate_state"":""Create Account"",""ground_truth_normalized"":""account creation"",""candidate_normalized"":""create account"",""similarity"":0.929123,""match_type"":""strict""},{""ground_truth_state"":""Discussion State"",""candidate_state"":""Discussion"",""ground_truth_normalized"":""discussion state"",""candidate_normalized"":""discussion"",""similarity"":0.725288,""match_type"":""relaxed_lexical""}]","[""Show Likes"",""Updation"",""View""]","[""End"",""Idle"",""Invalid registration"",""Save Video"",""Upload Video"",""View Saved Videos"",""Watch Video""]",5,9,2,3,7,0.222222,0.4,0.285714
Llama_3.1_8B,few_shot,case_28_ott_based_system_mini_reel,Code\untitled folder\results\plantuml_pipeline\runs\open_source__llama31_8b_instruct__few_shot\case_28_ott_based_system_mini_reel\run_01.puml,dataset\case_28_ott_based_system_mini_reel\diagram.puml,sentence-transformers/all-MiniLM-L6-v2,0.800000,0.650000,"[""Account Creation"",""Discussion State"",""Show Likes"",""Updation"",""View""]","[""Create Account"",""Discussion"",""End"",""Idle"",""Invalid registration"",""Save Video"",""Upload Video"",""View Saved Videos"",""Watch Video""]","[{""ground_truth_state"":""Account Creation"",""candidate_state"":""Create Account"",""ground_truth_normalized"":""account creation"",""candidate_normalized"":""create account"",""similarity"":0.929123,""match_type"":""strict""},{""ground_truth_state"":""Discussion State"",""candidate_state"":""Discussion"",""ground_truth_normalized"":""discussion state"",""candidate_normalized"":""discussion"",""similarity"":0.725288,""match_type"":""relaxed_lexical""}]","[""Show Likes"",""Updation"",""View""]","[""End"",""Idle"",""Invalid registration"",""Save Video"",""Upload Video"",""View Saved Videos"",""Watch Video""]",5,9,2,3,7,0.222222,0.4,0.285714
Llama_3.1_8B,syntax_grounded_repair,case_28_ott_based_system_mini_reel,Code\untitled folder\results\plantuml_pipeline\runs\open_source__llama31_8b_instruct__few_shot_validation_generator_critic_repair__syntax_grounded\case_28_ott_based_system_mini_reel\run_01.puml,dataset\case_28_ott_based_system_mini_reel\diagram.puml,sentence-transformers/all-MiniLM-L6-v2,0.800000,0.650000,"[""Account Creation"",""Discussion State"",""Show Likes"",""Updation"",""View""]","[""Create Account"",""Discussion"",""End"",""Idle"",""Invalid registration"",""Save Video"",""Upload Video"",""View Saved Videos"",""Watch Video""]","[{""ground_truth_state"":""Account Creation"",""candidate_state"":""Create Account"",""ground_truth_normalized"":""account creation"",""candidate_normalized"":""create account"",""similarity"":0.929123,""match_type"":""strict""},{""ground_truth_state"":""Discussion State"",""candidate_state"":""Discussion"",""ground_truth_normalized"":""discussion state"",""candidate_normalized"":""discussion"",""similarity"":0.725288,""match_type"":""relaxed_lexical""}]","[""Show Likes"",""Updation"",""View""]","[""End"",""Idle"",""Invalid registration"",""Save Video"",""Upload Video"",""View Saved Videos"",""Watch Video""]",5,9,2,3,7,0.222222,0.4,0.285714
Mistral,baseline_repair,case_28_ott_based_system_mini_reel,Code\untitled folder\results\plantuml_pipeline\runs\open_source__mistral__rag_validation_generator_critic_repair\case_28_ott_based_system_mini_reel\run_01.puml,dataset\case_28_ott_based_system_mini_reel\diagram.puml,sentence-transformers/all-MiniLM-L6-v2,0.800000,0.650000,"[""Account Creation"",""Discussion State"",""Show Likes"",""Updation"",""View""]","[""Editing"",""Feedback"",""Invalid user"",""Login"",""Manage profiles"",""Publishing"",""Reading"",""Register"",""Search"",""Writing""]",[],"[""Account Creation"",""Discussion State"",""Show Likes"",""Updation"",""View""]","[""Editing"",""Feedback"",""Invalid user"",""Login"",""Manage profiles"",""Publishing"",""Reading"",""Register"",""Search"",""Writing""]",5,10,0,5,10,0.0,0.0,0.0
Mistral,rag,case_28_ott_based_system_mini_reel,Code\untitled folder\results\plantuml_pipeline\runs\open_source__mistral__rag\case_28_ott_based_system_mini_reel\run_01.puml,dataset\case_28_ott_based_system_mini_reel\diagram.puml,sentence-transformers/all-MiniLM-L6-v2,0.800000,0.650000,"[""Account Creation"",""Discussion State"",""Show Likes"",""Updation"",""View""]","[""Editing"",""Feedback"",""Invalid user"",""Login"",""Manage profiles"",""Publishing"",""Reading"",""Register"",""Search"",""Writing""]",[],"[""Account Creation"",""Discussion State"",""Show Likes"",""Updation"",""View""]","[""Editing"",""Feedback"",""Invalid user"",""Login"",""Manage profiles"",""Publishing"",""Reading"",""Register"",""Search"",""Writing""]",5,10,0,5,10,0.0,0.0,0.0
Mistral,syntax_grounded_repair,case_28_ott_based_system_mini_reel,Code\untitled folder\results\plantuml_pipeline\runs\open_source__mistral__rag_validation_generator_critic_repair__syntax_grounded\case_28_ott_based_system_mini_reel\run_01.puml,dataset\case_28_ott_based_system_mini_reel\diagram.puml,sentence-transformers/all-MiniLM-L6-v2,0.800000,0.650000,"[""Account Creation"",""Discussion State"",""Show Likes"",""Updation"",""View""]","[""Editing"",""Feedback"",""Invalid user"",""Login"",""Manage profiles"",""Publishing"",""Reading"",""Register"",""Search"",""Writing""]",[],"[""Account Creation"",""Discussion State"",""Show Likes"",""Updation"",""View""]","[""Editing"",""Feedback"",""Invalid user"",""Login"",""Manage profiles"",""Publishing"",""Reading"",""Register"",""Search"",""Writing""]",5,10,0,5,10,0.0,0.0,0.0
Qwen_2.5_7B,baseline_repair,case_28_ott_based_system_mini_reel,Code\untitled folder\results\plantuml_pipeline\runs\open_source__qwen25_7b_instruct__rag_validation_generator_critic_repair\case_28_ott_based_system_mini_reel\run_01.puml,dataset\case_28_ott_based_system_mini_reel\diagram.puml,sentence-transformers/all-MiniLM-L6-v2,0.800000,0.650000,"[""Account Creation"",""Discussion State"",""Show Likes"",""Updation"",""View""]","[""Create Account"",""Enter Discussion"",""Save Videos"",""Upload Videos"",""Watch Videos""]","[{""ground_truth_state"":""Account Creation"",""candidate_state"":""Create Account"",""ground_truth_normalized"":""account creation"",""candidate_normalized"":""create account"",""similarity"":0.929123,""match_type"":""strict""},{""ground_truth_state"":""Discussion State"",""candidate_state"":""Enter Discussion"",""ground_truth_normalized"":""discussion state"",""candidate_normalized"":""enter discussion"",""similarity"":0.704627,""match_type"":""relaxed""}]","[""Show Likes"",""Updation"",""View""]","[""Save Videos"",""Upload Videos"",""Watch Videos""]",5,5,2,3,3,0.4,0.4,0.4
Qwen_2.5_7B,rag,case_28_ott_based_system_mini_reel,Code\untitled folder\results\plantuml_pipeline\runs\open_source__qwen25_7b_instruct__rag\case_28_ott_based_system_mini_reel\run_01.puml,dataset\case_28_ott_based_system_mini_reel\diagram.puml,sentence-transformers/all-MiniLM-L6-v2,0.800000,0.650000,"[""Account Creation"",""Discussion State"",""Show Likes"",""Updation"",""View""]","[""Create Account"",""Enter Discussion"",""Save Videos"",""Upload Videos"",""Watch Videos""]","[{""ground_truth_state"":""Account Creation"",""candidate_state"":""Create Account"",""ground_truth_normalized"":""account creation"",""candidate_normalized"":""create account"",""similarity"":0.929123,""match_type"":""strict""},{""ground_truth_state"":""Discussion State"",""candidate_state"":""Enter Discussion"",""ground_truth_normalized"":""discussion state"",""candidate_normalized"":""enter discussion"",""similarity"":0.704627,""match_type"":""relaxed""}]","[""Show Likes"",""Updation"",""View""]","[""Save Videos"",""Upload Videos"",""Watch Videos""]",5,5,2,3,3,0.4,0.4,0.4
Qwen_2.5_7B,syntax_grounded_repair,case_28_ott_based_system_mini_reel,Code\untitled folder\results\plantuml_pipeline\runs\open_source__qwen25_7b_instruct__rag_validation_generator_critic_repair__syntax_grounded_original_rag\case_28_ott_based_system_mini_reel\run_01.puml,dataset\case_28_ott_based_system_mini_reel\diagram.puml,sentence-transformers/all-MiniLM-L6-v2,0.800000,0.650000,"[""Account Creation"",""Discussion State"",""Show Likes"",""Updation"",""View""]","[""Create Account"",""Enter Discussion"",""Save Videos"",""Upload Videos"",""Watch Videos""]","[{""ground_truth_state"":""Account Creation"",""candidate_state"":""Create Account"",""ground_truth_normalized"":""account creation"",""candidate_normalized"":""create account"",""similarity"":0.929123,""match_type"":""strict""},{""ground_truth_state"":""Discussion State"",""candidate_state"":""Enter Discussion"",""ground_truth_normalized"":""discussion state"",""candidate_normalized"":""enter discussion"",""similarity"":0.704627,""match_type"":""relaxed""}]","[""Show Likes"",""Updation"",""View""]","[""Save Videos"",""Upload Videos"",""Watch Videos""]",5,5,2,3,3,0.4,0.4,0.4
DeepSeek_R1_14B,baseline_repair,case_32_e_visa_processing_and_follow_up_system,Code\untitled folder\results\plantuml_pipeline\runs\open_source__deepseek_r1_14b__few_shot_validation_generator_critic_repair\case_32_e_visa_processing_and_follow_up_system\run_01.puml,dataset\case_32_e_visa_processing_and_follow_up_system\diagram.puml,sentence-transformers/all-MiniLM-L6-v2,0.800000,0.650000,"[""Accept Application"",""Accept Visa"",""Apply for Visa"",""Cancel Application"",""Check Status"",""Give Feedback"",""Login"",""Log Out"",""Make Payment"",""Modify Details"",""Register"",""Reject Visa"",""Update Status"",""Verify Document Proofs"",""View Details"",""View purpose of application"",""View Status""]","[""Initial""]",[],"[""Accept Application"",""Accept Visa"",""Apply for Visa"",""Cancel Application"",""Check Status"",""Give Feedback"",""Login"",""Log Out"",""Make Payment"",""Modify Details"",""Register"",""Reject Visa"",""Update Status"",""Verify Document Proofs"",""View Details"",""View purpose of application"",""View Status""]","[""Initial""]",17,1,0,17,1,0.0,0.0,0.0
DeepSeek_R1_14B,few_shot,case_32_e_visa_processing_and_follow_up_system,Code\untitled folder\results\plantuml_pipeline\runs\open_source__deepseek_r1_14b__few_shot\case_32_e_visa_processing_and_follow_up_system\run_01.puml,dataset\case_32_e_visa_processing_and_follow_up_system\diagram.puml,sentence-transformers/all-MiniLM-L6-v2,0.800000,0.650000,"[""Accept Application"",""Accept Visa"",""Apply for Visa"",""Cancel Application"",""Check Status"",""Give Feedback"",""Login"",""Log Out"",""Make Payment"",""Modify Details"",""Register"",""Reject Visa"",""Update Status"",""Verify Document Proofs"",""View Details"",""View purpose of application"",""View Status""]","[""ApplicationApproved"",""ApplicationProcessing"",""ApplicationRejected"",""ApplicationSubmitted"",""Initial"",""LoggedIn"",""LoggedOut"",""NotLoggedIn""]","[{""ground_truth_state"":""Accept Application"",""candidate_state"":""ApplicationApproved"",""ground_truth_normalized"":""accept application"",""candidate_normalized"":""application approved"",""similarity"":0.714391,""match_type"":""relaxed""},{""ground_truth_state"":""Login"",""candidate_state"":""LoggedIn"",""ground_truth_normalized"":""login"",""candidate_normalized"":""logged in"",""similarity"":0.850182,""match_type"":""strict""},{""ground_truth_state"":""Log Out"",""candidate_state"":""LoggedOut"",""ground_truth_normalized"":""logout"",""candidate_normalized"":""logout"",""similarity"":1.0,""match_type"":""exact_normalized""}]","[""Accept Visa"",""Apply for Visa"",""Cancel Application"",""Check Status"",""Give Feedback"",""Make Payment"",""Modify Details"",""Register"",""Reject Visa"",""Update Status"",""Verify Document Proofs"",""View Details"",""View purpose of application"",""View Status""]","[""ApplicationProcessing"",""ApplicationRejected"",""ApplicationSubmitted"",""Initial"",""NotLoggedIn""]",17,8,3,14,5,0.375,0.176471,0.24
DeepSeek_R1_14B,syntax_grounded_repair,case_32_e_visa_processing_and_follow_up_system,Code\untitled folder\results\plantuml_pipeline\runs\open_source__deepseek_r1_14b__few_shot_validation_generator_critic_repair__syntax_grounded\case_32_e_visa_processing_and_follow_up_system\run_01.puml,dataset\case_32_e_visa_processing_and_follow_up_system\diagram.puml,sentence-transformers/all-MiniLM-L6-v2,0.800000,0.650000,"[""Accept Application"",""Accept Visa"",""Apply for Visa"",""Cancel Application"",""Check Status"",""Give Feedback"",""Login"",""Log Out"",""Make Payment"",""Modify Details"",""Register"",""Reject Visa"",""Update Status"",""Verify Document Proofs"",""View Details"",""View purpose of application"",""View Status""]","[""ApplicationApproved"",""ApplicationProcessing"",""ApplicationRejected"",""ApplicationSubmitted"",""Initial"",""LoggedIn"",""LoggedOut"",""NotLoggedIn""]","[{""ground_truth_state"":""Accept Application"",""candidate_state"":""ApplicationApproved"",""ground_truth_normalized"":""accept application"",""candidate_normalized"":""application approved"",""similarity"":0.714391,""match_type"":""relaxed""},{""ground_truth_state"":""Login"",""candidate_state"":""LoggedIn"",""ground_truth_normalized"":""login"",""candidate_normalized"":""logged in"",""similarity"":0.850182,""match_type"":""strict""},{""ground_truth_state"":""Log Out"",""candidate_state"":""LoggedOut"",""ground_truth_normalized"":""logout"",""candidate_normalized"":""logout"",""similarity"":1.0,""match_type"":""exact_normalized""}]","[""Accept Visa"",""Apply for Visa"",""Cancel Application"",""Check Status"",""Give Feedback"",""Make Payment"",""Modify Details"",""Register"",""Reject Visa"",""Update Status"",""Verify Document Proofs"",""View Details"",""View purpose of application"",""View Status""]","[""ApplicationProcessing"",""ApplicationRejected"",""ApplicationSubmitted"",""Initial"",""NotLoggedIn""]",17,8,3,14,5,0.375,0.176471,0.24
Llama_3.1_8B,baseline_repair,case_32_e_visa_processing_and_follow_up_system,Code\untitled folder\results\plantuml_pipeline\runs\open_source__llama31_8b_instruct__few_shot_validation_generator_critic_repair\case_32_e_visa_processing_and_follow_up_system\run_01.puml,dataset\case_32_e_visa_processing_and_follow_up_system\diagram.puml,sentence-transformers/all-MiniLM-L6-v2,0.800000,0.650000,"[""Accept Application"",""Accept Visa"",""Apply for Visa"",""Cancel Application"",""Check Status"",""Give Feedback"",""Login"",""Log Out"",""Make Payment"",""Modify Details"",""Register"",""Reject Visa"",""Update Status"",""Verify Document Proofs"",""View Details"",""View purpose of application"",""View Status""]","[""Accepted"",""Application"",""Cancel"",""CheckStatus"",""Choice1"",""Choice10"",""Choice11"",""Choice2"",""Choice3"",""Choice4"",""Choice5"",""Choice6"",""Choice7"",""Choice8"",""Choice9"",""CreateUser"",""GiveFeedback"",""Login"",""Logout"",""ModifyDetails"",""Payment"",""Status"",""UpdateStatus"",""ViewDetails"",""ViewPurpose""]","[{""ground_truth_state"":""Accept Application"",""candidate_state"":""Application"",""ground_truth_normalized"":""accept application"",""candidate_normalized"":""application"",""similarity"":0.719575,""match_type"":""relaxed_lexical""},{""ground_truth_state"":""Cancel Application"",""candidate_state"":""Cancel"",""ground_truth_normalized"":""cancel application"",""candidate_normalized"":""cancel"",""similarity"":0.752442,""match_type"":""relaxed_lexical""},{""ground_truth_state"":""Check Status"",""candidate_state"":""CheckStatus"",""ground_truth_normalized"":""check status"",""candidate_normalized"":""check status"",""similarity"":1.0,""match_type"":""exact_normalized""},{""ground_truth_state"":""Give Feedback"",""candidate_state"":""GiveFeedback"",""ground_truth_normalized"":""give feedback"",""candidate_normalized"":""give feedback"",""similarity"":1.0,""match_type"":""exact_normalized""},{""ground_truth_state"":""Login"",""candidate_state"":""Login"",""ground_truth_normalized"":""login"",""candidate_normalized"":""login"",""similarity"":1.0,""match_type"":""exact_normalized""},{""ground_truth_state"":""Log Out"",""candidate_state"":""Logout"",""ground_truth_normalized"":""logout"",""candidate_normalized"":""logout"",""similarity"":1.0,""match_type"":""exact_normalized""},{""ground_truth_state"":""Make Payment"",""candidate_state"":""Payment"",""ground_truth_normalized"":""make payment"",""candidate_normalized"":""payment"",""similarity"":0.888751,""match_type"":""strict""},{""ground_truth_state"":""Modify Details"",""candidate_state"":""ModifyDetails"",""ground_truth_normalized"":""modify details"",""candidate_normalized"":""modify details"",""similarity"":1.0,""match_type"":""exact_normalized""},{""ground_truth_state"":""Update Status"",""candidate_state"":""UpdateStatus"",""ground_truth_normalized"":""update status"",""candidate_normalized"":""update status"",""similarity"":1.0,""match_type"":""exact_normalized""},{""ground_truth_state"":""View Details"",""candidate_state"":""ViewDetails"",""ground_truth_normalized"":""view details"",""candidate_normalized"":""view details"",""similarity"":1.0,""match_type"":""exact_normalized""},{""ground_truth_state"":""View purpose of application"",""candidate_state"":""ViewPurpose"",""ground_truth_normalized"":""view purpose of application"",""candidate_normalized"":""view purpose"",""similarity"":0.788539,""match_type"":""relaxed_lexical""},{""ground_truth_state"":""View Status"",""candidate_state"":""Status"",""ground_truth_normalized"":""view status"",""candidate_normalized"":""status"",""similarity"":0.685128,""match_type"":""relaxed_lexical""}]","[""Accept Visa"",""Apply for Visa"",""Register"",""Reject Visa"",""Verify Document Proofs""]","[""Accepted"",""Choice1"",""Choice10"",""Choice11"",""Choice2"",""Choice3"",""Choice4"",""Choice5"",""Choice6"",""Choice7"",""Choice8"",""Choice9"",""CreateUser""]",17,25,12,5,13,0.48,0.705882,0.571429
Llama_3.1_8B,few_shot,case_32_e_visa_processing_and_follow_up_system,Code\untitled folder\results\plantuml_pipeline\runs\open_source__llama31_8b_instruct__few_shot\case_32_e_visa_processing_and_follow_up_system\run_01.puml,dataset\case_32_e_visa_processing_and_follow_up_system\diagram.puml,sentence-transformers/all-MiniLM-L6-v2,0.800000,0.650000,"[""Accept Application"",""Accept Visa"",""Apply for Visa"",""Cancel Application"",""Check Status"",""Give Feedback"",""Login"",""Log Out"",""Make Payment"",""Modify Details"",""Register"",""Reject Visa"",""Update Status"",""Verify Document Proofs"",""View Details"",""View purpose of application"",""View Status""]","[""Accepted"",""Application"",""Cancel"",""CheckStatus"",""CreateUser"",""GiveFeedback"",""Login"",""Logout"",""ModifyDetails"",""Payment"",""Status"",""UpdateStatus"",""ViewDetails"",""ViewPurpose""]","[{""ground_truth_state"":""Accept Application"",""candidate_state"":""Application"",""ground_truth_normalized"":""accept application"",""candidate_normalized"":""application"",""similarity"":0.719575,""match_type"":""relaxed_lexical""},{""ground_truth_state"":""Cancel Application"",""candidate_state"":""Cancel"",""ground_truth_normalized"":""cancel application"",""candidate_normalized"":""cancel"",""similarity"":0.752442,""match_type"":""relaxed_lexical""},{""ground_truth_state"":""Check Status"",""candidate_state"":""CheckStatus"",""ground_truth_normalized"":""check status"",""candidate_normalized"":""check status"",""similarity"":1.0,""match_type"":""exact_normalized""},{""ground_truth_state"":""Give Feedback"",""candidate_state"":""GiveFeedback"",""ground_truth_normalized"":""give feedback"",""candidate_normalized"":""give feedback"",""similarity"":1.0,""match_type"":""exact_normalized""},{""ground_truth_state"":""Login"",""candidate_state"":""Login"",""ground_truth_normalized"":""login"",""candidate_normalized"":""login"",""similarity"":1.0,""match_type"":""exact_normalized""},{""ground_truth_state"":""Log Out"",""candidate_state"":""Logout"",""ground_truth_normalized"":""logout"",""candidate_normalized"":""logout"",""similarity"":1.0,""match_type"":""exact_normalized""},{""ground_truth_state"":""Make Payment"",""candidate_state"":""Payment"",""ground_truth_normalized"":""make payment"",""candidate_normalized"":""payment"",""similarity"":0.888751,""match_type"":""strict""},{""ground_truth_state"":""Modify Details"",""candidate_state"":""ModifyDetails"",""ground_truth_normalized"":""modify details"",""candidate_normalized"":""modify details"",""similarity"":1.0,""match_type"":""exact_normalized""},{""ground_truth_state"":""Update Status"",""candidate_state"":""UpdateStatus"",""ground_truth_normalized"":""update status"",""candidate_normalized"":""update status"",""similarity"":1.0,""match_type"":""exact_normalized""},{""ground_truth_state"":""View Details"",""candidate_state"":""ViewDetails"",""ground_truth_normalized"":""view details"",""candidate_normalized"":""view details"",""similarity"":1.0,""match_type"":""exact_normalized""},{""ground_truth_state"":""View purpose of application"",""candidate_state"":""ViewPurpose"",""ground_truth_normalized"":""view purpose of application"",""candidate_normalized"":""view purpose"",""similarity"":0.788539,""match_type"":""relaxed_lexical""},{""ground_truth_state"":""View Status"",""candidate_state"":""Status"",""ground_truth_normalized"":""view status"",""candidate_normalized"":""status"",""similarity"":0.685128,""match_type"":""relaxed_lexical""}]","[""Accept Visa"",""Apply for Visa"",""Register"",""Reject Visa"",""Verify Document Proofs""]","[""Accepted"",""CreateUser""]",17,14,12,5,2,0.857143,0.705882,0.774194
Llama_3.1_8B,syntax_grounded_repair,case_32_e_visa_processing_and_follow_up_system,Code\untitled folder\results\plantuml_pipeline\runs\open_source__llama31_8b_instruct__few_shot_validation_generator_critic_repair__syntax_grounded\case_32_e_visa_processing_and_follow_up_system\run_01.puml,dataset\case_32_e_visa_processing_and_follow_up_system\diagram.puml,sentence-transformers/all-MiniLM-L6-v2,0.800000,0.650000,"[""Accept Application"",""Accept Visa"",""Apply for Visa"",""Cancel Application"",""Check Status"",""Give Feedback"",""Login"",""Log Out"",""Make Payment"",""Modify Details"",""Register"",""Reject Visa"",""Update Status"",""Verify Document Proofs"",""View Details"",""View purpose of application"",""View Status""]","[""Accepted"",""Application"",""Cancel"",""CheckStatus"",""CreateUser"",""GiveFeedback"",""Login"",""Logout"",""ModifyDetails"",""Payment"",""Status"",""UpdateStatus"",""ViewDetails"",""ViewPurpose""]","[{""ground_truth_state"":""Accept Application"",""candidate_state"":""Application"",""ground_truth_normalized"":""accept application"",""candidate_normalized"":""application"",""similarity"":0.719575,""match_type"":""relaxed_lexical""},{""ground_truth_state"":""Cancel Application"",""candidate_state"":""Cancel"",""ground_truth_normalized"":""cancel application"",""candidate_normalized"":""cancel"",""similarity"":0.752442,""match_type"":""relaxed_lexical""},{""ground_truth_state"":""Check Status"",""candidate_state"":""CheckStatus"",""ground_truth_normalized"":""check status"",""candidate_normalized"":""check status"",""similarity"":1.0,""match_type"":""exact_normalized""},{""ground_truth_state"":""Give Feedback"",""candidate_state"":""GiveFeedback"",""ground_truth_normalized"":""give feedback"",""candidate_normalized"":""give feedback"",""similarity"":1.0,""match_type"":""exact_normalized""},{""ground_truth_state"":""Login"",""candidate_state"":""Login"",""ground_truth_normalized"":""login"",""candidate_normalized"":""login"",""similarity"":1.0,""match_type"":""exact_normalized""},{""ground_truth_state"":""Log Out"",""candidate_state"":""Logout"",""ground_truth_normalized"":""logout"",""candidate_normalized"":""logout"",""similarity"":1.0,""match_type"":""exact_normalized""},{""ground_truth_state"":""Make Payment"",""candidate_state"":""Payment"",""ground_truth_normalized"":""make payment"",""candidate_normalized"":""payment"",""similarity"":0.888751,""match_type"":""strict""},{""ground_truth_state"":""Modify Details"",""candidate_state"":""ModifyDetails"",""ground_truth_normalized"":""modify details"",""candidate_normalized"":""modify details"",""similarity"":1.0,""match_type"":""exact_normalized""},{""ground_truth_state"":""Update Status"",""candidate_state"":""UpdateStatus"",""ground_truth_normalized"":""update status"",""candidate_normalized"":""update status"",""similarity"":1.0,""match_type"":""exact_normalized""},{""ground_truth_state"":""View Details"",""candidate_state"":""ViewDetails"",""ground_truth_normalized"":""view details"",""candidate_normalized"":""view details"",""similarity"":1.0,""match_type"":""exact_normalized""},{""ground_truth_state"":""View purpose of application"",""candidate_state"":""ViewPurpose"",""ground_truth_normalized"":""view purpose of application"",""candidate_normalized"":""view purpose"",""similarity"":0.788539,""match_type"":""relaxed_lexical""},{""ground_truth_state"":""View Status"",""candidate_state"":""Status"",""ground_truth_normalized"":""view status"",""candidate_normalized"":""status"",""similarity"":0.685128,""match_type"":""relaxed_lexical""}]","[""Accept Visa"",""Apply for Visa"",""Register"",""Reject Visa"",""Verify Document Proofs""]","[""Accepted"",""CreateUser""]",17,14,12,5,2,0.857143,0.705882,0.774194
Mistral,baseline_repair,case_32_e_visa_processing_and_follow_up_system,Code\untitled folder\results\plantuml_pipeline\runs\open_source__mistral__rag_validation_generator_critic_repair\case_32_e_visa_processing_and_follow_up_system\run_01.puml,dataset\case_32_e_visa_processing_and_follow_up_system\diagram.puml,sentence-transformers/all-MiniLM-L6-v2,0.800000,0.650000,"[""Accept Application"",""Accept Visa"",""Apply for Visa"",""Cancel Application"",""Check Status"",""Give Feedback"",""Login"",""Log Out"",""Make Payment"",""Modify Details"",""Register"",""Reject Visa"",""Update Status"",""Verify Document Proofs"",""View Details"",""View purpose of application"",""View Status""]","[""Accepted"",""ApplyForVisa"",""CancelApplication"",""CheckStatus"",""Dashboard"",""GiveFeedback"",""LoggedIn"",""Logout"",""ModifyDetails"",""PaymentConfirmation"",""Settings"",""ViewDetails"",""ViewStatus""]","[{""ground_truth_state"":""Apply for Visa"",""candidate_state"":""ApplyForVisa"",""ground_truth_normalized"":""apply for visa"",""candidate_normalized"":""apply for visa"",""similarity"":1.0,""match_type"":""exact_normalized""},{""ground_truth_state"":""Cancel Application"",""candidate_state"":""CancelApplication"",""ground_truth_normalized"":""cancel application"",""candidate_normalized"":""cancel application"",""similarity"":1.0,""match_type"":""exact_normalized""},{""ground_truth_state"":""Check Status"",""candidate_state"":""CheckStatus"",""ground_truth_normalized"":""check status"",""candidate_normalized"":""check status"",""similarity"":1.0,""match_type"":""exact_normalized""},{""ground_truth_state"":""Give Feedback"",""candidate_state"":""GiveFeedback"",""ground_truth_normalized"":""give feedback"",""candidate_normalized"":""give feedback"",""similarity"":1.0,""match_type"":""exact_normalized""},{""ground_truth_state"":""Login"",""candidate_state"":""LoggedIn"",""ground_truth_normalized"":""login"",""candidate_normalized"":""logged in"",""similarity"":0.850182,""match_type"":""strict""},{""ground_truth_state"":""Log Out"",""candidate_state"":""Logout"",""ground_truth_normalized"":""logout"",""candidate_normalized"":""logout"",""similarity"":1.0,""match_type"":""exact_normalized""},{""ground_truth_state"":""Make Payment"",""candidate_state"":""PaymentConfirmation"",""ground_truth_normalized"":""make payment"",""candidate_normalized"":""payment confirmation"",""similarity"":0.737162,""match_type"":""relaxed""},{""ground_truth_state"":""Modify Details"",""candidate_state"":""ModifyDetails"",""ground_truth_normalized"":""modify details"",""candidate_normalized"":""modify details"",""similarity"":1.0,""match_type"":""exact_normalized""},{""ground_truth_state"":""View Details"",""candidate_state"":""ViewDetails"",""ground_truth_normalized"":""view details"",""candidate_normalized"":""view details"",""similarity"":1.0,""match_type"":""exact_normalized""},{""ground_truth_state"":""View Status"",""candidate_state"":""ViewStatus"",""ground_truth_normalized"":""view status"",""candidate_normalized"":""view status"",""similarity"":1.0,""match_type"":""exact_normalized""}]","[""Accept Application"",""Accept Visa"",""Register"",""Reject Visa"",""Update Status"",""Verify Document Proofs"",""View purpose of application""]","[""Accepted"",""Dashboard"",""Settings""]",17,13,10,7,3,0.769231,0.588235,0.666667
Mistral,rag,case_32_e_visa_processing_and_follow_up_system,Code\untitled folder\results\plantuml_pipeline\runs\open_source__mistral__rag\case_32_e_visa_processing_and_follow_up_system\run_01.puml,dataset\case_32_e_visa_processing_and_follow_up_system\diagram.puml,sentence-transformers/all-MiniLM-L6-v2,0.800000,0.650000,"[""Accept Application"",""Accept Visa"",""Apply for Visa"",""Cancel Application"",""Check Status"",""Give Feedback"",""Login"",""Log Out"",""Make Payment"",""Modify Details"",""Register"",""Reject Visa"",""Update Status"",""Verify Document Proofs"",""View Details"",""View purpose of application"",""View Status""]","[""Accepted"",""ApplyForVisa"",""CancelApplication"",""CheckStatus"",""Dashboard"",""GiveFeedback"",""LoggedIn"",""Logout"",""ModifyDetails"",""PaymentConfirmation"",""Settings"",""ViewDetails"",""ViewStatus""]","[{""ground_truth_state"":""Apply for Visa"",""candidate_state"":""ApplyForVisa"",""ground_truth_normalized"":""apply for visa"",""candidate_normalized"":""apply for visa"",""similarity"":1.0,""match_type"":""exact_normalized""},{""ground_truth_state"":""Cancel Application"",""candidate_state"":""CancelApplication"",""ground_truth_normalized"":""cancel application"",""candidate_normalized"":""cancel application"",""similarity"":1.0,""match_type"":""exact_normalized""},{""ground_truth_state"":""Check Status"",""candidate_state"":""CheckStatus"",""ground_truth_normalized"":""check status"",""candidate_normalized"":""check status"",""similarity"":1.0,""match_type"":""exact_normalized""},{""ground_truth_state"":""Give Feedback"",""candidate_state"":""GiveFeedback"",""ground_truth_normalized"":""give feedback"",""candidate_normalized"":""give feedback"",""similarity"":1.0,""match_type"":""exact_normalized""},{""ground_truth_state"":""Login"",""candidate_state"":""LoggedIn"",""ground_truth_normalized"":""login"",""candidate_normalized"":""logged in"",""similarity"":0.850182,""match_type"":""strict""},{""ground_truth_state"":""Log Out"",""candidate_state"":""Logout"",""ground_truth_normalized"":""logout"",""candidate_normalized"":""logout"",""similarity"":1.0,""match_type"":""exact_normalized""},{""ground_truth_state"":""Make Payment"",""candidate_state"":""PaymentConfirmation"",""ground_truth_normalized"":""make payment"",""candidate_normalized"":""payment confirmation"",""similarity"":0.737162,""match_type"":""relaxed""},{""ground_truth_state"":""Modify Details"",""candidate_state"":""ModifyDetails"",""ground_truth_normalized"":""modify details"",""candidate_normalized"":""modify details"",""similarity"":1.0,""match_type"":""exact_normalized""},{""ground_truth_state"":""View Details"",""candidate_state"":""ViewDetails"",""ground_truth_normalized"":""view details"",""candidate_normalized"":""view details"",""similarity"":1.0,""match_type"":""exact_normalized""},{""ground_truth_state"":""View Status"",""candidate_state"":""ViewStatus"",""ground_truth_normalized"":""view status"",""candidate_normalized"":""view status"",""similarity"":1.0,""match_type"":""exact_normalized""}]","[""Accept Application"",""Accept Visa"",""Register"",""Reject Visa"",""Update Status"",""Verify Document Proofs"",""View purpose of application""]","[""Accepted"",""Dashboard"",""Settings""]",17,13,10,7,3,0.769231,0.588235,0.666667
Mistral,syntax_grounded_repair,case_32_e_visa_processing_and_follow_up_system,Code\untitled folder\results\plantuml_pipeline\runs\open_source__mistral__rag_validation_generator_critic_repair__syntax_grounded\case_32_e_visa_processing_and_follow_up_system\run_01.puml,dataset\case_32_e_visa_processing_and_follow_up_system\diagram.puml,sentence-transformers/all-MiniLM-L6-v2,0.800000,0.650000,"[""Accept Application"",""Accept Visa"",""Apply for Visa"",""Cancel Application"",""Check Status"",""Give Feedback"",""Login"",""Log Out"",""Make Payment"",""Modify Details"",""Register"",""Reject Visa"",""Update Status"",""Verify Document Proofs"",""View Details"",""View purpose of application"",""View Status""]","[""Accepted"",""ApplyForVisa"",""CancelApplication"",""CheckStatus"",""Dashboard"",""GiveFeedback"",""LoggedIn"",""Logout"",""ModifyDetails"",""PaymentConfirmation"",""Settings"",""ViewDetails"",""ViewStatus""]","[{""ground_truth_state"":""Apply for Visa"",""candidate_state"":""ApplyForVisa"",""ground_truth_normalized"":""apply for visa"",""candidate_normalized"":""apply for visa"",""similarity"":1.0,""match_type"":""exact_normalized""},{""ground_truth_state"":""Cancel Application"",""candidate_state"":""CancelApplication"",""ground_truth_normalized"":""cancel application"",""candidate_normalized"":""cancel application"",""similarity"":1.0,""match_type"":""exact_normalized""},{""ground_truth_state"":""Check Status"",""candidate_state"":""CheckStatus"",""ground_truth_normalized"":""check status"",""candidate_normalized"":""check status"",""similarity"":1.0,""match_type"":""exact_normalized""},{""ground_truth_state"":""Give Feedback"",""candidate_state"":""GiveFeedback"",""ground_truth_normalized"":""give feedback"",""candidate_normalized"":""give feedback"",""similarity"":1.0,""match_type"":""exact_normalized""},{""ground_truth_state"":""Login"",""candidate_state"":""LoggedIn"",""ground_truth_normalized"":""login"",""candidate_normalized"":""logged in"",""similarity"":0.850182,""match_type"":""strict""},{""ground_truth_state"":""Log Out"",""candidate_state"":""Logout"",""ground_truth_normalized"":""logout"",""candidate_normalized"":""logout"",""similarity"":1.0,""match_type"":""exact_normalized""},{""ground_truth_state"":""Make Payment"",""candidate_state"":""PaymentConfirmation"",""ground_truth_normalized"":""make payment"",""candidate_normalized"":""payment confirmation"",""similarity"":0.737162,""match_type"":""relaxed""},{""ground_truth_state"":""Modify Details"",""candidate_state"":""ModifyDetails"",""ground_truth_normalized"":""modify details"",""candidate_normalized"":""modify details"",""similarity"":1.0,""match_type"":""exact_normalized""},{""ground_truth_state"":""View Details"",""candidate_state"":""ViewDetails"",""ground_truth_normalized"":""view details"",""candidate_normalized"":""view details"",""similarity"":1.0,""match_type"":""exact_normalized""},{""ground_truth_state"":""View Status"",""candidate_state"":""ViewStatus"",""ground_truth_normalized"":""view status"",""candidate_normalized"":""view status"",""similarity"":1.0,""match_type"":""exact_normalized""}]","[""Accept Application"",""Accept Visa"",""Register"",""Reject Visa"",""Update Status"",""Verify Document Proofs"",""View purpose of application""]","[""Accepted"",""Dashboard"",""Settings""]",17,13,10,7,3,0.769231,0.588235,0.666667
Qwen_2.5_7B,baseline_repair,case_32_e_visa_processing_and_follow_up_system,Code\untitled folder\results\plantuml_pipeline\runs\open_source__qwen25_7b_instruct__rag_validation_generator_critic_repair\case_32_e_visa_processing_and_follow_up_system\run_01.puml,dataset\case_32_e_visa_processing_and_follow_up_system\diagram.puml,sentence-transformers/all-MiniLM-L6-v2,0.800000,0.650000,"[""Accept Application"",""Accept Visa"",""Apply for Visa"",""Cancel Application"",""Check Status"",""Give Feedback"",""Login"",""Log Out"",""Make Payment"",""Modify Details"",""Register"",""Reject Visa"",""Update Status"",""Verify Document Proofs"",""View Details"",""View purpose of application"",""View Status""]","[""CancelApp"",""Dashboard"",""Feedback"",""LoggedIn"",""ModifyDetails"",""Settings"",""ViewDetails"",""ViewStatus""]","[{""ground_truth_state"":""Cancel Application"",""candidate_state"":""CancelApp"",""ground_truth_normalized"":""cancel application"",""candidate_normalized"":""cancel app"",""similarity"":0.909005,""match_type"":""strict""},{""ground_truth_state"":""Give Feedback"",""candidate_state"":""Feedback"",""ground_truth_normalized"":""give feedback"",""candidate_normalized"":""feedback"",""similarity"":0.899693,""match_type"":""strict""},{""ground_truth_state"":""Login"",""candidate_state"":""LoggedIn"",""ground_truth_normalized"":""login"",""candidate_normalized"":""logged in"",""similarity"":0.850182,""match_type"":""strict""},{""ground_truth_state"":""Modify Details"",""candidate_state"":""ModifyDetails"",""ground_truth_normalized"":""modify details"",""candidate_normalized"":""modify details"",""similarity"":1.0,""match_type"":""exact_normalized""},{""ground_truth_state"":""View Details"",""candidate_state"":""ViewDetails"",""ground_truth_normalized"":""view details"",""candidate_normalized"":""view details"",""similarity"":1.0,""match_type"":""exact_normalized""},{""ground_truth_state"":""View Status"",""candidate_state"":""ViewStatus"",""ground_truth_normalized"":""view status"",""candidate_normalized"":""view status"",""similarity"":1.0,""match_type"":""exact_normalized""}]","[""Accept Application"",""Accept Visa"",""Apply for Visa"",""Check Status"",""Log Out"",""Make Payment"",""Register"",""Reject Visa"",""Update Status"",""Verify Document Proofs"",""View purpose of application""]","[""Dashboard"",""Settings""]",17,8,6,11,2,0.75,0.352941,0.48
Qwen_2.5_7B,rag,case_32_e_visa_processing_and_follow_up_system,Code\untitled folder\results\plantuml_pipeline\runs\open_source__qwen25_7b_instruct__rag\case_32_e_visa_processing_and_follow_up_system\run_01.puml,dataset\case_32_e_visa_processing_and_follow_up_system\diagram.puml,sentence-transformers/all-MiniLM-L6-v2,0.800000,0.650000,"[""Accept Application"",""Accept Visa"",""Apply for Visa"",""Cancel Application"",""Check Status"",""Give Feedback"",""Login"",""Log Out"",""Make Payment"",""Modify Details"",""Register"",""Reject Visa"",""Update Status"",""Verify Document Proofs"",""View Details"",""View purpose of application"",""View Status""]","[""CancelApp"",""Dashboard"",""Feedback"",""LoggedIn"",""ModifyDetails"",""Settings"",""ViewDetails"",""ViewStatus""]","[{""ground_truth_state"":""Cancel Application"",""candidate_state"":""CancelApp"",""ground_truth_normalized"":""cancel application"",""candidate_normalized"":""cancel app"",""similarity"":0.909005,""match_type"":""strict""},{""ground_truth_state"":""Give Feedback"",""candidate_state"":""Feedback"",""ground_truth_normalized"":""give feedback"",""candidate_normalized"":""feedback"",""similarity"":0.899693,""match_type"":""strict""},{""ground_truth_state"":""Login"",""candidate_state"":""LoggedIn"",""ground_truth_normalized"":""login"",""candidate_normalized"":""logged in"",""similarity"":0.850182,""match_type"":""strict""},{""ground_truth_state"":""Modify Details"",""candidate_state"":""ModifyDetails"",""ground_truth_normalized"":""modify details"",""candidate_normalized"":""modify details"",""similarity"":1.0,""match_type"":""exact_normalized""},{""ground_truth_state"":""View Details"",""candidate_state"":""ViewDetails"",""ground_truth_normalized"":""view details"",""candidate_normalized"":""view details"",""similarity"":1.0,""match_type"":""exact_normalized""},{""ground_truth_state"":""View Status"",""candidate_state"":""ViewStatus"",""ground_truth_normalized"":""view status"",""candidate_normalized"":""view status"",""similarity"":1.0,""match_type"":""exact_normalized""}]","[""Accept Application"",""Accept Visa"",""Apply for Visa"",""Check Status"",""Log Out"",""Make Payment"",""Register"",""Reject Visa"",""Update Status"",""Verify Document Proofs"",""View purpose of application""]","[""Dashboard"",""Settings""]",17,8,6,11,2,0.75,0.352941,0.48
Qwen_2.5_7B,syntax_grounded_repair,case_32_e_visa_processing_and_follow_up_system,Code\untitled folder\results\plantuml_pipeline\runs\open_source__qwen25_7b_instruct__rag_validation_generator_critic_repair__syntax_grounded_original_rag\case_32_e_visa_processing_and_follow_up_system\run_01.puml,dataset\case_32_e_visa_processing_and_follow_up_system\diagram.puml,sentence-transformers/all-MiniLM-L6-v2,0.800000,0.650000,"[""Accept Application"",""Accept Visa"",""Apply for Visa"",""Cancel Application"",""Check Status"",""Give Feedback"",""Login"",""Log Out"",""Make Payment"",""Modify Details"",""Register"",""Reject Visa"",""Update Status"",""Verify Document Proofs"",""View Details"",""View purpose of application"",""View Status""]","[""CancelApp"",""Dashboard"",""Feedback"",""LoggedIn"",""ModifyDetails"",""ViewDetails"",""ViewPurposeOfApplication"",""ViewStatus""]","[{""ground_truth_state"":""Cancel Application"",""candidate_state"":""CancelApp"",""ground_truth_normalized"":""cancel application"",""candidate_normalized"":""cancel app"",""similarity"":0.909005,""match_type"":""strict""},{""ground_truth_state"":""Give Feedback"",""candidate_state"":""Feedback"",""ground_truth_normalized"":""give feedback"",""candidate_normalized"":""feedback"",""similarity"":0.899693,""match_type"":""strict""},{""ground_truth_state"":""Login"",""candidate_state"":""LoggedIn"",""ground_truth_normalized"":""login"",""candidate_normalized"":""logged in"",""similarity"":0.850182,""match_type"":""strict""},{""ground_truth_state"":""Modify Details"",""candidate_state"":""ModifyDetails"",""ground_truth_normalized"":""modify details"",""candidate_normalized"":""modify details"",""similarity"":1.0,""match_type"":""exact_normalized""},{""ground_truth_state"":""View Details"",""candidate_state"":""ViewDetails"",""ground_truth_normalized"":""view details"",""candidate_normalized"":""view details"",""similarity"":1.0,""match_type"":""exact_normalized""},{""ground_truth_state"":""View purpose of application"",""candidate_state"":""ViewPurposeOfApplication"",""ground_truth_normalized"":""view purpose of application"",""candidate_normalized"":""view purpose of application"",""similarity"":1.0,""match_type"":""exact_normalized""},{""ground_truth_state"":""View Status"",""candidate_state"":""ViewStatus"",""ground_truth_normalized"":""view status"",""candidate_normalized"":""view status"",""similarity"":1.0,""match_type"":""exact_normalized""}]","[""Accept Application"",""Accept Visa"",""Apply for Visa"",""Check Status"",""Log Out"",""Make Payment"",""Register"",""Reject Visa"",""Update Status"",""Verify Document Proofs""]","[""Dashboard""]",17,8,7,10,1,0.875,0.411765,0.56
DeepSeek_R1_14B,baseline_repair,case_33_farm_management_system,Code\untitled folder\results\plantuml_pipeline\runs\open_source__deepseek_r1_14b__few_shot_validation_generator_critic_repair\case_33_farm_management_system\run_01.puml,dataset\case_33_farm_management_system\diagram.puml,sentence-transformers/all-MiniLM-L6-v2,0.800000,0.650000,"[""labour availability"",""labour availability view"",""logout"",""market conditions"",""market conditions report"",""pest control techniques"",""pestcontrol"",""soil condition"",""soil condition view"",""user home"",""user login"",""weather insights"",""weather insights view""]","[""Idle"",""LabourAvailability"",""LoggedIn MainMenu"",""Logout"",""MarketConditions"",""PestControl"",""SoilSuggestions"",""WeatherInsights""]","[{""ground_truth_state"":""labour availability"",""candidate_state"":""LabourAvailability"",""ground_truth_normalized"":""labour availability"",""candidate_normalized"":""labour availability"",""similarity"":1.0,""match_type"":""exact_normalized""},{""ground_truth_state"":""logout"",""candidate_state"":""Logout"",""ground_truth_normalized"":""logout"",""candidate_normalized"":""logout"",""similarity"":1.0,""match_type"":""exact_normalized""},{""ground_truth_state"":""market conditions"",""candidate_state"":""MarketConditions"",""ground_truth_normalized"":""market conditions"",""candidate_normalized"":""market conditions"",""similarity"":1.0,""match_type"":""exact_normalized""},{""ground_truth_state"":""pest control techniques"",""candidate_state"":""PestControl"",""ground_truth_normalized"":""pest control techniques"",""candidate_normalized"":""pest control"",""similarity"":0.892545,""match_type"":""strict""},{""ground_truth_state"":""soil condition"",""candidate_state"":""SoilSuggestions"",""ground_truth_normalized"":""soil condition"",""candidate_normalized"":""soil suggestions"",""similarity"":0.697498,""match_type"":""relaxed""},{""ground_truth_state"":""weather insights"",""candidate_state"":""WeatherInsights"",""ground_truth_normalized"":""weather insights"",""candidate_normalized"":""weather insights"",""similarity"":1.0,""match_type"":""exact_normalized""}]","[""labour availability view"",""market conditions report"",""pestcontrol"",""soil condition view"",""user home"",""user login"",""weather insights view""]","[""Idle"",""LoggedIn MainMenu""]",13,8,6,7,2,0.75,0.461538,0.571429
DeepSeek_R1_14B,few_shot,case_33_farm_management_system,Code\untitled folder\results\plantuml_pipeline\runs\open_source__deepseek_r1_14b__few_shot\case_33_farm_management_system\run_01.puml,dataset\case_33_farm_management_system\diagram.puml,sentence-transformers/all-MiniLM-L6-v2,0.800000,0.650000,"[""labour availability"",""labour availability view"",""logout"",""market conditions"",""market conditions report"",""pest control techniques"",""pestcontrol"",""soil condition"",""soil condition view"",""user home"",""user login"",""weather insights"",""weather insights view""]","[""Idle"",""LabourAvailability"",""LoggedIn MainMenu"",""Logout"",""MarketConditions"",""PestControl"",""SoilSuggestions"",""WeatherInsights""]","[{""ground_truth_state"":""labour availability"",""candidate_state"":""LabourAvailability"",""ground_truth_normalized"":""labour availability"",""candidate_normalized"":""labour availability"",""similarity"":1.0,""match_type"":""exact_normalized""},{""ground_truth_state"":""logout"",""candidate_state"":""Logout"",""ground_truth_normalized"":""logout"",""candidate_normalized"":""logout"",""similarity"":1.0,""match_type"":""exact_normalized""},{""ground_truth_state"":""market conditions"",""candidate_state"":""MarketConditions"",""ground_truth_normalized"":""market conditions"",""candidate_normalized"":""market conditions"",""similarity"":1.0,""match_type"":""exact_normalized""},{""ground_truth_state"":""pest control techniques"",""candidate_state"":""PestControl"",""ground_truth_normalized"":""pest control techniques"",""candidate_normalized"":""pest control"",""similarity"":0.892545,""match_type"":""strict""},{""ground_truth_state"":""soil condition"",""candidate_state"":""SoilSuggestions"",""ground_truth_normalized"":""soil condition"",""candidate_normalized"":""soil suggestions"",""similarity"":0.697498,""match_type"":""relaxed""},{""ground_truth_state"":""weather insights"",""candidate_state"":""WeatherInsights"",""ground_truth_normalized"":""weather insights"",""candidate_normalized"":""weather insights"",""similarity"":1.0,""match_type"":""exact_normalized""}]","[""labour availability view"",""market conditions report"",""pestcontrol"",""soil condition view"",""user home"",""user login"",""weather insights view""]","[""Idle"",""LoggedIn MainMenu""]",13,8,6,7,2,0.75,0.461538,0.571429
DeepSeek_R1_14B,syntax_grounded_repair,case_33_farm_management_system,Code\untitled folder\results\plantuml_pipeline\runs\open_source__deepseek_r1_14b__few_shot_validation_generator_critic_repair__syntax_grounded\case_33_farm_management_system\run_01.puml,dataset\case_33_farm_management_system\diagram.puml,sentence-transformers/all-MiniLM-L6-v2,0.800000,0.650000,"[""labour availability"",""labour availability view"",""logout"",""market conditions"",""market conditions report"",""pest control techniques"",""pestcontrol"",""soil condition"",""soil condition view"",""user home"",""user login"",""weather insights"",""weather insights view""]","[""Idle"",""LabourAvailability"",""LoggedIn MainMenu"",""Logout"",""MarketConditions"",""PestControl"",""SoilSuggestions"",""WeatherInsights""]","[{""ground_truth_state"":""labour availability"",""candidate_state"":""LabourAvailability"",""ground_truth_normalized"":""labour availability"",""candidate_normalized"":""labour availability"",""similarity"":1.0,""match_type"":""exact_normalized""},{""ground_truth_state"":""logout"",""candidate_state"":""Logout"",""ground_truth_normalized"":""logout"",""candidate_normalized"":""logout"",""similarity"":1.0,""match_type"":""exact_normalized""},{""ground_truth_state"":""market conditions"",""candidate_state"":""MarketConditions"",""ground_truth_normalized"":""market conditions"",""candidate_normalized"":""market conditions"",""similarity"":1.0,""match_type"":""exact_normalized""},{""ground_truth_state"":""pest control techniques"",""candidate_state"":""PestControl"",""ground_truth_normalized"":""pest control techniques"",""candidate_normalized"":""pest control"",""similarity"":0.892545,""match_type"":""strict""},{""ground_truth_state"":""soil condition"",""candidate_state"":""SoilSuggestions"",""ground_truth_normalized"":""soil condition"",""candidate_normalized"":""soil suggestions"",""similarity"":0.697498,""match_type"":""relaxed""},{""ground_truth_state"":""weather insights"",""candidate_state"":""WeatherInsights"",""ground_truth_normalized"":""weather insights"",""candidate_normalized"":""weather insights"",""similarity"":1.0,""match_type"":""exact_normalized""}]","[""labour availability view"",""market conditions report"",""pestcontrol"",""soil condition view"",""user home"",""user login"",""weather insights view""]","[""Idle"",""LoggedIn MainMenu""]",13,8,6,7,2,0.75,0.461538,0.571429
Llama_3.1_8B,baseline_repair,case_33_farm_management_system,Code\untitled folder\results\plantuml_pipeline\runs\open_source__llama31_8b_instruct__few_shot_validation_generator_critic_repair\case_33_farm_management_system\run_01.puml,dataset\case_33_farm_management_system\diagram.puml,sentence-transformers/all-MiniLM-L6-v2,0.800000,0.650000,"[""labour availability"",""labour availability view"",""logout"",""market conditions"",""market conditions report"",""pest control techniques"",""pestcontrol"",""soil condition"",""soil condition view"",""user home"",""user login"",""weather insights"",""weather insights view""]","[""Labour Availability"",""Logged In"",""Logged Out"",""Main Area"",""Market Conditions"",""Market Report"",""Pest Control Help"",""Pest Control Techniques"",""Session Ended"",""Soil Suggestions"",""Weather Insights""]","[{""ground_truth_state"":""labour availability"",""candidate_state"":""Labour Availability"",""ground_truth_normalized"":""labour availability"",""candidate_normalized"":""labour availability"",""similarity"":1.0,""match_type"":""exact_normalized""},{""ground_truth_state"":""logout"",""candidate_state"":""Logged Out"",""ground_truth_normalized"":""logout"",""candidate_normalized"":""logout"",""similarity"":1.0,""match_type"":""exact_normalized""},{""ground_truth_state"":""market conditions"",""candidate_state"":""Market Conditions"",""ground_truth_normalized"":""market conditions"",""candidate_normalized"":""market conditions"",""similarity"":1.0,""match_type"":""exact_normalized""},{""ground_truth_state"":""market conditions report"",""candidate_state"":""Market Report"",""ground_truth_normalized"":""market conditions report"",""candidate_normalized"":""market report"",""similarity"":0.808552,""match_type"":""strict""},{""ground_truth_state"":""pest control techniques"",""candidate_state"":""Pest Control Techniques"",""ground_truth_normalized"":""pest control techniques"",""candidate_normalized"":""pest control techniques"",""similarity"":1.0,""match_type"":""exact_normalized""},{""ground_truth_state"":""pestcontrol"",""candidate_state"":""Pest Control Help"",""ground_truth_normalized"":""pestcontrol"",""candidate_normalized"":""pest control help"",""similarity"":0.718159,""match_type"":""relaxed""},{""ground_truth_state"":""soil condition"",""candidate_state"":""Soil Suggestions"",""ground_truth_normalized"":""soil condition"",""candidate_normalized"":""soil suggestions"",""similarity"":0.697498,""match_type"":""relaxed""},{""ground_truth_state"":""user login"",""candidate_state"":""Logged In"",""ground_truth_normalized"":""user login"",""candidate_normalized"":""logged in"",""similarity"":0.736503,""match_type"":""relaxed""},{""ground_truth_state"":""weather insights"",""candidate_state"":""Weather Insights"",""ground_truth_normalized"":""weather insights"",""candidate_normalized"":""weather insights"",""similarity"":1.0,""match_type"":""exact_normalized""}]","[""labour availability view"",""soil condition view"",""user home"",""weather insights view""]","[""Main Area"",""Session Ended""]",13,11,9,4,2,0.818182,0.692308,0.75
Llama_3.1_8B,few_shot,case_33_farm_management_system,Code\untitled folder\results\plantuml_pipeline\runs\open_source__llama31_8b_instruct__few_shot\case_33_farm_management_system\run_01.puml,dataset\case_33_farm_management_system\diagram.puml,sentence-transformers/all-MiniLM-L6-v2,0.800000,0.650000,"[""labour availability"",""labour availability view"",""logout"",""market conditions"",""market conditions report"",""pest control techniques"",""pestcontrol"",""soil condition"",""soil condition view"",""user home"",""user login"",""weather insights"",""weather insights view""]","[""Labour Availability"",""Logged In"",""Logged Out"",""Main Area"",""Market Conditions"",""Market Report"",""Pest Control Help"",""Pest Control Techniques"",""Session Ended"",""Soil Suggestions"",""Weather Insights""]","[{""ground_truth_state"":""labour availability"",""candidate_state"":""Labour Availability"",""ground_truth_normalized"":""labour availability"",""candidate_normalized"":""labour availability"",""similarity"":1.0,""match_type"":""exact_normalized""},{""ground_truth_state"":""logout"",""candidate_state"":""Logged Out"",""ground_truth_normalized"":""logout"",""candidate_normalized"":""logout"",""similarity"":1.0,""match_type"":""exact_normalized""},{""ground_truth_state"":""market conditions"",""candidate_state"":""Market Conditions"",""ground_truth_normalized"":""market conditions"",""candidate_normalized"":""market conditions"",""similarity"":1.0,""match_type"":""exact_normalized""},{""ground_truth_state"":""market conditions report"",""candidate_state"":""Market Report"",""ground_truth_normalized"":""market conditions report"",""candidate_normalized"":""market report"",""similarity"":0.808552,""match_type"":""strict""},{""ground_truth_state"":""pest control techniques"",""candidate_state"":""Pest Control Techniques"",""ground_truth_normalized"":""pest control techniques"",""candidate_normalized"":""pest control techniques"",""similarity"":1.0,""match_type"":""exact_normalized""},{""ground_truth_state"":""pestcontrol"",""candidate_state"":""Pest Control Help"",""ground_truth_normalized"":""pestcontrol"",""candidate_normalized"":""pest control help"",""similarity"":0.718159,""match_type"":""relaxed""},{""ground_truth_state"":""soil condition"",""candidate_state"":""Soil Suggestions"",""ground_truth_normalized"":""soil condition"",""candidate_normalized"":""soil suggestions"",""similarity"":0.697498,""match_type"":""relaxed""},{""ground_truth_state"":""user login"",""candidate_state"":""Logged In"",""ground_truth_normalized"":""user login"",""candidate_normalized"":""logged in"",""similarity"":0.736503,""match_type"":""relaxed""},{""ground_truth_state"":""weather insights"",""candidate_state"":""Weather Insights"",""ground_truth_normalized"":""weather insights"",""candidate_normalized"":""weather insights"",""similarity"":1.0,""match_type"":""exact_normalized""}]","[""labour availability view"",""soil condition view"",""user home"",""weather insights view""]","[""Main Area"",""Session Ended""]",13,11,9,4,2,0.818182,0.692308,0.75
Llama_3.1_8B,syntax_grounded_repair,case_33_farm_management_system,Code\untitled folder\results\plantuml_pipeline\runs\open_source__llama31_8b_instruct__few_shot_validation_generator_critic_repair__syntax_grounded\case_33_farm_management_system\run_01.puml,dataset\case_33_farm_management_system\diagram.puml,sentence-transformers/all-MiniLM-L6-v2,0.800000,0.650000,"[""labour availability"",""labour availability view"",""logout"",""market conditions"",""market conditions report"",""pest control techniques"",""pestcontrol"",""soil condition"",""soil condition view"",""user home"",""user login"",""weather insights"",""weather insights view""]","[""Labour Availability"",""Logged In"",""Logged Out"",""Main Area"",""Market Conditions"",""Market Report"",""Pest Control Help"",""Pest Control Techniques"",""Session Ended"",""Soil Suggestions"",""Weather Insights""]","[{""ground_truth_state"":""labour availability"",""candidate_state"":""Labour Availability"",""ground_truth_normalized"":""labour availability"",""candidate_normalized"":""labour availability"",""similarity"":1.0,""match_type"":""exact_normalized""},{""ground_truth_state"":""logout"",""candidate_state"":""Logged Out"",""ground_truth_normalized"":""logout"",""candidate_normalized"":""logout"",""similarity"":1.0,""match_type"":""exact_normalized""},{""ground_truth_state"":""market conditions"",""candidate_state"":""Market Conditions"",""ground_truth_normalized"":""market conditions"",""candidate_normalized"":""market conditions"",""similarity"":1.0,""match_type"":""exact_normalized""},{""ground_truth_state"":""market conditions report"",""candidate_state"":""Market Report"",""ground_truth_normalized"":""market conditions report"",""candidate_normalized"":""market report"",""similarity"":0.808552,""match_type"":""strict""},{""ground_truth_state"":""pest control techniques"",""candidate_state"":""Pest Control Techniques"",""ground_truth_normalized"":""pest control techniques"",""candidate_normalized"":""pest control techniques"",""similarity"":1.0,""match_type"":""exact_normalized""},{""ground_truth_state"":""pestcontrol"",""candidate_state"":""Pest Control Help"",""ground_truth_normalized"":""pestcontrol"",""candidate_normalized"":""pest control help"",""similarity"":0.718159,""match_type"":""relaxed""},{""ground_truth_state"":""soil condition"",""candidate_state"":""Soil Suggestions"",""ground_truth_normalized"":""soil condition"",""candidate_normalized"":""soil suggestions"",""similarity"":0.697498,""match_type"":""relaxed""},{""ground_truth_state"":""user login"",""candidate_state"":""Logged In"",""ground_truth_normalized"":""user login"",""candidate_normalized"":""logged in"",""similarity"":0.736503,""match_type"":""relaxed""},{""ground_truth_state"":""weather insights"",""candidate_state"":""Weather Insights"",""ground_truth_normalized"":""weather insights"",""candidate_normalized"":""weather insights"",""similarity"":1.0,""match_type"":""exact_normalized""}]","[""labour availability view"",""soil condition view"",""user home"",""weather insights view""]","[""Main Area"",""Session Ended""]",13,11,9,4,2,0.818182,0.692308,0.75
Mistral,baseline_repair,case_33_farm_management_system,Code\untitled folder\results\plantuml_pipeline\runs\open_source__mistral__rag_validation_generator_critic_repair\case_33_farm_management_system\run_01.puml,dataset\case_33_farm_management_system\diagram.puml,sentence-transformers/all-MiniLM-L6-v2,0.800000,0.650000,"[""labour availability"",""labour availability view"",""logout"",""market conditions"",""market conditions report"",""pest control techniques"",""pestcontrol"",""soil condition"",""soil condition view"",""user home"",""user login"",""weather insights"",""weather insights view""]","[""Continue"",""Dashboard"",""LabourAvailability"",""LoggedIn"",""MarketConditions"",""MarketReport"",""PestControlHelp"",""PestControlTechniques"",""PhotoRequired"",""Results"",""SoilInfo"",""Suggestions"",""WeatherInsights""]","[{""ground_truth_state"":""labour availability"",""candidate_state"":""LabourAvailability"",""ground_truth_normalized"":""labour availability"",""candidate_normalized"":""labour availability"",""similarity"":1.0,""match_type"":""exact_normalized""},{""ground_truth_state"":""market conditions"",""candidate_state"":""MarketConditions"",""ground_truth_normalized"":""market conditions"",""candidate_normalized"":""market conditions"",""similarity"":1.0,""match_type"":""exact_normalized""},{""ground_truth_state"":""market conditions report"",""candidate_state"":""MarketReport"",""ground_truth_normalized"":""market conditions report"",""candidate_normalized"":""market report"",""similarity"":0.808552,""match_type"":""strict""},{""ground_truth_state"":""pest control techniques"",""candidate_state"":""PestControlTechniques"",""ground_truth_normalized"":""pest control techniques"",""candidate_normalized"":""pest control techniques"",""similarity"":1.0,""match_type"":""exact_normalized""},{""ground_truth_state"":""pestcontrol"",""candidate_state"":""PestControlHelp"",""ground_truth_normalized"":""pestcontrol"",""candidate_normalized"":""pest control help"",""similarity"":0.718159,""match_type"":""relaxed""},{""ground_truth_state"":""soil condition"",""candidate_state"":""SoilInfo"",""ground_truth_normalized"":""soil condition"",""candidate_normalized"":""soil info"",""similarity"":0.720561,""match_type"":""relaxed""},{""ground_truth_state"":""user login"",""candidate_state"":""LoggedIn"",""ground_truth_normalized"":""user login"",""candidate_normalized"":""logged in"",""similarity"":0.736503,""match_type"":""relaxed""},{""ground_truth_state"":""weather insights"",""candidate_state"":""WeatherInsights"",""ground_truth_normalized"":""weather insights"",""candidate_normalized"":""weather insights"",""similarity"":1.0,""match_type"":""exact_normalized""}]","[""labour availability view"",""logout"",""soil condition view"",""user home"",""weather insights view""]","[""Continue"",""Dashboard"",""PhotoRequired"",""Results"",""Suggestions""]",13,13,8,5,5,0.615385,0.615385,0.615385
Mistral,rag,case_33_farm_management_system,Code\untitled folder\results\plantuml_pipeline\runs\open_source__mistral__rag\case_33_farm_management_system\run_01.puml,dataset\case_33_farm_management_system\diagram.puml,sentence-transformers/all-MiniLM-L6-v2,0.800000,0.650000,"[""labour availability"",""labour availability view"",""logout"",""market conditions"",""market conditions report"",""pest control techniques"",""pestcontrol"",""soil condition"",""soil condition view"",""user home"",""user login"",""weather insights"",""weather insights view""]","[""Continue"",""Dashboard"",""LabourAvailability"",""LoggedIn"",""MarketConditions"",""MarketReport"",""PestControlHelp"",""PestControlTechniques"",""PhotoRequired"",""Results"",""SoilInfo"",""Suggestions"",""WeatherInsights""]","[{""ground_truth_state"":""labour availability"",""candidate_state"":""LabourAvailability"",""ground_truth_normalized"":""labour availability"",""candidate_normalized"":""labour availability"",""similarity"":1.0,""match_type"":""exact_normalized""},{""ground_truth_state"":""market conditions"",""candidate_state"":""MarketConditions"",""ground_truth_normalized"":""market conditions"",""candidate_normalized"":""market conditions"",""similarity"":1.0,""match_type"":""exact_normalized""},{""ground_truth_state"":""market conditions report"",""candidate_state"":""MarketReport"",""ground_truth_normalized"":""market conditions report"",""candidate_normalized"":""market report"",""similarity"":0.808552,""match_type"":""strict""},{""ground_truth_state"":""pest control techniques"",""candidate_state"":""PestControlTechniques"",""ground_truth_normalized"":""pest control techniques"",""candidate_normalized"":""pest control techniques"",""similarity"":1.0,""match_type"":""exact_normalized""},{""ground_truth_state"":""pestcontrol"",""candidate_state"":""PestControlHelp"",""ground_truth_normalized"":""pestcontrol"",""candidate_normalized"":""pest control help"",""similarity"":0.718159,""match_type"":""relaxed""},{""ground_truth_state"":""soil condition"",""candidate_state"":""SoilInfo"",""ground_truth_normalized"":""soil condition"",""candidate_normalized"":""soil info"",""similarity"":0.720561,""match_type"":""relaxed""},{""ground_truth_state"":""user login"",""candidate_state"":""LoggedIn"",""ground_truth_normalized"":""user login"",""candidate_normalized"":""logged in"",""similarity"":0.736503,""match_type"":""relaxed""},{""ground_truth_state"":""weather insights"",""candidate_state"":""WeatherInsights"",""ground_truth_normalized"":""weather insights"",""candidate_normalized"":""weather insights"",""similarity"":1.0,""match_type"":""exact_normalized""}]","[""labour availability view"",""logout"",""soil condition view"",""user home"",""weather insights view""]","[""Continue"",""Dashboard"",""PhotoRequired"",""Results"",""Suggestions""]",13,13,8,5,5,0.615385,0.615385,0.615385
Mistral,syntax_grounded_repair,case_33_farm_management_system,Code\untitled folder\results\plantuml_pipeline\runs\open_source__mistral__rag_validation_generator_critic_repair__syntax_grounded\case_33_farm_management_system\run_01.puml,dataset\case_33_farm_management_system\diagram.puml,sentence-transformers/all-MiniLM-L6-v2,0.800000,0.650000,"[""labour availability"",""labour availability view"",""logout"",""market conditions"",""market conditions report"",""pest control techniques"",""pestcontrol"",""soil condition"",""soil condition view"",""user home"",""user login"",""weather insights"",""weather insights view""]","[""Continue"",""Dashboard"",""LabourAvailability"",""LoggedIn"",""MarketConditions"",""MarketReport"",""PestControlHelp"",""PestControlTechniques"",""PhotoRequired"",""Results"",""SoilInfo"",""Suggestions"",""WeatherInsights""]","[{""ground_truth_state"":""labour availability"",""candidate_state"":""LabourAvailability"",""ground_truth_normalized"":""labour availability"",""candidate_normalized"":""labour availability"",""similarity"":1.0,""match_type"":""exact_normalized""},{""ground_truth_state"":""market conditions"",""candidate_state"":""MarketConditions"",""ground_truth_normalized"":""market conditions"",""candidate_normalized"":""market conditions"",""similarity"":1.0,""match_type"":""exact_normalized""},{""ground_truth_state"":""market conditions report"",""candidate_state"":""MarketReport"",""ground_truth_normalized"":""market conditions report"",""candidate_normalized"":""market report"",""similarity"":0.808552,""match_type"":""strict""},{""ground_truth_state"":""pest control techniques"",""candidate_state"":""PestControlTechniques"",""ground_truth_normalized"":""pest control techniques"",""candidate_normalized"":""pest control techniques"",""similarity"":1.0,""match_type"":""exact_normalized""},{""ground_truth_state"":""pestcontrol"",""candidate_state"":""PestControlHelp"",""ground_truth_normalized"":""pestcontrol"",""candidate_normalized"":""pest control help"",""similarity"":0.718159,""match_type"":""relaxed""},{""ground_truth_state"":""soil condition"",""candidate_state"":""SoilInfo"",""ground_truth_normalized"":""soil condition"",""candidate_normalized"":""soil info"",""similarity"":0.720561,""match_type"":""relaxed""},{""ground_truth_state"":""user login"",""candidate_state"":""LoggedIn"",""ground_truth_normalized"":""user login"",""candidate_normalized"":""logged in"",""similarity"":0.736503,""match_type"":""relaxed""},{""ground_truth_state"":""weather insights"",""candidate_state"":""WeatherInsights"",""ground_truth_normalized"":""weather insights"",""candidate_normalized"":""weather insights"",""similarity"":1.0,""match_type"":""exact_normalized""}]","[""labour availability view"",""logout"",""soil condition view"",""user home"",""weather insights view""]","[""Continue"",""Dashboard"",""PhotoRequired"",""Results"",""Suggestions""]",13,13,8,5,5,0.615385,0.615385,0.615385
Qwen_2.5_7B,baseline_repair,case_33_farm_management_system,Code\untitled folder\results\plantuml_pipeline\runs\open_source__qwen25_7b_instruct__rag_validation_generator_critic_repair\case_33_farm_management_system\run_01.puml,dataset\case_33_farm_management_system\diagram.puml,sentence-transformers/all-MiniLM-L6-v2,0.800000,0.650000,"[""labour availability"",""labour availability view"",""logout"",""market conditions"",""market conditions report"",""pest control techniques"",""pestcontrol"",""soil condition"",""soil condition view"",""user home"",""user login"",""weather insights"",""weather insights view""]","[""Dashboard"",""LabourAvailability"",""LabourDetails"",""LoggedIn"",""MarketConditions"",""MarketReport"",""PestControlHelp"",""PestControlTechniques"",""SoilSuggestions"",""SoilSuggestionsResult"",""WeatherDetails"",""WeatherInsights""]","[{""ground_truth_state"":""labour availability"",""candidate_state"":""LabourAvailability"",""ground_truth_normalized"":""labour availability"",""candidate_normalized"":""labour availability"",""similarity"":1.0,""match_type"":""exact_normalized""},{""ground_truth_state"":""labour availability view"",""candidate_state"":""LabourDetails"",""ground_truth_normalized"":""labour availability view"",""candidate_normalized"":""labour details"",""similarity"":0.662129,""match_type"":""relaxed""},{""ground_truth_state"":""market conditions"",""candidate_state"":""MarketConditions"",""ground_truth_normalized"":""market conditions"",""candidate_normalized"":""market conditions"",""similarity"":1.0,""match_type"":""exact_normalized""},{""ground_truth_state"":""market conditions report"",""candidate_state"":""MarketReport"",""ground_truth_normalized"":""market conditions report"",""candidate_normalized"":""market report"",""similarity"":0.808552,""match_type"":""strict""},{""ground_truth_state"":""pest control techniques"",""candidate_state"":""PestControlTechniques"",""ground_truth_normalized"":""pest control techniques"",""candidate_normalized"":""pest control techniques"",""similarity"":1.0,""match_type"":""exact_normalized""},{""ground_truth_state"":""pestcontrol"",""candidate_state"":""PestControlHelp"",""ground_truth_normalized"":""pestcontrol"",""candidate_normalized"":""pest control help"",""similarity"":0.718159,""match_type"":""relaxed""},{""ground_truth_state"":""soil condition"",""candidate_state"":""SoilSuggestions"",""ground_truth_normalized"":""soil condition"",""candidate_normalized"":""soil suggestions"",""similarity"":0.697498,""match_type"":""relaxed""},{""ground_truth_state"":""user login"",""candidate_state"":""LoggedIn"",""ground_truth_normalized"":""user login"",""candidate_normalized"":""logged in"",""similarity"":0.736503,""match_type"":""relaxed""},{""ground_truth_state"":""weather insights"",""candidate_state"":""WeatherInsights"",""ground_truth_normalized"":""weather insights"",""candidate_normalized"":""weather insights"",""similarity"":1.0,""match_type"":""exact_normalized""},{""ground_truth_state"":""weather insights view"",""candidate_state"":""WeatherDetails"",""ground_truth_normalized"":""weather insights view"",""candidate_normalized"":""weather details"",""similarity"":0.694834,""match_type"":""relaxed""}]","[""logout"",""soil condition view"",""user home""]","[""Dashboard"",""SoilSuggestionsResult""]",13,12,10,3,2,0.833333,0.769231,0.8
Qwen_2.5_7B,rag,case_33_farm_management_system,Code\untitled folder\results\plantuml_pipeline\runs\open_source__qwen25_7b_instruct__rag\case_33_farm_management_system\run_01.puml,dataset\case_33_farm_management_system\diagram.puml,sentence-transformers/all-MiniLM-L6-v2,0.800000,0.650000,"[""labour availability"",""labour availability view"",""logout"",""market conditions"",""market conditions report"",""pest control techniques"",""pestcontrol"",""soil condition"",""soil condition view"",""user home"",""user login"",""weather insights"",""weather insights view""]","[""Dashboard"",""LabourAvailability"",""LabourDetails"",""LoggedIn"",""MarketConditions"",""MarketReport"",""PestControlHelp"",""PestControlTechniques"",""SoilSuggestions"",""SoilSuggestionsResult"",""WeatherDetails"",""WeatherInsights""]","[{""ground_truth_state"":""labour availability"",""candidate_state"":""LabourAvailability"",""ground_truth_normalized"":""labour availability"",""candidate_normalized"":""labour availability"",""similarity"":1.0,""match_type"":""exact_normalized""},{""ground_truth_state"":""labour availability view"",""candidate_state"":""LabourDetails"",""ground_truth_normalized"":""labour availability view"",""candidate_normalized"":""labour details"",""similarity"":0.662129,""match_type"":""relaxed""},{""ground_truth_state"":""market conditions"",""candidate_state"":""MarketConditions"",""ground_truth_normalized"":""market conditions"",""candidate_normalized"":""market conditions"",""similarity"":1.0,""match_type"":""exact_normalized""},{""ground_truth_state"":""market conditions report"",""candidate_state"":""MarketReport"",""ground_truth_normalized"":""market conditions report"",""candidate_normalized"":""market report"",""similarity"":0.808552,""match_type"":""strict""},{""ground_truth_state"":""pest control techniques"",""candidate_state"":""PestControlTechniques"",""ground_truth_normalized"":""pest control techniques"",""candidate_normalized"":""pest control techniques"",""similarity"":1.0,""match_type"":""exact_normalized""},{""ground_truth_state"":""pestcontrol"",""candidate_state"":""PestControlHelp"",""ground_truth_normalized"":""pestcontrol"",""candidate_normalized"":""pest control help"",""similarity"":0.718159,""match_type"":""relaxed""},{""ground_truth_state"":""soil condition"",""candidate_state"":""SoilSuggestions"",""ground_truth_normalized"":""soil condition"",""candidate_normalized"":""soil suggestions"",""similarity"":0.697498,""match_type"":""relaxed""},{""ground_truth_state"":""user login"",""candidate_state"":""LoggedIn"",""ground_truth_normalized"":""user login"",""candidate_normalized"":""logged in"",""similarity"":0.736503,""match_type"":""relaxed""},{""ground_truth_state"":""weather insights"",""candidate_state"":""WeatherInsights"",""ground_truth_normalized"":""weather insights"",""candidate_normalized"":""weather insights"",""similarity"":1.0,""match_type"":""exact_normalized""},{""ground_truth_state"":""weather insights view"",""candidate_state"":""WeatherDetails"",""ground_truth_normalized"":""weather insights view"",""candidate_normalized"":""weather details"",""similarity"":0.694834,""match_type"":""relaxed""}]","[""logout"",""soil condition view"",""user home""]","[""Dashboard"",""SoilSuggestionsResult""]",13,12,10,3,2,0.833333,0.769231,0.8
Qwen_2.5_7B,syntax_grounded_repair,case_33_farm_management_system,Code\untitled folder\results\plantuml_pipeline\runs\open_source__qwen25_7b_instruct__rag_validation_generator_critic_repair__syntax_grounded_original_rag\case_33_farm_management_system\run_01.puml,dataset\case_33_farm_management_system\diagram.puml,sentence-transformers/all-MiniLM-L6-v2,0.800000,0.650000,"[""labour availability"",""labour availability view"",""logout"",""market conditions"",""market conditions report"",""pest control techniques"",""pestcontrol"",""soil condition"",""soil condition view"",""user home"",""user login"",""weather insights"",""weather insights view""]","[""Dashboard"",""LabourAvailability"",""LabourDetails"",""LoggedIn"",""MarketConditions"",""MarketReport"",""PestControlHelp"",""PestControlTechniques"",""SoilSuggestions"",""SoilSuggestionsResult"",""WeatherDetails"",""WeatherInsights""]","[{""ground_truth_state"":""labour availability"",""candidate_state"":""LabourAvailability"",""ground_truth_normalized"":""labour availability"",""candidate_normalized"":""labour availability"",""similarity"":1.0,""match_type"":""exact_normalized""},{""ground_truth_state"":""labour availability view"",""candidate_state"":""LabourDetails"",""ground_truth_normalized"":""labour availability view"",""candidate_normalized"":""labour details"",""similarity"":0.662129,""match_type"":""relaxed""},{""ground_truth_state"":""market conditions"",""candidate_state"":""MarketConditions"",""ground_truth_normalized"":""market conditions"",""candidate_normalized"":""market conditions"",""similarity"":1.0,""match_type"":""exact_normalized""},{""ground_truth_state"":""market conditions report"",""candidate_state"":""MarketReport"",""ground_truth_normalized"":""market conditions report"",""candidate_normalized"":""market report"",""similarity"":0.808552,""match_type"":""strict""},{""ground_truth_state"":""pest control techniques"",""candidate_state"":""PestControlTechniques"",""ground_truth_normalized"":""pest control techniques"",""candidate_normalized"":""pest control techniques"",""similarity"":1.0,""match_type"":""exact_normalized""},{""ground_truth_state"":""pestcontrol"",""candidate_state"":""PestControlHelp"",""ground_truth_normalized"":""pestcontrol"",""candidate_normalized"":""pest control help"",""similarity"":0.718159,""match_type"":""relaxed""},{""ground_truth_state"":""soil condition"",""candidate_state"":""SoilSuggestions"",""ground_truth_normalized"":""soil condition"",""candidate_normalized"":""soil suggestions"",""similarity"":0.697498,""match_type"":""relaxed""},{""ground_truth_state"":""user login"",""candidate_state"":""LoggedIn"",""ground_truth_normalized"":""user login"",""candidate_normalized"":""logged in"",""similarity"":0.736503,""match_type"":""relaxed""},{""ground_truth_state"":""weather insights"",""candidate_state"":""WeatherInsights"",""ground_truth_normalized"":""weather insights"",""candidate_normalized"":""weather insights"",""similarity"":1.0,""match_type"":""exact_normalized""},{""ground_truth_state"":""weather insights view"",""candidate_state"":""WeatherDetails"",""ground_truth_normalized"":""weather insights view"",""candidate_normalized"":""weather details"",""similarity"":0.694834,""match_type"":""relaxed""}]","[""logout"",""soil condition view"",""user home""]","[""Dashboard"",""SoilSuggestionsResult""]",13,12,10,3,2,0.833333,0.769231,0.8
DeepSeek_R1_14B,baseline_repair,case_34_green_rides,Code\untitled folder\results\plantuml_pipeline\runs\open_source__deepseek_r1_14b__few_shot_validation_generator_critic_repair\case_34_green_rides\run_01.puml,dataset\case_34_green_rides\diagram.puml,sentence-transformers/all-MiniLM-L6-v2,0.800000,0.650000,"[""accident"",""details"",""drive mode"",""feedback"",""from and to"",""menu"",""notify"",""order""]","[""AccidentReport"",""DrivingMode"",""Feedback"",""Hungry"",""Initial"",""JourneyDetails"",""LoggedIn"",""Logout"",""Notifications"",""Ordering"",""RestaurantSelection""]","[{""ground_truth_state"":""accident"",""candidate_state"":""AccidentReport"",""ground_truth_normalized"":""accident"",""candidate_normalized"":""accident report"",""similarity"":0.787505,""match_type"":""relaxed_lexical""},{""ground_truth_state"":""drive mode"",""candidate_state"":""DrivingMode"",""ground_truth_normalized"":""drive mode"",""candidate_normalized"":""driving mode"",""similarity"":0.845288,""match_type"":""strict""},{""ground_truth_state"":""feedback"",""candidate_state"":""Feedback"",""ground_truth_normalized"":""feedback"",""candidate_normalized"":""feedback"",""similarity"":1.0,""match_type"":""exact_normalized""},{""ground_truth_state"":""notify"",""candidate_state"":""Notifications"",""ground_truth_normalized"":""notify"",""candidate_normalized"":""notifications"",""similarity"":0.755901,""match_type"":""relaxed""},{""ground_truth_state"":""order"",""candidate_state"":""Ordering"",""ground_truth_normalized"":""order"",""candidate_normalized"":""ordering"",""similarity"":0.893557,""match_type"":""strict""}]","[""details"",""from and to"",""menu""]","[""Hungry"",""Initial"",""JourneyDetails"",""LoggedIn"",""Logout"",""RestaurantSelection""]",8,11,5,3,6,0.454545,0.625,0.526316
DeepSeek_R1_14B,few_shot,case_34_green_rides,Code\untitled folder\results\plantuml_pipeline\runs\open_source__deepseek_r1_14b__few_shot\case_34_green_rides\run_01.puml,dataset\case_34_green_rides\diagram.puml,sentence-transformers/all-MiniLM-L6-v2,0.800000,0.650000,"[""accident"",""details"",""drive mode"",""feedback"",""from and to"",""menu"",""notify"",""order""]","[""AccidentReport"",""DrivingMode"",""Feedback"",""Hungry"",""Initial"",""JourneyDetails"",""LoggedIn"",""Logout"",""Notifications"",""Ordering"",""RestaurantSelection""]","[{""ground_truth_state"":""accident"",""candidate_state"":""AccidentReport"",""ground_truth_normalized"":""accident"",""candidate_normalized"":""accident report"",""similarity"":0.787505,""match_type"":""relaxed_lexical""},{""ground_truth_state"":""drive mode"",""candidate_state"":""DrivingMode"",""ground_truth_normalized"":""drive mode"",""candidate_normalized"":""driving mode"",""similarity"":0.845288,""match_type"":""strict""},{""ground_truth_state"":""feedback"",""candidate_state"":""Feedback"",""ground_truth_normalized"":""feedback"",""candidate_normalized"":""feedback"",""similarity"":1.0,""match_type"":""exact_normalized""},{""ground_truth_state"":""notify"",""candidate_state"":""Notifications"",""ground_truth_normalized"":""notify"",""candidate_normalized"":""notifications"",""similarity"":0.755901,""match_type"":""relaxed""},{""ground_truth_state"":""order"",""candidate_state"":""Ordering"",""ground_truth_normalized"":""order"",""candidate_normalized"":""ordering"",""similarity"":0.893557,""match_type"":""strict""}]","[""details"",""from and to"",""menu""]","[""Hungry"",""Initial"",""JourneyDetails"",""LoggedIn"",""Logout"",""RestaurantSelection""]",8,11,5,3,6,0.454545,0.625,0.526316
DeepSeek_R1_14B,syntax_grounded_repair,case_34_green_rides,Code\untitled folder\results\plantuml_pipeline\runs\open_source__deepseek_r1_14b__few_shot_validation_generator_critic_repair__syntax_grounded\case_34_green_rides\run_01.puml,dataset\case_34_green_rides\diagram.puml,sentence-transformers/all-MiniLM-L6-v2,0.800000,0.650000,"[""accident"",""details"",""drive mode"",""feedback"",""from and to"",""menu"",""notify"",""order""]","[""AccidentReport"",""DrivingMode"",""Feedback"",""Hungry"",""Initial"",""JourneyDetails"",""LoggedIn"",""Logout"",""Notifications"",""Ordering"",""RestaurantSelection""]","[{""ground_truth_state"":""accident"",""candidate_state"":""AccidentReport"",""ground_truth_normalized"":""accident"",""candidate_normalized"":""accident report"",""similarity"":0.787505,""match_type"":""relaxed_lexical""},{""ground_truth_state"":""drive mode"",""candidate_state"":""DrivingMode"",""ground_truth_normalized"":""drive mode"",""candidate_normalized"":""driving mode"",""similarity"":0.845288,""match_type"":""strict""},{""ground_truth_state"":""feedback"",""candidate_state"":""Feedback"",""ground_truth_normalized"":""feedback"",""candidate_normalized"":""feedback"",""similarity"":1.0,""match_type"":""exact_normalized""},{""ground_truth_state"":""notify"",""candidate_state"":""Notifications"",""ground_truth_normalized"":""notify"",""candidate_normalized"":""notifications"",""similarity"":0.755901,""match_type"":""relaxed""},{""ground_truth_state"":""order"",""candidate_state"":""Ordering"",""ground_truth_normalized"":""order"",""candidate_normalized"":""ordering"",""similarity"":0.893557,""match_type"":""strict""}]","[""details"",""from and to"",""menu""]","[""Hungry"",""Initial"",""JourneyDetails"",""LoggedIn"",""Logout"",""RestaurantSelection""]",8,11,5,3,6,0.454545,0.625,0.526316
Llama_3.1_8B,baseline_repair,case_34_green_rides,Code\untitled folder\results\plantuml_pipeline\runs\open_source__llama31_8b_instruct__few_shot_validation_generator_critic_repair\case_34_green_rides\run_01.puml,dataset\case_34_green_rides\diagram.puml,sentence-transformers/all-MiniLM-L6-v2,0.800000,0.650000,"[""accident"",""details"",""drive mode"",""feedback"",""from and to"",""menu"",""notify"",""order""]","[""Accident"",""DrivingMode"",""EatPlace"",""Feedback"",""JourneyDetails"",""Login"",""OtherOptions""]","[{""ground_truth_state"":""accident"",""candidate_state"":""Accident"",""ground_truth_normalized"":""accident"",""candidate_normalized"":""accident"",""similarity"":1.0,""match_type"":""exact_normalized""},{""ground_truth_state"":""drive mode"",""candidate_state"":""DrivingMode"",""ground_truth_normalized"":""drive mode"",""candidate_normalized"":""driving mode"",""similarity"":0.845288,""match_type"":""strict""},{""ground_truth_state"":""feedback"",""candidate_state"":""Feedback"",""ground_truth_normalized"":""feedback"",""candidate_normalized"":""feedback"",""similarity"":1.0,""match_type"":""exact_normalized""}]","[""details"",""from and to"",""menu"",""notify"",""order""]","[""EatPlace"",""JourneyDetails"",""Login"",""OtherOptions""]",8,7,3,5,4,0.428571,0.375,0.4
Llama_3.1_8B,few_shot,case_34_green_rides,Code\untitled folder\results\plantuml_pipeline\runs\open_source__llama31_8b_instruct__few_shot\case_34_green_rides\run_01.puml,dataset\case_34_green_rides\diagram.puml,sentence-transformers/all-MiniLM-L6-v2,0.800000,0.650000,"[""accident"",""details"",""drive mode"",""feedback"",""from and to"",""menu"",""notify"",""order""]","[""Accident"",""DrivingMode"",""EatPlace"",""Feedback"",""JourneyDetails"",""Login"",""OtherOptions""]","[{""ground_truth_state"":""accident"",""candidate_state"":""Accident"",""ground_truth_normalized"":""accident"",""candidate_normalized"":""accident"",""similarity"":1.0,""match_type"":""exact_normalized""},{""ground_truth_state"":""drive mode"",""candidate_state"":""DrivingMode"",""ground_truth_normalized"":""drive mode"",""candidate_normalized"":""driving mode"",""similarity"":0.845288,""match_type"":""strict""},{""ground_truth_state"":""feedback"",""candidate_state"":""Feedback"",""ground_truth_normalized"":""feedback"",""candidate_normalized"":""feedback"",""similarity"":1.0,""match_type"":""exact_normalized""}]","[""details"",""from and to"",""menu"",""notify"",""order""]","[""EatPlace"",""JourneyDetails"",""Login"",""OtherOptions""]",8,7,3,5,4,0.428571,0.375,0.4
Llama_3.1_8B,syntax_grounded_repair,case_34_green_rides,Code\untitled folder\results\plantuml_pipeline\runs\open_source__llama31_8b_instruct__few_shot_validation_generator_critic_repair__syntax_grounded\case_34_green_rides\run_01.puml,dataset\case_34_green_rides\diagram.puml,sentence-transformers/all-MiniLM-L6-v2,0.800000,0.650000,"[""accident"",""details"",""drive mode"",""feedback"",""from and to"",""menu"",""notify"",""order""]","[""Accident"",""DrivingMode"",""EatPlace"",""Feedback"",""JourneyDetails"",""Login"",""OtherOptions""]","[{""ground_truth_state"":""accident"",""candidate_state"":""Accident"",""ground_truth_normalized"":""accident"",""candidate_normalized"":""accident"",""similarity"":1.0,""match_type"":""exact_normalized""},{""ground_truth_state"":""drive mode"",""candidate_state"":""DrivingMode"",""ground_truth_normalized"":""drive mode"",""candidate_normalized"":""driving mode"",""similarity"":0.845288,""match_type"":""strict""},{""ground_truth_state"":""feedback"",""candidate_state"":""Feedback"",""ground_truth_normalized"":""feedback"",""candidate_normalized"":""feedback"",""similarity"":1.0,""match_type"":""exact_normalized""}]","[""details"",""from and to"",""menu"",""notify"",""order""]","[""EatPlace"",""JourneyDetails"",""Login"",""OtherOptions""]",8,7,3,5,4,0.428571,0.375,0.4
Mistral,baseline_repair,case_34_green_rides,Code\untitled folder\results\plantuml_pipeline\runs\open_source__mistral__rag_validation_generator_critic_repair\case_34_green_rides\run_01.puml,dataset\case_34_green_rides\diagram.puml,sentence-transformers/all-MiniLM-L6-v2,0.800000,0.650000,"[""accident"",""details"",""drive mode"",""feedback"",""from and to"",""menu"",""notify"",""order""]","[""ExpiryNotification"",""Logout"",""ServiceCenterHome""]",[],"[""accident"",""details"",""drive mode"",""feedback"",""from and to"",""menu"",""notify"",""order""]","[""ExpiryNotification"",""Logout"",""ServiceCenterHome""]",8,3,0,8,3,0.0,0.0,0.0
Mistral,rag,case_34_green_rides,Code\untitled folder\results\plantuml_pipeline\runs\open_source__mistral__rag\case_34_green_rides\run_01.puml,dataset\case_34_green_rides\diagram.puml,sentence-transformers/all-MiniLM-L6-v2,0.800000,0.650000,"[""accident"",""details"",""drive mode"",""feedback"",""from and to"",""menu"",""notify"",""order""]","[""ExpiryNotification"",""Logout"",""ServiceCenterHome""]",[],"[""accident"",""details"",""drive mode"",""feedback"",""from and to"",""menu"",""notify"",""order""]","[""ExpiryNotification"",""Logout"",""ServiceCenterHome""]",8,3,0,8,3,0.0,0.0,0.0
Mistral,syntax_grounded_repair,case_34_green_rides,Code\untitled folder\results\plantuml_pipeline\runs\open_source__mistral__rag_validation_generator_critic_repair__syntax_grounded\case_34_green_rides\run_01.puml,dataset\case_34_green_rides\diagram.puml,sentence-transformers/all-MiniLM-L6-v2,0.800000,0.650000,"[""accident"",""details"",""drive mode"",""feedback"",""from and to"",""menu"",""notify"",""order""]","[""AccidentReporting"",""EatSelection"",""ExpiryNotification"",""Feedback"",""InitialState"",""JourneyDetails"",""Logout"",""ServiceCenterHome""]","[{""ground_truth_state"":""accident"",""candidate_state"":""AccidentReporting"",""ground_truth_normalized"":""accident"",""candidate_normalized"":""accident reporting"",""similarity"":0.729557,""match_type"":""relaxed_lexical""},{""ground_truth_state"":""feedback"",""candidate_state"":""Feedback"",""ground_truth_normalized"":""feedback"",""candidate_normalized"":""feedback"",""similarity"":1.0,""match_type"":""exact_normalized""}]","[""details"",""drive mode"",""from and to"",""menu"",""notify"",""order""]","[""EatSelection"",""ExpiryNotification"",""InitialState"",""JourneyDetails"",""Logout"",""ServiceCenterHome""]",8,8,2,6,6,0.25,0.25,0.25
Qwen_2.5_7B,baseline_repair,case_34_green_rides,Code\untitled folder\results\plantuml_pipeline\runs\open_source__qwen25_7b_instruct__rag_validation_generator_critic_repair\case_34_green_rides\run_01.puml,dataset\case_34_green_rides\diagram.puml,sentence-transformers/all-MiniLM-L6-v2,0.800000,0.650000,"[""accident"",""details"",""drive mode"",""feedback"",""from and to"",""menu"",""notify"",""order""]","[""Accident Notification"",""Driving Mode"",""Driving Notifications"",""Journey Details"",""Order Confirmation"",""Place to Eat""]","[{""ground_truth_state"":""accident"",""candidate_state"":""Accident Notification"",""ground_truth_normalized"":""accident"",""candidate_normalized"":""accident notification"",""similarity"":0.611665,""match_type"":""relaxed_lexical""},{""ground_truth_state"":""drive mode"",""candidate_state"":""Driving Mode"",""ground_truth_normalized"":""drive mode"",""candidate_normalized"":""driving mode"",""similarity"":0.845288,""match_type"":""strict""},{""ground_truth_state"":""order"",""candidate_state"":""Order Confirmation"",""ground_truth_normalized"":""order"",""candidate_normalized"":""order confirmation"",""similarity"":0.621038,""match_type"":""relaxed_lexical""}]","[""details"",""feedback"",""from and to"",""menu"",""notify""]","[""Driving Notifications"",""Journey Details"",""Place to Eat""]",8,6,3,5,3,0.5,0.375,0.428571
Qwen_2.5_7B,rag,case_34_green_rides,Code\untitled folder\results\plantuml_pipeline\runs\open_source__qwen25_7b_instruct__rag\case_34_green_rides\run_01.puml,dataset\case_34_green_rides\diagram.puml,sentence-transformers/all-MiniLM-L6-v2,0.800000,0.650000,"[""accident"",""details"",""drive mode"",""feedback"",""from and to"",""menu"",""notify"",""order""]","[""Accident Notification"",""Driving Mode"",""Driving Notifications"",""Journey Details"",""Order Confirmation"",""Place to Eat""]","[{""ground_truth_state"":""accident"",""candidate_state"":""Accident Notification"",""ground_truth_normalized"":""accident"",""candidate_normalized"":""accident notification"",""similarity"":0.611665,""match_type"":""relaxed_lexical""},{""ground_truth_state"":""drive mode"",""candidate_state"":""Driving Mode"",""ground_truth_normalized"":""drive mode"",""candidate_normalized"":""driving mode"",""similarity"":0.845288,""match_type"":""strict""},{""ground_truth_state"":""order"",""candidate_state"":""Order Confirmation"",""ground_truth_normalized"":""order"",""candidate_normalized"":""order confirmation"",""similarity"":0.621038,""match_type"":""relaxed_lexical""}]","[""details"",""feedback"",""from and to"",""menu"",""notify""]","[""Driving Notifications"",""Journey Details"",""Place to Eat""]",8,6,3,5,3,0.5,0.375,0.428571
Qwen_2.5_7B,syntax_grounded_repair,case_34_green_rides,Code\untitled folder\results\plantuml_pipeline\runs\open_source__qwen25_7b_instruct__rag_validation_generator_critic_repair__syntax_grounded_original_rag\case_34_green_rides\run_01.puml,dataset\case_34_green_rides\diagram.puml,sentence-transformers/all-MiniLM-L6-v2,0.800000,0.650000,"[""accident"",""details"",""drive mode"",""feedback"",""from and to"",""menu"",""notify"",""order""]","[""Accident Notification"",""Driving Mode"",""Driving Notifications"",""Journey Details"",""Order Confirmation"",""Place to Eat""]","[{""ground_truth_state"":""accident"",""candidate_state"":""Accident Notification"",""ground_truth_normalized"":""accident"",""candidate_normalized"":""accident notification"",""similarity"":0.611665,""match_type"":""relaxed_lexical""},{""ground_truth_state"":""drive mode"",""candidate_state"":""Driving Mode"",""ground_truth_normalized"":""drive mode"",""candidate_normalized"":""driving mode"",""similarity"":0.845288,""match_type"":""strict""},{""ground_truth_state"":""order"",""candidate_state"":""Order Confirmation"",""ground_truth_normalized"":""order"",""candidate_normalized"":""order confirmation"",""similarity"":0.621038,""match_type"":""relaxed_lexical""}]","[""details"",""feedback"",""from and to"",""menu"",""notify""]","[""Driving Notifications"",""Journey Details"",""Place to Eat""]",8,6,3,5,3,0.5,0.375,0.428571
DeepSeek_R1_14B,baseline_repair,case_37_online_quiz_system,Code\untitled folder\results\plantuml_pipeline\runs\open_source__deepseek_r1_14b__few_shot_validation_generator_critic_repair\case_37_online_quiz_system\run_01.puml,dataset\case_37_online_quiz_system\diagram.puml,sentence-transformers/all-MiniLM-L6-v2,0.800000,0.650000,"[""answer quiz"",""answer quiz by student"",""Create quiz/edit quiz by teacher"",""edit quiz"",""feedback"",""new quiz"",""post quiz"",""quiz answer and result"",""Registration or login"",""s2"",""s3"",""save draft"",""select quiz"",""student profile"",""submit"",""Teacher profile"",""view result""]","[""AnsweringQuiz"",""CreatingQuiz"",""EditingQuiz"",""LoggedIn"",""SelectingQuiz"",""Start"",""StudentMenu"",""SubmittingQuiz"",""TeacherMenu"",""ViewingQuizResults"",""ViewingResult""]","[{""ground_truth_state"":""answer quiz"",""candidate_state"":""AnsweringQuiz"",""ground_truth_normalized"":""answer quiz"",""candidate_normalized"":""answering quiz"",""similarity"":0.89004,""match_type"":""strict""},{""ground_truth_state"":""Create quiz/edit quiz by teacher"",""candidate_state"":""CreatingQuiz"",""ground_truth_normalized"":""create quiz/edit quiz by teacher"",""candidate_normalized"":""creating quiz"",""similarity"":0.83278,""match_type"":""strict""},{""ground_truth_state"":""edit quiz"",""candidate_state"":""EditingQuiz"",""ground_truth_normalized"":""edit quiz"",""candidate_normalized"":""editing quiz"",""similarity"":0.902877,""match_type"":""strict""},{""ground_truth_state"":""post quiz"",""candidate_state"":""SubmittingQuiz"",""ground_truth_normalized"":""post quiz"",""candidate_normalized"":""submitting quiz"",""similarity"":0.780957,""match_type"":""relaxed""},{""ground_truth_state"":""select quiz"",""candidate_state"":""SelectingQuiz"",""ground_truth_normalized"":""select quiz"",""candidate_normalized"":""selecting quiz"",""similarity"":0.931614,""match_type"":""strict""},{""ground_truth_state"":""view result"",""candidate_state"":""ViewingResult"",""ground_truth_normalized"":""view result"",""candidate_normalized"":""viewing result"",""similarity"":0.921011,""match_type"":""strict""}]","[""answer quiz by student"",""feedback"",""new quiz"",""quiz answer and result"",""Registration or login"",""s2"",""s3"",""save draft"",""student profile"",""submit"",""Teacher profile""]","[""LoggedIn"",""Start"",""StudentMenu"",""TeacherMenu"",""ViewingQuizResults""]",17,11,6,11,5,0.545455,0.352941,0.428571
DeepSeek_R1_14B,few_shot,case_37_online_quiz_system,Code\untitled folder\results\plantuml_pipeline\runs\open_source__deepseek_r1_14b__few_shot\case_37_online_quiz_system\run_01.puml,dataset\case_37_online_quiz_system\diagram.puml,sentence-transformers/all-MiniLM-L6-v2,0.800000,0.650000,"[""answer quiz"",""answer quiz by student"",""Create quiz/edit quiz by teacher"",""edit quiz"",""feedback"",""new quiz"",""post quiz"",""quiz answer and result"",""Registration or login"",""s2"",""s3"",""save draft"",""select quiz"",""student profile"",""submit"",""Teacher profile"",""view result""]","[""AnsweringQuiz"",""CreatingQuiz"",""EditingQuiz"",""LoggedIn"",""SelectingQuiz"",""Start"",""StudentMenu"",""SubmittingQuiz"",""TeacherMenu"",""ViewingQuizResults"",""ViewingResult""]","[{""ground_truth_state"":""answer quiz"",""candidate_state"":""AnsweringQuiz"",""ground_truth_normalized"":""answer quiz"",""candidate_normalized"":""answering quiz"",""similarity"":0.89004,""match_type"":""strict""},{""ground_truth_state"":""Create quiz/edit quiz by teacher"",""candidate_state"":""CreatingQuiz"",""ground_truth_normalized"":""create quiz/edit quiz by teacher"",""candidate_normalized"":""creating quiz"",""similarity"":0.83278,""match_type"":""strict""},{""ground_truth_state"":""edit quiz"",""candidate_state"":""EditingQuiz"",""ground_truth_normalized"":""edit quiz"",""candidate_normalized"":""editing quiz"",""similarity"":0.902877,""match_type"":""strict""},{""ground_truth_state"":""post quiz"",""candidate_state"":""SubmittingQuiz"",""ground_truth_normalized"":""post quiz"",""candidate_normalized"":""submitting quiz"",""similarity"":0.780957,""match_type"":""relaxed""},{""ground_truth_state"":""select quiz"",""candidate_state"":""SelectingQuiz"",""ground_truth_normalized"":""select quiz"",""candidate_normalized"":""selecting quiz"",""similarity"":0.931614,""match_type"":""strict""},{""ground_truth_state"":""view result"",""candidate_state"":""ViewingResult"",""ground_truth_normalized"":""view result"",""candidate_normalized"":""viewing result"",""similarity"":0.921011,""match_type"":""strict""}]","[""answer quiz by student"",""feedback"",""new quiz"",""quiz answer and result"",""Registration or login"",""s2"",""s3"",""save draft"",""student profile"",""submit"",""Teacher profile""]","[""LoggedIn"",""Start"",""StudentMenu"",""TeacherMenu"",""ViewingQuizResults""]",17,11,6,11,5,0.545455,0.352941,0.428571
DeepSeek_R1_14B,syntax_grounded_repair,case_37_online_quiz_system,Code\untitled folder\results\plantuml_pipeline\runs\open_source__deepseek_r1_14b__few_shot_validation_generator_critic_repair__syntax_grounded\case_37_online_quiz_system\run_01.puml,dataset\case_37_online_quiz_system\diagram.puml,sentence-transformers/all-MiniLM-L6-v2,0.800000,0.650000,"[""answer quiz"",""answer quiz by student"",""Create quiz/edit quiz by teacher"",""edit quiz"",""feedback"",""new quiz"",""post quiz"",""quiz answer and result"",""Registration or login"",""s2"",""s3"",""save draft"",""select quiz"",""student profile"",""submit"",""Teacher profile"",""view result""]","[""AnsweringQuiz"",""CreatingQuiz"",""EditingQuiz"",""LoggedIn"",""SelectingQuiz"",""Start"",""StudentMenu"",""SubmittingQuiz"",""TeacherMenu"",""ViewingQuizResults"",""ViewingResult""]","[{""ground_truth_state"":""answer quiz"",""candidate_state"":""AnsweringQuiz"",""ground_truth_normalized"":""answer quiz"",""candidate_normalized"":""answering quiz"",""similarity"":0.89004,""match_type"":""strict""},{""ground_truth_state"":""Create quiz/edit quiz by teacher"",""candidate_state"":""CreatingQuiz"",""ground_truth_normalized"":""create quiz/edit quiz by teacher"",""candidate_normalized"":""creating quiz"",""similarity"":0.83278,""match_type"":""strict""},{""ground_truth_state"":""edit quiz"",""candidate_state"":""EditingQuiz"",""ground_truth_normalized"":""edit quiz"",""candidate_normalized"":""editing quiz"",""similarity"":0.902877,""match_type"":""strict""},{""ground_truth_state"":""post quiz"",""candidate_state"":""SubmittingQuiz"",""ground_truth_normalized"":""post quiz"",""candidate_normalized"":""submitting quiz"",""similarity"":0.780957,""match_type"":""relaxed""},{""ground_truth_state"":""select quiz"",""candidate_state"":""SelectingQuiz"",""ground_truth_normalized"":""select quiz"",""candidate_normalized"":""selecting quiz"",""similarity"":0.931614,""match_type"":""strict""},{""ground_truth_state"":""view result"",""candidate_state"":""ViewingResult"",""ground_truth_normalized"":""view result"",""candidate_normalized"":""viewing result"",""similarity"":0.921011,""match_type"":""strict""}]","[""answer quiz by student"",""feedback"",""new quiz"",""quiz answer and result"",""Registration or login"",""s2"",""s3"",""save draft"",""student profile"",""submit"",""Teacher profile""]","[""LoggedIn"",""Start"",""StudentMenu"",""TeacherMenu"",""ViewingQuizResults""]",17,11,6,11,5,0.545455,0.352941,0.428571
Llama_3.1_8B,baseline_repair,case_37_online_quiz_system,Code\untitled folder\results\plantuml_pipeline\runs\open_source__llama31_8b_instruct__few_shot_validation_generator_critic_repair\case_37_online_quiz_system\run_01.puml,dataset\case_37_online_quiz_system\diagram.puml,sentence-transformers/all-MiniLM-L6-v2,0.800000,0.650000,"[""answer quiz"",""answer quiz by student"",""Create quiz/edit quiz by teacher"",""edit quiz"",""feedback"",""new quiz"",""post quiz"",""quiz answer and result"",""Registration or login"",""s2"",""s3"",""save draft"",""select quiz"",""student profile"",""submit"",""Teacher profile"",""view result""]","[""AnswerQuiz"",""CreateQuiz"",""EditQuiz"",""GettingDetails"",""Login"",""Logout"",""PostQuiz"",""Profile"",""Registration"",""SaveDraft"",""SelectQuiz"",""Student Profile"",""SubmitQuiz"",""Teacher Profile"",""Update Database"",""ViewResult""]","[{""ground_truth_state"":""answer quiz"",""candidate_state"":""AnswerQuiz"",""ground_truth_normalized"":""answer quiz"",""candidate_normalized"":""answer quiz"",""similarity"":1.0,""match_type"":""exact_normalized""},{""ground_truth_state"":""answer quiz by student"",""candidate_state"":""SubmitQuiz"",""ground_truth_normalized"":""answer quiz by student"",""candidate_normalized"":""submit quiz"",""similarity"":0.688172,""match_type"":""relaxed""},{""ground_truth_state"":""Create quiz/edit quiz by teacher"",""candidate_state"":""CreateQuiz"",""ground_truth_normalized"":""create quiz/edit quiz by teacher"",""candidate_normalized"":""create quiz"",""similarity"":0.832968,""match_type"":""strict""},{""ground_truth_state"":""edit quiz"",""candidate_state"":""EditQuiz"",""ground_truth_normalized"":""edit quiz"",""candidate_normalized"":""edit quiz"",""similarity"":1.0,""match_type"":""exact_normalized""},{""ground_truth_state"":""post quiz"",""candidate_state"":""PostQuiz"",""ground_truth_normalized"":""post quiz"",""candidate_normalized"":""post quiz"",""similarity"":1.0,""match_type"":""exact_normalized""},{""ground_truth_state"":""Registration or login"",""candidate_state"":""Registration"",""ground_truth_normalized"":""registration or login"",""candidate_normalized"":""registration"",""similarity"":0.801797,""match_type"":""strict""},{""ground_truth_state"":""save draft"",""candidate_state"":""SaveDraft"",""ground_truth_normalized"":""save draft"",""candidate_normalized"":""save draft"",""similarity"":1.0,""match_type"":""exact_normalized""},{""ground_truth_state"":""select quiz"",""candidate_state"":""SelectQuiz"",""ground_truth_normalized"":""select quiz"",""candidate_normalized"":""select quiz"",""similarity"":1.0,""match_type"":""exact_normalized""},{""ground_truth_state"":""student profile"",""candidate_state"":""Student Profile"",""ground_truth_normalized"":""student profile"",""candidate_normalized"":""student profile"",""similarity"":1.0,""match_type"":""exact_normalized""},{""ground_truth_state"":""Teacher profile"",""candidate_state"":""Teacher Profile"",""ground_truth_normalized"":""teacher profile"",""candidate_normalized"":""teacher profile"",""similarity"":1.0,""match_type"":""exact_normalized""},{""ground_truth_state"":""view result"",""candidate_state"":""ViewResult"",""ground_truth_normalized"":""view result"",""candidate_normalized"":""view result"",""similarity"":1.0,""match_type"":""exact_normalized""}]","[""feedback"",""new quiz"",""quiz answer and result"",""s2"",""s3"",""submit""]","[""GettingDetails"",""Login"",""Logout"",""Profile"",""Update Database""]",17,16,11,6,5,0.6875,0.647059,0.666667
Llama_3.1_8B,few_shot,case_37_online_quiz_system,Code\untitled folder\results\plantuml_pipeline\runs\open_source__llama31_8b_instruct__few_shot\case_37_online_quiz_system\run_01.puml,dataset\case_37_online_quiz_system\diagram.puml,sentence-transformers/all-MiniLM-L6-v2,0.800000,0.650000,"[""answer quiz"",""answer quiz by student"",""Create quiz/edit quiz by teacher"",""edit quiz"",""feedback"",""new quiz"",""post quiz"",""quiz answer and result"",""Registration or login"",""s2"",""s3"",""save draft"",""select quiz"",""student profile"",""submit"",""Teacher profile"",""view result""]","[""AnswerQuiz"",""CreateQuiz"",""EditQuiz"",""GettingDetails"",""Login"",""Logout"",""PostQuiz"",""Profile"",""Registration"",""SaveDraft"",""SelectQuiz"",""Student Profile"",""SubmitQuiz"",""Teacher Profile"",""Update Database"",""ViewResult""]","[{""ground_truth_state"":""answer quiz"",""candidate_state"":""AnswerQuiz"",""ground_truth_normalized"":""answer quiz"",""candidate_normalized"":""answer quiz"",""similarity"":1.0,""match_type"":""exact_normalized""},{""ground_truth_state"":""answer quiz by student"",""candidate_state"":""SubmitQuiz"",""ground_truth_normalized"":""answer quiz by student"",""candidate_normalized"":""submit quiz"",""similarity"":0.688172,""match_type"":""relaxed""},{""ground_truth_state"":""Create quiz/edit quiz by teacher"",""candidate_state"":""CreateQuiz"",""ground_truth_normalized"":""create quiz/edit quiz by teacher"",""candidate_normalized"":""create quiz"",""similarity"":0.832968,""match_type"":""strict""},{""ground_truth_state"":""edit quiz"",""candidate_state"":""EditQuiz"",""ground_truth_normalized"":""edit quiz"",""candidate_normalized"":""edit quiz"",""similarity"":1.0,""match_type"":""exact_normalized""},{""ground_truth_state"":""post quiz"",""candidate_state"":""PostQuiz"",""ground_truth_normalized"":""post quiz"",""candidate_normalized"":""post quiz"",""similarity"":1.0,""match_type"":""exact_normalized""},{""ground_truth_state"":""Registration or login"",""candidate_state"":""Registration"",""ground_truth_normalized"":""registration or login"",""candidate_normalized"":""registration"",""similarity"":0.801797,""match_type"":""strict""},{""ground_truth_state"":""save draft"",""candidate_state"":""SaveDraft"",""ground_truth_normalized"":""save draft"",""candidate_normalized"":""save draft"",""similarity"":1.0,""match_type"":""exact_normalized""},{""ground_truth_state"":""select quiz"",""candidate_state"":""SelectQuiz"",""ground_truth_normalized"":""select quiz"",""candidate_normalized"":""select quiz"",""similarity"":1.0,""match_type"":""exact_normalized""},{""ground_truth_state"":""student profile"",""candidate_state"":""Student Profile"",""ground_truth_normalized"":""student profile"",""candidate_normalized"":""student profile"",""similarity"":1.0,""match_type"":""exact_normalized""},{""ground_truth_state"":""Teacher profile"",""candidate_state"":""Teacher Profile"",""ground_truth_normalized"":""teacher profile"",""candidate_normalized"":""teacher profile"",""similarity"":1.0,""match_type"":""exact_normalized""},{""ground_truth_state"":""view result"",""candidate_state"":""ViewResult"",""ground_truth_normalized"":""view result"",""candidate_normalized"":""view result"",""similarity"":1.0,""match_type"":""exact_normalized""}]","[""feedback"",""new quiz"",""quiz answer and result"",""s2"",""s3"",""submit""]","[""GettingDetails"",""Login"",""Logout"",""Profile"",""Update Database""]",17,16,11,6,5,0.6875,0.647059,0.666667
Llama_3.1_8B,syntax_grounded_repair,case_37_online_quiz_system,Code\untitled folder\results\plantuml_pipeline\runs\open_source__llama31_8b_instruct__few_shot_validation_generator_critic_repair__syntax_grounded\case_37_online_quiz_system\run_01.puml,dataset\case_37_online_quiz_system\diagram.puml,sentence-transformers/all-MiniLM-L6-v2,0.800000,0.650000,"[""answer quiz"",""answer quiz by student"",""Create quiz/edit quiz by teacher"",""edit quiz"",""feedback"",""new quiz"",""post quiz"",""quiz answer and result"",""Registration or login"",""s2"",""s3"",""save draft"",""select quiz"",""student profile"",""submit"",""Teacher profile"",""view result""]","[""AnswerQuiz"",""CreateQuiz"",""EditQuiz"",""GettingDetails"",""Login"",""Logout"",""PostQuiz"",""Profile"",""Registration"",""SaveDraft"",""SelectQuiz"",""Student Profile"",""SubmitQuiz"",""Teacher Profile"",""Update Database"",""ViewResult""]","[{""ground_truth_state"":""answer quiz"",""candidate_state"":""AnswerQuiz"",""ground_truth_normalized"":""answer quiz"",""candidate_normalized"":""answer quiz"",""similarity"":1.0,""match_type"":""exact_normalized""},{""ground_truth_state"":""answer quiz by student"",""candidate_state"":""SubmitQuiz"",""ground_truth_normalized"":""answer quiz by student"",""candidate_normalized"":""submit quiz"",""similarity"":0.688172,""match_type"":""relaxed""},{""ground_truth_state"":""Create quiz/edit quiz by teacher"",""candidate_state"":""CreateQuiz"",""ground_truth_normalized"":""create quiz/edit quiz by teacher"",""candidate_normalized"":""create quiz"",""similarity"":0.832968,""match_type"":""strict""},{""ground_truth_state"":""edit quiz"",""candidate_state"":""EditQuiz"",""ground_truth_normalized"":""edit quiz"",""candidate_normalized"":""edit quiz"",""similarity"":1.0,""match_type"":""exact_normalized""},{""ground_truth_state"":""post quiz"",""candidate_state"":""PostQuiz"",""ground_truth_normalized"":""post quiz"",""candidate_normalized"":""post quiz"",""similarity"":1.0,""match_type"":""exact_normalized""},{""ground_truth_state"":""Registration or login"",""candidate_state"":""Registration"",""ground_truth_normalized"":""registration or login"",""candidate_normalized"":""registration"",""similarity"":0.801797,""match_type"":""strict""},{""ground_truth_state"":""save draft"",""candidate_state"":""SaveDraft"",""ground_truth_normalized"":""save draft"",""candidate_normalized"":""save draft"",""similarity"":1.0,""match_type"":""exact_normalized""},{""ground_truth_state"":""select quiz"",""candidate_state"":""SelectQuiz"",""ground_truth_normalized"":""select quiz"",""candidate_normalized"":""select quiz"",""similarity"":1.0,""match_type"":""exact_normalized""},{""ground_truth_state"":""student profile"",""candidate_state"":""Student Profile"",""ground_truth_normalized"":""student profile"",""candidate_normalized"":""student profile"",""similarity"":1.0,""match_type"":""exact_normalized""},{""ground_truth_state"":""Teacher profile"",""candidate_state"":""Teacher Profile"",""ground_truth_normalized"":""teacher profile"",""candidate_normalized"":""teacher profile"",""similarity"":1.0,""match_type"":""exact_normalized""},{""ground_truth_state"":""view result"",""candidate_state"":""ViewResult"",""ground_truth_normalized"":""view result"",""candidate_normalized"":""view result"",""similarity"":1.0,""match_type"":""exact_normalized""}]","[""feedback"",""new quiz"",""quiz answer and result"",""s2"",""s3"",""submit""]","[""GettingDetails"",""Login"",""Logout"",""Profile"",""Update Database""]",17,16,11,6,5,0.6875,0.647059,0.666667
Mistral,baseline_repair,case_37_online_quiz_system,Code\untitled folder\results\plantuml_pipeline\runs\open_source__mistral__rag_validation_generator_critic_repair\case_37_online_quiz_system\run_01.puml,dataset\case_37_online_quiz_system\diagram.puml,sentence-transformers/all-MiniLM-L6-v2,0.800000,0.650000,"[""answer quiz"",""answer quiz by student"",""Create quiz/edit quiz by teacher"",""edit quiz"",""feedback"",""new quiz"",""post quiz"",""quiz answer and result"",""Registration or login"",""s2"",""s3"",""save draft"",""select quiz"",""student profile"",""submit"",""Teacher profile"",""view result""]","[""Authentication"",""Buy Books"",""BuyEnterBookID"",""BuyGetBooks"",""BuyNotPaidEnd"",""choose Alternate option"",""DisplayBookAmount"",""Display Suggestion"",""Enter Book Details"",""Enter Details"",""Enter Member_ID"",""Enter Password"",""Get Books"",""GetEnterBookID"",""GetEnterMemberID"",""Get Member_ID"",""Invalid Member_ID or Password"",""ObtainBooks"",""PayFineAmount"",""Re-enter Details"",""Registration"",""Search Books"",""StartJoin"",""successful Login"",""Successful Registration""]","[{""ground_truth_state"":""Registration or login"",""candidate_state"":""Registration"",""ground_truth_normalized"":""registration or login"",""candidate_normalized"":""registration"",""similarity"":0.801797,""match_type"":""strict""}]","[""answer quiz"",""answer quiz by student"",""Create quiz/edit quiz by teacher"",""edit quiz"",""feedback"",""new quiz"",""post quiz"",""quiz answer and result"",""s2"",""s3"",""save draft"",""select quiz"",""student profile"",""submit"",""Teacher profile"",""view result""]","[""Authentication"",""Buy Books"",""BuyEnterBookID"",""BuyGetBooks"",""BuyNotPaidEnd"",""choose Alternate option"",""DisplayBookAmount"",""Display Suggestion"",""Enter Book Details"",""Enter Details"",""Enter Member_ID"",""Enter Password"",""Get Books"",""GetEnterBookID"",""GetEnterMemberID"",""Get Member_ID"",""Invalid Member_ID or Password"",""ObtainBooks"",""PayFineAmount"",""Re-enter Details"",""Search Books"",""StartJoin"",""successful Login"",""Successful Registration""]",17,25,1,16,24,0.04,0.058824,0.047619
Mistral,rag,case_37_online_quiz_system,Code\untitled folder\results\plantuml_pipeline\runs\open_source__mistral__rag\case_37_online_quiz_system\run_01.puml,dataset\case_37_online_quiz_system\diagram.puml,sentence-transformers/all-MiniLM-L6-v2,0.800000,0.650000,"[""answer quiz"",""answer quiz by student"",""Create quiz/edit quiz by teacher"",""edit quiz"",""feedback"",""new quiz"",""post quiz"",""quiz answer and result"",""Registration or login"",""s2"",""s3"",""save draft"",""select quiz"",""student profile"",""submit"",""Teacher profile"",""view result""]","[""Authentication"",""Buy Books"",""choose Alternate option"",""Display Book Amount"",""Display Suggestion"",""Enter Book Details"",""Enter Book_ID"",""Enter Details"",""Enter Member_ID"",""Enter Password"",""Get Books"",""Get Member_ID"",""Invalid Member_ID or Password"",""Obtain Books"",""PayFineAmount"",""Re-enter Details"",""Registration"",""Search Books"",""successful Login"",""Successful Registration""]","[{""ground_truth_state"":""Registration or login"",""candidate_state"":""Registration"",""ground_truth_normalized"":""registration or login"",""candidate_normalized"":""registration"",""similarity"":0.801797,""match_type"":""strict""}]","[""answer quiz"",""answer quiz by student"",""Create quiz/edit quiz by teacher"",""edit quiz"",""feedback"",""new quiz"",""post quiz"",""quiz answer and result"",""s2"",""s3"",""save draft"",""select quiz"",""student profile"",""submit"",""Teacher profile"",""view result""]","[""Authentication"",""Buy Books"",""choose Alternate option"",""Display Book Amount"",""Display Suggestion"",""Enter Book Details"",""Enter Book_ID"",""Enter Details"",""Enter Member_ID"",""Enter Password"",""Get Books"",""Get Member_ID"",""Invalid Member_ID or Password"",""Obtain Books"",""PayFineAmount"",""Re-enter Details"",""Search Books"",""successful Login"",""Successful Registration""]",17,20,1,16,19,0.05,0.058824,0.054054
Mistral,syntax_grounded_repair,case_37_online_quiz_system,Code\untitled folder\results\plantuml_pipeline\runs\open_source__mistral__rag_validation_generator_critic_repair__syntax_grounded\case_37_online_quiz_system\run_01.puml,dataset\case_37_online_quiz_system\diagram.puml,sentence-transformers/all-MiniLM-L6-v2,0.800000,0.650000,"[""answer quiz"",""answer quiz by student"",""Create quiz/edit quiz by teacher"",""edit quiz"",""feedback"",""new quiz"",""post quiz"",""quiz answer and result"",""Registration or login"",""s2"",""s3"",""save draft"",""select quiz"",""student profile"",""submit"",""Teacher profile"",""view result""]","[""Authentication"",""Buy Books"",""BuyEnterBookID"",""choose Alternate option"",""Display Book Amount"",""Display Suggestion"",""Enter Book Details"",""Enter Book_ID"",""Enter Details"",""Enter Member_ID"",""Enter Password"",""Get Books"",""Get Member_ID"",""Invalid Member_ID or Password"",""Obtain Books"",""PayFineAmount"",""Re-enter Details"",""Registration"",""Search Books"",""successful Login"",""Successful Registration""]","[{""ground_truth_state"":""Registration or login"",""candidate_state"":""Registration"",""ground_truth_normalized"":""registration or login"",""candidate_normalized"":""registration"",""similarity"":0.801797,""match_type"":""strict""}]","[""answer quiz"",""answer quiz by student"",""Create quiz/edit quiz by teacher"",""edit quiz"",""feedback"",""new quiz"",""post quiz"",""quiz answer and result"",""s2"",""s3"",""save draft"",""select quiz"",""student profile"",""submit"",""Teacher profile"",""view result""]","[""Authentication"",""Buy Books"",""BuyEnterBookID"",""choose Alternate option"",""Display Book Amount"",""Display Suggestion"",""Enter Book Details"",""Enter Book_ID"",""Enter Details"",""Enter Member_ID"",""Enter Password"",""Get Books"",""Get Member_ID"",""Invalid Member_ID or Password"",""Obtain Books"",""PayFineAmount"",""Re-enter Details"",""Search Books"",""successful Login"",""Successful Registration""]",17,21,1,16,20,0.047619,0.058824,0.052632
Qwen_2.5_7B,baseline_repair,case_37_online_quiz_system,Code\untitled folder\results\plantuml_pipeline\runs\open_source__qwen25_7b_instruct__rag_validation_generator_critic_repair\case_37_online_quiz_system\run_01.puml,dataset\case_37_online_quiz_system\diagram.puml,sentence-transformers/all-MiniLM-L6-v2,0.800000,0.650000,"[""answer quiz"",""answer quiz by student"",""Create quiz/edit quiz by teacher"",""edit quiz"",""feedback"",""new quiz"",""post quiz"",""quiz answer and result"",""Registration or login"",""s2"",""s3"",""save draft"",""select quiz"",""student profile"",""submit"",""Teacher profile"",""view result""]","[""Answer Quiz"",""Create Quiz"",""Edit Quiz"",""Login"",""Login/Register"",""Register"",""Save Quiz"",""Select Quiz"",""Student"",""Submit Quiz"",""Teacher"",""View Result"",""View Results""]","[{""ground_truth_state"":""answer quiz"",""candidate_state"":""Answer Quiz"",""ground_truth_normalized"":""answer quiz"",""candidate_normalized"":""answer quiz"",""similarity"":1.0,""match_type"":""exact_normalized""},{""ground_truth_state"":""Create quiz/edit quiz by teacher"",""candidate_state"":""Create Quiz"",""ground_truth_normalized"":""create quiz/edit quiz by teacher"",""candidate_normalized"":""create quiz"",""similarity"":0.832968,""match_type"":""strict""},{""ground_truth_state"":""edit quiz"",""candidate_state"":""Edit Quiz"",""ground_truth_normalized"":""edit quiz"",""candidate_normalized"":""edit quiz"",""similarity"":1.0,""match_type"":""exact_normalized""},{""ground_truth_state"":""post quiz"",""candidate_state"":""Submit Quiz"",""ground_truth_normalized"":""post quiz"",""candidate_normalized"":""submit quiz"",""similarity"":0.805518,""match_type"":""strict""},{""ground_truth_state"":""Registration or login"",""candidate_state"":""Login/Register"",""ground_truth_normalized"":""registration or login"",""candidate_normalized"":""login/register"",""similarity"":0.86033,""match_type"":""strict""},{""ground_truth_state"":""select quiz"",""candidate_state"":""Select Quiz"",""ground_truth_normalized"":""select quiz"",""candidate_normalized"":""select quiz"",""similarity"":1.0,""match_type"":""exact_normalized""},{""ground_truth_state"":""student profile"",""candidate_state"":""Student"",""ground_truth_normalized"":""student profile"",""candidate_normalized"":""student"",""similarity"":0.68346,""match_type"":""relaxed_lexical""},{""ground_truth_state"":""Teacher profile"",""candidate_state"":""Teacher"",""ground_truth_normalized"":""teacher profile"",""candidate_normalized"":""teacher"",""similarity"":0.683635,""match_type"":""relaxed_lexical""},{""ground_truth_state"":""view result"",""candidate_state"":""View Result"",""ground_truth_normalized"":""view result"",""candidate_normalized"":""view result"",""similarity"":1.0,""match_type"":""exact_normalized""}]","[""answer quiz by student"",""feedback"",""new quiz"",""quiz answer and result"",""s2"",""s3"",""save draft"",""submit""]","[""Login"",""Register"",""Save Quiz"",""View Results""]",17,13,9,8,4,0.692308,0.529412,0.6
Qwen_2.5_7B,rag,case_37_online_quiz_system,Code\untitled folder\results\plantuml_pipeline\runs\open_source__qwen25_7b_instruct__rag\case_37_online_quiz_system\run_01.puml,dataset\case_37_online_quiz_system\diagram.puml,sentence-transformers/all-MiniLM-L6-v2,0.800000,0.650000,"[""answer quiz"",""answer quiz by student"",""Create quiz/edit quiz by teacher"",""edit quiz"",""feedback"",""new quiz"",""post quiz"",""quiz answer and result"",""Registration or login"",""s2"",""s3"",""save draft"",""select quiz"",""student profile"",""submit"",""Teacher profile"",""view result""]","[""Answer Quiz"",""Create Quiz"",""Edit Quiz"",""Login"",""Login/Register"",""Register"",""Save Quiz"",""Select Quiz"",""Student"",""Submit Quiz"",""Teacher"",""View Result"",""View Results""]","[{""ground_truth_state"":""answer quiz"",""candidate_state"":""Answer Quiz"",""ground_truth_normalized"":""answer quiz"",""candidate_normalized"":""answer quiz"",""similarity"":1.0,""match_type"":""exact_normalized""},{""ground_truth_state"":""Create quiz/edit quiz by teacher"",""candidate_state"":""Create Quiz"",""ground_truth_normalized"":""create quiz/edit quiz by teacher"",""candidate_normalized"":""create quiz"",""similarity"":0.832968,""match_type"":""strict""},{""ground_truth_state"":""edit quiz"",""candidate_state"":""Edit Quiz"",""ground_truth_normalized"":""edit quiz"",""candidate_normalized"":""edit quiz"",""similarity"":1.0,""match_type"":""exact_normalized""},{""ground_truth_state"":""post quiz"",""candidate_state"":""Submit Quiz"",""ground_truth_normalized"":""post quiz"",""candidate_normalized"":""submit quiz"",""similarity"":0.805518,""match_type"":""strict""},{""ground_truth_state"":""Registration or login"",""candidate_state"":""Login/Register"",""ground_truth_normalized"":""registration or login"",""candidate_normalized"":""login/register"",""similarity"":0.86033,""match_type"":""strict""},{""ground_truth_state"":""select quiz"",""candidate_state"":""Select Quiz"",""ground_truth_normalized"":""select quiz"",""candidate_normalized"":""select quiz"",""similarity"":1.0,""match_type"":""exact_normalized""},{""ground_truth_state"":""student profile"",""candidate_state"":""Student"",""ground_truth_normalized"":""student profile"",""candidate_normalized"":""student"",""similarity"":0.68346,""match_type"":""relaxed_lexical""},{""ground_truth_state"":""Teacher profile"",""candidate_state"":""Teacher"",""ground_truth_normalized"":""teacher profile"",""candidate_normalized"":""teacher"",""similarity"":0.683635,""match_type"":""relaxed_lexical""},{""ground_truth_state"":""view result"",""candidate_state"":""View Result"",""ground_truth_normalized"":""view result"",""candidate_normalized"":""view result"",""similarity"":1.0,""match_type"":""exact_normalized""}]","[""answer quiz by student"",""feedback"",""new quiz"",""quiz answer and result"",""s2"",""s3"",""save draft"",""submit""]","[""Login"",""Register"",""Save Quiz"",""View Results""]",17,13,9,8,4,0.692308,0.529412,0.6
Qwen_2.5_7B,syntax_grounded_repair,case_37_online_quiz_system,Code\untitled folder\results\plantuml_pipeline\runs\open_source__qwen25_7b_instruct__rag_validation_generator_critic_repair__syntax_grounded_original_rag\case_37_online_quiz_system\run_01.puml,dataset\case_37_online_quiz_system\diagram.puml,sentence-transformers/all-MiniLM-L6-v2,0.800000,0.650000,"[""answer quiz"",""answer quiz by student"",""Create quiz/edit quiz by teacher"",""edit quiz"",""feedback"",""new quiz"",""post quiz"",""quiz answer and result"",""Registration or login"",""s2"",""s3"",""save draft"",""select quiz"",""student profile"",""submit"",""Teacher profile"",""view result""]","[""Answer Quiz"",""Create Quiz"",""Edit Quiz"",""Login"",""Login/Register"",""Register"",""Save Quiz"",""Select Quiz"",""Student"",""Submit Quiz"",""Teacher"",""View Result"",""View Results""]","[{""ground_truth_state"":""answer quiz"",""candidate_state"":""Answer Quiz"",""ground_truth_normalized"":""answer quiz"",""candidate_normalized"":""answer quiz"",""similarity"":1.0,""match_type"":""exact_normalized""},{""ground_truth_state"":""Create quiz/edit quiz by teacher"",""candidate_state"":""Create Quiz"",""ground_truth_normalized"":""create quiz/edit quiz by teacher"",""candidate_normalized"":""create quiz"",""similarity"":0.832968,""match_type"":""strict""},{""ground_truth_state"":""edit quiz"",""candidate_state"":""Edit Quiz"",""ground_truth_normalized"":""edit quiz"",""candidate_normalized"":""edit quiz"",""similarity"":1.0,""match_type"":""exact_normalized""},{""ground_truth_state"":""post quiz"",""candidate_state"":""Submit Quiz"",""ground_truth_normalized"":""post quiz"",""candidate_normalized"":""submit quiz"",""similarity"":0.805518,""match_type"":""strict""},{""ground_truth_state"":""Registration or login"",""candidate_state"":""Login/Register"",""ground_truth_normalized"":""registration or login"",""candidate_normalized"":""login/register"",""similarity"":0.86033,""match_type"":""strict""},{""ground_truth_state"":""select quiz"",""candidate_state"":""Select Quiz"",""ground_truth_normalized"":""select quiz"",""candidate_normalized"":""select quiz"",""similarity"":1.0,""match_type"":""exact_normalized""},{""ground_truth_state"":""student profile"",""candidate_state"":""Student"",""ground_truth_normalized"":""student profile"",""candidate_normalized"":""student"",""similarity"":0.68346,""match_type"":""relaxed_lexical""},{""ground_truth_state"":""Teacher profile"",""candidate_state"":""Teacher"",""ground_truth_normalized"":""teacher profile"",""candidate_normalized"":""teacher"",""similarity"":0.683635,""match_type"":""relaxed_lexical""},{""ground_truth_state"":""view result"",""candidate_state"":""View Result"",""ground_truth_normalized"":""view result"",""candidate_normalized"":""view result"",""similarity"":1.0,""match_type"":""exact_normalized""}]","[""answer quiz by student"",""feedback"",""new quiz"",""quiz answer and result"",""s2"",""s3"",""save draft"",""submit""]","[""Login"",""Register"",""Save Quiz"",""View Results""]",17,13,9,8,4,0.692308,0.529412,0.6
DeepSeek_R1_14B,baseline_repair,case_39_website_development,Code\untitled folder\results\plantuml_pipeline\runs\open_source__deepseek_r1_14b__few_shot_validation_generator_critic_repair\case_39_website_development\run_01.puml,dataset\case_39_website_development\diagram.puml,sentence-transformers/all-MiniLM-L6-v2,0.800000,0.650000,"[""Available departments"",""Career opportunities"",""Display Projects"",""Employment/Internship application form"",""History of the firm"",""Homepage"",""News/blog"",""Photos"",""Updates"",""Verification"",""Walk-through""]","[""Application Checked"",""Apply"",""Career Info"",""Contact"",""Homepage"",""Job Application"",""Projects"",""View Photos"",""View Updates"",""View Videos""]","[{""ground_truth_state"":""Career opportunities"",""candidate_state"":""Career Info"",""ground_truth_normalized"":""career opportunities"",""candidate_normalized"":""career info"",""similarity"":0.700464,""match_type"":""relaxed""},{""ground_truth_state"":""Display Projects"",""candidate_state"":""Projects"",""ground_truth_normalized"":""display projects"",""candidate_normalized"":""projects"",""similarity"":0.680916,""match_type"":""relaxed_lexical""},{""ground_truth_state"":""Homepage"",""candidate_state"":""Homepage"",""ground_truth_normalized"":""homepage"",""candidate_normalized"":""homepage"",""similarity"":1.0,""match_type"":""exact_normalized""},{""ground_truth_state"":""Photos"",""candidate_state"":""View Photos"",""ground_truth_normalized"":""photos"",""candidate_normalized"":""view photos"",""similarity"":0.671809,""match_type"":""relaxed_lexical""},{""ground_truth_state"":""Updates"",""candidate_state"":""View Updates"",""ground_truth_normalized"":""updates"",""candidate_normalized"":""view updates"",""similarity"":0.677468,""match_type"":""relaxed_lexical""}]","[""Available departments"",""Employment/Internship application form"",""History of the firm"",""News/blog"",""Verification"",""Walk-through""]","[""Application Checked"",""Apply"",""Contact"",""Job Application"",""View Videos""]",11,10,5,6,5,0.5,0.454545,0.47619
DeepSeek_R1_14B,few_shot,case_39_website_development,Code\untitled folder\results\plantuml_pipeline\runs\open_source__deepseek_r1_14b__few_shot\case_39_website_development\run_01.puml,dataset\case_39_website_development\diagram.puml,sentence-transformers/all-MiniLM-L6-v2,0.800000,0.650000,"[""Available departments"",""Career opportunities"",""Display Projects"",""Employment/Internship application form"",""History of the firm"",""Homepage"",""News/blog"",""Photos"",""Updates"",""Verification"",""Walk-through""]","[""Application Checked"",""Apply"",""Career Info"",""Contact"",""Homepage"",""Job Application"",""Projects"",""View Photos"",""View Updates"",""View Videos""]","[{""ground_truth_state"":""Career opportunities"",""candidate_state"":""Career Info"",""ground_truth_normalized"":""career opportunities"",""candidate_normalized"":""career info"",""similarity"":0.700464,""match_type"":""relaxed""},{""ground_truth_state"":""Display Projects"",""candidate_state"":""Projects"",""ground_truth_normalized"":""display projects"",""candidate_normalized"":""projects"",""similarity"":0.680916,""match_type"":""relaxed_lexical""},{""ground_truth_state"":""Homepage"",""candidate_state"":""Homepage"",""ground_truth_normalized"":""homepage"",""candidate_normalized"":""homepage"",""similarity"":1.0,""match_type"":""exact_normalized""},{""ground_truth_state"":""Photos"",""candidate_state"":""View Photos"",""ground_truth_normalized"":""photos"",""candidate_normalized"":""view photos"",""similarity"":0.671809,""match_type"":""relaxed_lexical""},{""ground_truth_state"":""Updates"",""candidate_state"":""View Updates"",""ground_truth_normalized"":""updates"",""candidate_normalized"":""view updates"",""similarity"":0.677468,""match_type"":""relaxed_lexical""}]","[""Available departments"",""Employment/Internship application form"",""History of the firm"",""News/blog"",""Verification"",""Walk-through""]","[""Application Checked"",""Apply"",""Contact"",""Job Application"",""View Videos""]",11,10,5,6,5,0.5,0.454545,0.47619
DeepSeek_R1_14B,syntax_grounded_repair,case_39_website_development,Code\untitled folder\results\plantuml_pipeline\runs\open_source__deepseek_r1_14b__few_shot_validation_generator_critic_repair__syntax_grounded\case_39_website_development\run_01.puml,dataset\case_39_website_development\diagram.puml,sentence-transformers/all-MiniLM-L6-v2,0.800000,0.650000,"[""Available departments"",""Career opportunities"",""Display Projects"",""Employment/Internship application form"",""History of the firm"",""Homepage"",""News/blog"",""Photos"",""Updates"",""Verification"",""Walk-through""]","[""Application Checked"",""Apply"",""Career Info"",""Homepage"",""Job Application"",""Projects"",""View Photos"",""View Updates"",""View Videos""]","[{""ground_truth_state"":""Career opportunities"",""candidate_state"":""Career Info"",""ground_truth_normalized"":""career opportunities"",""candidate_normalized"":""career info"",""similarity"":0.700464,""match_type"":""relaxed""},{""ground_truth_state"":""Display Projects"",""candidate_state"":""Projects"",""ground_truth_normalized"":""display projects"",""candidate_normalized"":""projects"",""similarity"":0.680916,""match_type"":""relaxed_lexical""},{""ground_truth_state"":""Homepage"",""candidate_state"":""Homepage"",""ground_truth_normalized"":""homepage"",""candidate_normalized"":""homepage"",""similarity"":1.0,""match_type"":""exact_normalized""},{""ground_truth_state"":""Photos"",""candidate_state"":""View Photos"",""ground_truth_normalized"":""photos"",""candidate_normalized"":""view photos"",""similarity"":0.671809,""match_type"":""relaxed_lexical""},{""ground_truth_state"":""Updates"",""candidate_state"":""View Updates"",""ground_truth_normalized"":""updates"",""candidate_normalized"":""view updates"",""similarity"":0.677468,""match_type"":""relaxed_lexical""}]","[""Available departments"",""Employment/Internship application form"",""History of the firm"",""News/blog"",""Verification"",""Walk-through""]","[""Application Checked"",""Apply"",""Job Application"",""View Videos""]",11,9,5,6,4,0.555556,0.454545,0.5
Llama_3.1_8B,baseline_repair,case_39_website_development,Code\untitled folder\results\plantuml_pipeline\runs\open_source__llama31_8b_instruct__few_shot_validation_generator_critic_repair\case_39_website_development\run_01.puml,dataset\case_39_website_development\diagram.puml,sentence-transformers/all-MiniLM-L6-v2,0.800000,0.650000,"[""Available departments"",""Career opportunities"",""Display Projects"",""Employment/Internship application form"",""History of the firm"",""Homepage"",""News/blog"",""Photos"",""Updates"",""Verification"",""Walk-through""]","[""Career Opportunities"",""Homepage"",""Job Application Status"",""Open Application Form"",""Project Details"",""View Photos"",""View Updates"",""Watch Videos""]","[{""ground_truth_state"":""Career opportunities"",""candidate_state"":""Career Opportunities"",""ground_truth_normalized"":""career opportunities"",""candidate_normalized"":""career opportunities"",""similarity"":1.0,""match_type"":""exact_normalized""},{""ground_truth_state"":""Homepage"",""candidate_state"":""Homepage"",""ground_truth_normalized"":""homepage"",""candidate_normalized"":""homepage"",""similarity"":1.0,""match_type"":""exact_normalized""},{""ground_truth_state"":""Photos"",""candidate_state"":""View Photos"",""ground_truth_normalized"":""photos"",""candidate_normalized"":""view photos"",""similarity"":0.671809,""match_type"":""relaxed_lexical""},{""ground_truth_state"":""Updates"",""candidate_state"":""View Updates"",""ground_truth_normalized"":""updates"",""candidate_normalized"":""view updates"",""similarity"":0.677468,""match_type"":""relaxed_lexical""}]","[""Available departments"",""Display Projects"",""Employment/Internship application form"",""History of the firm"",""News/blog"",""Verification"",""Walk-through""]","[""Job Application Status"",""Open Application Form"",""Project Details"",""Watch Videos""]",11,8,4,7,4,0.5,0.363636,0.421053
Llama_3.1_8B,few_shot,case_39_website_development,Code\untitled folder\results\plantuml_pipeline\runs\open_source__llama31_8b_instruct__few_shot\case_39_website_development\run_01.puml,dataset\case_39_website_development\diagram.puml,sentence-transformers/all-MiniLM-L6-v2,0.800000,0.650000,"[""Available departments"",""Career opportunities"",""Display Projects"",""Employment/Internship application form"",""History of the firm"",""Homepage"",""News/blog"",""Photos"",""Updates"",""Verification"",""Walk-through""]","[""Career Opportunities"",""Homepage"",""Job Application Status"",""Open Application Form"",""Project Details"",""View Photos"",""View Updates"",""Watch Videos""]","[{""ground_truth_state"":""Career opportunities"",""candidate_state"":""Career Opportunities"",""ground_truth_normalized"":""career opportunities"",""candidate_normalized"":""career opportunities"",""similarity"":1.0,""match_type"":""exact_normalized""},{""ground_truth_state"":""Homepage"",""candidate_state"":""Homepage"",""ground_truth_normalized"":""homepage"",""candidate_normalized"":""homepage"",""similarity"":1.0,""match_type"":""exact_normalized""},{""ground_truth_state"":""Photos"",""candidate_state"":""View Photos"",""ground_truth_normalized"":""photos"",""candidate_normalized"":""view photos"",""similarity"":0.671809,""match_type"":""relaxed_lexical""},{""ground_truth_state"":""Updates"",""candidate_state"":""View Updates"",""ground_truth_normalized"":""updates"",""candidate_normalized"":""view updates"",""similarity"":0.677468,""match_type"":""relaxed_lexical""}]","[""Available departments"",""Display Projects"",""Employment/Internship application form"",""History of the firm"",""News/blog"",""Verification"",""Walk-through""]","[""Job Application Status"",""Open Application Form"",""Project Details"",""Watch Videos""]",11,8,4,7,4,0.5,0.363636,0.421053
Llama_3.1_8B,syntax_grounded_repair,case_39_website_development,Code\untitled folder\results\plantuml_pipeline\runs\open_source__llama31_8b_instruct__few_shot_validation_generator_critic_repair__syntax_grounded\case_39_website_development\run_01.puml,dataset\case_39_website_development\diagram.puml,sentence-transformers/all-MiniLM-L6-v2,0.800000,0.650000,"[""Available departments"",""Career opportunities"",""Display Projects"",""Employment/Internship application form"",""History of the firm"",""Homepage"",""News/blog"",""Photos"",""Updates"",""Verification"",""Walk-through""]","[""Career Opportunities"",""Homepage"",""Job Application Status"",""Open Application Form"",""Project Details"",""View Photos"",""View Updates"",""Watch Videos""]","[{""ground_truth_state"":""Career opportunities"",""candidate_state"":""Career Opportunities"",""ground_truth_normalized"":""career opportunities"",""candidate_normalized"":""career opportunities"",""similarity"":1.0,""match_type"":""exact_normalized""},{""ground_truth_state"":""Homepage"",""candidate_state"":""Homepage"",""ground_truth_normalized"":""homepage"",""candidate_normalized"":""homepage"",""similarity"":1.0,""match_type"":""exact_normalized""},{""ground_truth_state"":""Photos"",""candidate_state"":""View Photos"",""ground_truth_normalized"":""photos"",""candidate_normalized"":""view photos"",""similarity"":0.671809,""match_type"":""relaxed_lexical""},{""ground_truth_state"":""Updates"",""candidate_state"":""View Updates"",""ground_truth_normalized"":""updates"",""candidate_normalized"":""view updates"",""similarity"":0.677468,""match_type"":""relaxed_lexical""}]","[""Available departments"",""Display Projects"",""Employment/Internship application form"",""History of the firm"",""News/blog"",""Verification"",""Walk-through""]","[""Job Application Status"",""Open Application Form"",""Project Details"",""Watch Videos""]",11,8,4,7,4,0.5,0.363636,0.421053
Mistral,baseline_repair,case_39_website_development,Code\untitled folder\results\plantuml_pipeline\runs\open_source__mistral__rag_validation_generator_critic_repair\case_39_website_development\run_01.puml,dataset\case_39_website_development\diagram.puml,sentence-transformers/all-MiniLM-L6-v2,0.800000,0.650000,"[""Available departments"",""Career opportunities"",""Display Projects"",""Employment/Internship application form"",""History of the firm"",""Homepage"",""News/blog"",""Photos"",""Updates"",""Verification"",""Walk-through""]","[""CareerOpportunities"",""Homepage"",""JobApplications"",""NavigationBar"",""Projects"",""User""]","[{""ground_truth_state"":""Career opportunities"",""candidate_state"":""CareerOpportunities"",""ground_truth_normalized"":""career opportunities"",""candidate_normalized"":""career opportunities"",""similarity"":1.0,""match_type"":""exact_normalized""},{""ground_truth_state"":""Display Projects"",""candidate_state"":""Projects"",""ground_truth_normalized"":""display projects"",""candidate_normalized"":""projects"",""similarity"":0.680916,""match_type"":""relaxed_lexical""},{""ground_truth_state"":""Homepage"",""candidate_state"":""Homepage"",""ground_truth_normalized"":""homepage"",""candidate_normalized"":""homepage"",""similarity"":1.0,""match_type"":""exact_normalized""}]","[""Available departments"",""Employment/Internship application form"",""History of the firm"",""News/blog"",""Photos"",""Updates"",""Verification"",""Walk-through""]","[""JobApplications"",""NavigationBar"",""User""]",11,6,3,8,3,0.5,0.272727,0.352941
Mistral,rag,case_39_website_development,Code\untitled folder\results\plantuml_pipeline\runs\open_source__mistral__rag\case_39_website_development\run_01.puml,dataset\case_39_website_development\diagram.puml,sentence-transformers/all-MiniLM-L6-v2,0.800000,0.650000,"[""Available departments"",""Career opportunities"",""Display Projects"",""Employment/Internship application form"",""History of the firm"",""Homepage"",""News/blog"",""Photos"",""Updates"",""Verification"",""Walk-through""]","[""ApplicationForm"",""CareerOpportunities"",""Homepage"",""JobApplications"",""NavigationBar"",""Photos"",""Projects"",""Updates"",""Videos""]","[{""ground_truth_state"":""Career opportunities"",""candidate_state"":""CareerOpportunities"",""ground_truth_normalized"":""career opportunities"",""candidate_normalized"":""career opportunities"",""similarity"":1.0,""match_type"":""exact_normalized""},{""ground_truth_state"":""Display Projects"",""candidate_state"":""Projects"",""ground_truth_normalized"":""display projects"",""candidate_normalized"":""projects"",""similarity"":0.680916,""match_type"":""relaxed_lexical""},{""ground_truth_state"":""Employment/Internship application form"",""candidate_state"":""ApplicationForm"",""ground_truth_normalized"":""employment/internship application form"",""candidate_normalized"":""application form"",""similarity"":0.649727,""match_type"":""relaxed_lexical""},{""ground_truth_state"":""Homepage"",""candidate_state"":""Homepage"",""ground_truth_normalized"":""homepage"",""candidate_normalized"":""homepage"",""similarity"":1.0,""match_type"":""exact_normalized""},{""ground_truth_state"":""Photos"",""candidate_state"":""Photos"",""ground_truth_normalized"":""photos"",""candidate_normalized"":""photos"",""similarity"":1.0,""match_type"":""exact_normalized""},{""ground_truth_state"":""Updates"",""candidate_state"":""Updates"",""ground_truth_normalized"":""updates"",""candidate_normalized"":""updates"",""similarity"":1.0,""match_type"":""exact_normalized""}]","[""Available departments"",""History of the firm"",""News/blog"",""Verification"",""Walk-through""]","[""JobApplications"",""NavigationBar"",""Videos""]",11,9,6,5,3,0.666667,0.545455,0.6
Mistral,syntax_grounded_repair,case_39_website_development,Code\untitled folder\results\plantuml_pipeline\runs\open_source__mistral__rag_validation_generator_critic_repair__syntax_grounded\case_39_website_development\run_01.puml,dataset\case_39_website_development\diagram.puml,sentence-transformers/all-MiniLM-L6-v2,0.800000,0.650000,"[""Available departments"",""Career opportunities"",""Display Projects"",""Employment/Internship application form"",""History of the firm"",""Homepage"",""News/blog"",""Photos"",""Updates"",""Verification"",""Walk-through""]","[""ApplicationForm"",""CareerOpportunities"",""Homepage"",""JobApplications"",""NavigationBar"",""Photos"",""Projects"",""TerminalState"",""Updates"",""Videos""]","[{""ground_truth_state"":""Career opportunities"",""candidate_state"":""CareerOpportunities"",""ground_truth_normalized"":""career opportunities"",""candidate_normalized"":""career opportunities"",""similarity"":1.0,""match_type"":""exact_normalized""},{""ground_truth_state"":""Display Projects"",""candidate_state"":""Projects"",""ground_truth_normalized"":""display projects"",""candidate_normalized"":""projects"",""similarity"":0.680916,""match_type"":""relaxed_lexical""},{""ground_truth_state"":""Employment/Internship application form"",""candidate_state"":""ApplicationForm"",""ground_truth_normalized"":""employment/internship application form"",""candidate_normalized"":""application form"",""similarity"":0.649727,""match_type"":""relaxed_lexical""},{""ground_truth_state"":""Homepage"",""candidate_state"":""Homepage"",""ground_truth_normalized"":""homepage"",""candidate_normalized"":""homepage"",""similarity"":1.0,""match_type"":""exact_normalized""},{""ground_truth_state"":""Photos"",""candidate_state"":""Photos"",""ground_truth_normalized"":""photos"",""candidate_normalized"":""photos"",""similarity"":1.0,""match_type"":""exact_normalized""},{""ground_truth_state"":""Updates"",""candidate_state"":""Updates"",""ground_truth_normalized"":""updates"",""candidate_normalized"":""updates"",""similarity"":1.0,""match_type"":""exact_normalized""}]","[""Available departments"",""History of the firm"",""News/blog"",""Verification"",""Walk-through""]","[""JobApplications"",""NavigationBar"",""TerminalState"",""Videos""]",11,10,6,5,4,0.6,0.545455,0.571429
Qwen_2.5_7B,baseline_repair,case_39_website_development,Code\untitled folder\results\plantuml_pipeline\runs\open_source__qwen25_7b_instruct__rag_validation_generator_critic_repair\case_39_website_development\run_01.puml,dataset\case_39_website_development\diagram.puml,sentence-transformers/all-MiniLM-L6-v2,0.800000,0.650000,"[""Available departments"",""Career opportunities"",""Display Projects"",""Employment/Internship application form"",""History of the firm"",""Homepage"",""News/blog"",""Photos"",""Updates"",""Verification"",""Walk-through""]","[""ApplicationForm"",""CareerOpopportunitiesReview"",""CareerOpportunities"",""CareerOpportunitiesReview"",""HomePage"",""NavigationBar"",""Projects"",""ViewPhotos"",""ViewUpdates"",""ViewVideos""]","[{""ground_truth_state"":""Career opportunities"",""candidate_state"":""CareerOpportunities"",""ground_truth_normalized"":""career opportunities"",""candidate_normalized"":""career opportunities"",""similarity"":1.0,""match_type"":""exact_normalized""},{""ground_truth_state"":""Display Projects"",""candidate_state"":""Projects"",""ground_truth_normalized"":""display projects"",""candidate_normalized"":""projects"",""similarity"":0.680916,""match_type"":""relaxed_lexical""},{""ground_truth_state"":""Employment/Internship application form"",""candidate_state"":""ApplicationForm"",""ground_truth_normalized"":""employment/internship application form"",""candidate_normalized"":""application form"",""similarity"":0.649727,""match_type"":""relaxed_lexical""},{""ground_truth_state"":""Homepage"",""candidate_state"":""HomePage"",""ground_truth_normalized"":""homepage"",""candidate_normalized"":""home page"",""similarity"":0.958926,""match_type"":""strict""},{""ground_truth_state"":""Photos"",""candidate_state"":""ViewPhotos"",""ground_truth_normalized"":""photos"",""candidate_normalized"":""view photos"",""similarity"":0.671809,""match_type"":""relaxed_lexical""},{""ground_truth_state"":""Updates"",""candidate_state"":""ViewUpdates"",""ground_truth_normalized"":""updates"",""candidate_normalized"":""view updates"",""similarity"":0.677468,""match_type"":""relaxed_lexical""}]","[""Available departments"",""History of the firm"",""News/blog"",""Verification"",""Walk-through""]","[""CareerOpopportunitiesReview"",""CareerOpportunitiesReview"",""NavigationBar"",""ViewVideos""]",11,10,6,5,4,0.6,0.545455,0.571429
Qwen_2.5_7B,rag,case_39_website_development,Code\untitled folder\results\plantuml_pipeline\runs\open_source__qwen25_7b_instruct__rag\case_39_website_development\run_01.puml,dataset\case_39_website_development\diagram.puml,sentence-transformers/all-MiniLM-L6-v2,0.800000,0.650000,"[""Available departments"",""Career opportunities"",""Display Projects"",""Employment/Internship application form"",""History of the firm"",""Homepage"",""News/blog"",""Photos"",""Updates"",""Verification"",""Walk-through""]","[""ApplicationForm"",""CareerOpportunities"",""CareerOpportunitiesReview"",""HomePage"",""NavigationBar"",""Projects"",""ViewPhotos"",""ViewUpdates"",""ViewVideos""]","[{""ground_truth_state"":""Career opportunities"",""candidate_state"":""CareerOpportunities"",""ground_truth_normalized"":""career opportunities"",""candidate_normalized"":""career opportunities"",""similarity"":1.0,""match_type"":""exact_normalized""},{""ground_truth_state"":""Display Projects"",""candidate_state"":""Projects"",""ground_truth_normalized"":""display projects"",""candidate_normalized"":""projects"",""similarity"":0.680916,""match_type"":""relaxed_lexical""},{""ground_truth_state"":""Employment/Internship application form"",""candidate_state"":""ApplicationForm"",""ground_truth_normalized"":""employment/internship application form"",""candidate_normalized"":""application form"",""similarity"":0.649727,""match_type"":""relaxed_lexical""},{""ground_truth_state"":""Homepage"",""candidate_state"":""HomePage"",""ground_truth_normalized"":""homepage"",""candidate_normalized"":""home page"",""similarity"":0.958926,""match_type"":""strict""},{""ground_truth_state"":""Photos"",""candidate_state"":""ViewPhotos"",""ground_truth_normalized"":""photos"",""candidate_normalized"":""view photos"",""similarity"":0.671809,""match_type"":""relaxed_lexical""},{""ground_truth_state"":""Updates"",""candidate_state"":""ViewUpdates"",""ground_truth_normalized"":""updates"",""candidate_normalized"":""view updates"",""similarity"":0.677468,""match_type"":""relaxed_lexical""}]","[""Available departments"",""History of the firm"",""News/blog"",""Verification"",""Walk-through""]","[""CareerOpportunitiesReview"",""NavigationBar"",""ViewVideos""]",11,9,6,5,3,0.666667,0.545455,0.6
Qwen_2.5_7B,syntax_grounded_repair,case_39_website_development,Code\untitled folder\results\plantuml_pipeline\runs\open_source__qwen25_7b_instruct__rag_validation_generator_critic_repair__syntax_grounded_original_rag\case_39_website_development\run_01.puml,dataset\case_39_website_development\diagram.puml,sentence-transformers/all-MiniLM-L6-v2,0.800000,0.650000,"[""Available departments"",""Career opportunities"",""Display Projects"",""Employment/Internship application form"",""History of the firm"",""Homepage"",""News/blog"",""Photos"",""Updates"",""Verification"",""Walk-through""]","[""ApplicationForm"",""CareerOpportunities"",""CareerOpportunitiesReview"",""HomePage"",""NavigationBar"",""Projects"",""ViewPhotos"",""ViewUpdates"",""ViewVideos""]","[{""ground_truth_state"":""Career opportunities"",""candidate_state"":""CareerOpportunities"",""ground_truth_normalized"":""career opportunities"",""candidate_normalized"":""career opportunities"",""similarity"":1.0,""match_type"":""exact_normalized""},{""ground_truth_state"":""Display Projects"",""candidate_state"":""Projects"",""ground_truth_normalized"":""display projects"",""candidate_normalized"":""projects"",""similarity"":0.680916,""match_type"":""relaxed_lexical""},{""ground_truth_state"":""Employment/Internship application form"",""candidate_state"":""ApplicationForm"",""ground_truth_normalized"":""employment/internship application form"",""candidate_normalized"":""application form"",""similarity"":0.649727,""match_type"":""relaxed_lexical""},{""ground_truth_state"":""Homepage"",""candidate_state"":""HomePage"",""ground_truth_normalized"":""homepage"",""candidate_normalized"":""home page"",""similarity"":0.958926,""match_type"":""strict""},{""ground_truth_state"":""Photos"",""candidate_state"":""ViewPhotos"",""ground_truth_normalized"":""photos"",""candidate_normalized"":""view photos"",""similarity"":0.671809,""match_type"":""relaxed_lexical""},{""ground_truth_state"":""Updates"",""candidate_state"":""ViewUpdates"",""ground_truth_normalized"":""updates"",""candidate_normalized"":""view updates"",""similarity"":0.677468,""match_type"":""relaxed_lexical""}]","[""Available departments"",""History of the firm"",""News/blog"",""Verification"",""Walk-through""]","[""CareerOpportunitiesReview"",""NavigationBar"",""ViewVideos""]",11,9,6,5,3,0.666667,0.545455,0.6
DeepSeek_R1_14B,baseline_repair,case_41_video_suggestion_system,Code\untitled folder\results\plantuml_pipeline\runs\open_source__deepseek_r1_14b__few_shot_validation_generator_critic_repair\case_41_video_suggestion_system\run_01.puml,dataset\case_41_video_suggestion_system\diagram.puml,sentence-transformers/all-MiniLM-L6-v2,0.800000,0.650000,"[""Other Videos watched by similar users"",""Paid Promotion Videos"",""Request Suggestion"",""Retrieve Other Attributes of videos"",""Retrieve Unique Id"",""Similar Genre Videos"",""Similar Tag Videos"",""Suggest Videos"",""Trending Videos""]","[""Add video details"",""Gather suggested videos"",""Send suggestions"",""User identification"",""User suggestion request""]","[{""ground_truth_state"":""Request Suggestion"",""candidate_state"":""User suggestion request"",""ground_truth_normalized"":""request suggestion"",""candidate_normalized"":""user suggestion request"",""similarity"":0.830367,""match_type"":""strict""},{""ground_truth_state"":""Suggest Videos"",""candidate_state"":""Gather suggested videos"",""ground_truth_normalized"":""suggest videos"",""candidate_normalized"":""gather suggested videos"",""similarity"":0.766994,""match_type"":""relaxed""}]","[""Other Videos watched by similar users"",""Paid Promotion Videos"",""Retrieve Other Attributes of videos"",""Retrieve Unique Id"",""Similar Genre Videos"",""Similar Tag Videos"",""Trending Videos""]","[""Add video details"",""Send suggestions"",""User identification""]",9,5,2,7,3,0.4,0.222222,0.285714
DeepSeek_R1_14B,few_shot,case_41_video_suggestion_system,Code\untitled folder\results\plantuml_pipeline\runs\open_source__deepseek_r1_14b__few_shot\case_41_video_suggestion_system\run_01.puml,dataset\case_41_video_suggestion_system\diagram.puml,sentence-transformers/all-MiniLM-L6-v2,0.800000,0.650000,"[""Other Videos watched by similar users"",""Paid Promotion Videos"",""Request Suggestion"",""Retrieve Other Attributes of videos"",""Retrieve Unique Id"",""Similar Genre Videos"",""Similar Tag Videos"",""Suggest Videos"",""Trending Videos""]","[""Add video details"",""Gather suggested videos"",""Send suggestions"",""User identification"",""User suggestion request""]","[{""ground_truth_state"":""Request Suggestion"",""candidate_state"":""User suggestion request"",""ground_truth_normalized"":""request suggestion"",""candidate_normalized"":""user suggestion request"",""similarity"":0.830367,""match_type"":""strict""},{""ground_truth_state"":""Suggest Videos"",""candidate_state"":""Gather suggested videos"",""ground_truth_normalized"":""suggest videos"",""candidate_normalized"":""gather suggested videos"",""similarity"":0.766994,""match_type"":""relaxed""}]","[""Other Videos watched by similar users"",""Paid Promotion Videos"",""Retrieve Other Attributes of videos"",""Retrieve Unique Id"",""Similar Genre Videos"",""Similar Tag Videos"",""Trending Videos""]","[""Add video details"",""Send suggestions"",""User identification""]",9,5,2,7,3,0.4,0.222222,0.285714
DeepSeek_R1_14B,syntax_grounded_repair,case_41_video_suggestion_system,Code\untitled folder\results\plantuml_pipeline\runs\open_source__deepseek_r1_14b__few_shot_validation_generator_critic_repair__syntax_grounded\case_41_video_suggestion_system\run_01.puml,dataset\case_41_video_suggestion_system\diagram.puml,sentence-transformers/all-MiniLM-L6-v2,0.800000,0.650000,"[""Other Videos watched by similar users"",""Paid Promotion Videos"",""Request Suggestion"",""Retrieve Other Attributes of videos"",""Retrieve Unique Id"",""Similar Genre Videos"",""Similar Tag Videos"",""Suggest Videos"",""Trending Videos""]","[""Add video details"",""Gather suggested videos"",""Send suggestions"",""User identification"",""User suggestion request""]","[{""ground_truth_state"":""Request Suggestion"",""candidate_state"":""User suggestion request"",""ground_truth_normalized"":""request suggestion"",""candidate_normalized"":""user suggestion request"",""similarity"":0.830367,""match_type"":""strict""},{""ground_truth_state"":""Suggest Videos"",""candidate_state"":""Gather suggested videos"",""ground_truth_normalized"":""suggest videos"",""candidate_normalized"":""gather suggested videos"",""similarity"":0.766994,""match_type"":""relaxed""}]","[""Other Videos watched by similar users"",""Paid Promotion Videos"",""Retrieve Other Attributes of videos"",""Retrieve Unique Id"",""Similar Genre Videos"",""Similar Tag Videos"",""Trending Videos""]","[""Add video details"",""Send suggestions"",""User identification""]",9,5,2,7,3,0.4,0.222222,0.285714
Llama_3.1_8B,baseline_repair,case_41_video_suggestion_system,Code\untitled folder\results\plantuml_pipeline\runs\open_source__llama31_8b_instruct__few_shot_validation_generator_critic_repair\case_41_video_suggestion_system\run_01.puml,dataset\case_41_video_suggestion_system\diagram.puml,sentence-transformers/all-MiniLM-L6-v2,0.800000,0.650000,"[""Other Videos watched by similar users"",""Paid Promotion Videos"",""Request Suggestion"",""Retrieve Other Attributes of videos"",""Retrieve Unique Id"",""Similar Genre Videos"",""Similar Tag Videos"",""Suggest Videos"",""Trending Videos""]","[""Adding Details"",""Gathering Videos"",""Identifying User"",""Idle"",""Promoted Videos"",""Receiving Request"",""Sending Suggestions"",""Similar Videos"",""Trending Videos"",""User Preferences"",""User Profile""]","[{""ground_truth_state"":""Paid Promotion Videos"",""candidate_state"":""Promoted Videos"",""ground_truth_normalized"":""paid promotion videos"",""candidate_normalized"":""promoted videos"",""similarity"":0.844121,""match_type"":""strict""},{""ground_truth_state"":""Similar Genre Videos"",""candidate_state"":""Similar Videos"",""ground_truth_normalized"":""similar genre videos"",""candidate_normalized"":""similar videos"",""similarity"":0.812945,""match_type"":""strict""},{""ground_truth_state"":""Trending Videos"",""candidate_state"":""Trending Videos"",""ground_truth_normalized"":""trending videos"",""candidate_normalized"":""trending videos"",""similarity"":1.0,""match_type"":""exact_normalized""}]","[""Other Videos watched by similar users"",""Request Suggestion"",""Retrieve Other Attributes of videos"",""Retrieve Unique Id"",""Similar Tag Videos"",""Suggest Videos""]","[""Adding Details"",""Gathering Videos"",""Identifying User"",""Idle"",""Receiving Request"",""Sending Suggestions"",""User Preferences"",""User Profile""]",9,11,3,6,8,0.272727,0.333333,0.3
Llama_3.1_8B,few_shot,case_41_video_suggestion_system,Code\untitled folder\results\plantuml_pipeline\runs\open_source__llama31_8b_instruct__few_shot\case_41_video_suggestion_system\run_01.puml,dataset\case_41_video_suggestion_system\diagram.puml,sentence-transformers/all-MiniLM-L6-v2,0.800000,0.650000,"[""Other Videos watched by similar users"",""Paid Promotion Videos"",""Request Suggestion"",""Retrieve Other Attributes of videos"",""Retrieve Unique Id"",""Similar Genre Videos"",""Similar Tag Videos"",""Suggest Videos"",""Trending Videos""]","[""Adding Details"",""Gathering Videos"",""Identifying User"",""Idle"",""Promoted Videos"",""Receiving Request"",""Sending Suggestions"",""Similar Videos"",""Trending Videos"",""User Preferences"",""User Profile""]","[{""ground_truth_state"":""Paid Promotion Videos"",""candidate_state"":""Promoted Videos"",""ground_truth_normalized"":""paid promotion videos"",""candidate_normalized"":""promoted videos"",""similarity"":0.844121,""match_type"":""strict""},{""ground_truth_state"":""Similar Genre Videos"",""candidate_state"":""Similar Videos"",""ground_truth_normalized"":""similar genre videos"",""candidate_normalized"":""similar videos"",""similarity"":0.812945,""match_type"":""strict""},{""ground_truth_state"":""Trending Videos"",""candidate_state"":""Trending Videos"",""ground_truth_normalized"":""trending videos"",""candidate_normalized"":""trending videos"",""similarity"":1.0,""match_type"":""exact_normalized""}]","[""Other Videos watched by similar users"",""Request Suggestion"",""Retrieve Other Attributes of videos"",""Retrieve Unique Id"",""Similar Tag Videos"",""Suggest Videos""]","[""Adding Details"",""Gathering Videos"",""Identifying User"",""Idle"",""Receiving Request"",""Sending Suggestions"",""User Preferences"",""User Profile""]",9,11,3,6,8,0.272727,0.333333,0.3
Llama_3.1_8B,syntax_grounded_repair,case_41_video_suggestion_system,Code\untitled folder\results\plantuml_pipeline\runs\open_source__llama31_8b_instruct__few_shot_validation_generator_critic_repair__syntax_grounded\case_41_video_suggestion_system\run_01.puml,dataset\case_41_video_suggestion_system\diagram.puml,sentence-transformers/all-MiniLM-L6-v2,0.800000,0.650000,"[""Other Videos watched by similar users"",""Paid Promotion Videos"",""Request Suggestion"",""Retrieve Other Attributes of videos"",""Retrieve Unique Id"",""Similar Genre Videos"",""Similar Tag Videos"",""Suggest Videos"",""Trending Videos""]","[""Adding Details"",""Gathering Videos"",""Identifying User"",""Idle"",""Promoted Videos"",""Receiving Request"",""Sending Suggestions"",""Similar Videos"",""Trending Videos"",""User Preferences"",""User Profile""]","[{""ground_truth_state"":""Paid Promotion Videos"",""candidate_state"":""Promoted Videos"",""ground_truth_normalized"":""paid promotion videos"",""candidate_normalized"":""promoted videos"",""similarity"":0.844121,""match_type"":""strict""},{""ground_truth_state"":""Similar Genre Videos"",""candidate_state"":""Similar Videos"",""ground_truth_normalized"":""similar genre videos"",""candidate_normalized"":""similar videos"",""similarity"":0.812945,""match_type"":""strict""},{""ground_truth_state"":""Trending Videos"",""candidate_state"":""Trending Videos"",""ground_truth_normalized"":""trending videos"",""candidate_normalized"":""trending videos"",""similarity"":1.0,""match_type"":""exact_normalized""}]","[""Other Videos watched by similar users"",""Request Suggestion"",""Retrieve Other Attributes of videos"",""Retrieve Unique Id"",""Similar Tag Videos"",""Suggest Videos""]","[""Adding Details"",""Gathering Videos"",""Identifying User"",""Idle"",""Receiving Request"",""Sending Suggestions"",""User Preferences"",""User Profile""]",9,11,3,6,8,0.272727,0.333333,0.3
Mistral,baseline_repair,case_41_video_suggestion_system,Code\untitled folder\results\plantuml_pipeline\runs\open_source__mistral__rag_validation_generator_critic_repair\case_41_video_suggestion_system\run_01.puml,dataset\case_41_video_suggestion_system\diagram.puml,sentence-transformers/all-MiniLM-L6-v2,0.800000,0.650000,"[""Other Videos watched by similar users"",""Paid Promotion Videos"",""Request Suggestion"",""Retrieve Other Attributes of videos"",""Retrieve Unique Id"",""Similar Genre Videos"",""Similar Tag Videos"",""Suggest Videos"",""Trending Videos""]","[""AddDetails"",""GatherVideos"",""IdentifyUser"",""SendSuggestions"",""UserRequest""]","[{""ground_truth_state"":""Request Suggestion"",""candidate_state"":""UserRequest"",""ground_truth_normalized"":""request suggestion"",""candidate_normalized"":""user request"",""similarity"":0.687282,""match_type"":""relaxed""}]","[""Other Videos watched by similar users"",""Paid Promotion Videos"",""Retrieve Other Attributes of videos"",""Retrieve Unique Id"",""Similar Genre Videos"",""Similar Tag Videos"",""Suggest Videos"",""Trending Videos""]","[""AddDetails"",""GatherVideos"",""IdentifyUser"",""SendSuggestions""]",9,5,1,8,4,0.2,0.111111,0.142857
Mistral,rag,case_41_video_suggestion_system,Code\untitled folder\results\plantuml_pipeline\runs\open_source__mistral__rag\case_41_video_suggestion_system\run_01.puml,dataset\case_41_video_suggestion_system\diagram.puml,sentence-transformers/all-MiniLM-L6-v2,0.800000,0.650000,"[""Other Videos watched by similar users"",""Paid Promotion Videos"",""Request Suggestion"",""Retrieve Other Attributes of videos"",""Retrieve Unique Id"",""Similar Genre Videos"",""Similar Tag Videos"",""Suggest Videos"",""Trending Videos""]","[""AddDetails"",""GatherVideos"",""IdentifyUser"",""SendSuggestions"",""UserRequest""]","[{""ground_truth_state"":""Request Suggestion"",""candidate_state"":""UserRequest"",""ground_truth_normalized"":""request suggestion"",""candidate_normalized"":""user request"",""similarity"":0.687282,""match_type"":""relaxed""}]","[""Other Videos watched by similar users"",""Paid Promotion Videos"",""Retrieve Other Attributes of videos"",""Retrieve Unique Id"",""Similar Genre Videos"",""Similar Tag Videos"",""Suggest Videos"",""Trending Videos""]","[""AddDetails"",""GatherVideos"",""IdentifyUser"",""SendSuggestions""]",9,5,1,8,4,0.2,0.111111,0.142857
Mistral,syntax_grounded_repair,case_41_video_suggestion_system,Code\untitled folder\results\plantuml_pipeline\runs\open_source__mistral__rag_validation_generator_critic_repair__syntax_grounded\case_41_video_suggestion_system\run_01.puml,dataset\case_41_video_suggestion_system\diagram.puml,sentence-transformers/all-MiniLM-L6-v2,0.800000,0.650000,"[""Other Videos watched by similar users"",""Paid Promotion Videos"",""Request Suggestion"",""Retrieve Other Attributes of videos"",""Retrieve Unique Id"",""Similar Genre Videos"",""Similar Tag Videos"",""Suggest Videos"",""Trending Videos""]","[""AddDetails"",""GatherVideos"",""IdentifyUser"",""SendSuggestions"",""UserRequest""]","[{""ground_truth_state"":""Request Suggestion"",""candidate_state"":""UserRequest"",""ground_truth_normalized"":""request suggestion"",""candidate_normalized"":""user request"",""similarity"":0.687282,""match_type"":""relaxed""}]","[""Other Videos watched by similar users"",""Paid Promotion Videos"",""Retrieve Other Attributes of videos"",""Retrieve Unique Id"",""Similar Genre Videos"",""Similar Tag Videos"",""Suggest Videos"",""Trending Videos""]","[""AddDetails"",""GatherVideos"",""IdentifyUser"",""SendSuggestions""]",9,5,1,8,4,0.2,0.111111,0.142857
Qwen_2.5_7B,baseline_repair,case_41_video_suggestion_system,Code\untitled folder\results\plantuml_pipeline\runs\open_source__qwen25_7b_instruct__rag_validation_generator_critic_repair\case_41_video_suggestion_system\run_01.puml,dataset\case_41_video_suggestion_system\diagram.puml,sentence-transformers/all-MiniLM-L6-v2,0.800000,0.650000,"[""Other Videos watched by similar users"",""Paid Promotion Videos"",""Request Suggestion"",""Retrieve Other Attributes of videos"",""Retrieve Unique Id"",""Similar Genre Videos"",""Similar Tag Videos"",""Suggest Videos"",""Trending Videos""]","[""UserDelivery"",""UserRequest"",""VideoCollection"",""VideoDetails""]","[{""ground_truth_state"":""Request Suggestion"",""candidate_state"":""UserRequest"",""ground_truth_normalized"":""request suggestion"",""candidate_normalized"":""user request"",""similarity"":0.687282,""match_type"":""relaxed""}]","[""Other Videos watched by similar users"",""Paid Promotion Videos"",""Retrieve Other Attributes of videos"",""Retrieve Unique Id"",""Similar Genre Videos"",""Similar Tag Videos"",""Suggest Videos"",""Trending Videos""]","[""UserDelivery"",""VideoCollection"",""VideoDetails""]",9,4,1,8,3,0.25,0.111111,0.153846
Qwen_2.5_7B,rag,case_41_video_suggestion_system,Code\untitled folder\results\plantuml_pipeline\runs\open_source__qwen25_7b_instruct__rag\case_41_video_suggestion_system\run_01.puml,dataset\case_41_video_suggestion_system\diagram.puml,sentence-transformers/all-MiniLM-L6-v2,0.800000,0.650000,"[""Other Videos watched by similar users"",""Paid Promotion Videos"",""Request Suggestion"",""Retrieve Other Attributes of videos"",""Retrieve Unique Id"",""Similar Genre Videos"",""Similar Tag Videos"",""Suggest Videos"",""Trending Videos""]","[""UserDelivery"",""UserRequest"",""VideoCollection"",""VideoDetails""]","[{""ground_truth_state"":""Request Suggestion"",""candidate_state"":""UserRequest"",""ground_truth_normalized"":""request suggestion"",""candidate_normalized"":""user request"",""similarity"":0.687282,""match_type"":""relaxed""}]","[""Other Videos watched by similar users"",""Paid Promotion Videos"",""Retrieve Other Attributes of videos"",""Retrieve Unique Id"",""Similar Genre Videos"",""Similar Tag Videos"",""Suggest Videos"",""Trending Videos""]","[""UserDelivery"",""VideoCollection"",""VideoDetails""]",9,4,1,8,3,0.25,0.111111,0.153846
Qwen_2.5_7B,syntax_grounded_repair,case_41_video_suggestion_system,Code\untitled folder\results\plantuml_pipeline\runs\open_source__qwen25_7b_instruct__rag_validation_generator_critic_repair__syntax_grounded_original_rag\case_41_video_suggestion_system\run_01.puml,dataset\case_41_video_suggestion_system\diagram.puml,sentence-transformers/all-MiniLM-L6-v2,0.800000,0.650000,"[""Other Videos watched by similar users"",""Paid Promotion Videos"",""Request Suggestion"",""Retrieve Other Attributes of videos"",""Retrieve Unique Id"",""Similar Genre Videos"",""Similar Tag Videos"",""Suggest Videos"",""Trending Videos""]","[""UserDelivery"",""UserRequest"",""VideoCollection"",""VideoDetails""]","[{""ground_truth_state"":""Request Suggestion"",""candidate_state"":""UserRequest"",""ground_truth_normalized"":""request suggestion"",""candidate_normalized"":""user request"",""similarity"":0.687282,""match_type"":""relaxed""}]","[""Other Videos watched by similar users"",""Paid Promotion Videos"",""Retrieve Other Attributes of videos"",""Retrieve Unique Id"",""Similar Genre Videos"",""Similar Tag Videos"",""Suggest Videos"",""Trending Videos""]","[""UserDelivery"",""VideoCollection"",""VideoDetails""]",9,4,1,8,3,0.25,0.111111,0.153846
DeepSeek_R1_14B,baseline_repair,case_45_alarm_clock,Code\untitled folder\results\plantuml_pipeline\runs\open_source__deepseek_r1_14b__few_shot_validation_generator_critic_repair\case_45_alarm_clock\run_01.puml,dataset\case_45_alarm_clock\diagram.puml,sentence-transformers/all-MiniLM-L6-v2,0.800000,0.650000,"[""Prepared"",""Ringing"",""Unprepared""]","[""Alarm Set"",""Off"",""Ringing""]","[{""ground_truth_state"":""Ringing"",""candidate_state"":""Ringing"",""ground_truth_normalized"":""ringing"",""candidate_normalized"":""ringing"",""similarity"":1.0,""match_type"":""exact_normalized""}]","[""Prepared"",""Unprepared""]","[""Alarm Set"",""Off""]",3,3,1,2,2,0.333333,0.333333,0.333333
DeepSeek_R1_14B,few_shot,case_45_alarm_clock,Code\untitled folder\results\plantuml_pipeline\runs\open_source__deepseek_r1_14b__few_shot\case_45_alarm_clock\run_01.puml,dataset\case_45_alarm_clock\diagram.puml,sentence-transformers/all-MiniLM-L6-v2,0.800000,0.650000,"[""Prepared"",""Ringing"",""Unprepared""]","[""Alarm Set"",""Off"",""Ringing""]","[{""ground_truth_state"":""Ringing"",""candidate_state"":""Ringing"",""ground_truth_normalized"":""ringing"",""candidate_normalized"":""ringing"",""similarity"":1.0,""match_type"":""exact_normalized""}]","[""Prepared"",""Unprepared""]","[""Alarm Set"",""Off""]",3,3,1,2,2,0.333333,0.333333,0.333333
DeepSeek_R1_14B,syntax_grounded_repair,case_45_alarm_clock,Code\untitled folder\results\plantuml_pipeline\runs\open_source__deepseek_r1_14b__few_shot_validation_generator_critic_repair__syntax_grounded\case_45_alarm_clock\run_01.puml,dataset\case_45_alarm_clock\diagram.puml,sentence-transformers/all-MiniLM-L6-v2,0.800000,0.650000,"[""Prepared"",""Ringing"",""Unprepared""]","[""Alarm Set"",""Off"",""Ringing""]","[{""ground_truth_state"":""Ringing"",""candidate_state"":""Ringing"",""ground_truth_normalized"":""ringing"",""candidate_normalized"":""ringing"",""similarity"":1.0,""match_type"":""exact_normalized""}]","[""Prepared"",""Unprepared""]","[""Alarm Set"",""Off""]",3,3,1,2,2,0.333333,0.333333,0.333333
Llama_3.1_8B,baseline_repair,case_45_alarm_clock,Code\untitled folder\results\plantuml_pipeline\runs\open_source__llama31_8b_instruct__few_shot_validation_generator_critic_repair\case_45_alarm_clock\run_01.puml,dataset\case_45_alarm_clock\diagram.puml,sentence-transformers/all-MiniLM-L6-v2,0.800000,0.650000,"[""Prepared"",""Ringing"",""Unprepared""]","[""Activated"",""Off"",""Stopped""]",[],"[""Prepared"",""Ringing"",""Unprepared""]","[""Activated"",""Off"",""Stopped""]",3,3,0,3,3,0.0,0.0,0.0
Llama_3.1_8B,few_shot,case_45_alarm_clock,Code\untitled folder\results\plantuml_pipeline\runs\open_source__llama31_8b_instruct__few_shot\case_45_alarm_clock\run_01.puml,dataset\case_45_alarm_clock\diagram.puml,sentence-transformers/all-MiniLM-L6-v2,0.800000,0.650000,"[""Prepared"",""Ringing"",""Unprepared""]","[""Activated"",""Off"",""Stopped""]",[],"[""Prepared"",""Ringing"",""Unprepared""]","[""Activated"",""Off"",""Stopped""]",3,3,0,3,3,0.0,0.0,0.0
Llama_3.1_8B,syntax_grounded_repair,case_45_alarm_clock,Code\untitled folder\results\plantuml_pipeline\runs\open_source__llama31_8b_instruct__few_shot_validation_generator_critic_repair__syntax_grounded\case_45_alarm_clock\run_01.puml,dataset\case_45_alarm_clock\diagram.puml,sentence-transformers/all-MiniLM-L6-v2,0.800000,0.650000,"[""Prepared"",""Ringing"",""Unprepared""]","[""Activated"",""Off"",""Stopped""]",[],"[""Prepared"",""Ringing"",""Unprepared""]","[""Activated"",""Off"",""Stopped""]",3,3,0,3,3,0.0,0.0,0.0
Mistral,baseline_repair,case_45_alarm_clock,Code\untitled folder\results\plantuml_pipeline\runs\open_source__mistral__rag_validation_generator_critic_repair\case_45_alarm_clock\run_01.puml,dataset\case_45_alarm_clock\diagram.puml,sentence-transformers/all-MiniLM-L6-v2,0.800000,0.650000,"[""Prepared"",""Ringing"",""Unprepared""]","[""ActiveAlarm"",""NextScheduledAlarm"",""Off"",""Ringing"",""SetAlarmTime"",""StartRinging"",""Stopped"",""StoppedByUser""]","[{""ground_truth_state"":""Ringing"",""candidate_state"":""Ringing"",""ground_truth_normalized"":""ringing"",""candidate_normalized"":""ringing"",""similarity"":1.0,""match_type"":""exact_normalized""}]","[""Prepared"",""Unprepared""]","[""ActiveAlarm"",""NextScheduledAlarm"",""Off"",""SetAlarmTime"",""StartRinging"",""Stopped"",""StoppedByUser""]",3,8,1,2,7,0.125,0.333333,0.181818
Mistral,rag,case_45_alarm_clock,Code\untitled folder\results\plantuml_pipeline\runs\open_source__mistral__rag\case_45_alarm_clock\run_01.puml,dataset\case_45_alarm_clock\diagram.puml,sentence-transformers/all-MiniLM-L6-v2,0.800000,0.650000,"[""Prepared"",""Ringing"",""Unprepared""]","[""ActiveAlarm"",""NextScheduledAlarm"",""Off"",""Ringing"",""SetAlarmTime"",""StartRinging"",""Stopped"",""StoppedByUser""]","[{""ground_truth_state"":""Ringing"",""candidate_state"":""Ringing"",""ground_truth_normalized"":""ringing"",""candidate_normalized"":""ringing"",""similarity"":1.0,""match_type"":""exact_normalized""}]","[""Prepared"",""Unprepared""]","[""ActiveAlarm"",""NextScheduledAlarm"",""Off"",""SetAlarmTime"",""StartRinging"",""Stopped"",""StoppedByUser""]",3,8,1,2,7,0.125,0.333333,0.181818
Mistral,syntax_grounded_repair,case_45_alarm_clock,Code\untitled folder\results\plantuml_pipeline\runs\open_source__mistral__rag_validation_generator_critic_repair__syntax_grounded\case_45_alarm_clock\run_01.puml,dataset\case_45_alarm_clock\diagram.puml,sentence-transformers/all-MiniLM-L6-v2,0.800000,0.650000,"[""Prepared"",""Ringing"",""Unprepared""]","[""ActiveAlarm"",""NextScheduledAlarm"",""Off"",""Ringing"",""SetAlarmTime"",""StartRinging"",""Stopped"",""StoppedByUser""]","[{""ground_truth_state"":""Ringing"",""candidate_state"":""Ringing"",""ground_truth_normalized"":""ringing"",""candidate_normalized"":""ringing"",""similarity"":1.0,""match_type"":""exact_normalized""}]","[""Prepared"",""Unprepared""]","[""ActiveAlarm"",""NextScheduledAlarm"",""Off"",""SetAlarmTime"",""StartRinging"",""Stopped"",""StoppedByUser""]",3,8,1,2,7,0.125,0.333333,0.181818
Qwen_2.5_7B,baseline_repair,case_45_alarm_clock,Code\untitled folder\results\plantuml_pipeline\runs\open_source__qwen25_7b_instruct__rag_validation_generator_critic_repair\case_45_alarm_clock\run_01.puml,dataset\case_45_alarm_clock\diagram.puml,sentence-transformers/all-MiniLM-L6-v2,0.800000,0.650000,"[""Prepared"",""Ringing"",""Unprepared""]","[""AlarmSet"",""Idle"",""Off"",""Ringing"",""SetAlarm"",""Stopped""]","[{""ground_truth_state"":""Ringing"",""candidate_state"":""Ringing"",""ground_truth_normalized"":""ringing"",""candidate_normalized"":""ringing"",""similarity"":1.0,""match_type"":""exact_normalized""}]","[""Prepared"",""Unprepared""]","[""AlarmSet"",""Idle"",""Off"",""SetAlarm"",""Stopped""]",3,6,1,2,5,0.166667,0.333333,0.222222
Qwen_2.5_7B,rag,case_45_alarm_clock,Code\untitled folder\results\plantuml_pipeline\runs\open_source__qwen25_7b_instruct__rag\case_45_alarm_clock\run_01.puml,dataset\case_45_alarm_clock\diagram.puml,sentence-transformers/all-MiniLM-L6-v2,0.800000,0.650000,"[""Prepared"",""Ringing"",""Unprepared""]","[""AlarmSet"",""Idle"",""Off"",""Ringing"",""SetAlarm"",""Stopped""]","[{""ground_truth_state"":""Ringing"",""candidate_state"":""Ringing"",""ground_truth_normalized"":""ringing"",""candidate_normalized"":""ringing"",""similarity"":1.0,""match_type"":""exact_normalized""}]","[""Prepared"",""Unprepared""]","[""AlarmSet"",""Idle"",""Off"",""SetAlarm"",""Stopped""]",3,6,1,2,5,0.166667,0.333333,0.222222
Qwen_2.5_7B,syntax_grounded_repair,case_45_alarm_clock,Code\untitled folder\results\plantuml_pipeline\runs\open_source__qwen25_7b_instruct__rag_validation_generator_critic_repair__syntax_grounded_original_rag\case_45_alarm_clock\run_01.puml,dataset\case_45_alarm_clock\diagram.puml,sentence-transformers/all-MiniLM-L6-v2,0.800000,0.650000,"[""Prepared"",""Ringing"",""Unprepared""]","[""AlarmSet"",""Idle"",""Off"",""Ringing"",""SetAlarm"",""Stopped""]","[{""ground_truth_state"":""Ringing"",""candidate_state"":""Ringing"",""ground_truth_normalized"":""ringing"",""candidate_normalized"":""ringing"",""similarity"":1.0,""match_type"":""exact_normalized""}]","[""Prepared"",""Unprepared""]","[""AlarmSet"",""Idle"",""Off"",""SetAlarm"",""Stopped""]",3,6,1,2,5,0.166667,0.333333,0.222222
DeepSeek_R1_14B,baseline_repair,case_46_digital_watch,Code\untitled folder\results\plantuml_pipeline\runs\open_source__deepseek_r1_14b__few_shot_validation_generator_critic_repair\case_46_digital_watch\run_01.puml,dataset\case_46_digital_watch\diagram.puml,sentence-transformers/all-MiniLM-L6-v2,0.800000,0.650000,"[""Change alarm hour"",""Change alarm minute"",""Change Hour"",""Change minutes"",""Display"",""Prepared"",""Ringing"",""TurnedOff"",""TurnedOn"",""Unprepared"",""Watch""]","[""Adjusting Time State"",""Alarm Off State"",""Alarm State"",""Light On State"",""Normal State""]",[],"[""Change alarm hour"",""Change alarm minute"",""Change Hour"",""Change minutes"",""Display"",""Prepared"",""Ringing"",""TurnedOff"",""TurnedOn"",""Unprepared"",""Watch""]","[""Adjusting Time State"",""Alarm Off State"",""Alarm State"",""Light On State"",""Normal State""]",11,5,0,11,5,0.0,0.0,0.0
DeepSeek_R1_14B,few_shot,case_46_digital_watch,Code\untitled folder\results\plantuml_pipeline\runs\open_source__deepseek_r1_14b__few_shot\case_46_digital_watch\run_01.puml,dataset\case_46_digital_watch\diagram.puml,sentence-transformers/all-MiniLM-L6-v2,0.800000,0.650000,"[""Change alarm hour"",""Change alarm minute"",""Change Hour"",""Change minutes"",""Display"",""Prepared"",""Ringing"",""TurnedOff"",""TurnedOn"",""Unprepared"",""Watch""]","[""Adjusting Time State"",""Alarm Off State"",""Alarm State"",""Light On State"",""Normal State""]",[],"[""Change alarm hour"",""Change alarm minute"",""Change Hour"",""Change minutes"",""Display"",""Prepared"",""Ringing"",""TurnedOff"",""TurnedOn"",""Unprepared"",""Watch""]","[""Adjusting Time State"",""Alarm Off State"",""Alarm State"",""Light On State"",""Normal State""]",11,5,0,11,5,0.0,0.0,0.0
DeepSeek_R1_14B,syntax_grounded_repair,case_46_digital_watch,Code\untitled folder\results\plantuml_pipeline\runs\open_source__deepseek_r1_14b__few_shot_validation_generator_critic_repair__syntax_grounded\case_46_digital_watch\run_01.puml,dataset\case_46_digital_watch\diagram.puml,sentence-transformers/all-MiniLM-L6-v2,0.800000,0.650000,"[""Change alarm hour"",""Change alarm minute"",""Change Hour"",""Change minutes"",""Display"",""Prepared"",""Ringing"",""TurnedOff"",""TurnedOn"",""Unprepared"",""Watch""]","[""Adjusting Time State"",""Alarm Off State"",""Alarm State"",""Light On State"",""Normal State""]",[],"[""Change alarm hour"",""Change alarm minute"",""Change Hour"",""Change minutes"",""Display"",""Prepared"",""Ringing"",""TurnedOff"",""TurnedOn"",""Unprepared"",""Watch""]","[""Adjusting Time State"",""Alarm Off State"",""Alarm State"",""Light On State"",""Normal State""]",11,5,0,11,5,0.0,0.0,0.0
Llama_3.1_8B,baseline_repair,case_46_digital_watch,Code\untitled folder\results\plantuml_pipeline\runs\open_source__llama31_8b_instruct__few_shot_validation_generator_critic_repair\case_46_digital_watch\run_01.puml,dataset\case_46_digital_watch\diagram.puml,sentence-transformers/all-MiniLM-L6-v2,0.800000,0.650000,"[""Change alarm hour"",""Change alarm minute"",""Change Hour"",""Change minutes"",""Display"",""Prepared"",""Ringing"",""TurnedOff"",""TurnedOn"",""Unprepared"",""Watch""]","[""Adjust Time"",""Alarm On/Off"",""Alarm Stopped"",""Alarm Triggered"",""Increase Value"",""Light On/Off"",""Switch Mode""]","[{""ground_truth_state"":""Change Hour"",""candidate_state"":""Adjust Time"",""ground_truth_normalized"":""change hour"",""candidate_normalized"":""adjust time"",""similarity"":0.718374,""match_type"":""relaxed""}]","[""Change alarm hour"",""Change alarm minute"",""Change minutes"",""Display"",""Prepared"",""Ringing"",""TurnedOff"",""TurnedOn"",""Unprepared"",""Watch""]","[""Alarm On/Off"",""Alarm Stopped"",""Alarm Triggered"",""Increase Value"",""Light On/Off"",""Switch Mode""]",11,7,1,10,6,0.142857,0.090909,0.111111
Llama_3.1_8B,few_shot,case_46_digital_watch,Code\untitled folder\results\plantuml_pipeline\runs\open_source__llama31_8b_instruct__few_shot\case_46_digital_watch\run_01.puml,dataset\case_46_digital_watch\diagram.puml,sentence-transformers/all-MiniLM-L6-v2,0.800000,0.650000,"[""Change alarm hour"",""Change alarm minute"",""Change Hour"",""Change minutes"",""Display"",""Prepared"",""Ringing"",""TurnedOff"",""TurnedOn"",""Unprepared"",""Watch""]","[""Adjust Time"",""Alarm On/Off"",""Alarm Stopped"",""Alarm Triggered"",""Increase Value"",""Light On/Off"",""Switch Mode""]","[{""ground_truth_state"":""Change Hour"",""candidate_state"":""Adjust Time"",""ground_truth_normalized"":""change hour"",""candidate_normalized"":""adjust time"",""similarity"":0.718374,""match_type"":""relaxed""}]","[""Change alarm hour"",""Change alarm minute"",""Change minutes"",""Display"",""Prepared"",""Ringing"",""TurnedOff"",""TurnedOn"",""Unprepared"",""Watch""]","[""Alarm On/Off"",""Alarm Stopped"",""Alarm Triggered"",""Increase Value"",""Light On/Off"",""Switch Mode""]",11,7,1,10,6,0.142857,0.090909,0.111111
Llama_3.1_8B,syntax_grounded_repair,case_46_digital_watch,Code\untitled folder\results\plantuml_pipeline\runs\open_source__llama31_8b_instruct__few_shot_validation_generator_critic_repair__syntax_grounded\case_46_digital_watch\run_01.puml,dataset\case_46_digital_watch\diagram.puml,sentence-transformers/all-MiniLM-L6-v2,0.800000,0.650000,"[""Change alarm hour"",""Change alarm minute"",""Change Hour"",""Change minutes"",""Display"",""Prepared"",""Ringing"",""TurnedOff"",""TurnedOn"",""Unprepared"",""Watch""]","[""Adjust Time"",""Alarm On/Off"",""Alarm Stopped"",""Alarm Triggered"",""Increase Value"",""Light On/Off"",""Switch Mode""]","[{""ground_truth_state"":""Change Hour"",""candidate_state"":""Adjust Time"",""ground_truth_normalized"":""change hour"",""candidate_normalized"":""adjust time"",""similarity"":0.718374,""match_type"":""relaxed""}]","[""Change alarm hour"",""Change alarm minute"",""Change minutes"",""Display"",""Prepared"",""Ringing"",""TurnedOff"",""TurnedOn"",""Unprepared"",""Watch""]","[""Alarm On/Off"",""Alarm Stopped"",""Alarm Triggered"",""Increase Value"",""Light On/Off"",""Switch Mode""]",11,7,1,10,6,0.142857,0.090909,0.111111
Mistral,baseline_repair,case_46_digital_watch,Code\untitled folder\results\plantuml_pipeline\runs\open_source__mistral__rag_validation_generator_critic_repair\case_46_digital_watch\run_01.puml,dataset\case_46_digital_watch\diagram.puml,sentence-transformers/all-MiniLM-L6-v2,0.800000,0.650000,"[""Change alarm hour"",""Change alarm minute"",""Change Hour"",""Change minutes"",""Display"",""Prepared"",""Ringing"",""TurnedOff"",""TurnedOn"",""Unprepared"",""Watch""]","[""AlarmHourAdjust"",""AlarmMinuteAdjust"",""AlarmOn"",""AlarmRinging"",""AlarmStopped"",""ChangeTime"",""HourAdjust"",""Idle"",""LightOff"",""LightOn"",""LightOnOff"",""MinuteAdjust""]","[{""ground_truth_state"":""Change alarm hour"",""candidate_state"":""AlarmHourAdjust"",""ground_truth_normalized"":""change alarm hour"",""candidate_normalized"":""alarm hour adjust"",""similarity"":0.874127,""match_type"":""strict""},{""ground_truth_state"":""Change alarm minute"",""candidate_state"":""AlarmMinuteAdjust"",""ground_truth_normalized"":""change alarm minute"",""candidate_normalized"":""alarm minute adjust"",""similarity"":0.884212,""match_type"":""strict""},{""ground_truth_state"":""Change Hour"",""candidate_state"":""ChangeTime"",""ground_truth_normalized"":""change hour"",""candidate_normalized"":""change time"",""similarity"":0.835418,""match_type"":""strict""},{""ground_truth_state"":""Change minutes"",""candidate_state"":""MinuteAdjust"",""ground_truth_normalized"":""change minutes"",""candidate_normalized"":""minute adjust"",""similarity"":0.743474,""match_type"":""relaxed""},{""ground_truth_state"":""Ringing"",""candidate_state"":""AlarmRinging"",""ground_truth_normalized"":""ringing"",""candidate_normalized"":""alarm ringing"",""similarity"":0.714544,""match_type"":""relaxed_lexical""},{""ground_truth_state"":""TurnedOn"",""candidate_state"":""LightOn"",""ground_truth_normalized"":""turned on"",""candidate_normalized"":""light on"",""similarity"":0.673144,""match_type"":""relaxed""}]","[""Display"",""Prepared"",""TurnedOff"",""Unprepared"",""Watch""]","[""AlarmOn"",""AlarmStopped"",""HourAdjust"",""Idle"",""LightOff"",""LightOnOff""]",11,12,6,5,6,0.5,0.545455,0.521739
Mistral,rag,case_46_digital_watch,Code\untitled folder\results\plantuml_pipeline\runs\open_source__mistral__rag\case_46_digital_watch\run_01.puml,dataset\case_46_digital_watch\diagram.puml,sentence-transformers/all-MiniLM-L6-v2,0.800000,0.650000,"[""Change alarm hour"",""Change alarm minute"",""Change Hour"",""Change minutes"",""Display"",""Prepared"",""Ringing"",""TurnedOff"",""TurnedOn"",""Unprepared"",""Watch""]","[""AlarmHourAdjust"",""AlarmMinuteAdjust"",""AlarmOn"",""AlarmRinging"",""AlarmStopped"",""ChangeTime"",""HourAdjust"",""Idle"",""LightOff"",""LightOn"",""LightOnOff"",""MinuteAdjust""]","[{""ground_truth_state"":""Change alarm hour"",""candidate_state"":""AlarmHourAdjust"",""ground_truth_normalized"":""change alarm hour"",""candidate_normalized"":""alarm hour adjust"",""similarity"":0.874127,""match_type"":""strict""},{""ground_truth_state"":""Change alarm minute"",""candidate_state"":""AlarmMinuteAdjust"",""ground_truth_normalized"":""change alarm minute"",""candidate_normalized"":""alarm minute adjust"",""similarity"":0.884212,""match_type"":""strict""},{""ground_truth_state"":""Change Hour"",""candidate_state"":""ChangeTime"",""ground_truth_normalized"":""change hour"",""candidate_normalized"":""change time"",""similarity"":0.835418,""match_type"":""strict""},{""ground_truth_state"":""Change minutes"",""candidate_state"":""MinuteAdjust"",""ground_truth_normalized"":""change minutes"",""candidate_normalized"":""minute adjust"",""similarity"":0.743474,""match_type"":""relaxed""},{""ground_truth_state"":""Ringing"",""candidate_state"":""AlarmRinging"",""ground_truth_normalized"":""ringing"",""candidate_normalized"":""alarm ringing"",""similarity"":0.714544,""match_type"":""relaxed_lexical""},{""ground_truth_state"":""TurnedOn"",""candidate_state"":""LightOn"",""ground_truth_normalized"":""turned on"",""candidate_normalized"":""light on"",""similarity"":0.673144,""match_type"":""relaxed""}]","[""Display"",""Prepared"",""TurnedOff"",""Unprepared"",""Watch""]","[""AlarmOn"",""AlarmStopped"",""HourAdjust"",""Idle"",""LightOff"",""LightOnOff""]",11,12,6,5,6,0.5,0.545455,0.521739
Mistral,syntax_grounded_repair,case_46_digital_watch,Code\untitled folder\results\plantuml_pipeline\runs\open_source__mistral__rag_validation_generator_critic_repair__syntax_grounded\case_46_digital_watch\run_01.puml,dataset\case_46_digital_watch\diagram.puml,sentence-transformers/all-MiniLM-L6-v2,0.800000,0.650000,"[""Change alarm hour"",""Change alarm minute"",""Change Hour"",""Change minutes"",""Display"",""Prepared"",""Ringing"",""TurnedOff"",""TurnedOn"",""Unprepared"",""Watch""]","[""AlarmHourAdjust"",""AlarmMinuteAdjust"",""AlarmOn"",""AlarmRinging"",""AlarmStopped"",""ChangeTime"",""HourAdjust"",""Idle"",""LightOff"",""LightOn"",""LightOnOff"",""MinuteAdjust"",""TerminalState""]","[{""ground_truth_state"":""Change alarm hour"",""candidate_state"":""AlarmHourAdjust"",""ground_truth_normalized"":""change alarm hour"",""candidate_normalized"":""alarm hour adjust"",""similarity"":0.874127,""match_type"":""strict""},{""ground_truth_state"":""Change alarm minute"",""candidate_state"":""AlarmMinuteAdjust"",""ground_truth_normalized"":""change alarm minute"",""candidate_normalized"":""alarm minute adjust"",""similarity"":0.884212,""match_type"":""strict""},{""ground_truth_state"":""Change Hour"",""candidate_state"":""ChangeTime"",""ground_truth_normalized"":""change hour"",""candidate_normalized"":""change time"",""similarity"":0.835418,""match_type"":""strict""},{""ground_truth_state"":""Change minutes"",""candidate_state"":""MinuteAdjust"",""ground_truth_normalized"":""change minutes"",""candidate_normalized"":""minute adjust"",""similarity"":0.743474,""match_type"":""relaxed""},{""ground_truth_state"":""Ringing"",""candidate_state"":""AlarmRinging"",""ground_truth_normalized"":""ringing"",""candidate_normalized"":""alarm ringing"",""similarity"":0.714544,""match_type"":""relaxed_lexical""},{""ground_truth_state"":""TurnedOn"",""candidate_state"":""LightOn"",""ground_truth_normalized"":""turned on"",""candidate_normalized"":""light on"",""similarity"":0.673144,""match_type"":""relaxed""}]","[""Display"",""Prepared"",""TurnedOff"",""Unprepared"",""Watch""]","[""AlarmOn"",""AlarmStopped"",""HourAdjust"",""Idle"",""LightOff"",""LightOnOff"",""TerminalState""]",11,13,6,5,7,0.461538,0.545455,0.5
Qwen_2.5_7B,baseline_repair,case_46_digital_watch,Code\untitled folder\results\plantuml_pipeline\runs\open_source__qwen25_7b_instruct__rag_validation_generator_critic_repair\case_46_digital_watch\run_01.puml,dataset\case_46_digital_watch\diagram.puml,sentence-transformers/all-MiniLM-L6-v2,0.800000,0.650000,"[""Change alarm hour"",""Change alarm minute"",""Change Hour"",""Change minutes"",""Display"",""Prepared"",""Ringing"",""TurnedOff"",""TurnedOn"",""Unprepared"",""Watch""]","[""Adjusting Time"",""Alarm Settings"",""Alarm Triggered"",""Idle"",""Light On""]","[{""ground_truth_state"":""Change alarm minute"",""candidate_state"":""Alarm Settings"",""ground_truth_normalized"":""change alarm minute"",""candidate_normalized"":""alarm settings"",""similarity"":0.771785,""match_type"":""relaxed""},{""ground_truth_state"":""Change Hour"",""candidate_state"":""Adjusting Time"",""ground_truth_normalized"":""change hour"",""candidate_normalized"":""adjusting time"",""similarity"":0.667261,""match_type"":""relaxed""},{""ground_truth_state"":""TurnedOn"",""candidate_state"":""Light On"",""ground_truth_normalized"":""turned on"",""candidate_normalized"":""light on"",""similarity"":0.673144,""match_type"":""relaxed""}]","[""Change alarm hour"",""Change minutes"",""Display"",""Prepared"",""Ringing"",""TurnedOff"",""Unprepared"",""Watch""]","[""Alarm Triggered"",""Idle""]",11,5,3,8,2,0.6,0.272727,0.375
Qwen_2.5_7B,rag,case_46_digital_watch,Code\untitled folder\results\plantuml_pipeline\runs\open_source__qwen25_7b_instruct__rag\case_46_digital_watch\run_01.puml,dataset\case_46_digital_watch\diagram.puml,sentence-transformers/all-MiniLM-L6-v2,0.800000,0.650000,"[""Change alarm hour"",""Change alarm minute"",""Change Hour"",""Change minutes"",""Display"",""Prepared"",""Ringing"",""TurnedOff"",""TurnedOn"",""Unprepared"",""Watch""]","[""Adjusting Time"",""Alarm Settings"",""Alarm Triggered"",""Idle"",""Light On""]","[{""ground_truth_state"":""Change alarm minute"",""candidate_state"":""Alarm Settings"",""ground_truth_normalized"":""change alarm minute"",""candidate_normalized"":""alarm settings"",""similarity"":0.771785,""match_type"":""relaxed""},{""ground_truth_state"":""Change Hour"",""candidate_state"":""Adjusting Time"",""ground_truth_normalized"":""change hour"",""candidate_normalized"":""adjusting time"",""similarity"":0.667261,""match_type"":""relaxed""},{""ground_truth_state"":""TurnedOn"",""candidate_state"":""Light On"",""ground_truth_normalized"":""turned on"",""candidate_normalized"":""light on"",""similarity"":0.673144,""match_type"":""relaxed""}]","[""Change alarm hour"",""Change minutes"",""Display"",""Prepared"",""Ringing"",""TurnedOff"",""Unprepared"",""Watch""]","[""Alarm Triggered"",""Idle""]",11,5,3,8,2,0.6,0.272727,0.375
Qwen_2.5_7B,syntax_grounded_repair,case_46_digital_watch,Code\untitled folder\results\plantuml_pipeline\runs\open_source__qwen25_7b_instruct__rag_validation_generator_critic_repair__syntax_grounded_original_rag\case_46_digital_watch\run_01.puml,dataset\case_46_digital_watch\diagram.puml,sentence-transformers/all-MiniLM-L6-v2,0.800000,0.650000,"[""Change alarm hour"",""Change alarm minute"",""Change Hour"",""Change minutes"",""Display"",""Prepared"",""Ringing"",""TurnedOff"",""TurnedOn"",""Unprepared"",""Watch""]","[""Adjusting Time"",""Alarm Settings"",""Alarm Triggered"",""Idle"",""Light On""]","[{""ground_truth_state"":""Change alarm minute"",""candidate_state"":""Alarm Settings"",""ground_truth_normalized"":""change alarm minute"",""candidate_normalized"":""alarm settings"",""similarity"":0.771785,""match_type"":""relaxed""},{""ground_truth_state"":""Change Hour"",""candidate_state"":""Adjusting Time"",""ground_truth_normalized"":""change hour"",""candidate_normalized"":""adjusting time"",""similarity"":0.667261,""match_type"":""relaxed""},{""ground_truth_state"":""TurnedOn"",""candidate_state"":""Light On"",""ground_truth_normalized"":""turned on"",""candidate_normalized"":""light on"",""similarity"":0.673144,""match_type"":""relaxed""}]","[""Change alarm hour"",""Change minutes"",""Display"",""Prepared"",""Ringing"",""TurnedOff"",""Unprepared"",""Watch""]","[""Alarm Triggered"",""Idle""]",11,5,3,8,2,0.6,0.272727,0.375
DeepSeek_R1_14B,baseline_repair,case_47_safehome_security_function,Code\untitled folder\results\plantuml_pipeline\runs\open_source__deepseek_r1_14b__few_shot_validation_generator_critic_repair\case_47_safehome_security_function\run_01.puml,dataset\case_47_safehome_security_function\diagram.puml,sentence-transformers/all-MiniLM-L6-v2,0.800000,0.650000,"[""ActingOnAlarm"",""Idle"",""MonitoringSystemStatus"",""Resetting""]","[""Monitoring"",""Normal"",""PowerOnCheck"",""ReadyToUse"",""StartupProblem""]","[{""ground_truth_state"":""MonitoringSystemStatus"",""candidate_state"":""Monitoring"",""ground_truth_normalized"":""monitoring system status"",""candidate_normalized"":""monitoring"",""similarity"":0.728893,""match_type"":""relaxed_lexical""}]","[""ActingOnAlarm"",""Idle"",""Resetting""]","[""Normal"",""PowerOnCheck"",""ReadyToUse"",""StartupProblem""]",4,5,1,3,4,0.2,0.25,0.222222
DeepSeek_R1_14B,few_shot,case_47_safehome_security_function,Code\untitled folder\results\plantuml_pipeline\runs\open_source__deepseek_r1_14b__few_shot\case_47_safehome_security_function\run_01.puml,dataset\case_47_safehome_security_function\diagram.puml,sentence-transformers/all-MiniLM-L6-v2,0.800000,0.650000,"[""ActingOnAlarm"",""Idle"",""MonitoringSystemStatus"",""Resetting""]","[""Monitoring"",""Normal"",""PowerOnCheck"",""ReadyToUse"",""StartupProblem""]","[{""ground_truth_state"":""MonitoringSystemStatus"",""candidate_state"":""Monitoring"",""ground_truth_normalized"":""monitoring system status"",""candidate_normalized"":""monitoring"",""similarity"":0.728893,""match_type"":""relaxed_lexical""}]","[""ActingOnAlarm"",""Idle"",""Resetting""]","[""Normal"",""PowerOnCheck"",""ReadyToUse"",""StartupProblem""]",4,5,1,3,4,0.2,0.25,0.222222
DeepSeek_R1_14B,syntax_grounded_repair,case_47_safehome_security_function,Code\untitled folder\results\plantuml_pipeline\runs\open_source__deepseek_r1_14b__few_shot_validation_generator_critic_repair__syntax_grounded\case_47_safehome_security_function\run_01.puml,dataset\case_47_safehome_security_function\diagram.puml,sentence-transformers/all-MiniLM-L6-v2,0.800000,0.650000,"[""ActingOnAlarm"",""Idle"",""MonitoringSystemStatus"",""Resetting""]","[""Monitoring"",""Normal"",""PowerOnCheck"",""ReadyToUse"",""StartupProblem""]","[{""ground_truth_state"":""MonitoringSystemStatus"",""candidate_state"":""Monitoring"",""ground_truth_normalized"":""monitoring system status"",""candidate_normalized"":""monitoring"",""similarity"":0.728893,""match_type"":""relaxed_lexical""}]","[""ActingOnAlarm"",""Idle"",""Resetting""]","[""Normal"",""PowerOnCheck"",""ReadyToUse"",""StartupProblem""]",4,5,1,3,4,0.2,0.25,0.222222
Llama_3.1_8B,baseline_repair,case_47_safehome_security_function,Code\untitled folder\results\plantuml_pipeline\runs\open_source__llama31_8b_instruct__few_shot_validation_generator_critic_repair\case_47_safehome_security_function\run_01.puml,dataset\case_47_safehome_security_function\diagram.puml,sentence-transformers/all-MiniLM-L6-v2,0.800000,0.650000,"[""ActingOnAlarm"",""Idle"",""MonitoringSystemStatus"",""Resetting""]","[""Activate"",""Alarm"",""Monitoring"",""Normal"",""Problem"",""Ready"",""Reset"",""Startup"",""TurnOff""]","[{""ground_truth_state"":""ActingOnAlarm"",""candidate_state"":""Alarm"",""ground_truth_normalized"":""acting on alarm"",""candidate_normalized"":""alarm"",""similarity"":0.853297,""match_type"":""strict""},{""ground_truth_state"":""MonitoringSystemStatus"",""candidate_state"":""Monitoring"",""ground_truth_normalized"":""monitoring system status"",""candidate_normalized"":""monitoring"",""similarity"":0.728893,""match_type"":""relaxed_lexical""},{""ground_truth_state"":""Resetting"",""candidate_state"":""Reset"",""ground_truth_normalized"":""resetting"",""candidate_normalized"":""reset"",""similarity"":0.963797,""match_type"":""strict""}]","[""Idle""]","[""Activate"",""Normal"",""Problem"",""Ready"",""Startup"",""TurnOff""]",4,9,3,1,6,0.333333,0.75,0.461538
Llama_3.1_8B,few_shot,case_47_safehome_security_function,Code\untitled folder\results\plantuml_pipeline\runs\open_source__llama31_8b_instruct__few_shot\case_47_safehome_security_function\run_01.puml,dataset\case_47_safehome_security_function\diagram.puml,sentence-transformers/all-MiniLM-L6-v2,0.800000,0.650000,"[""ActingOnAlarm"",""Idle"",""MonitoringSystemStatus"",""Resetting""]","[""Activate"",""Alarm"",""Monitoring"",""Normal"",""Problem"",""Ready"",""Reset"",""Startup"",""TurnOff""]","[{""ground_truth_state"":""ActingOnAlarm"",""candidate_state"":""Alarm"",""ground_truth_normalized"":""acting on alarm"",""candidate_normalized"":""alarm"",""similarity"":0.853297,""match_type"":""strict""},{""ground_truth_state"":""MonitoringSystemStatus"",""candidate_state"":""Monitoring"",""ground_truth_normalized"":""monitoring system status"",""candidate_normalized"":""monitoring"",""similarity"":0.728893,""match_type"":""relaxed_lexical""},{""ground_truth_state"":""Resetting"",""candidate_state"":""Reset"",""ground_truth_normalized"":""resetting"",""candidate_normalized"":""reset"",""similarity"":0.963797,""match_type"":""strict""}]","[""Idle""]","[""Activate"",""Normal"",""Problem"",""Ready"",""Startup"",""TurnOff""]",4,9,3,1,6,0.333333,0.75,0.461538
Llama_3.1_8B,syntax_grounded_repair,case_47_safehome_security_function,Code\untitled folder\results\plantuml_pipeline\runs\open_source__llama31_8b_instruct__few_shot_validation_generator_critic_repair__syntax_grounded\case_47_safehome_security_function\run_01.puml,dataset\case_47_safehome_security_function\diagram.puml,sentence-transformers/all-MiniLM-L6-v2,0.800000,0.650000,"[""ActingOnAlarm"",""Idle"",""MonitoringSystemStatus"",""Resetting""]","[""Activate"",""Alarm"",""Monitoring"",""Normal"",""Problem"",""Ready"",""Reset"",""Startup"",""TurnOff""]","[{""ground_truth_state"":""ActingOnAlarm"",""candidate_state"":""Alarm"",""ground_truth_normalized"":""acting on alarm"",""candidate_normalized"":""alarm"",""similarity"":0.853297,""match_type"":""strict""},{""ground_truth_state"":""MonitoringSystemStatus"",""candidate_state"":""Monitoring"",""ground_truth_normalized"":""monitoring system status"",""candidate_normalized"":""monitoring"",""similarity"":0.728893,""match_type"":""relaxed_lexical""},{""ground_truth_state"":""Resetting"",""candidate_state"":""Reset"",""ground_truth_normalized"":""resetting"",""candidate_normalized"":""reset"",""similarity"":0.963797,""match_type"":""strict""}]","[""Idle""]","[""Activate"",""Normal"",""Problem"",""Ready"",""Startup"",""TurnOff""]",4,9,3,1,6,0.333333,0.75,0.461538
Mistral,baseline_repair,case_47_safehome_security_function,Code\untitled folder\results\plantuml_pipeline\runs\open_source__mistral__rag_validation_generator_critic_repair\case_47_safehome_security_function\run_01.puml,dataset\case_47_safehome_security_function\diagram.puml,sentence-transformers/all-MiniLM-L6-v2,0.800000,0.650000,"[""ActingOnAlarm"",""Idle"",""MonitoringSystemStatus"",""Resetting""]","[""Activating"",""AlarmActive"",""Checking"",""FalseAlarm"",""Monitoring"",""Normal"",""Password"",""PasswordEntered"",""ReadyToUse"",""Resetting"",""StartMonitoring"",""Startup"",""TimeEnded"",""TurningOff"",""WaitingForPassword""]","[{""ground_truth_state"":""ActingOnAlarm"",""candidate_state"":""AlarmActive"",""ground_truth_normalized"":""acting on alarm"",""candidate_normalized"":""alarm active"",""similarity"":0.783629,""match_type"":""relaxed""},{""ground_truth_state"":""MonitoringSystemStatus"",""candidate_state"":""Monitoring"",""ground_truth_normalized"":""monitoring system status"",""candidate_normalized"":""monitoring"",""similarity"":0.728893,""match_type"":""relaxed_lexical""},{""ground_truth_state"":""Resetting"",""candidate_state"":""Resetting"",""ground_truth_normalized"":""resetting"",""candidate_normalized"":""resetting"",""similarity"":1.0,""match_type"":""exact_normalized""}]","[""Idle""]","[""Activating"",""Checking"",""FalseAlarm"",""Normal"",""Password"",""PasswordEntered"",""ReadyToUse"",""StartMonitoring"",""Startup"",""TimeEnded"",""TurningOff"",""WaitingForPassword""]",4,15,3,1,12,0.2,0.75,0.315789
Mistral,rag,case_47_safehome_security_function,Code\untitled folder\results\plantuml_pipeline\runs\open_source__mistral__rag\case_47_safehome_security_function\run_01.puml,dataset\case_47_safehome_security_function\diagram.puml,sentence-transformers/all-MiniLM-L6-v2,0.800000,0.650000,"[""ActingOnAlarm"",""Idle"",""MonitoringSystemStatus"",""Resetting""]","[""Activating"",""AlarmActive"",""Checking"",""FalseAlarm"",""Monitoring"",""Normal"",""Password"",""PasswordEntered"",""ReadyToUse"",""Resetting"",""StartMonitoring"",""Startup"",""TimeEnded"",""TurningOff"",""WaitingForPassword""]","[{""ground_truth_state"":""ActingOnAlarm"",""candidate_state"":""AlarmActive"",""ground_truth_normalized"":""acting on alarm"",""candidate_normalized"":""alarm active"",""similarity"":0.783629,""match_type"":""relaxed""},{""ground_truth_state"":""MonitoringSystemStatus"",""candidate_state"":""Monitoring"",""ground_truth_normalized"":""monitoring system status"",""candidate_normalized"":""monitoring"",""similarity"":0.728893,""match_type"":""relaxed_lexical""},{""ground_truth_state"":""Resetting"",""candidate_state"":""Resetting"",""ground_truth_normalized"":""resetting"",""candidate_normalized"":""resetting"",""similarity"":1.0,""match_type"":""exact_normalized""}]","[""Idle""]","[""Activating"",""Checking"",""FalseAlarm"",""Normal"",""Password"",""PasswordEntered"",""ReadyToUse"",""StartMonitoring"",""Startup"",""TimeEnded"",""TurningOff"",""WaitingForPassword""]",4,15,3,1,12,0.2,0.75,0.315789
Mistral,syntax_grounded_repair,case_47_safehome_security_function,Code\untitled folder\results\plantuml_pipeline\runs\open_source__mistral__rag_validation_generator_critic_repair__syntax_grounded\case_47_safehome_security_function\run_01.puml,dataset\case_47_safehome_security_function\diagram.puml,sentence-transformers/all-MiniLM-L6-v2,0.800000,0.650000,"[""ActingOnAlarm"",""Idle"",""MonitoringSystemStatus"",""Resetting""]","[""Activating"",""AlarmActive"",""Checking"",""FalseAlarm"",""Monitoring"",""Normal"",""Password"",""PasswordEntered"",""ReadyToUse"",""Resetting"",""StartMonitoring"",""Startup"",""TimeEnded"",""TurningOff"",""WaitingForPassword""]","[{""ground_truth_state"":""ActingOnAlarm"",""candidate_state"":""AlarmActive"",""ground_truth_normalized"":""acting on alarm"",""candidate_normalized"":""alarm active"",""similarity"":0.783629,""match_type"":""relaxed""},{""ground_truth_state"":""MonitoringSystemStatus"",""candidate_state"":""Monitoring"",""ground_truth_normalized"":""monitoring system status"",""candidate_normalized"":""monitoring"",""similarity"":0.728893,""match_type"":""relaxed_lexical""},{""ground_truth_state"":""Resetting"",""candidate_state"":""Resetting"",""ground_truth_normalized"":""resetting"",""candidate_normalized"":""resetting"",""similarity"":1.0,""match_type"":""exact_normalized""}]","[""Idle""]","[""Activating"",""Checking"",""FalseAlarm"",""Normal"",""Password"",""PasswordEntered"",""ReadyToUse"",""StartMonitoring"",""Startup"",""TimeEnded"",""TurningOff"",""WaitingForPassword""]",4,15,3,1,12,0.2,0.75,0.315789
Qwen_2.5_7B,baseline_repair,case_47_safehome_security_function,Code\untitled folder\results\plantuml_pipeline\runs\open_source__qwen25_7b_instruct__rag_validation_generator_critic_repair\case_47_safehome_security_function\run_01.puml,dataset\case_47_safehome_security_function\diagram.puml,sentence-transformers/all-MiniLM-L6-v2,0.800000,0.650000,"[""ActingOnAlarm"",""Idle"",""MonitoringSystemStatus"",""Resetting""]","[""Activate"",""Alarm"",""Idle"",""Monitoring"",""ReadyToUse"",""Reset"",""TurnOff""]","[{""ground_truth_state"":""ActingOnAlarm"",""candidate_state"":""Alarm"",""ground_truth_normalized"":""acting on alarm"",""candidate_normalized"":""alarm"",""similarity"":0.853297,""match_type"":""strict""},{""ground_truth_state"":""Idle"",""candidate_state"":""Idle"",""ground_truth_normalized"":""idle"",""candidate_normalized"":""idle"",""similarity"":1.0,""match_type"":""exact_normalized""},{""ground_truth_state"":""MonitoringSystemStatus"",""candidate_state"":""Monitoring"",""ground_truth_normalized"":""monitoring system status"",""candidate_normalized"":""monitoring"",""similarity"":0.728893,""match_type"":""relaxed_lexical""},{""ground_truth_state"":""Resetting"",""candidate_state"":""Reset"",""ground_truth_normalized"":""resetting"",""candidate_normalized"":""reset"",""similarity"":0.963797,""match_type"":""strict""}]",[],"[""Activate"",""ReadyToUse"",""TurnOff""]",4,7,4,0,3,0.571429,1.0,0.727273
Qwen_2.5_7B,rag,case_47_safehome_security_function,Code\untitled folder\results\plantuml_pipeline\runs\open_source__qwen25_7b_instruct__rag\case_47_safehome_security_function\run_01.puml,dataset\case_47_safehome_security_function\diagram.puml,sentence-transformers/all-MiniLM-L6-v2,0.800000,0.650000,"[""ActingOnAlarm"",""Idle"",""MonitoringSystemStatus"",""Resetting""]","[""Activate"",""Alarm"",""Idle"",""Monitoring"",""ReadyToUse"",""Reset"",""TurnOff""]","[{""ground_truth_state"":""ActingOnAlarm"",""candidate_state"":""Alarm"",""ground_truth_normalized"":""acting on alarm"",""candidate_normalized"":""alarm"",""similarity"":0.853297,""match_type"":""strict""},{""ground_truth_state"":""Idle"",""candidate_state"":""Idle"",""ground_truth_normalized"":""idle"",""candidate_normalized"":""idle"",""similarity"":1.0,""match_type"":""exact_normalized""},{""ground_truth_state"":""MonitoringSystemStatus"",""candidate_state"":""Monitoring"",""ground_truth_normalized"":""monitoring system status"",""candidate_normalized"":""monitoring"",""similarity"":0.728893,""match_type"":""relaxed_lexical""},{""ground_truth_state"":""Resetting"",""candidate_state"":""Reset"",""ground_truth_normalized"":""resetting"",""candidate_normalized"":""reset"",""similarity"":0.963797,""match_type"":""strict""}]",[],"[""Activate"",""ReadyToUse"",""TurnOff""]",4,7,4,0,3,0.571429,1.0,0.727273
Qwen_2.5_7B,syntax_grounded_repair,case_47_safehome_security_function,Code\untitled folder\results\plantuml_pipeline\runs\open_source__qwen25_7b_instruct__rag_validation_generator_critic_repair__syntax_grounded_original_rag\case_47_safehome_security_function\run_01.puml,dataset\case_47_safehome_security_function\diagram.puml,sentence-transformers/all-MiniLM-L6-v2,0.800000,0.650000,"[""ActingOnAlarm"",""Idle"",""MonitoringSystemStatus"",""Resetting""]","[""Activate"",""Alarm"",""Idle"",""Monitoring"",""ReadyToUse"",""Reset"",""TurnOff""]","[{""ground_truth_state"":""ActingOnAlarm"",""candidate_state"":""Alarm"",""ground_truth_normalized"":""acting on alarm"",""candidate_normalized"":""alarm"",""similarity"":0.853297,""match_type"":""strict""},{""ground_truth_state"":""Idle"",""candidate_state"":""Idle"",""ground_truth_normalized"":""idle"",""candidate_normalized"":""idle"",""similarity"":1.0,""match_type"":""exact_normalized""},{""ground_truth_state"":""MonitoringSystemStatus"",""candidate_state"":""Monitoring"",""ground_truth_normalized"":""monitoring system status"",""candidate_normalized"":""monitoring"",""similarity"":0.728893,""match_type"":""relaxed_lexical""},{""ground_truth_state"":""Resetting"",""candidate_state"":""Reset"",""ground_truth_normalized"":""resetting"",""candidate_normalized"":""reset"",""similarity"":0.963797,""match_type"":""strict""}]",[],"[""Activate"",""ReadyToUse"",""TurnOff""]",4,7,4,0,3,0.571429,1.0,0.727273
DeepSeek_R1_14B,baseline_repair,case_51_process_sale,Code\untitled folder\results\plantuml_pipeline\runs\open_source__deepseek_r1_14b__few_shot_validation_generator_critic_repair\case_51_process_sale\run_01.puml,dataset\case_51_process_sale\diagram.puml,sentence-transformers/all-MiniLM-L6-v2,0.800000,0.650000,"[""AuthorizingPayment"",""EnteringItems"",""WaitingForPayment"",""WaitingForSale""]","[""Payment"",""Payment Declined"",""Sale Completed"",""Selecting Items"",""VerifyingPayment"",""Waiting for Sale""]","[{""ground_truth_state"":""AuthorizingPayment"",""candidate_state"":""VerifyingPayment"",""ground_truth_normalized"":""authorizing payment"",""candidate_normalized"":""verifying payment"",""similarity"":0.650738,""match_type"":""relaxed""},{""ground_truth_state"":""WaitingForPayment"",""candidate_state"":""Payment"",""ground_truth_normalized"":""waiting for payment"",""candidate_normalized"":""payment"",""similarity"":0.715955,""match_type"":""relaxed_lexical""},{""ground_truth_state"":""WaitingForSale"",""candidate_state"":""Waiting for Sale"",""ground_truth_normalized"":""waiting for sale"",""candidate_normalized"":""waiting for sale"",""similarity"":1.0,""match_type"":""exact_normalized""}]","[""EnteringItems""]","[""Payment Declined"",""Sale Completed"",""Selecting Items""]",4,6,3,1,3,0.5,0.75,0.6
DeepSeek_R1_14B,few_shot,case_51_process_sale,Code\untitled folder\results\plantuml_pipeline\runs\open_source__deepseek_r1_14b__few_shot\case_51_process_sale\run_01.puml,dataset\case_51_process_sale\diagram.puml,sentence-transformers/all-MiniLM-L6-v2,0.800000,0.650000,"[""AuthorizingPayment"",""EnteringItems"",""WaitingForPayment"",""WaitingForSale""]","[""Payment"",""Payment Declined"",""Sale Completed"",""Selecting Items"",""VerifyingPayment"",""Waiting for Sale""]","[{""ground_truth_state"":""AuthorizingPayment"",""candidate_state"":""VerifyingPayment"",""ground_truth_normalized"":""authorizing payment"",""candidate_normalized"":""verifying payment"",""similarity"":0.650738,""match_type"":""relaxed""},{""ground_truth_state"":""WaitingForPayment"",""candidate_state"":""Payment"",""ground_truth_normalized"":""waiting for payment"",""candidate_normalized"":""payment"",""similarity"":0.715955,""match_type"":""relaxed_lexical""},{""ground_truth_state"":""WaitingForSale"",""candidate_state"":""Waiting for Sale"",""ground_truth_normalized"":""waiting for sale"",""candidate_normalized"":""waiting for sale"",""similarity"":1.0,""match_type"":""exact_normalized""}]","[""EnteringItems""]","[""Payment Declined"",""Sale Completed"",""Selecting Items""]",4,6,3,1,3,0.5,0.75,0.6
DeepSeek_R1_14B,syntax_grounded_repair,case_51_process_sale,Code\untitled folder\results\plantuml_pipeline\runs\open_source__deepseek_r1_14b__few_shot_validation_generator_critic_repair__syntax_grounded\case_51_process_sale\run_01.puml,dataset\case_51_process_sale\diagram.puml,sentence-transformers/all-MiniLM-L6-v2,0.800000,0.650000,"[""AuthorizingPayment"",""EnteringItems"",""WaitingForPayment"",""WaitingForSale""]","[""Payment"",""Payment Declined"",""Sale Completed"",""Selecting Items"",""VerifyingPayment"",""Waiting for Sale""]","[{""ground_truth_state"":""AuthorizingPayment"",""candidate_state"":""VerifyingPayment"",""ground_truth_normalized"":""authorizing payment"",""candidate_normalized"":""verifying payment"",""similarity"":0.650738,""match_type"":""relaxed""},{""ground_truth_state"":""WaitingForPayment"",""candidate_state"":""Payment"",""ground_truth_normalized"":""waiting for payment"",""candidate_normalized"":""payment"",""similarity"":0.715955,""match_type"":""relaxed_lexical""},{""ground_truth_state"":""WaitingForSale"",""candidate_state"":""Waiting for Sale"",""ground_truth_normalized"":""waiting for sale"",""candidate_normalized"":""waiting for sale"",""similarity"":1.0,""match_type"":""exact_normalized""}]","[""EnteringItems""]","[""Payment Declined"",""Sale Completed"",""Selecting Items""]",4,6,3,1,3,0.5,0.75,0.6
Llama_3.1_8B,baseline_repair,case_51_process_sale,Code\untitled folder\results\plantuml_pipeline\runs\open_source__llama31_8b_instruct__few_shot_validation_generator_critic_repair\case_51_process_sale\run_01.puml,dataset\case_51_process_sale\diagram.puml,sentence-transformers/all-MiniLM-L6-v2,0.800000,0.650000,"[""AuthorizingPayment"",""EnteringItems"",""WaitingForPayment"",""WaitingForSale""]","[""AddingItems"",""Completed"",""Payment"",""VerifyingPayment"",""WaitingForSale""]","[{""ground_truth_state"":""AuthorizingPayment"",""candidate_state"":""VerifyingPayment"",""ground_truth_normalized"":""authorizing payment"",""candidate_normalized"":""verifying payment"",""similarity"":0.650738,""match_type"":""relaxed""},{""ground_truth_state"":""WaitingForPayment"",""candidate_state"":""Payment"",""ground_truth_normalized"":""waiting for payment"",""candidate_normalized"":""payment"",""similarity"":0.715955,""match_type"":""relaxed_lexical""},{""ground_truth_state"":""WaitingForSale"",""candidate_state"":""WaitingForSale"",""ground_truth_normalized"":""waiting for sale"",""candidate_normalized"":""waiting for sale"",""similarity"":1.0,""match_type"":""exact_normalized""}]","[""EnteringItems""]","[""AddingItems"",""Completed""]",4,5,3,1,2,0.6,0.75,0.666667
Llama_3.1_8B,few_shot,case_51_process_sale,Code\untitled folder\results\plantuml_pipeline\runs\open_source__llama31_8b_instruct__few_shot\case_51_process_sale\run_01.puml,dataset\case_51_process_sale\diagram.puml,sentence-transformers/all-MiniLM-L6-v2,0.800000,0.650000,"[""AuthorizingPayment"",""EnteringItems"",""WaitingForPayment"",""WaitingForSale""]","[""AddingItems"",""Completed"",""Payment"",""VerifyingPayment"",""WaitingForSale""]","[{""ground_truth_state"":""AuthorizingPayment"",""candidate_state"":""VerifyingPayment"",""ground_truth_normalized"":""authorizing payment"",""candidate_normalized"":""verifying payment"",""similarity"":0.650738,""match_type"":""relaxed""},{""ground_truth_state"":""WaitingForPayment"",""candidate_state"":""Payment"",""ground_truth_normalized"":""waiting for payment"",""candidate_normalized"":""payment"",""similarity"":0.715955,""match_type"":""relaxed_lexical""},{""ground_truth_state"":""WaitingForSale"",""candidate_state"":""WaitingForSale"",""ground_truth_normalized"":""waiting for sale"",""candidate_normalized"":""waiting for sale"",""similarity"":1.0,""match_type"":""exact_normalized""}]","[""EnteringItems""]","[""AddingItems"",""Completed""]",4,5,3,1,2,0.6,0.75,0.666667
Llama_3.1_8B,syntax_grounded_repair,case_51_process_sale,Code\untitled folder\results\plantuml_pipeline\runs\open_source__llama31_8b_instruct__few_shot_validation_generator_critic_repair__syntax_grounded\case_51_process_sale\run_01.puml,dataset\case_51_process_sale\diagram.puml,sentence-transformers/all-MiniLM-L6-v2,0.800000,0.650000,"[""AuthorizingPayment"",""EnteringItems"",""WaitingForPayment"",""WaitingForSale""]","[""AddingItems"",""Completed"",""Payment"",""VerifyingPayment"",""WaitingForSale""]","[{""ground_truth_state"":""AuthorizingPayment"",""candidate_state"":""VerifyingPayment"",""ground_truth_normalized"":""authorizing payment"",""candidate_normalized"":""verifying payment"",""similarity"":0.650738,""match_type"":""relaxed""},{""ground_truth_state"":""WaitingForPayment"",""candidate_state"":""Payment"",""ground_truth_normalized"":""waiting for payment"",""candidate_normalized"":""payment"",""similarity"":0.715955,""match_type"":""relaxed_lexical""},{""ground_truth_state"":""WaitingForSale"",""candidate_state"":""WaitingForSale"",""ground_truth_normalized"":""waiting for sale"",""candidate_normalized"":""waiting for sale"",""similarity"":1.0,""match_type"":""exact_normalized""}]","[""EnteringItems""]","[""AddingItems"",""Completed""]",4,5,3,1,2,0.6,0.75,0.666667
Mistral,baseline_repair,case_51_process_sale,Code\untitled folder\results\plantuml_pipeline\runs\open_source__mistral__rag_validation_generator_critic_repair\case_51_process_sale\run_01.puml,dataset\case_51_process_sale\diagram.puml,sentence-transformers/all-MiniLM-L6-v2,0.800000,0.650000,"[""AuthorizingPayment"",""EnteringItems"",""WaitingForPayment"",""WaitingForSale""]","[""Payment Completed"",""Payment Verification"",""Recording Items"",""Return to Waiting"",""Waiting for Customer"",""Waiting for Payment"",""WaitingForSale""]","[{""ground_truth_state"":""AuthorizingPayment"",""candidate_state"":""Payment Verification"",""ground_truth_normalized"":""authorizing payment"",""candidate_normalized"":""payment verification"",""similarity"":0.681614,""match_type"":""relaxed""},{""ground_truth_state"":""WaitingForPayment"",""candidate_state"":""Waiting for Payment"",""ground_truth_normalized"":""waiting for payment"",""candidate_normalized"":""waiting for payment"",""similarity"":1.0,""match_type"":""exact_normalized""},{""ground_truth_state"":""WaitingForSale"",""candidate_state"":""WaitingForSale"",""ground_truth_normalized"":""waiting for sale"",""candidate_normalized"":""waiting for sale"",""similarity"":1.0,""match_type"":""exact_normalized""}]","[""EnteringItems""]","[""Payment Completed"",""Recording Items"",""Return to Waiting"",""Waiting for Customer""]",4,7,3,1,4,0.428571,0.75,0.545455
Mistral,rag,case_51_process_sale,Code\untitled folder\results\plantuml_pipeline\runs\open_source__mistral__rag\case_51_process_sale\run_01.puml,dataset\case_51_process_sale\diagram.puml,sentence-transformers/all-MiniLM-L6-v2,0.800000,0.650000,"[""AuthorizingPayment"",""EnteringItems"",""WaitingForPayment"",""WaitingForSale""]","[""Payment Completed"",""Payment Verification"",""Recording Items"",""Return to Waiting"",""Waiting for Customer"",""Waiting for Payment"",""WaitingForSale""]","[{""ground_truth_state"":""AuthorizingPayment"",""candidate_state"":""Payment Verification"",""ground_truth_normalized"":""authorizing payment"",""candidate_normalized"":""payment verification"",""similarity"":0.681614,""match_type"":""relaxed""},{""ground_truth_state"":""WaitingForPayment"",""candidate_state"":""Waiting for Payment"",""ground_truth_normalized"":""waiting for payment"",""candidate_normalized"":""waiting for payment"",""similarity"":1.0,""match_type"":""exact_normalized""},{""ground_truth_state"":""WaitingForSale"",""candidate_state"":""WaitingForSale"",""ground_truth_normalized"":""waiting for sale"",""candidate_normalized"":""waiting for sale"",""similarity"":1.0,""match_type"":""exact_normalized""}]","[""EnteringItems""]","[""Payment Completed"",""Recording Items"",""Return to Waiting"",""Waiting for Customer""]",4,7,3,1,4,0.428571,0.75,0.545455
Mistral,syntax_grounded_repair,case_51_process_sale,Code\untitled folder\results\plantuml_pipeline\runs\open_source__mistral__rag_validation_generator_critic_repair__syntax_grounded\case_51_process_sale\run_01.puml,dataset\case_51_process_sale\diagram.puml,sentence-transformers/all-MiniLM-L6-v2,0.800000,0.650000,"[""AuthorizingPayment"",""EnteringItems"",""WaitingForPayment"",""WaitingForSale""]","[""Payment Completed"",""Payment Verification"",""Recording Items"",""Return to Waiting"",""Waiting for Customer"",""Waiting for Payment"",""WaitingForSale""]","[{""ground_truth_state"":""AuthorizingPayment"",""candidate_state"":""Payment Verification"",""ground_truth_normalized"":""authorizing payment"",""candidate_normalized"":""payment verification"",""similarity"":0.681614,""match_type"":""relaxed""},{""ground_truth_state"":""WaitingForPayment"",""candidate_state"":""Waiting for Payment"",""ground_truth_normalized"":""waiting for payment"",""candidate_normalized"":""waiting for payment"",""similarity"":1.0,""match_type"":""exact_normalized""},{""ground_truth_state"":""WaitingForSale"",""candidate_state"":""WaitingForSale"",""ground_truth_normalized"":""waiting for sale"",""candidate_normalized"":""waiting for sale"",""similarity"":1.0,""match_type"":""exact_normalized""}]","[""EnteringItems""]","[""Payment Completed"",""Recording Items"",""Return to Waiting"",""Waiting for Customer""]",4,7,3,1,4,0.428571,0.75,0.545455
Qwen_2.5_7B,baseline_repair,case_51_process_sale,Code\untitled folder\results\plantuml_pipeline\runs\open_source__qwen25_7b_instruct__rag_validation_generator_critic_repair\case_51_process_sale\run_01.puml,dataset\case_51_process_sale\diagram.puml,sentence-transformers/all-MiniLM-L6-v2,0.800000,0.650000,"[""AuthorizingPayment"",""EnteringItems"",""WaitingForPayment"",""WaitingForSale""]","[""Payment completed"",""Payment verified"",""Record items"",""Waiting for customer"",""Waiting for payment""]","[{""ground_truth_state"":""WaitingForPayment"",""candidate_state"":""Waiting for payment"",""ground_truth_normalized"":""waiting for payment"",""candidate_normalized"":""waiting for payment"",""similarity"":1.0,""match_type"":""exact_normalized""},{""ground_truth_state"":""WaitingForSale"",""candidate_state"":""Waiting for customer"",""ground_truth_normalized"":""waiting for sale"",""candidate_normalized"":""waiting for customer"",""similarity"":0.692467,""match_type"":""relaxed""}]","[""AuthorizingPayment"",""EnteringItems""]","[""Payment completed"",""Payment verified"",""Record items""]",4,5,2,2,3,0.4,0.5,0.444444
Qwen_2.5_7B,rag,case_51_process_sale,Code\untitled folder\results\plantuml_pipeline\runs\open_source__qwen25_7b_instruct__rag\case_51_process_sale\run_01.puml,dataset\case_51_process_sale\diagram.puml,sentence-transformers/all-MiniLM-L6-v2,0.800000,0.650000,"[""AuthorizingPayment"",""EnteringItems"",""WaitingForPayment"",""WaitingForSale""]","[""Payment completed"",""Payment verified"",""Record items"",""Waiting for customer"",""Waiting for payment""]","[{""ground_truth_state"":""WaitingForPayment"",""candidate_state"":""Waiting for payment"",""ground_truth_normalized"":""waiting for payment"",""candidate_normalized"":""waiting for payment"",""similarity"":1.0,""match_type"":""exact_normalized""},{""ground_truth_state"":""WaitingForSale"",""candidate_state"":""Waiting for customer"",""ground_truth_normalized"":""waiting for sale"",""candidate_normalized"":""waiting for customer"",""similarity"":0.692467,""match_type"":""relaxed""}]","[""AuthorizingPayment"",""EnteringItems""]","[""Payment completed"",""Payment verified"",""Record items""]",4,5,2,2,3,0.4,0.5,0.444444
Qwen_2.5_7B,syntax_grounded_repair,case_51_process_sale,Code\untitled folder\results\plantuml_pipeline\runs\open_source__qwen25_7b_instruct__rag_validation_generator_critic_repair__syntax_grounded_original_rag\case_51_process_sale\run_01.puml,dataset\case_51_process_sale\diagram.puml,sentence-transformers/all-MiniLM-L6-v2,0.800000,0.650000,"[""AuthorizingPayment"",""EnteringItems"",""WaitingForPayment"",""WaitingForSale""]","[""Payment completed"",""Payment verified"",""Record items"",""Waiting for customer"",""Waiting for payment""]","[{""ground_truth_state"":""WaitingForPayment"",""candidate_state"":""Waiting for payment"",""ground_truth_normalized"":""waiting for payment"",""candidate_normalized"":""waiting for payment"",""similarity"":1.0,""match_type"":""exact_normalized""},{""ground_truth_state"":""WaitingForSale"",""candidate_state"":""Waiting for customer"",""ground_truth_normalized"":""waiting for sale"",""candidate_normalized"":""waiting for customer"",""similarity"":0.692467,""match_type"":""relaxed""}]","[""AuthorizingPayment"",""EnteringItems""]","[""Payment completed"",""Payment verified"",""Record items""]",4,5,2,2,3,0.4,0.5,0.444444
DeepSeek_R1_14B,baseline_repair,case_52_microwave_oven,Code\untitled folder\results\plantuml_pipeline\runs\open_source__deepseek_r1_14b__few_shot_validation_generator_critic_repair\case_52_microwave_oven\run_01.puml,dataset\case_52_microwave_oven\diagram.puml,sentence-transformers/all-MiniLM-L6-v2,0.800000,0.650000,"[""Disabled"",""Enabled"",""Full Power"",""Half Power"",""Operation"",""Set Time"",""Waiting""]","[""Cooking"",""Door Open"",""Full Power"",""Half Power"",""Idle"",""Set Time""]","[{""ground_truth_state"":""Full Power"",""candidate_state"":""Full Power"",""ground_truth_normalized"":""full power"",""candidate_normalized"":""full power"",""similarity"":1.0,""match_type"":""exact_normalized""},{""ground_truth_state"":""Half Power"",""candidate_state"":""Half Power"",""ground_truth_normalized"":""half power"",""candidate_normalized"":""half power"",""similarity"":1.0,""match_type"":""exact_normalized""},{""ground_truth_state"":""Set Time"",""candidate_state"":""Set Time"",""ground_truth_normalized"":""set time"",""candidate_normalized"":""set time"",""similarity"":1.0,""match_type"":""exact_normalized""}]","[""Disabled"",""Enabled"",""Operation"",""Waiting""]","[""Cooking"",""Door Open"",""Idle""]",7,6,3,4,3,0.5,0.428571,0.461538
DeepSeek_R1_14B,few_shot,case_52_microwave_oven,Code\untitled folder\results\plantuml_pipeline\runs\open_source__deepseek_r1_14b__few_shot\case_52_microwave_oven\run_01.puml,dataset\case_52_microwave_oven\diagram.puml,sentence-transformers/all-MiniLM-L6-v2,0.800000,0.650000,"[""Disabled"",""Enabled"",""Full Power"",""Half Power"",""Operation"",""Set Time"",""Waiting""]","[""Cooking"",""Door Open"",""Full Power"",""Half Power"",""Idle"",""Set Time""]","[{""ground_truth_state"":""Full Power"",""candidate_state"":""Full Power"",""ground_truth_normalized"":""full power"",""candidate_normalized"":""full power"",""similarity"":1.0,""match_type"":""exact_normalized""},{""ground_truth_state"":""Half Power"",""candidate_state"":""Half Power"",""ground_truth_normalized"":""half power"",""candidate_normalized"":""half power"",""similarity"":1.0,""match_type"":""exact_normalized""},{""ground_truth_state"":""Set Time"",""candidate_state"":""Set Time"",""ground_truth_normalized"":""set time"",""candidate_normalized"":""set time"",""similarity"":1.0,""match_type"":""exact_normalized""}]","[""Disabled"",""Enabled"",""Operation"",""Waiting""]","[""Cooking"",""Door Open"",""Idle""]",7,6,3,4,3,0.5,0.428571,0.461538
DeepSeek_R1_14B,syntax_grounded_repair,case_52_microwave_oven,Code\untitled folder\results\plantuml_pipeline\runs\open_source__deepseek_r1_14b__few_shot_validation_generator_critic_repair__syntax_grounded\case_52_microwave_oven\run_01.puml,dataset\case_52_microwave_oven\diagram.puml,sentence-transformers/all-MiniLM-L6-v2,0.800000,0.650000,"[""Disabled"",""Enabled"",""Full Power"",""Half Power"",""Operation"",""Set Time"",""Waiting""]","[""Cooking"",""Door Open"",""Full Power"",""Half Power"",""Idle"",""Set Time""]","[{""ground_truth_state"":""Full Power"",""candidate_state"":""Full Power"",""ground_truth_normalized"":""full power"",""candidate_normalized"":""full power"",""similarity"":1.0,""match_type"":""exact_normalized""},{""ground_truth_state"":""Half Power"",""candidate_state"":""Half Power"",""ground_truth_normalized"":""half power"",""candidate_normalized"":""half power"",""similarity"":1.0,""match_type"":""exact_normalized""},{""ground_truth_state"":""Set Time"",""candidate_state"":""Set Time"",""ground_truth_normalized"":""set time"",""candidate_normalized"":""set time"",""similarity"":1.0,""match_type"":""exact_normalized""}]","[""Disabled"",""Enabled"",""Operation"",""Waiting""]","[""Cooking"",""Door Open"",""Idle""]",7,6,3,4,3,0.5,0.428571,0.461538
Llama_3.1_8B,baseline_repair,case_52_microwave_oven,Code\untitled folder\results\plantuml_pipeline\runs\open_source__llama31_8b_instruct__few_shot_validation_generator_critic_repair\case_52_microwave_oven\run_01.puml,dataset\case_52_microwave_oven\diagram.puml,sentence-transformers/all-MiniLM-L6-v2,0.800000,0.650000,"[""Disabled"",""Enabled"",""Full Power"",""Half Power"",""Operation"",""Set Time"",""Waiting""]","[""Cancel"",""Cooking"",""Door opened"",""Idle"",""Stopped"",""Waiting for input""]","[{""ground_truth_state"":""Waiting"",""candidate_state"":""Waiting for input"",""ground_truth_normalized"":""waiting"",""candidate_normalized"":""waiting for input"",""similarity"":0.599592,""match_type"":""relaxed_lexical""}]","[""Disabled"",""Enabled"",""Full Power"",""Half Power"",""Operation"",""Set Time""]","[""Cancel"",""Cooking"",""Door opened"",""Idle"",""Stopped""]",7,6,1,6,5,0.166667,0.142857,0.153846
Llama_3.1_8B,few_shot,case_52_microwave_oven,Code\untitled folder\results\plantuml_pipeline\runs\open_source__llama31_8b_instruct__few_shot\case_52_microwave_oven\run_01.puml,dataset\case_52_microwave_oven\diagram.puml,sentence-transformers/all-MiniLM-L6-v2,0.800000,0.650000,"[""Disabled"",""Enabled"",""Full Power"",""Half Power"",""Operation"",""Set Time"",""Waiting""]","[""Cancel"",""Cooking"",""Door opened"",""Idle"",""Stopped"",""Waiting for input""]","[{""ground_truth_state"":""Waiting"",""candidate_state"":""Waiting for input"",""ground_truth_normalized"":""waiting"",""candidate_normalized"":""waiting for input"",""similarity"":0.599592,""match_type"":""relaxed_lexical""}]","[""Disabled"",""Enabled"",""Full Power"",""Half Power"",""Operation"",""Set Time""]","[""Cancel"",""Cooking"",""Door opened"",""Idle"",""Stopped""]",7,6,1,6,5,0.166667,0.142857,0.153846
Llama_3.1_8B,syntax_grounded_repair,case_52_microwave_oven,Code\untitled folder\results\plantuml_pipeline\runs\open_source__llama31_8b_instruct__few_shot_validation_generator_critic_repair__syntax_grounded\case_52_microwave_oven\run_01.puml,dataset\case_52_microwave_oven\diagram.puml,sentence-transformers/all-MiniLM-L6-v2,0.800000,0.650000,"[""Disabled"",""Enabled"",""Full Power"",""Half Power"",""Operation"",""Set Time"",""Waiting""]","[""Cancel"",""Cooking"",""Door opened"",""Idle"",""Stopped"",""Waiting for input""]","[{""ground_truth_state"":""Waiting"",""candidate_state"":""Waiting for input"",""ground_truth_normalized"":""waiting"",""candidate_normalized"":""waiting for input"",""similarity"":0.599592,""match_type"":""relaxed_lexical""}]","[""Disabled"",""Enabled"",""Full Power"",""Half Power"",""Operation"",""Set Time""]","[""Cancel"",""Cooking"",""Door opened"",""Idle"",""Stopped""]",7,6,1,6,5,0.166667,0.142857,0.153846
Mistral,baseline_repair,case_52_microwave_oven,Code\untitled folder\results\plantuml_pipeline\runs\open_source__mistral__rag_validation_generator_critic_repair\case_52_microwave_oven\run_01.puml,dataset\case_52_microwave_oven\diagram.puml,sentence-transformers/all-MiniLM-L6-v2,0.800000,0.650000,"[""Disabled"",""Enabled"",""Full Power"",""Half Power"",""Operation"",""Set Time"",""Waiting""]","[""Cancel"",""CookingTimeInput"",""DoorOpen"",""Idle"",""Inactive"",""PowerLevelSelection"",""Stop"",""TimeDisplay""]",[],"[""Disabled"",""Enabled"",""Full Power"",""Half Power"",""Operation"",""Set Time"",""Waiting""]","[""Cancel"",""CookingTimeInput"",""DoorOpen"",""Idle"",""Inactive"",""PowerLevelSelection"",""Stop"",""TimeDisplay""]",7,8,0,7,8,0.0,0.0,0.0
Mistral,rag,case_52_microwave_oven,Code\untitled folder\results\plantuml_pipeline\runs\open_source__mistral__rag\case_52_microwave_oven\run_01.puml,dataset\case_52_microwave_oven\diagram.puml,sentence-transformers/all-MiniLM-L6-v2,0.800000,0.650000,"[""Disabled"",""Enabled"",""Full Power"",""Half Power"",""Operation"",""Set Time"",""Waiting""]","[""Cancel"",""CookingTimeInput"",""DoorOpen"",""Idle"",""Inactive"",""PowerLevelSelection"",""Stop"",""TimeDisplay""]",[],"[""Disabled"",""Enabled"",""Full Power"",""Half Power"",""Operation"",""Set Time"",""Waiting""]","[""Cancel"",""CookingTimeInput"",""DoorOpen"",""Idle"",""Inactive"",""PowerLevelSelection"",""Stop"",""TimeDisplay""]",7,8,0,7,8,0.0,0.0,0.0
Mistral,syntax_grounded_repair,case_52_microwave_oven,Code\untitled folder\results\plantuml_pipeline\runs\open_source__mistral__rag_validation_generator_critic_repair__syntax_grounded\case_52_microwave_oven\run_01.puml,dataset\case_52_microwave_oven\diagram.puml,sentence-transformers/all-MiniLM-L6-v2,0.800000,0.650000,"[""Disabled"",""Enabled"",""Full Power"",""Half Power"",""Operation"",""Set Time"",""Waiting""]","[""Cancel"",""CookingTimeInput"",""DoorOpen"",""Idle"",""Inactive"",""PowerLevelSelection"",""Stop"",""TimeDisplay""]",[],"[""Disabled"",""Enabled"",""Full Power"",""Half Power"",""Operation"",""Set Time"",""Waiting""]","[""Cancel"",""CookingTimeInput"",""DoorOpen"",""Idle"",""Inactive"",""PowerLevelSelection"",""Stop"",""TimeDisplay""]",7,8,0,7,8,0.0,0.0,0.0
Qwen_2.5_7B,baseline_repair,case_52_microwave_oven,Code\untitled folder\results\plantuml_pipeline\runs\open_source__qwen25_7b_instruct__rag_validation_generator_critic_repair\case_52_microwave_oven\run_01.puml,dataset\case_52_microwave_oven\diagram.puml,sentence-transformers/all-MiniLM-L6-v2,0.800000,0.650000,"[""Disabled"",""Enabled"",""Full Power"",""Half Power"",""Operation"",""Set Time"",""Waiting""]","[""Cancel"",""Cooking"",""DoorClosed"",""DoorOpen"",""Idle"",""PowerSelection"",""TimeSelection"",""WaitingForInput""]","[{""ground_truth_state"":""Waiting"",""candidate_state"":""WaitingForInput"",""ground_truth_normalized"":""waiting"",""candidate_normalized"":""waiting for input"",""similarity"":0.599592,""match_type"":""relaxed_lexical""}]","[""Disabled"",""Enabled"",""Full Power"",""Half Power"",""Operation"",""Set Time""]","[""Cancel"",""Cooking"",""DoorClosed"",""DoorOpen"",""Idle"",""PowerSelection"",""TimeSelection""]",7,8,1,6,7,0.125,0.142857,0.133333
Qwen_2.5_7B,rag,case_52_microwave_oven,Code\untitled folder\results\plantuml_pipeline\runs\open_source__qwen25_7b_instruct__rag\case_52_microwave_oven\run_01.puml,dataset\case_52_microwave_oven\diagram.puml,sentence-transformers/all-MiniLM-L6-v2,0.800000,0.650000,"[""Disabled"",""Enabled"",""Full Power"",""Half Power"",""Operation"",""Set Time"",""Waiting""]","[""Cancel"",""Cooking"",""DoorClosed"",""DoorOpen"",""Idle"",""PowerSelection"",""TimeSelection"",""WaitingForInput""]","[{""ground_truth_state"":""Waiting"",""candidate_state"":""WaitingForInput"",""ground_truth_normalized"":""waiting"",""candidate_normalized"":""waiting for input"",""similarity"":0.599592,""match_type"":""relaxed_lexical""}]","[""Disabled"",""Enabled"",""Full Power"",""Half Power"",""Operation"",""Set Time""]","[""Cancel"",""Cooking"",""DoorClosed"",""DoorOpen"",""Idle"",""PowerSelection"",""TimeSelection""]",7,8,1,6,7,0.125,0.142857,0.133333
Qwen_2.5_7B,syntax_grounded_repair,case_52_microwave_oven,Code\untitled folder\results\plantuml_pipeline\runs\open_source__qwen25_7b_instruct__rag_validation_generator_critic_repair__syntax_grounded_original_rag\case_52_microwave_oven\run_01.puml,dataset\case_52_microwave_oven\diagram.puml,sentence-transformers/all-MiniLM-L6-v2,0.800000,0.650000,"[""Disabled"",""Enabled"",""Full Power"",""Half Power"",""Operation"",""Set Time"",""Waiting""]","[""Cancel"",""Cooking"",""DoorClosed"",""DoorOpen"",""Idle"",""PowerSelection"",""TimeSelection"",""WaitingForInput""]","[{""ground_truth_state"":""Waiting"",""candidate_state"":""WaitingForInput"",""ground_truth_normalized"":""waiting"",""candidate_normalized"":""waiting for input"",""similarity"":0.599592,""match_type"":""relaxed_lexical""}]","[""Disabled"",""Enabled"",""Full Power"",""Half Power"",""Operation"",""Set Time""]","[""Cancel"",""Cooking"",""DoorClosed"",""DoorOpen"",""Idle"",""PowerSelection"",""TimeSelection""]",7,8,1,6,7,0.125,0.142857,0.133333
DeepSeek_R1_14B,baseline_repair,case_54_weather_station_system,Code\untitled folder\results\plantuml_pipeline\runs\open_source__deepseek_r1_14b__few_shot_validation_generator_critic_repair\case_54_weather_station_system\run_01.puml,dataset\case_54_weather_station_system\diagram.puml,sentence-transformers/all-MiniLM-L6-v2,0.800000,0.650000,"[""Collecting"",""Configuring"",""Controlled"",""Operation"",""Running"",""Shutdown"",""Summarizing"",""Testing"",""Transmitting""]","[""Configuration"",""ControlledMode"",""Running"",""Shutdown""]","[{""ground_truth_state"":""Configuring"",""candidate_state"":""Configuration"",""ground_truth_normalized"":""configuring"",""candidate_normalized"":""configuration"",""similarity"":0.868244,""match_type"":""strict""},{""ground_truth_state"":""Controlled"",""candidate_state"":""ControlledMode"",""ground_truth_normalized"":""controlled"",""candidate_normalized"":""controlled mode"",""similarity"":0.720561,""match_type"":""relaxed_lexical""},{""ground_truth_state"":""Running"",""candidate_state"":""Running"",""ground_truth_normalized"":""running"",""candidate_normalized"":""running"",""similarity"":1.0,""match_type"":""exact_normalized""},{""ground_truth_state"":""Shutdown"",""candidate_state"":""Shutdown"",""ground_truth_normalized"":""shutdown"",""candidate_normalized"":""shutdown"",""similarity"":1.0,""match_type"":""exact_normalized""}]","[""Collecting"",""Operation"",""Summarizing"",""Testing"",""Transmitting""]",[],9,4,4,5,0,1.0,0.444444,0.615385
DeepSeek_R1_14B,few_shot,case_54_weather_station_system,Code\untitled folder\results\plantuml_pipeline\runs\open_source__deepseek_r1_14b__few_shot\case_54_weather_station_system\run_01.puml,dataset\case_54_weather_station_system\diagram.puml,sentence-transformers/all-MiniLM-L6-v2,0.800000,0.650000,"[""Collecting"",""Configuring"",""Controlled"",""Operation"",""Running"",""Shutdown"",""Summarizing"",""Testing"",""Transmitting""]","[""Configuration"",""ControlledMode"",""Running"",""Shutdown""]","[{""ground_truth_state"":""Configuring"",""candidate_state"":""Configuration"",""ground_truth_normalized"":""configuring"",""candidate_normalized"":""configuration"",""similarity"":0.868244,""match_type"":""strict""},{""ground_truth_state"":""Controlled"",""candidate_state"":""ControlledMode"",""ground_truth_normalized"":""controlled"",""candidate_normalized"":""controlled mode"",""similarity"":0.720561,""match_type"":""relaxed_lexical""},{""ground_truth_state"":""Running"",""candidate_state"":""Running"",""ground_truth_normalized"":""running"",""candidate_normalized"":""running"",""similarity"":1.0,""match_type"":""exact_normalized""},{""ground_truth_state"":""Shutdown"",""candidate_state"":""Shutdown"",""ground_truth_normalized"":""shutdown"",""candidate_normalized"":""shutdown"",""similarity"":1.0,""match_type"":""exact_normalized""}]","[""Collecting"",""Operation"",""Summarizing"",""Testing"",""Transmitting""]",[],9,4,4,5,0,1.0,0.444444,0.615385
DeepSeek_R1_14B,syntax_grounded_repair,case_54_weather_station_system,Code\untitled folder\results\plantuml_pipeline\runs\open_source__deepseek_r1_14b__few_shot_validation_generator_critic_repair__syntax_grounded\case_54_weather_station_system\run_01.puml,dataset\case_54_weather_station_system\diagram.puml,sentence-transformers/all-MiniLM-L6-v2,0.800000,0.650000,"[""Collecting"",""Configuring"",""Controlled"",""Operation"",""Running"",""Shutdown"",""Summarizing"",""Testing"",""Transmitting""]","[""Configuration"",""ControlledMode"",""Running"",""Shutdown""]","[{""ground_truth_state"":""Configuring"",""candidate_state"":""Configuration"",""ground_truth_normalized"":""configuring"",""candidate_normalized"":""configuration"",""similarity"":0.868244,""match_type"":""strict""},{""ground_truth_state"":""Controlled"",""candidate_state"":""ControlledMode"",""ground_truth_normalized"":""controlled"",""candidate_normalized"":""controlled mode"",""similarity"":0.720561,""match_type"":""relaxed_lexical""},{""ground_truth_state"":""Running"",""candidate_state"":""Running"",""ground_truth_normalized"":""running"",""candidate_normalized"":""running"",""similarity"":1.0,""match_type"":""exact_normalized""},{""ground_truth_state"":""Shutdown"",""candidate_state"":""Shutdown"",""ground_truth_normalized"":""shutdown"",""candidate_normalized"":""shutdown"",""similarity"":1.0,""match_type"":""exact_normalized""}]","[""Collecting"",""Operation"",""Summarizing"",""Testing"",""Transmitting""]",[],9,4,4,5,0,1.0,0.444444,0.615385
Llama_3.1_8B,baseline_repair,case_54_weather_station_system,Code\untitled folder\results\plantuml_pipeline\runs\open_source__llama31_8b_instruct__few_shot_validation_generator_critic_repair\case_54_weather_station_system\run_01.puml,dataset\case_54_weather_station_system\diagram.puml,sentence-transformers/all-MiniLM-L6-v2,0.800000,0.650000,"[""Collecting"",""Configuring"",""Controlled"",""Operation"",""Running"",""Shutdown"",""Summarizing"",""Testing"",""Transmitting""]","[""ConfigMode"",""Controlled"",""DataCollection"",""Running"",""ShutDown"",""StatusChecking"",""SummaryPreparation""]","[{""ground_truth_state"":""Configuring"",""candidate_state"":""ConfigMode"",""ground_truth_normalized"":""configuring"",""candidate_normalized"":""config mode"",""similarity"":0.674064,""match_type"":""relaxed""},{""ground_truth_state"":""Controlled"",""candidate_state"":""Controlled"",""ground_truth_normalized"":""controlled"",""candidate_normalized"":""controlled"",""similarity"":1.0,""match_type"":""exact_normalized""},{""ground_truth_state"":""Running"",""candidate_state"":""Running"",""ground_truth_normalized"":""running"",""candidate_normalized"":""running"",""similarity"":1.0,""match_type"":""exact_normalized""},{""ground_truth_state"":""Shutdown"",""candidate_state"":""ShutDown"",""ground_truth_normalized"":""shutdown"",""candidate_normalized"":""shut down"",""similarity"":0.807081,""match_type"":""strict""}]","[""Collecting"",""Operation"",""Summarizing"",""Testing"",""Transmitting""]","[""DataCollection"",""StatusChecking"",""SummaryPreparation""]",9,7,4,5,3,0.571429,0.444444,0.5
Llama_3.1_8B,few_shot,case_54_weather_station_system,Code\untitled folder\results\plantuml_pipeline\runs\open_source__llama31_8b_instruct__few_shot\case_54_weather_station_system\run_01.puml,dataset\case_54_weather_station_system\diagram.puml,sentence-transformers/all-MiniLM-L6-v2,0.800000,0.650000,"[""Collecting"",""Configuring"",""Controlled"",""Operation"",""Running"",""Shutdown"",""Summarizing"",""Testing"",""Transmitting""]","[""ConfigMode"",""Controlled"",""DataCollection"",""Running"",""ShutDown"",""StatusChecking"",""SummaryPreparation""]","[{""ground_truth_state"":""Configuring"",""candidate_state"":""ConfigMode"",""ground_truth_normalized"":""configuring"",""candidate_normalized"":""config mode"",""similarity"":0.674064,""match_type"":""relaxed""},{""ground_truth_state"":""Controlled"",""candidate_state"":""Controlled"",""ground_truth_normalized"":""controlled"",""candidate_normalized"":""controlled"",""similarity"":1.0,""match_type"":""exact_normalized""},{""ground_truth_state"":""Running"",""candidate_state"":""Running"",""ground_truth_normalized"":""running"",""candidate_normalized"":""running"",""similarity"":1.0,""match_type"":""exact_normalized""},{""ground_truth_state"":""Shutdown"",""candidate_state"":""ShutDown"",""ground_truth_normalized"":""shutdown"",""candidate_normalized"":""shut down"",""similarity"":0.807081,""match_type"":""strict""}]","[""Collecting"",""Operation"",""Summarizing"",""Testing"",""Transmitting""]","[""DataCollection"",""StatusChecking"",""SummaryPreparation""]",9,7,4,5,3,0.571429,0.444444,0.5
Llama_3.1_8B,syntax_grounded_repair,case_54_weather_station_system,Code\untitled folder\results\plantuml_pipeline\runs\open_source__llama31_8b_instruct__few_shot_validation_generator_critic_repair__syntax_grounded\case_54_weather_station_system\run_01.puml,dataset\case_54_weather_station_system\diagram.puml,sentence-transformers/all-MiniLM-L6-v2,0.800000,0.650000,"[""Collecting"",""Configuring"",""Controlled"",""Operation"",""Running"",""Shutdown"",""Summarizing"",""Testing"",""Transmitting""]","[""ConfigMode"",""Controlled"",""DataCollection"",""Running"",""ShutDown"",""StatusChecking"",""SummaryPreparation""]","[{""ground_truth_state"":""Configuring"",""candidate_state"":""ConfigMode"",""ground_truth_normalized"":""configuring"",""candidate_normalized"":""config mode"",""similarity"":0.674064,""match_type"":""relaxed""},{""ground_truth_state"":""Controlled"",""candidate_state"":""Controlled"",""ground_truth_normalized"":""controlled"",""candidate_normalized"":""controlled"",""similarity"":1.0,""match_type"":""exact_normalized""},{""ground_truth_state"":""Running"",""candidate_state"":""Running"",""ground_truth_normalized"":""running"",""candidate_normalized"":""running"",""similarity"":1.0,""match_type"":""exact_normalized""},{""ground_truth_state"":""Shutdown"",""candidate_state"":""ShutDown"",""ground_truth_normalized"":""shutdown"",""candidate_normalized"":""shut down"",""similarity"":0.807081,""match_type"":""strict""}]","[""Collecting"",""Operation"",""Summarizing"",""Testing"",""Transmitting""]","[""DataCollection"",""StatusChecking"",""SummaryPreparation""]",9,7,4,5,3,0.571429,0.444444,0.5
Mistral,baseline_repair,case_54_weather_station_system,Code\untitled folder\results\plantuml_pipeline\runs\open_source__mistral__rag_validation_generator_critic_repair\case_54_weather_station_system\run_01.puml,dataset\case_54_weather_station_system\diagram.puml,sentence-transformers/all-MiniLM-L6-v2,0.800000,0.650000,"[""Collecting"",""Configuring"",""Controlled"",""Operation"",""Running"",""Shutdown"",""Summarizing"",""Testing"",""Transmitting""]","[""Configuration"",""ConfigurationMode"",""ControlledMode"",""ControlledModeOn"",""DataCollecting"",""DataCollection"",""Running"",""RunningFromShutdown"",""Shutdown"",""ShuttingDown"",""StatusChecking"",""StatusCheckingMode"",""SummaryPreparation"",""WeatherSummaryRequested""]","[{""ground_truth_state"":""Collecting"",""candidate_state"":""DataCollecting"",""ground_truth_normalized"":""collecting"",""candidate_normalized"":""data collecting"",""similarity"":0.624148,""match_type"":""relaxed_lexical""},{""ground_truth_state"":""Configuring"",""candidate_state"":""Configuration"",""ground_truth_normalized"":""configuring"",""candidate_normalized"":""configuration"",""similarity"":0.868244,""match_type"":""strict""},{""ground_truth_state"":""Controlled"",""candidate_state"":""ControlledMode"",""ground_truth_normalized"":""controlled"",""candidate_normalized"":""controlled mode"",""similarity"":0.720561,""match_type"":""relaxed_lexical""},{""ground_truth_state"":""Running"",""candidate_state"":""Running"",""ground_truth_normalized"":""running"",""candidate_normalized"":""running"",""similarity"":1.0,""match_type"":""exact_normalized""},{""ground_truth_state"":""Shutdown"",""candidate_state"":""Shutdown"",""ground_truth_normalized"":""shutdown"",""candidate_normalized"":""shutdown"",""similarity"":1.0,""match_type"":""exact_normalized""}]","[""Operation"",""Summarizing"",""Testing"",""Transmitting""]","[""ConfigurationMode"",""ControlledModeOn"",""DataCollection"",""RunningFromShutdown"",""ShuttingDown"",""StatusChecking"",""StatusCheckingMode"",""SummaryPreparation"",""WeatherSummaryRequested""]",9,14,5,4,9,0.357143,0.555556,0.434783
Mistral,rag,case_54_weather_station_system,Code\untitled folder\results\plantuml_pipeline\runs\open_source__mistral__rag\case_54_weather_station_system\run_01.puml,dataset\case_54_weather_station_system\diagram.puml,sentence-transformers/all-MiniLM-L6-v2,0.800000,0.650000,"[""Collecting"",""Configuring"",""Controlled"",""Operation"",""Running"",""Shutdown"",""Summarizing"",""Testing"",""Transmitting""]","[""Configuration"",""ConfigurationMode"",""ControlledMode"",""ControlledModeOn"",""DataCollecting"",""DataCollection"",""Running"",""RunningFromShutdown"",""Shutdown"",""ShuttingDown"",""StatusChecking"",""StatusCheckingMode"",""SummaryPreparation"",""WeatherSummaryRequested""]","[{""ground_truth_state"":""Collecting"",""candidate_state"":""DataCollecting"",""ground_truth_normalized"":""collecting"",""candidate_normalized"":""data collecting"",""similarity"":0.624148,""match_type"":""relaxed_lexical""},{""ground_truth_state"":""Configuring"",""candidate_state"":""Configuration"",""ground_truth_normalized"":""configuring"",""candidate_normalized"":""configuration"",""similarity"":0.868244,""match_type"":""strict""},{""ground_truth_state"":""Controlled"",""candidate_state"":""ControlledMode"",""ground_truth_normalized"":""controlled"",""candidate_normalized"":""controlled mode"",""similarity"":0.720561,""match_type"":""relaxed_lexical""},{""ground_truth_state"":""Running"",""candidate_state"":""Running"",""ground_truth_normalized"":""running"",""candidate_normalized"":""running"",""similarity"":1.0,""match_type"":""exact_normalized""},{""ground_truth_state"":""Shutdown"",""candidate_state"":""Shutdown"",""ground_truth_normalized"":""shutdown"",""candidate_normalized"":""shutdown"",""similarity"":1.0,""match_type"":""exact_normalized""}]","[""Operation"",""Summarizing"",""Testing"",""Transmitting""]","[""ConfigurationMode"",""ControlledModeOn"",""DataCollection"",""RunningFromShutdown"",""ShuttingDown"",""StatusChecking"",""StatusCheckingMode"",""SummaryPreparation"",""WeatherSummaryRequested""]",9,14,5,4,9,0.357143,0.555556,0.434783
Mistral,syntax_grounded_repair,case_54_weather_station_system,Code\untitled folder\results\plantuml_pipeline\runs\open_source__mistral__rag_validation_generator_critic_repair__syntax_grounded\case_54_weather_station_system\run_01.puml,dataset\case_54_weather_station_system\diagram.puml,sentence-transformers/all-MiniLM-L6-v2,0.800000,0.650000,"[""Collecting"",""Configuring"",""Controlled"",""Operation"",""Running"",""Shutdown"",""Summarizing"",""Testing"",""Transmitting""]","[""Configuration"",""ConfigurationMode"",""ControlledModeOn"",""DataCollecting"",""DataCollection"",""Running"",""RunningFromShutdown"",""ShuttingDown"",""StatusChecking"",""StatusCheckingMode"",""WeatherSummaryRequested""]","[{""ground_truth_state"":""Collecting"",""candidate_state"":""DataCollecting"",""ground_truth_normalized"":""collecting"",""candidate_normalized"":""data collecting"",""similarity"":0.624148,""match_type"":""relaxed_lexical""},{""ground_truth_state"":""Configuring"",""candidate_state"":""Configuration"",""ground_truth_normalized"":""configuring"",""candidate_normalized"":""configuration"",""similarity"":0.868244,""match_type"":""strict""},{""ground_truth_state"":""Controlled"",""candidate_state"":""ControlledModeOn"",""ground_truth_normalized"":""controlled"",""candidate_normalized"":""controlled mode on"",""similarity"":0.672445,""match_type"":""relaxed_lexical""},{""ground_truth_state"":""Running"",""candidate_state"":""Running"",""ground_truth_normalized"":""running"",""candidate_normalized"":""running"",""similarity"":1.0,""match_type"":""exact_normalized""},{""ground_truth_state"":""Shutdown"",""candidate_state"":""ShuttingDown"",""ground_truth_normalized"":""shutdown"",""candidate_normalized"":""shutting down"",""similarity"":0.911447,""match_type"":""strict""}]","[""Operation"",""Summarizing"",""Testing"",""Transmitting""]","[""ConfigurationMode"",""DataCollection"",""RunningFromShutdown"",""StatusChecking"",""StatusCheckingMode"",""WeatherSummaryRequested""]",9,11,5,4,6,0.454545,0.555556,0.5
Qwen_2.5_7B,baseline_repair,case_54_weather_station_system,Code\untitled folder\results\plantuml_pipeline\runs\open_source__qwen25_7b_instruct__rag_validation_generator_critic_repair\case_54_weather_station_system\run_01.puml,dataset\case_54_weather_station_system\diagram.puml,sentence-transformers/all-MiniLM-L6-v2,0.800000,0.650000,"[""Collecting"",""Configuring"",""Controlled"",""Operation"",""Running"",""Shutdown"",""Summarizing"",""Testing"",""Transmitting""]","[""Configuring"",""ControlledMode"",""DataCollection"",""Running"",""Shutdown"",""StatusChecking"",""SummaryPreparation""]","[{""ground_truth_state"":""Configuring"",""candidate_state"":""Configuring"",""ground_truth_normalized"":""configuring"",""candidate_normalized"":""configuring"",""similarity"":1.0,""match_type"":""exact_normalized""},{""ground_truth_state"":""Controlled"",""candidate_state"":""ControlledMode"",""ground_truth_normalized"":""controlled"",""candidate_normalized"":""controlled mode"",""similarity"":0.720561,""match_type"":""relaxed_lexical""},{""ground_truth_state"":""Running"",""candidate_state"":""Running"",""ground_truth_normalized"":""running"",""candidate_normalized"":""running"",""similarity"":1.0,""match_type"":""exact_normalized""},{""ground_truth_state"":""Shutdown"",""candidate_state"":""Shutdown"",""ground_truth_normalized"":""shutdown"",""candidate_normalized"":""shutdown"",""similarity"":1.0,""match_type"":""exact_normalized""}]","[""Collecting"",""Operation"",""Summarizing"",""Testing"",""Transmitting""]","[""DataCollection"",""StatusChecking"",""SummaryPreparation""]",9,7,4,5,3,0.571429,0.444444,0.5
Qwen_2.5_7B,rag,case_54_weather_station_system,Code\untitled folder\results\plantuml_pipeline\runs\open_source__qwen25_7b_instruct__rag\case_54_weather_station_system\run_01.puml,dataset\case_54_weather_station_system\diagram.puml,sentence-transformers/all-MiniLM-L6-v2,0.800000,0.650000,"[""Collecting"",""Configuring"",""Controlled"",""Operation"",""Running"",""Shutdown"",""Summarizing"",""Testing"",""Transmitting""]","[""Configuring"",""ControlledMode"",""DataCollection"",""Running"",""Shutdown"",""StatusChecking"",""SummaryPreparation""]","[{""ground_truth_state"":""Configuring"",""candidate_state"":""Configuring"",""ground_truth_normalized"":""configuring"",""candidate_normalized"":""configuring"",""similarity"":1.0,""match_type"":""exact_normalized""},{""ground_truth_state"":""Controlled"",""candidate_state"":""ControlledMode"",""ground_truth_normalized"":""controlled"",""candidate_normalized"":""controlled mode"",""similarity"":0.720561,""match_type"":""relaxed_lexical""},{""ground_truth_state"":""Running"",""candidate_state"":""Running"",""ground_truth_normalized"":""running"",""candidate_normalized"":""running"",""similarity"":1.0,""match_type"":""exact_normalized""},{""ground_truth_state"":""Shutdown"",""candidate_state"":""Shutdown"",""ground_truth_normalized"":""shutdown"",""candidate_normalized"":""shutdown"",""similarity"":1.0,""match_type"":""exact_normalized""}]","[""Collecting"",""Operation"",""Summarizing"",""Testing"",""Transmitting""]","[""DataCollection"",""StatusChecking"",""SummaryPreparation""]",9,7,4,5,3,0.571429,0.444444,0.5
Qwen_2.5_7B,syntax_grounded_repair,case_54_weather_station_system,Code\untitled folder\results\plantuml_pipeline\runs\open_source__qwen25_7b_instruct__rag_validation_generator_critic_repair__syntax_grounded_original_rag\case_54_weather_station_system\run_01.puml,dataset\case_54_weather_station_system\diagram.puml,sentence-transformers/all-MiniLM-L6-v2,0.800000,0.650000,"[""Collecting"",""Configuring"",""Controlled"",""Operation"",""Running"",""Shutdown"",""Summarizing"",""Testing"",""Transmitting""]","[""Configuring"",""ControlledMode"",""DataCollection"",""Running"",""Shutdown"",""StatusChecking"",""SummaryPreparation""]","[{""ground_truth_state"":""Configuring"",""candidate_state"":""Configuring"",""ground_truth_normalized"":""configuring"",""candidate_normalized"":""configuring"",""similarity"":1.0,""match_type"":""exact_normalized""},{""ground_truth_state"":""Controlled"",""candidate_state"":""ControlledMode"",""ground_truth_normalized"":""controlled"",""candidate_normalized"":""controlled mode"",""similarity"":0.720561,""match_type"":""relaxed_lexical""},{""ground_truth_state"":""Running"",""candidate_state"":""Running"",""ground_truth_normalized"":""running"",""candidate_normalized"":""running"",""similarity"":1.0,""match_type"":""exact_normalized""},{""ground_truth_state"":""Shutdown"",""candidate_state"":""Shutdown"",""ground_truth_normalized"":""shutdown"",""candidate_normalized"":""shutdown"",""similarity"":1.0,""match_type"":""exact_normalized""}]","[""Collecting"",""Operation"",""Summarizing"",""Testing"",""Transmitting""]","[""DataCollection"",""StatusChecking"",""SummaryPreparation""]",9,7,4,5,3,0.571429,0.444444,0.5
DeepSeek_R1_14B,baseline_repair,case_59_atm_1,Code\untitled folder\results\plantuml_pipeline\runs\open_source__deepseek_r1_14b__few_shot_validation_generator_critic_repair\case_59_atm_1\run_01.puml,dataset\case_59_atm_1\diagram.puml,sentence-transformers/all-MiniLM-L6-v2,0.800000,0.650000,"[""EnterAmount <<extended>>"",""ReadAmount <<extended>>"",""ReleaseCard <<extended>>"",""SelectAmount <<extended>>""]","[""Cancel Transaction"",""Check Balance"",""Dispense Cash"",""Enter Custom Amount"",""Insert Card"",""Return Card"",""Select Amount"",""Select Predefined Amount""]","[{""ground_truth_state"":""EnterAmount <<extended>>"",""candidate_state"":""Enter Custom Amount"",""ground_truth_normalized"":""enter amount <<extended>>"",""candidate_normalized"":""enter custom amount"",""similarity"":0.66988,""match_type"":""relaxed""},{""ground_truth_state"":""SelectAmount <<extended>>"",""candidate_state"":""Select Amount"",""ground_truth_normalized"":""select amount <<extended>>"",""candidate_normalized"":""select amount"",""similarity"":0.824091,""match_type"":""strict""}]","[""ReadAmount <<extended>>"",""ReleaseCard <<extended>>""]","[""Cancel Transaction"",""Check Balance"",""Dispense Cash"",""Insert Card"",""Return Card"",""Select Predefined Amount""]",4,8,2,2,6,0.25,0.5,0.333333
DeepSeek_R1_14B,few_shot,case_59_atm_1,Code\untitled folder\results\plantuml_pipeline\runs\open_source__deepseek_r1_14b__few_shot\case_59_atm_1\run_01.puml,dataset\case_59_atm_1\diagram.puml,sentence-transformers/all-MiniLM-L6-v2,0.800000,0.650000,"[""EnterAmount <<extended>>"",""ReadAmount <<extended>>"",""ReleaseCard <<extended>>"",""SelectAmount <<extended>>""]","[""Cancel Transaction"",""Check Balance"",""Dispense Cash"",""Enter Custom Amount"",""Insert Card"",""Return Card"",""Select Amount"",""Select Predefined Amount""]","[{""ground_truth_state"":""EnterAmount <<extended>>"",""candidate_state"":""Enter Custom Amount"",""ground_truth_normalized"":""enter amount <<extended>>"",""candidate_normalized"":""enter custom amount"",""similarity"":0.66988,""match_type"":""relaxed""},{""ground_truth_state"":""SelectAmount <<extended>>"",""candidate_state"":""Select Amount"",""ground_truth_normalized"":""select amount <<extended>>"",""candidate_normalized"":""select amount"",""similarity"":0.824091,""match_type"":""strict""}]","[""ReadAmount <<extended>>"",""ReleaseCard <<extended>>""]","[""Cancel Transaction"",""Check Balance"",""Dispense Cash"",""Insert Card"",""Return Card"",""Select Predefined Amount""]",4,8,2,2,6,0.25,0.5,0.333333
DeepSeek_R1_14B,syntax_grounded_repair,case_59_atm_1,Code\untitled folder\results\plantuml_pipeline\runs\open_source__deepseek_r1_14b__few_shot_validation_generator_critic_repair__syntax_grounded\case_59_atm_1\run_01.puml,dataset\case_59_atm_1\diagram.puml,sentence-transformers/all-MiniLM-L6-v2,0.800000,0.650000,"[""EnterAmount <<extended>>"",""ReadAmount <<extended>>"",""ReleaseCard <<extended>>"",""SelectAmount <<extended>>""]","[""Cancel Transaction"",""Check Balance"",""Dispense Cash"",""Enter Custom Amount"",""Insert Card"",""Return Card"",""Select Amount"",""Select Predefined Amount""]","[{""ground_truth_state"":""EnterAmount <<extended>>"",""candidate_state"":""Enter Custom Amount"",""ground_truth_normalized"":""enter amount <<extended>>"",""candidate_normalized"":""enter custom amount"",""similarity"":0.66988,""match_type"":""relaxed""},{""ground_truth_state"":""SelectAmount <<extended>>"",""candidate_state"":""Select Amount"",""ground_truth_normalized"":""select amount <<extended>>"",""candidate_normalized"":""select amount"",""similarity"":0.824091,""match_type"":""strict""}]","[""ReadAmount <<extended>>"",""ReleaseCard <<extended>>""]","[""Cancel Transaction"",""Check Balance"",""Dispense Cash"",""Insert Card"",""Return Card"",""Select Predefined Amount""]",4,8,2,2,6,0.25,0.5,0.333333
Llama_3.1_8B,baseline_repair,case_59_atm_1,Code\untitled folder\results\plantuml_pipeline\runs\open_source__llama31_8b_instruct__few_shot_validation_generator_critic_repair\case_59_atm_1\run_01.puml,dataset\case_59_atm_1\diagram.puml,sentence-transformers/all-MiniLM-L6-v2,0.800000,0.650000,"[""EnterAmount <<extended>>"",""ReadAmount <<extended>>"",""ReleaseCard <<extended>>"",""SelectAmount <<extended>>""]","[""Cancel Transaction"",""Custom Amount"",""Idle"",""Select Amount"",""Transaction Completed""]","[{""ground_truth_state"":""SelectAmount <<extended>>"",""candidate_state"":""Select Amount"",""ground_truth_normalized"":""select amount <<extended>>"",""candidate_normalized"":""select amount"",""similarity"":0.824091,""match_type"":""strict""}]","[""EnterAmount <<extended>>"",""ReadAmount <<extended>>"",""ReleaseCard <<extended>>""]","[""Cancel Transaction"",""Custom Amount"",""Idle"",""Transaction Completed""]",4,5,1,3,4,0.2,0.25,0.222222
Llama_3.1_8B,few_shot,case_59_atm_1,Code\untitled folder\results\plantuml_pipeline\runs\open_source__llama31_8b_instruct__few_shot\case_59_atm_1\run_01.puml,dataset\case_59_atm_1\diagram.puml,sentence-transformers/all-MiniLM-L6-v2,0.800000,0.650000,"[""EnterAmount <<extended>>"",""ReadAmount <<extended>>"",""ReleaseCard <<extended>>"",""SelectAmount <<extended>>""]","[""Cancel Transaction"",""Custom Amount"",""Idle"",""Select Amount"",""Transaction Completed""]","[{""ground_truth_state"":""SelectAmount <<extended>>"",""candidate_state"":""Select Amount"",""ground_truth_normalized"":""select amount <<extended>>"",""candidate_normalized"":""select amount"",""similarity"":0.824091,""match_type"":""strict""}]","[""EnterAmount <<extended>>"",""ReadAmount <<extended>>"",""ReleaseCard <<extended>>""]","[""Cancel Transaction"",""Custom Amount"",""Idle"",""Transaction Completed""]",4,5,1,3,4,0.2,0.25,0.222222
Llama_3.1_8B,syntax_grounded_repair,case_59_atm_1,Code\untitled folder\results\plantuml_pipeline\runs\open_source__llama31_8b_instruct__few_shot_validation_generator_critic_repair__syntax_grounded\case_59_atm_1\run_01.puml,dataset\case_59_atm_1\diagram.puml,sentence-transformers/all-MiniLM-L6-v2,0.800000,0.650000,"[""EnterAmount <<extended>>"",""ReadAmount <<extended>>"",""ReleaseCard <<extended>>"",""SelectAmount <<extended>>""]","[""Cancel Transaction"",""Custom Amount"",""Idle"",""Select Amount"",""Transaction Completed""]","[{""ground_truth_state"":""SelectAmount <<extended>>"",""candidate_state"":""Select Amount"",""ground_truth_normalized"":""select amount <<extended>>"",""candidate_normalized"":""select amount"",""similarity"":0.824091,""match_type"":""strict""}]","[""EnterAmount <<extended>>"",""ReadAmount <<extended>>"",""ReleaseCard <<extended>>""]","[""Cancel Transaction"",""Custom Amount"",""Idle"",""Transaction Completed""]",4,5,1,3,4,0.2,0.25,0.222222
Mistral,baseline_repair,case_59_atm_1,Code\untitled folder\results\plantuml_pipeline\runs\open_source__mistral__rag_validation_generator_critic_repair\case_59_atm_1\run_01.puml,dataset\case_59_atm_1\diagram.puml,sentence-transformers/all-MiniLM-L6-v2,0.800000,0.650000,"[""EnterAmount <<extended>>"",""ReadAmount <<extended>>"",""ReleaseCard <<extended>>"",""SelectAmount <<extended>>""]","[""Cancelling Transaction"",""Choosing Amount"",""Dispensing Cash"",""Ejecting Card"",""Entering Custom Amount"",""Printing Receipt"",""Processing Withdrawal"",""Selecting Predefined Amount"",""Waiting for Input""]",[],"[""EnterAmount <<extended>>"",""ReadAmount <<extended>>"",""ReleaseCard <<extended>>"",""SelectAmount <<extended>>""]","[""Cancelling Transaction"",""Choosing Amount"",""Dispensing Cash"",""Ejecting Card"",""Entering Custom Amount"",""Printing Receipt"",""Processing Withdrawal"",""Selecting Predefined Amount"",""Waiting for Input""]",4,9,0,4,9,0.0,0.0,0.0
Mistral,rag,case_59_atm_1,Code\untitled folder\results\plantuml_pipeline\runs\open_source__mistral__rag\case_59_atm_1\run_01.puml,dataset\case_59_atm_1\diagram.puml,sentence-transformers/all-MiniLM-L6-v2,0.800000,0.650000,"[""EnterAmount <<extended>>"",""ReadAmount <<extended>>"",""ReleaseCard <<extended>>"",""SelectAmount <<extended>>""]","[""Cancelling Transaction"",""Choosing Amount"",""Dispensing Cash"",""Ejecting Card"",""Entering Custom Amount"",""Printing Receipt"",""Processing Withdrawal"",""Selecting Predefined Amount"",""Waiting for Input""]",[],"[""EnterAmount <<extended>>"",""ReadAmount <<extended>>"",""ReleaseCard <<extended>>"",""SelectAmount <<extended>>""]","[""Cancelling Transaction"",""Choosing Amount"",""Dispensing Cash"",""Ejecting Card"",""Entering Custom Amount"",""Printing Receipt"",""Processing Withdrawal"",""Selecting Predefined Amount"",""Waiting for Input""]",4,9,0,4,9,0.0,0.0,0.0
Mistral,syntax_grounded_repair,case_59_atm_1,Code\untitled folder\results\plantuml_pipeline\runs\open_source__mistral__rag_validation_generator_critic_repair__syntax_grounded\case_59_atm_1\run_01.puml,dataset\case_59_atm_1\diagram.puml,sentence-transformers/all-MiniLM-L6-v2,0.800000,0.650000,"[""EnterAmount <<extended>>"",""ReadAmount <<extended>>"",""ReleaseCard <<extended>>"",""SelectAmount <<extended>>""]","[""Cancelling Transaction"",""Choosing Amount"",""Dispensing Cash"",""Ejecting Card"",""Entering Custom Amount"",""Printing Receipt"",""Processing Withdrawal"",""Selecting Predefined Amount"",""Waiting for Input""]",[],"[""EnterAmount <<extended>>"",""ReadAmount <<extended>>"",""ReleaseCard <<extended>>"",""SelectAmount <<extended>>""]","[""Cancelling Transaction"",""Choosing Amount"",""Dispensing Cash"",""Ejecting Card"",""Entering Custom Amount"",""Printing Receipt"",""Processing Withdrawal"",""Selecting Predefined Amount"",""Waiting for Input""]",4,9,0,4,9,0.0,0.0,0.0
Qwen_2.5_7B,baseline_repair,case_59_atm_1,Code\untitled folder\results\plantuml_pipeline\runs\open_source__qwen25_7b_instruct__rag_validation_generator_critic_repair\case_59_atm_1\run_01.puml,dataset\case_59_atm_1\diagram.puml,sentence-transformers/all-MiniLM-L6-v2,0.800000,0.650000,"[""EnterAmount <<extended>>"",""ReadAmount <<extended>>"",""ReleaseCard <<extended>>"",""SelectAmount <<extended>>""]","[""ClosedDown"",""Confiscating"",""Dispensing"",""Ejecting"",""Idle"",""Printing"",""ProcessingWithdrawal"",""Terminating"",""ValidatingAmount"",""WaitingForAmount""]",[],"[""EnterAmount <<extended>>"",""ReadAmount <<extended>>"",""ReleaseCard <<extended>>"",""SelectAmount <<extended>>""]","[""ClosedDown"",""Confiscating"",""Dispensing"",""Ejecting"",""Idle"",""Printing"",""ProcessingWithdrawal"",""Terminating"",""ValidatingAmount"",""WaitingForAmount""]",4,10,0,4,10,0.0,0.0,0.0
Qwen_2.5_7B,rag,case_59_atm_1,Code\untitled folder\results\plantuml_pipeline\runs\open_source__qwen25_7b_instruct__rag\case_59_atm_1\run_01.puml,dataset\case_59_atm_1\diagram.puml,sentence-transformers/all-MiniLM-L6-v2,0.800000,0.650000,"[""EnterAmount <<extended>>"",""ReadAmount <<extended>>"",""ReleaseCard <<extended>>"",""SelectAmount <<extended>>""]","[""ClosedDown"",""Confiscating"",""Dispensing"",""Ejecting"",""Idle"",""Printing"",""ProcessingWithdrawal"",""Terminating"",""ValidatingAmount"",""WaitingForAmount""]",[],"[""EnterAmount <<extended>>"",""ReadAmount <<extended>>"",""ReleaseCard <<extended>>"",""SelectAmount <<extended>>""]","[""ClosedDown"",""Confiscating"",""Dispensing"",""Ejecting"",""Idle"",""Printing"",""ProcessingWithdrawal"",""Terminating"",""ValidatingAmount"",""WaitingForAmount""]",4,10,0,4,10,0.0,0.0,0.0
Qwen_2.5_7B,syntax_grounded_repair,case_59_atm_1,Code\untitled folder\results\plantuml_pipeline\runs\open_source__qwen25_7b_instruct__rag_validation_generator_critic_repair__syntax_grounded_original_rag\case_59_atm_1\run_01.puml,dataset\case_59_atm_1\diagram.puml,sentence-transformers/all-MiniLM-L6-v2,0.800000,0.650000,"[""EnterAmount <<extended>>"",""ReadAmount <<extended>>"",""ReleaseCard <<extended>>"",""SelectAmount <<extended>>""]","[""ClosedDown"",""Confiscating"",""Dispensing"",""Ejecting"",""Idle"",""Printing"",""ProcessingWithdrawal"",""Terminating"",""ValidatingAmount"",""WaitingForAmount""]",[],"[""EnterAmount <<extended>>"",""ReadAmount <<extended>>"",""ReleaseCard <<extended>>"",""SelectAmount <<extended>>""]","[""ClosedDown"",""Confiscating"",""Dispensing"",""Ejecting"",""Idle"",""Printing"",""ProcessingWithdrawal"",""Terminating"",""ValidatingAmount"",""WaitingForAmount""]",4,10,0,4,10,0.0,0.0,0.0
DeepSeek_R1_14B,baseline_repair,case_60_atm_2,Code\untitled folder\results\plantuml_pipeline\runs\open_source__deepseek_r1_14b__few_shot_validation_generator_critic_repair\case_60_atm_2\run_01.puml,dataset\case_60_atm_2\diagram.puml,sentence-transformers/all-MiniLM-L6-v2,0.800000,0.650000,"[""EnterAmount"",""ReadAmount <<extended>>"",""SelectAmount <<extended>>"",""VerifyTransaction <<extended>>""]","[""End"",""EnterAmount"",""ReEnterAmount"",""SelectAmount"",""Start"",""VerifyTransaction""]","[{""ground_truth_state"":""EnterAmount"",""candidate_state"":""EnterAmount"",""ground_truth_normalized"":""enter amount"",""candidate_normalized"":""enter amount"",""similarity"":1.0,""match_type"":""exact_normalized""},{""ground_truth_state"":""SelectAmount <<extended>>"",""candidate_state"":""SelectAmount"",""ground_truth_normalized"":""select amount <<extended>>"",""candidate_normalized"":""select amount"",""similarity"":0.824091,""match_type"":""strict""},{""ground_truth_state"":""VerifyTransaction <<extended>>"",""candidate_state"":""VerifyTransaction"",""ground_truth_normalized"":""verify transaction <<extended>>"",""candidate_normalized"":""verify transaction"",""similarity"":0.802673,""match_type"":""strict""}]","[""ReadAmount <<extended>>""]","[""End"",""ReEnterAmount"",""Start""]",4,6,3,1,3,0.5,0.75,0.6
DeepSeek_R1_14B,few_shot,case_60_atm_2,Code\untitled folder\results\plantuml_pipeline\runs\open_source__deepseek_r1_14b__few_shot\case_60_atm_2\run_01.puml,dataset\case_60_atm_2\diagram.puml,sentence-transformers/all-MiniLM-L6-v2,0.800000,0.650000,"[""EnterAmount"",""ReadAmount <<extended>>"",""SelectAmount <<extended>>"",""VerifyTransaction <<extended>>""]","[""End"",""EnterAmount"",""ReEnterAmount"",""SelectAmount"",""Start"",""VerifyTransaction""]","[{""ground_truth_state"":""EnterAmount"",""candidate_state"":""EnterAmount"",""ground_truth_normalized"":""enter amount"",""candidate_normalized"":""enter amount"",""similarity"":1.0,""match_type"":""exact_normalized""},{""ground_truth_state"":""SelectAmount <<extended>>"",""candidate_state"":""SelectAmount"",""ground_truth_normalized"":""select amount <<extended>>"",""candidate_normalized"":""select amount"",""similarity"":0.824091,""match_type"":""strict""},{""ground_truth_state"":""VerifyTransaction <<extended>>"",""candidate_state"":""VerifyTransaction"",""ground_truth_normalized"":""verify transaction <<extended>>"",""candidate_normalized"":""verify transaction"",""similarity"":0.802673,""match_type"":""strict""}]","[""ReadAmount <<extended>>""]","[""End"",""ReEnterAmount"",""Start""]",4,6,3,1,3,0.5,0.75,0.6
DeepSeek_R1_14B,syntax_grounded_repair,case_60_atm_2,Code\untitled folder\results\plantuml_pipeline\runs\open_source__deepseek_r1_14b__few_shot_validation_generator_critic_repair__syntax_grounded\case_60_atm_2\run_01.puml,dataset\case_60_atm_2\diagram.puml,sentence-transformers/all-MiniLM-L6-v2,0.800000,0.650000,"[""EnterAmount"",""ReadAmount <<extended>>"",""SelectAmount <<extended>>"",""VerifyTransaction <<extended>>""]","[""End"",""EnterAmount"",""ReEnterAmount"",""SelectAmount"",""Start"",""VerifyTransaction""]","[{""ground_truth_state"":""EnterAmount"",""candidate_state"":""EnterAmount"",""ground_truth_normalized"":""enter amount"",""candidate_normalized"":""enter amount"",""similarity"":1.0,""match_type"":""exact_normalized""},{""ground_truth_state"":""SelectAmount <<extended>>"",""candidate_state"":""SelectAmount"",""ground_truth_normalized"":""select amount <<extended>>"",""candidate_normalized"":""select amount"",""similarity"":0.824091,""match_type"":""strict""},{""ground_truth_state"":""VerifyTransaction <<extended>>"",""candidate_state"":""VerifyTransaction"",""ground_truth_normalized"":""verify transaction <<extended>>"",""candidate_normalized"":""verify transaction"",""similarity"":0.802673,""match_type"":""strict""}]","[""ReadAmount <<extended>>""]","[""End"",""ReEnterAmount"",""Start""]",4,6,3,1,3,0.5,0.75,0.6
Llama_3.1_8B,baseline_repair,case_60_atm_2,Code\untitled folder\results\plantuml_pipeline\runs\open_source__llama31_8b_instruct__few_shot_validation_generator_critic_repair\case_60_atm_2\run_01.puml,dataset\case_60_atm_2\diagram.puml,sentence-transformers/all-MiniLM-L6-v2,0.800000,0.650000,"[""EnterAmount"",""ReadAmount <<extended>>"",""SelectAmount <<extended>>"",""VerifyTransaction <<extended>>""]","[""DispenseCash"",""SelectAmount"",""VerifyTransaction""]","[{""ground_truth_state"":""SelectAmount <<extended>>"",""candidate_state"":""SelectAmount"",""ground_truth_normalized"":""select amount <<extended>>"",""candidate_normalized"":""select amount"",""similarity"":0.824091,""match_type"":""strict""},{""ground_truth_state"":""VerifyTransaction <<extended>>"",""candidate_state"":""VerifyTransaction"",""ground_truth_normalized"":""verify transaction <<extended>>"",""candidate_normalized"":""verify transaction"",""similarity"":0.802673,""match_type"":""strict""}]","[""EnterAmount"",""ReadAmount <<extended>>""]","[""DispenseCash""]",4,3,2,2,1,0.666667,0.5,0.571429
Llama_3.1_8B,few_shot,case_60_atm_2,Code\untitled folder\results\plantuml_pipeline\runs\open_source__llama31_8b_instruct__few_shot\case_60_atm_2\run_01.puml,dataset\case_60_atm_2\diagram.puml,sentence-transformers/all-MiniLM-L6-v2,0.800000,0.650000,"[""EnterAmount"",""ReadAmount <<extended>>"",""SelectAmount <<extended>>"",""VerifyTransaction <<extended>>""]","[""DispenseCash"",""SelectAmount"",""VerifyTransaction""]","[{""ground_truth_state"":""SelectAmount <<extended>>"",""candidate_state"":""SelectAmount"",""ground_truth_normalized"":""select amount <<extended>>"",""candidate_normalized"":""select amount"",""similarity"":0.824091,""match_type"":""strict""},{""ground_truth_state"":""VerifyTransaction <<extended>>"",""candidate_state"":""VerifyTransaction"",""ground_truth_normalized"":""verify transaction <<extended>>"",""candidate_normalized"":""verify transaction"",""similarity"":0.802673,""match_type"":""strict""}]","[""EnterAmount"",""ReadAmount <<extended>>""]","[""DispenseCash""]",4,3,2,2,1,0.666667,0.5,0.571429
Llama_3.1_8B,syntax_grounded_repair,case_60_atm_2,Code\untitled folder\results\plantuml_pipeline\runs\open_source__llama31_8b_instruct__few_shot_validation_generator_critic_repair__syntax_grounded\case_60_atm_2\run_01.puml,dataset\case_60_atm_2\diagram.puml,sentence-transformers/all-MiniLM-L6-v2,0.800000,0.650000,"[""EnterAmount"",""ReadAmount <<extended>>"",""SelectAmount <<extended>>"",""VerifyTransaction <<extended>>""]","[""DispenseCash"",""SelectAmount"",""VerifyTransaction""]","[{""ground_truth_state"":""SelectAmount <<extended>>"",""candidate_state"":""SelectAmount"",""ground_truth_normalized"":""select amount <<extended>>"",""candidate_normalized"":""select amount"",""similarity"":0.824091,""match_type"":""strict""},{""ground_truth_state"":""VerifyTransaction <<extended>>"",""candidate_state"":""VerifyTransaction"",""ground_truth_normalized"":""verify transaction <<extended>>"",""candidate_normalized"":""verify transaction"",""similarity"":0.802673,""match_type"":""strict""}]","[""EnterAmount"",""ReadAmount <<extended>>""]","[""DispenseCash""]",4,3,2,2,1,0.666667,0.5,0.571429
Mistral,baseline_repair,case_60_atm_2,Code\untitled folder\results\plantuml_pipeline\runs\open_source__mistral__rag_validation_generator_critic_repair\case_60_atm_2\run_01.puml,dataset\case_60_atm_2\diagram.puml,sentence-transformers/all-MiniLM-L6-v2,0.800000,0.650000,"[""EnterAmount"",""ReadAmount <<extended>>"",""SelectAmount <<extended>>"",""VerifyTransaction <<extended>>""]","[""RejectedAmount"",""ReturnCard"",""SelectAmount"",""VerifyTransaction""]","[{""ground_truth_state"":""SelectAmount <<extended>>"",""candidate_state"":""SelectAmount"",""ground_truth_normalized"":""select amount <<extended>>"",""candidate_normalized"":""select amount"",""similarity"":0.824091,""match_type"":""strict""},{""ground_truth_state"":""VerifyTransaction <<extended>>"",""candidate_state"":""VerifyTransaction"",""ground_truth_normalized"":""verify transaction <<extended>>"",""candidate_normalized"":""verify transaction"",""similarity"":0.802673,""match_type"":""strict""}]","[""EnterAmount"",""ReadAmount <<extended>>""]","[""RejectedAmount"",""ReturnCard""]",4,4,2,2,2,0.5,0.5,0.5
Mistral,rag,case_60_atm_2,Code\untitled folder\results\plantuml_pipeline\runs\open_source__mistral__rag\case_60_atm_2\run_01.puml,dataset\case_60_atm_2\diagram.puml,sentence-transformers/all-MiniLM-L6-v2,0.800000,0.650000,"[""EnterAmount"",""ReadAmount <<extended>>"",""SelectAmount <<extended>>"",""VerifyTransaction <<extended>>""]","[""RejectedAmount"",""ReturnCard"",""SelectAmount"",""VerifyTransaction""]","[{""ground_truth_state"":""SelectAmount <<extended>>"",""candidate_state"":""SelectAmount"",""ground_truth_normalized"":""select amount <<extended>>"",""candidate_normalized"":""select amount"",""similarity"":0.824091,""match_type"":""strict""},{""ground_truth_state"":""VerifyTransaction <<extended>>"",""candidate_state"":""VerifyTransaction"",""ground_truth_normalized"":""verify transaction <<extended>>"",""candidate_normalized"":""verify transaction"",""similarity"":0.802673,""match_type"":""strict""}]","[""EnterAmount"",""ReadAmount <<extended>>""]","[""RejectedAmount"",""ReturnCard""]",4,4,2,2,2,0.5,0.5,0.5
Mistral,syntax_grounded_repair,case_60_atm_2,Code\untitled folder\results\plantuml_pipeline\runs\open_source__mistral__rag_validation_generator_critic_repair__syntax_grounded\case_60_atm_2\run_01.puml,dataset\case_60_atm_2\diagram.puml,sentence-transformers/all-MiniLM-L6-v2,0.800000,0.650000,"[""EnterAmount"",""ReadAmount <<extended>>"",""SelectAmount <<extended>>"",""VerifyTransaction <<extended>>""]","[""RejectedAmount"",""ReturnCard"",""SelectAmount"",""VerifyTransaction""]","[{""ground_truth_state"":""SelectAmount <<extended>>"",""candidate_state"":""SelectAmount"",""ground_truth_normalized"":""select amount <<extended>>"",""candidate_normalized"":""select amount"",""similarity"":0.824091,""match_type"":""strict""},{""ground_truth_state"":""VerifyTransaction <<extended>>"",""candidate_state"":""VerifyTransaction"",""ground_truth_normalized"":""verify transaction <<extended>>"",""candidate_normalized"":""verify transaction"",""similarity"":0.802673,""match_type"":""strict""}]","[""EnterAmount"",""ReadAmount <<extended>>""]","[""RejectedAmount"",""ReturnCard""]",4,4,2,2,2,0.5,0.5,0.5
Qwen_2.5_7B,baseline_repair,case_60_atm_2,Code\untitled folder\results\plantuml_pipeline\runs\open_source__qwen25_7b_instruct__rag_validation_generator_critic_repair\case_60_atm_2\run_01.puml,dataset\case_60_atm_2\diagram.puml,sentence-transformers/all-MiniLM-L6-v2,0.800000,0.650000,"[""EnterAmount"",""ReadAmount <<extended>>"",""SelectAmount <<extended>>"",""VerifyTransaction <<extended>>""]","[""ReleaseCard"",""SelectAmount"",""SelectAmount <<initial>>"",""VerifyTransaction""]","[{""ground_truth_state"":""SelectAmount <<extended>>"",""candidate_state"":""SelectAmount"",""ground_truth_normalized"":""select amount <<extended>>"",""candidate_normalized"":""select amount"",""similarity"":0.824091,""match_type"":""strict""},{""ground_truth_state"":""VerifyTransaction <<extended>>"",""candidate_state"":""VerifyTransaction"",""ground_truth_normalized"":""verify transaction <<extended>>"",""candidate_normalized"":""verify transaction"",""similarity"":0.802673,""match_type"":""strict""}]","[""EnterAmount"",""ReadAmount <<extended>>""]","[""ReleaseCard"",""SelectAmount <<initial>>""]",4,4,2,2,2,0.5,0.5,0.5
Qwen_2.5_7B,rag,case_60_atm_2,Code\untitled folder\results\plantuml_pipeline\runs\open_source__qwen25_7b_instruct__rag\case_60_atm_2\run_01.puml,dataset\case_60_atm_2\diagram.puml,sentence-transformers/all-MiniLM-L6-v2,0.800000,0.650000,"[""EnterAmount"",""ReadAmount <<extended>>"",""SelectAmount <<extended>>"",""VerifyTransaction <<extended>>""]","[""ReleaseCard"",""SelectAmount"",""SelectAmount <<initial>>"",""VerifyTransaction""]","[{""ground_truth_state"":""SelectAmount <<extended>>"",""candidate_state"":""SelectAmount"",""ground_truth_normalized"":""select amount <<extended>>"",""candidate_normalized"":""select amount"",""similarity"":0.824091,""match_type"":""strict""},{""ground_truth_state"":""VerifyTransaction <<extended>>"",""candidate_state"":""VerifyTransaction"",""ground_truth_normalized"":""verify transaction <<extended>>"",""candidate_normalized"":""verify transaction"",""similarity"":0.802673,""match_type"":""strict""}]","[""EnterAmount"",""ReadAmount <<extended>>""]","[""ReleaseCard"",""SelectAmount <<initial>>""]",4,4,2,2,2,0.5,0.5,0.5
Qwen_2.5_7B,syntax_grounded_repair,case_60_atm_2,Code\untitled folder\results\plantuml_pipeline\runs\open_source__qwen25_7b_instruct__rag_validation_generator_critic_repair__syntax_grounded_original_rag\case_60_atm_2\run_01.puml,dataset\case_60_atm_2\diagram.puml,sentence-transformers/all-MiniLM-L6-v2,0.800000,0.650000,"[""EnterAmount"",""ReadAmount <<extended>>"",""SelectAmount <<extended>>"",""VerifyTransaction <<extended>>""]","[""InitialSelect"",""ReleaseCard"",""SelectAmount"",""VerifyTransaction""]","[{""ground_truth_state"":""SelectAmount <<extended>>"",""candidate_state"":""SelectAmount"",""ground_truth_normalized"":""select amount <<extended>>"",""candidate_normalized"":""select amount"",""similarity"":0.824091,""match_type"":""strict""},{""ground_truth_state"":""VerifyTransaction <<extended>>"",""candidate_state"":""VerifyTransaction"",""ground_truth_normalized"":""verify transaction <<extended>>"",""candidate_normalized"":""verify transaction"",""similarity"":0.802673,""match_type"":""strict""}]","[""EnterAmount"",""ReadAmount <<extended>>""]","[""InitialSelect"",""ReleaseCard""]",4,4,2,2,2,0.5,0.5,0.5
DeepSeek_R1_14B,baseline_repair,case_65_plane,Code\untitled folder\results\plantuml_pipeline\runs\open_source__deepseek_r1_14b__few_shot_validation_generator_critic_repair\case_65_plane\run_01.puml,dataset\case_65_plane\diagram.puml,sentence-transformers/all-MiniLM-L6-v2,0.800000,0.650000,"[""In Maintenance"",""Ordered"",""Ready for Use"",""Scheduled for Maintenance""]","[""Arrival"",""Maintenance"",""Operations"",""Order"",""Out of Service"",""Preparation"",""Removed from Service""]","[{""ground_truth_state"":""In Maintenance"",""candidate_state"":""Maintenance"",""ground_truth_normalized"":""in maintenance"",""candidate_normalized"":""maintenance"",""similarity"":0.854492,""match_type"":""strict""},{""ground_truth_state"":""Ordered"",""candidate_state"":""Order"",""ground_truth_normalized"":""ordered"",""candidate_normalized"":""order"",""similarity"":0.914529,""match_type"":""strict""}]","[""Ready for Use"",""Scheduled for Maintenance""]","[""Arrival"",""Operations"",""Out of Service"",""Preparation"",""Removed from Service""]",4,7,2,2,5,0.285714,0.5,0.363636
DeepSeek_R1_14B,few_shot,case_65_plane,Code\untitled folder\results\plantuml_pipeline\runs\open_source__deepseek_r1_14b__few_shot\case_65_plane\run_01.puml,dataset\case_65_plane\diagram.puml,sentence-transformers/all-MiniLM-L6-v2,0.800000,0.650000,"[""In Maintenance"",""Ordered"",""Ready for Use"",""Scheduled for Maintenance""]","[""Arrival"",""Maintenance"",""Operations"",""Order"",""Out of Service"",""Preparation"",""Removed from Service""]","[{""ground_truth_state"":""In Maintenance"",""candidate_state"":""Maintenance"",""ground_truth_normalized"":""in maintenance"",""candidate_normalized"":""maintenance"",""similarity"":0.854492,""match_type"":""strict""},{""ground_truth_state"":""Ordered"",""candidate_state"":""Order"",""ground_truth_normalized"":""ordered"",""candidate_normalized"":""order"",""similarity"":0.914529,""match_type"":""strict""}]","[""Ready for Use"",""Scheduled for Maintenance""]","[""Arrival"",""Operations"",""Out of Service"",""Preparation"",""Removed from Service""]",4,7,2,2,5,0.285714,0.5,0.363636
DeepSeek_R1_14B,syntax_grounded_repair,case_65_plane,Code\untitled folder\results\plantuml_pipeline\runs\open_source__deepseek_r1_14b__few_shot_validation_generator_critic_repair__syntax_grounded\case_65_plane\run_01.puml,dataset\case_65_plane\diagram.puml,sentence-transformers/all-MiniLM-L6-v2,0.800000,0.650000,"[""In Maintenance"",""Ordered"",""Ready for Use"",""Scheduled for Maintenance""]","[""Arrival"",""Maintenance"",""Operations"",""Order"",""Out of Service"",""Preparation"",""Removed from Service""]","[{""ground_truth_state"":""In Maintenance"",""candidate_state"":""Maintenance"",""ground_truth_normalized"":""in maintenance"",""candidate_normalized"":""maintenance"",""similarity"":0.854492,""match_type"":""strict""},{""ground_truth_state"":""Ordered"",""candidate_state"":""Order"",""ground_truth_normalized"":""ordered"",""candidate_normalized"":""order"",""similarity"":0.914529,""match_type"":""strict""}]","[""Ready for Use"",""Scheduled for Maintenance""]","[""Arrival"",""Operations"",""Out of Service"",""Preparation"",""Removed from Service""]",4,7,2,2,5,0.285714,0.5,0.363636
Llama_3.1_8B,baseline_repair,case_65_plane,Code\untitled folder\results\plantuml_pipeline\runs\open_source__llama31_8b_instruct__few_shot_validation_generator_critic_repair\case_65_plane\run_01.puml,dataset\case_65_plane\diagram.puml,sentence-transformers/all-MiniLM-L6-v2,0.800000,0.650000,"[""In Maintenance"",""Ordered"",""Ready for Use"",""Scheduled for Maintenance""]","[""Arrival"",""Maintenance"",""Operations"",""Order"",""Plane is no longer available"",""Preparation""]","[{""ground_truth_state"":""In Maintenance"",""candidate_state"":""Maintenance"",""ground_truth_normalized"":""in maintenance"",""candidate_normalized"":""maintenance"",""similarity"":0.854492,""match_type"":""strict""},{""ground_truth_state"":""Ordered"",""candidate_state"":""Order"",""ground_truth_normalized"":""ordered"",""candidate_normalized"":""order"",""similarity"":0.914529,""match_type"":""strict""}]","[""Ready for Use"",""Scheduled for Maintenance""]","[""Arrival"",""Operations"",""Plane is no longer available"",""Preparation""]",4,6,2,2,4,0.333333,0.5,0.4
Llama_3.1_8B,few_shot,case_65_plane,Code\untitled folder\results\plantuml_pipeline\runs\open_source__llama31_8b_instruct__few_shot\case_65_plane\run_01.puml,dataset\case_65_plane\diagram.puml,sentence-transformers/all-MiniLM-L6-v2,0.800000,0.650000,"[""In Maintenance"",""Ordered"",""Ready for Use"",""Scheduled for Maintenance""]","[""Arrival"",""Maintenance"",""Operations"",""Order"",""Plane is no longer available"",""Preparation""]","[{""ground_truth_state"":""In Maintenance"",""candidate_state"":""Maintenance"",""ground_truth_normalized"":""in maintenance"",""candidate_normalized"":""maintenance"",""similarity"":0.854492,""match_type"":""strict""},{""ground_truth_state"":""Ordered"",""candidate_state"":""Order"",""ground_truth_normalized"":""ordered"",""candidate_normalized"":""order"",""similarity"":0.914529,""match_type"":""strict""}]","[""Ready for Use"",""Scheduled for Maintenance""]","[""Arrival"",""Operations"",""Plane is no longer available"",""Preparation""]",4,6,2,2,4,0.333333,0.5,0.4
Llama_3.1_8B,syntax_grounded_repair,case_65_plane,Code\untitled folder\results\plantuml_pipeline\runs\open_source__llama31_8b_instruct__few_shot_validation_generator_critic_repair__syntax_grounded\case_65_plane\run_01.puml,dataset\case_65_plane\diagram.puml,sentence-transformers/all-MiniLM-L6-v2,0.800000,0.650000,"[""In Maintenance"",""Ordered"",""Ready for Use"",""Scheduled for Maintenance""]","[""Arrival"",""Maintenance"",""Operations"",""Order"",""Plane is no longer available"",""Preparation""]","[{""ground_truth_state"":""In Maintenance"",""candidate_state"":""Maintenance"",""ground_truth_normalized"":""in maintenance"",""candidate_normalized"":""maintenance"",""similarity"":0.854492,""match_type"":""strict""},{""ground_truth_state"":""Ordered"",""candidate_state"":""Order"",""ground_truth_normalized"":""ordered"",""candidate_normalized"":""order"",""similarity"":0.914529,""match_type"":""strict""}]","[""Ready for Use"",""Scheduled for Maintenance""]","[""Arrival"",""Operations"",""Plane is no longer available"",""Preparation""]",4,6,2,2,4,0.333333,0.5,0.4
Mistral,baseline_repair,case_65_plane,Code\untitled folder\results\plantuml_pipeline\runs\open_source__mistral__rag_validation_generator_critic_repair\case_65_plane\run_01.puml,dataset\case_65_plane\diagram.puml,sentence-transformers/all-MiniLM-L6-v2,0.800000,0.650000,"[""In Maintenance"",""Ordered"",""Ready for Use"",""Scheduled for Maintenance""]","[""Arrival"",""Maintenance"",""Operations"",""Order"",""OutOfService"",""Preparation"",""Removed""]","[{""ground_truth_state"":""In Maintenance"",""candidate_state"":""Maintenance"",""ground_truth_normalized"":""in maintenance"",""candidate_normalized"":""maintenance"",""similarity"":0.854492,""match_type"":""strict""},{""ground_truth_state"":""Ordered"",""candidate_state"":""Order"",""ground_truth_normalized"":""ordered"",""candidate_normalized"":""order"",""similarity"":0.914529,""match_type"":""strict""}]","[""Ready for Use"",""Scheduled for Maintenance""]","[""Arrival"",""Operations"",""OutOfService"",""Preparation"",""Removed""]",4,7,2,2,5,0.285714,0.5,0.363636
Mistral,rag,case_65_plane,Code\untitled folder\results\plantuml_pipeline\runs\open_source__mistral__rag\case_65_plane\run_01.puml,dataset\case_65_plane\diagram.puml,sentence-transformers/all-MiniLM-L6-v2,0.800000,0.650000,"[""In Maintenance"",""Ordered"",""Ready for Use"",""Scheduled for Maintenance""]","[""Arrival"",""Maintenance"",""Operations"",""Order"",""OutOfService"",""Preparation"",""Removed""]","[{""ground_truth_state"":""In Maintenance"",""candidate_state"":""Maintenance"",""ground_truth_normalized"":""in maintenance"",""candidate_normalized"":""maintenance"",""similarity"":0.854492,""match_type"":""strict""},{""ground_truth_state"":""Ordered"",""candidate_state"":""Order"",""ground_truth_normalized"":""ordered"",""candidate_normalized"":""order"",""similarity"":0.914529,""match_type"":""strict""}]","[""Ready for Use"",""Scheduled for Maintenance""]","[""Arrival"",""Operations"",""OutOfService"",""Preparation"",""Removed""]",4,7,2,2,5,0.285714,0.5,0.363636
Mistral,syntax_grounded_repair,case_65_plane,Code\untitled folder\results\plantuml_pipeline\runs\open_source__mistral__rag_validation_generator_critic_repair__syntax_grounded\case_65_plane\run_01.puml,dataset\case_65_plane\diagram.puml,sentence-transformers/all-MiniLM-L6-v2,0.800000,0.650000,"[""In Maintenance"",""Ordered"",""Ready for Use"",""Scheduled for Maintenance""]","[""Arrival"",""Maintenance"",""Operations"",""Order"",""OutOfService"",""Preparation"",""Removed""]","[{""ground_truth_state"":""In Maintenance"",""candidate_state"":""Maintenance"",""ground_truth_normalized"":""in maintenance"",""candidate_normalized"":""maintenance"",""similarity"":0.854492,""match_type"":""strict""},{""ground_truth_state"":""Ordered"",""candidate_state"":""Order"",""ground_truth_normalized"":""ordered"",""candidate_normalized"":""order"",""similarity"":0.914529,""match_type"":""strict""}]","[""Ready for Use"",""Scheduled for Maintenance""]","[""Arrival"",""Operations"",""OutOfService"",""Preparation"",""Removed""]",4,7,2,2,5,0.285714,0.5,0.363636
Qwen_2.5_7B,baseline_repair,case_65_plane,Code\untitled folder\results\plantuml_pipeline\runs\open_source__qwen25_7b_instruct__rag_validation_generator_critic_repair\case_65_plane\run_01.puml,dataset\case_65_plane\diagram.puml,sentence-transformers/all-MiniLM-L6-v2,0.800000,0.650000,"[""In Maintenance"",""Ordered"",""Ready for Use"",""Scheduled for Maintenance""]","[""Arrival"",""Historic"",""Maintenance"",""Operations"",""Order"",""Out of Service"",""Preparation""]","[{""ground_truth_state"":""In Maintenance"",""candidate_state"":""Maintenance"",""ground_truth_normalized"":""in maintenance"",""candidate_normalized"":""maintenance"",""similarity"":0.854492,""match_type"":""strict""},{""ground_truth_state"":""Ordered"",""candidate_state"":""Order"",""ground_truth_normalized"":""ordered"",""candidate_normalized"":""order"",""similarity"":0.914529,""match_type"":""strict""}]","[""Ready for Use"",""Scheduled for Maintenance""]","[""Arrival"",""Historic"",""Operations"",""Out of Service"",""Preparation""]",4,7,2,2,5,0.285714,0.5,0.363636
Qwen_2.5_7B,rag,case_65_plane,Code\untitled folder\results\plantuml_pipeline\runs\open_source__qwen25_7b_instruct__rag\case_65_plane\run_01.puml,dataset\case_65_plane\diagram.puml,sentence-transformers/all-MiniLM-L6-v2,0.800000,0.650000,"[""In Maintenance"",""Ordered"",""Ready for Use"",""Scheduled for Maintenance""]","[""Arrival"",""Historic"",""Maintenance"",""Operations"",""Order"",""Out of Service"",""Preparation""]","[{""ground_truth_state"":""In Maintenance"",""candidate_state"":""Maintenance"",""ground_truth_normalized"":""in maintenance"",""candidate_normalized"":""maintenance"",""similarity"":0.854492,""match_type"":""strict""},{""ground_truth_state"":""Ordered"",""candidate_state"":""Order"",""ground_truth_normalized"":""ordered"",""candidate_normalized"":""order"",""similarity"":0.914529,""match_type"":""strict""}]","[""Ready for Use"",""Scheduled for Maintenance""]","[""Arrival"",""Historic"",""Operations"",""Out of Service"",""Preparation""]",4,7,2,2,5,0.285714,0.5,0.363636
Qwen_2.5_7B,syntax_grounded_repair,case_65_plane,Code\untitled folder\results\plantuml_pipeline\runs\open_source__qwen25_7b_instruct__rag_validation_generator_critic_repair__syntax_grounded_original_rag\case_65_plane\run_01.puml,dataset\case_65_plane\diagram.puml,sentence-transformers/all-MiniLM-L6-v2,0.800000,0.650000,"[""In Maintenance"",""Ordered"",""Ready for Use"",""Scheduled for Maintenance""]","[""Arrival"",""Historic"",""Maintenance"",""Operations"",""Order"",""Out of Service"",""Preparation""]","[{""ground_truth_state"":""In Maintenance"",""candidate_state"":""Maintenance"",""ground_truth_normalized"":""in maintenance"",""candidate_normalized"":""maintenance"",""similarity"":0.854492,""match_type"":""strict""},{""ground_truth_state"":""Ordered"",""candidate_state"":""Order"",""ground_truth_normalized"":""ordered"",""candidate_normalized"":""order"",""similarity"":0.914529,""match_type"":""strict""}]","[""Ready for Use"",""Scheduled for Maintenance""]","[""Arrival"",""Historic"",""Operations"",""Out of Service"",""Preparation""]",4,7,2,2,5,0.285714,0.5,0.363636
DeepSeek_R1_14B,baseline_repair,case_67_atm_many_scenarios_1,Code\untitled folder\results\plantuml_pipeline\runs\open_source__deepseek_r1_14b__few_shot_validation_generator_critic_repair\case_67_atm_many_scenarios_1\run_01.puml,dataset\case_67_atm_many_scenarios_1\diagram.puml,sentence-transformers/all-MiniLM-L6-v2,0.800000,0.650000,"[""Dispensing"",""Ejecting"",""Idle"",""Printing"",""Processing Withdrawal"",""Terminating"",""Validating PIN"",""Waiting for Customer Choice"",""Waiting for PIN""]","[""CardInserted"",""DispenseCash"",""EnterPIN"",""InitialState"",""PINVerified"",""PrintReceipt"",""ProcessTransaction"",""Reset"",""ReturnCard""]","[{""ground_truth_state"":""Printing"",""candidate_state"":""PrintReceipt"",""ground_truth_normalized"":""printing"",""candidate_normalized"":""print receipt"",""similarity"":0.670337,""match_type"":""relaxed""},{""ground_truth_state"":""Validating PIN"",""candidate_state"":""PINVerified"",""ground_truth_normalized"":""validating pin"",""candidate_normalized"":""pin verified"",""similarity"":0.76382,""match_type"":""relaxed""},{""ground_truth_state"":""Waiting for PIN"",""candidate_state"":""EnterPIN"",""ground_truth_normalized"":""waiting for pin"",""candidate_normalized"":""enter pin"",""similarity"":0.670858,""match_type"":""relaxed""}]","[""Dispensing"",""Ejecting"",""Idle"",""Processing Withdrawal"",""Terminating"",""Waiting for Customer Choice""]","[""CardInserted"",""DispenseCash"",""InitialState"",""ProcessTransaction"",""Reset"",""ReturnCard""]",9,9,3,6,6,0.333333,0.333333,0.333333
DeepSeek_R1_14B,few_shot,case_67_atm_many_scenarios_1,Code\untitled folder\results\plantuml_pipeline\runs\open_source__deepseek_r1_14b__few_shot\case_67_atm_many_scenarios_1\run_01.puml,dataset\case_67_atm_many_scenarios_1\diagram.puml,sentence-transformers/all-MiniLM-L6-v2,0.800000,0.650000,"[""Dispensing"",""Ejecting"",""Idle"",""Printing"",""Processing Withdrawal"",""Terminating"",""Validating PIN"",""Waiting for Customer Choice"",""Waiting for PIN""]","[""CardInserted"",""DispenseCash"",""EnterPIN"",""InitialState"",""PINVerified"",""PrintReceipt"",""ProcessTransaction"",""Reset"",""ReturnCard""]","[{""ground_truth_state"":""Printing"",""candidate_state"":""PrintReceipt"",""ground_truth_normalized"":""printing"",""candidate_normalized"":""print receipt"",""similarity"":0.670337,""match_type"":""relaxed""},{""ground_truth_state"":""Validating PIN"",""candidate_state"":""PINVerified"",""ground_truth_normalized"":""validating pin"",""candidate_normalized"":""pin verified"",""similarity"":0.76382,""match_type"":""relaxed""},{""ground_truth_state"":""Waiting for PIN"",""candidate_state"":""EnterPIN"",""ground_truth_normalized"":""waiting for pin"",""candidate_normalized"":""enter pin"",""similarity"":0.670858,""match_type"":""relaxed""}]","[""Dispensing"",""Ejecting"",""Idle"",""Processing Withdrawal"",""Terminating"",""Waiting for Customer Choice""]","[""CardInserted"",""DispenseCash"",""InitialState"",""ProcessTransaction"",""Reset"",""ReturnCard""]",9,9,3,6,6,0.333333,0.333333,0.333333
DeepSeek_R1_14B,syntax_grounded_repair,case_67_atm_many_scenarios_1,Code\untitled folder\results\plantuml_pipeline\runs\open_source__deepseek_r1_14b__few_shot_validation_generator_critic_repair__syntax_grounded\case_67_atm_many_scenarios_1\run_01.puml,dataset\case_67_atm_many_scenarios_1\diagram.puml,sentence-transformers/all-MiniLM-L6-v2,0.800000,0.650000,"[""Dispensing"",""Ejecting"",""Idle"",""Printing"",""Processing Withdrawal"",""Terminating"",""Validating PIN"",""Waiting for Customer Choice"",""Waiting for PIN""]","[""CardInserted"",""DispenseCash"",""EnterPIN"",""InitialState"",""PINVerified"",""PrintReceipt"",""ProcessTransaction"",""Reset"",""ReturnCard""]","[{""ground_truth_state"":""Printing"",""candidate_state"":""PrintReceipt"",""ground_truth_normalized"":""printing"",""candidate_normalized"":""print receipt"",""similarity"":0.670337,""match_type"":""relaxed""},{""ground_truth_state"":""Validating PIN"",""candidate_state"":""PINVerified"",""ground_truth_normalized"":""validating pin"",""candidate_normalized"":""pin verified"",""similarity"":0.76382,""match_type"":""relaxed""},{""ground_truth_state"":""Waiting for PIN"",""candidate_state"":""EnterPIN"",""ground_truth_normalized"":""waiting for pin"",""candidate_normalized"":""enter pin"",""similarity"":0.670858,""match_type"":""relaxed""}]","[""Dispensing"",""Ejecting"",""Idle"",""Processing Withdrawal"",""Terminating"",""Waiting for Customer Choice""]","[""CardInserted"",""DispenseCash"",""InitialState"",""ProcessTransaction"",""Reset"",""ReturnCard""]",9,9,3,6,6,0.333333,0.333333,0.333333
Llama_3.1_8B,baseline_repair,case_67_atm_many_scenarios_1,Code\untitled folder\results\plantuml_pipeline\runs\open_source__llama31_8b_instruct__few_shot_validation_generator_critic_repair\case_67_atm_many_scenarios_1\run_01.puml,dataset\case_67_atm_many_scenarios_1\diagram.puml,sentence-transformers/all-MiniLM-L6-v2,0.800000,0.650000,"[""Dispensing"",""Ejecting"",""Idle"",""Printing"",""Processing Withdrawal"",""Terminating"",""Validating PIN"",""Waiting for Customer Choice"",""Waiting for PIN""]","[""CardReturn"",""CashDispensing"",""NotVerified"",""PINEntry"",""PINVerification"",""ReceiptPrinting"",""Reset"",""Verified""]","[{""ground_truth_state"":""Dispensing"",""candidate_state"":""CashDispensing"",""ground_truth_normalized"":""dispensing"",""candidate_normalized"":""cash dispensing"",""similarity"":0.689836,""match_type"":""relaxed_lexical""},{""ground_truth_state"":""Printing"",""candidate_state"":""ReceiptPrinting"",""ground_truth_normalized"":""printing"",""candidate_normalized"":""receipt printing"",""similarity"":0.723048,""match_type"":""relaxed_lexical""},{""ground_truth_state"":""Validating PIN"",""candidate_state"":""PINVerification"",""ground_truth_normalized"":""validating pin"",""candidate_normalized"":""pin verification"",""similarity"":0.853429,""match_type"":""strict""},{""ground_truth_state"":""Waiting for PIN"",""candidate_state"":""PINEntry"",""ground_truth_normalized"":""waiting for pin"",""candidate_normalized"":""pin entry"",""similarity"":0.682385,""match_type"":""relaxed""}]","[""Ejecting"",""Idle"",""Processing Withdrawal"",""Terminating"",""Waiting for Customer Choice""]","[""CardReturn"",""NotVerified"",""Reset"",""Verified""]",9,8,4,5,4,0.5,0.444444,0.470588
Llama_3.1_8B,few_shot,case_67_atm_many_scenarios_1,Code\untitled folder\results\plantuml_pipeline\runs\open_source__llama31_8b_instruct__few_shot\case_67_atm_many_scenarios_1\run_01.puml,dataset\case_67_atm_many_scenarios_1\diagram.puml,sentence-transformers/all-MiniLM-L6-v2,0.800000,0.650000,"[""Dispensing"",""Ejecting"",""Idle"",""Printing"",""Processing Withdrawal"",""Terminating"",""Validating PIN"",""Waiting for Customer Choice"",""Waiting for PIN""]","[""CardReturn"",""CashDispensing"",""NotVerified"",""PINEntry"",""PINVerification"",""ReceiptPrinting"",""Reset"",""Verified""]","[{""ground_truth_state"":""Dispensing"",""candidate_state"":""CashDispensing"",""ground_truth_normalized"":""dispensing"",""candidate_normalized"":""cash dispensing"",""similarity"":0.689836,""match_type"":""relaxed_lexical""},{""ground_truth_state"":""Printing"",""candidate_state"":""ReceiptPrinting"",""ground_truth_normalized"":""printing"",""candidate_normalized"":""receipt printing"",""similarity"":0.723048,""match_type"":""relaxed_lexical""},{""ground_truth_state"":""Validating PIN"",""candidate_state"":""PINVerification"",""ground_truth_normalized"":""validating pin"",""candidate_normalized"":""pin verification"",""similarity"":0.853429,""match_type"":""strict""},{""ground_truth_state"":""Waiting for PIN"",""candidate_state"":""PINEntry"",""ground_truth_normalized"":""waiting for pin"",""candidate_normalized"":""pin entry"",""similarity"":0.682385,""match_type"":""relaxed""}]","[""Ejecting"",""Idle"",""Processing Withdrawal"",""Terminating"",""Waiting for Customer Choice""]","[""CardReturn"",""NotVerified"",""Reset"",""Verified""]",9,8,4,5,4,0.5,0.444444,0.470588
Llama_3.1_8B,syntax_grounded_repair,case_67_atm_many_scenarios_1,Code\untitled folder\results\plantuml_pipeline\runs\open_source__llama31_8b_instruct__few_shot_validation_generator_critic_repair__syntax_grounded\case_67_atm_many_scenarios_1\run_01.puml,dataset\case_67_atm_many_scenarios_1\diagram.puml,sentence-transformers/all-MiniLM-L6-v2,0.800000,0.650000,"[""Dispensing"",""Ejecting"",""Idle"",""Printing"",""Processing Withdrawal"",""Terminating"",""Validating PIN"",""Waiting for Customer Choice"",""Waiting for PIN""]","[""CardReturn"",""CashDispensing"",""NotVerified"",""PINEntry"",""PINVerification"",""ReceiptPrinting"",""Reset"",""Verified""]","[{""ground_truth_state"":""Dispensing"",""candidate_state"":""CashDispensing"",""ground_truth_normalized"":""dispensing"",""candidate_normalized"":""cash dispensing"",""similarity"":0.689836,""match_type"":""relaxed_lexical""},{""ground_truth_state"":""Printing"",""candidate_state"":""ReceiptPrinting"",""ground_truth_normalized"":""printing"",""candidate_normalized"":""receipt printing"",""similarity"":0.723048,""match_type"":""relaxed_lexical""},{""ground_truth_state"":""Validating PIN"",""candidate_state"":""PINVerification"",""ground_truth_normalized"":""validating pin"",""candidate_normalized"":""pin verification"",""similarity"":0.853429,""match_type"":""strict""},{""ground_truth_state"":""Waiting for PIN"",""candidate_state"":""PINEntry"",""ground_truth_normalized"":""waiting for pin"",""candidate_normalized"":""pin entry"",""similarity"":0.682385,""match_type"":""relaxed""}]","[""Ejecting"",""Idle"",""Processing Withdrawal"",""Terminating"",""Waiting for Customer Choice""]","[""CardReturn"",""NotVerified"",""Reset"",""Verified""]",9,8,4,5,4,0.5,0.444444,0.470588
Mistral,baseline_repair,case_67_atm_many_scenarios_1,Code\untitled folder\results\plantuml_pipeline\runs\open_source__mistral__rag_validation_generator_critic_repair\case_67_atm_many_scenarios_1\run_01.puml,dataset\case_67_atm_many_scenarios_1\diagram.puml,sentence-transformers/all-MiniLM-L6-v2,0.800000,0.650000,"[""Dispensing"",""Ejecting"",""Idle"",""Printing"",""Processing Withdrawal"",""Terminating"",""Validating PIN"",""Waiting for Customer Choice"",""Waiting for PIN""]","[""ClosedDown"",""Confiscating"",""Dispensing"",""Ejecting"",""Idle"",""Printing"",""ProcessingWithdrawal"",""Terminating"",""ValidatingPIN"",""WaitingForCustomerChoice"",""WaitingForPIN""]","[{""ground_truth_state"":""Dispensing"",""candidate_state"":""Dispensing"",""ground_truth_normalized"":""dispensing"",""candidate_normalized"":""dispensing"",""similarity"":1.0,""match_type"":""exact_normalized""},{""ground_truth_state"":""Ejecting"",""candidate_state"":""Ejecting"",""ground_truth_normalized"":""ejecting"",""candidate_normalized"":""ejecting"",""similarity"":1.0,""match_type"":""exact_normalized""},{""ground_truth_state"":""Idle"",""candidate_state"":""Idle"",""ground_truth_normalized"":""idle"",""candidate_normalized"":""idle"",""similarity"":1.0,""match_type"":""exact_normalized""},{""ground_truth_state"":""Printing"",""candidate_state"":""Printing"",""ground_truth_normalized"":""printing"",""candidate_normalized"":""printing"",""similarity"":1.0,""match_type"":""exact_normalized""},{""ground_truth_state"":""Processing Withdrawal"",""candidate_state"":""ProcessingWithdrawal"",""ground_truth_normalized"":""processing withdrawal"",""candidate_normalized"":""processing withdrawal"",""similarity"":1.0,""match_type"":""exact_normalized""},{""ground_truth_state"":""Terminating"",""candidate_state"":""Terminating"",""ground_truth_normalized"":""terminating"",""candidate_normalized"":""terminating"",""similarity"":1.0,""match_type"":""exact_normalized""},{""ground_truth_state"":""Validating PIN"",""candidate_state"":""ValidatingPIN"",""ground_truth_normalized"":""validating pin"",""candidate_normalized"":""validating pin"",""similarity"":1.0,""match_type"":""exact_normalized""},{""ground_truth_state"":""Waiting for Customer Choice"",""candidate_state"":""WaitingForCustomerChoice"",""ground_truth_normalized"":""waiting for customer choice"",""candidate_normalized"":""waiting for customer choice"",""similarity"":1.0,""match_type"":""exact_normalized""},{""ground_truth_state"":""Waiting for PIN"",""candidate_state"":""WaitingForPIN"",""ground_truth_normalized"":""waiting for pin"",""candidate_normalized"":""waiting for pin"",""similarity"":1.0,""match_type"":""exact_normalized""}]",[],"[""ClosedDown"",""Confiscating""]",9,11,9,0,2,0.818182,1.0,0.9
Mistral,rag,case_67_atm_many_scenarios_1,Code\untitled folder\results\plantuml_pipeline\runs\open_source__mistral__rag\case_67_atm_many_scenarios_1\run_01.puml,dataset\case_67_atm_many_scenarios_1\diagram.puml,sentence-transformers/all-MiniLM-L6-v2,0.800000,0.650000,"[""Dispensing"",""Ejecting"",""Idle"",""Printing"",""Processing Withdrawal"",""Terminating"",""Validating PIN"",""Waiting for Customer Choice"",""Waiting for PIN""]","[""ClosedDown"",""Confiscating"",""Dispensing"",""Ejecting"",""Idle"",""Printing"",""ProcessingWithdrawal"",""Terminating"",""ValidatingPIN"",""WaitingForCustomerChoice"",""WaitingForPIN""]","[{""ground_truth_state"":""Dispensing"",""candidate_state"":""Dispensing"",""ground_truth_normalized"":""dispensing"",""candidate_normalized"":""dispensing"",""similarity"":1.0,""match_type"":""exact_normalized""},{""ground_truth_state"":""Ejecting"",""candidate_state"":""Ejecting"",""ground_truth_normalized"":""ejecting"",""candidate_normalized"":""ejecting"",""similarity"":1.0,""match_type"":""exact_normalized""},{""ground_truth_state"":""Idle"",""candidate_state"":""Idle"",""ground_truth_normalized"":""idle"",""candidate_normalized"":""idle"",""similarity"":1.0,""match_type"":""exact_normalized""},{""ground_truth_state"":""Printing"",""candidate_state"":""Printing"",""ground_truth_normalized"":""printing"",""candidate_normalized"":""printing"",""similarity"":1.0,""match_type"":""exact_normalized""},{""ground_truth_state"":""Processing Withdrawal"",""candidate_state"":""ProcessingWithdrawal"",""ground_truth_normalized"":""processing withdrawal"",""candidate_normalized"":""processing withdrawal"",""similarity"":1.0,""match_type"":""exact_normalized""},{""ground_truth_state"":""Terminating"",""candidate_state"":""Terminating"",""ground_truth_normalized"":""terminating"",""candidate_normalized"":""terminating"",""similarity"":1.0,""match_type"":""exact_normalized""},{""ground_truth_state"":""Validating PIN"",""candidate_state"":""ValidatingPIN"",""ground_truth_normalized"":""validating pin"",""candidate_normalized"":""validating pin"",""similarity"":1.0,""match_type"":""exact_normalized""},{""ground_truth_state"":""Waiting for Customer Choice"",""candidate_state"":""WaitingForCustomerChoice"",""ground_truth_normalized"":""waiting for customer choice"",""candidate_normalized"":""waiting for customer choice"",""similarity"":1.0,""match_type"":""exact_normalized""},{""ground_truth_state"":""Waiting for PIN"",""candidate_state"":""WaitingForPIN"",""ground_truth_normalized"":""waiting for pin"",""candidate_normalized"":""waiting for pin"",""similarity"":1.0,""match_type"":""exact_normalized""}]",[],"[""ClosedDown"",""Confiscating""]",9,11,9,0,2,0.818182,1.0,0.9
Mistral,syntax_grounded_repair,case_67_atm_many_scenarios_1,Code\untitled folder\results\plantuml_pipeline\runs\open_source__mistral__rag_validation_generator_critic_repair__syntax_grounded\case_67_atm_many_scenarios_1\run_01.puml,dataset\case_67_atm_many_scenarios_1\diagram.puml,sentence-transformers/all-MiniLM-L6-v2,0.800000,0.650000,"[""Dispensing"",""Ejecting"",""Idle"",""Printing"",""Processing Withdrawal"",""Terminating"",""Validating PIN"",""Waiting for Customer Choice"",""Waiting for PIN""]","[""ClosedDown"",""Confiscating"",""Dispensing"",""Ejecting"",""Idle"",""Printing"",""ProcessingWithdrawal"",""Terminating"",""ValidatingPIN"",""WaitingForCustomerChoice"",""WaitingForPIN""]","[{""ground_truth_state"":""Dispensing"",""candidate_state"":""Dispensing"",""ground_truth_normalized"":""dispensing"",""candidate_normalized"":""dispensing"",""similarity"":1.0,""match_type"":""exact_normalized""},{""ground_truth_state"":""Ejecting"",""candidate_state"":""Ejecting"",""ground_truth_normalized"":""ejecting"",""candidate_normalized"":""ejecting"",""similarity"":1.0,""match_type"":""exact_normalized""},{""ground_truth_state"":""Idle"",""candidate_state"":""Idle"",""ground_truth_normalized"":""idle"",""candidate_normalized"":""idle"",""similarity"":1.0,""match_type"":""exact_normalized""},{""ground_truth_state"":""Printing"",""candidate_state"":""Printing"",""ground_truth_normalized"":""printing"",""candidate_normalized"":""printing"",""similarity"":1.0,""match_type"":""exact_normalized""},{""ground_truth_state"":""Processing Withdrawal"",""candidate_state"":""ProcessingWithdrawal"",""ground_truth_normalized"":""processing withdrawal"",""candidate_normalized"":""processing withdrawal"",""similarity"":1.0,""match_type"":""exact_normalized""},{""ground_truth_state"":""Terminating"",""candidate_state"":""Terminating"",""ground_truth_normalized"":""terminating"",""candidate_normalized"":""terminating"",""similarity"":1.0,""match_type"":""exact_normalized""},{""ground_truth_state"":""Validating PIN"",""candidate_state"":""ValidatingPIN"",""ground_truth_normalized"":""validating pin"",""candidate_normalized"":""validating pin"",""similarity"":1.0,""match_type"":""exact_normalized""},{""ground_truth_state"":""Waiting for Customer Choice"",""candidate_state"":""WaitingForCustomerChoice"",""ground_truth_normalized"":""waiting for customer choice"",""candidate_normalized"":""waiting for customer choice"",""similarity"":1.0,""match_type"":""exact_normalized""},{""ground_truth_state"":""Waiting for PIN"",""candidate_state"":""WaitingForPIN"",""ground_truth_normalized"":""waiting for pin"",""candidate_normalized"":""waiting for pin"",""similarity"":1.0,""match_type"":""exact_normalized""}]",[],"[""ClosedDown"",""Confiscating""]",9,11,9,0,2,0.818182,1.0,0.9
Qwen_2.5_7B,baseline_repair,case_67_atm_many_scenarios_1,Code\untitled folder\results\plantuml_pipeline\runs\open_source__qwen25_7b_instruct__rag_validation_generator_critic_repair\case_67_atm_many_scenarios_1\run_01.puml,dataset\case_67_atm_many_scenarios_1\diagram.puml,sentence-transformers/all-MiniLM-L6-v2,0.800000,0.650000,"[""Dispensing"",""Ejecting"",""Idle"",""Printing"",""Processing Withdrawal"",""Terminating"",""Validating PIN"",""Waiting for Customer Choice"",""Waiting for PIN""]","[""ClosedDown"",""Confiscating"",""Dispensing"",""Ejecting"",""Idle"",""Printing"",""ProcessingWithdrawal"",""Terminating"",""ValidatingPIN"",""WaitingForCustomerChoice"",""WaitingForPIN""]","[{""ground_truth_state"":""Dispensing"",""candidate_state"":""Dispensing"",""ground_truth_normalized"":""dispensing"",""candidate_normalized"":""dispensing"",""similarity"":1.0,""match_type"":""exact_normalized""},{""ground_truth_state"":""Ejecting"",""candidate_state"":""Ejecting"",""ground_truth_normalized"":""ejecting"",""candidate_normalized"":""ejecting"",""similarity"":1.0,""match_type"":""exact_normalized""},{""ground_truth_state"":""Idle"",""candidate_state"":""Idle"",""ground_truth_normalized"":""idle"",""candidate_normalized"":""idle"",""similarity"":1.0,""match_type"":""exact_normalized""},{""ground_truth_state"":""Printing"",""candidate_state"":""Printing"",""ground_truth_normalized"":""printing"",""candidate_normalized"":""printing"",""similarity"":1.0,""match_type"":""exact_normalized""},{""ground_truth_state"":""Processing Withdrawal"",""candidate_state"":""ProcessingWithdrawal"",""ground_truth_normalized"":""processing withdrawal"",""candidate_normalized"":""processing withdrawal"",""similarity"":1.0,""match_type"":""exact_normalized""},{""ground_truth_state"":""Terminating"",""candidate_state"":""Terminating"",""ground_truth_normalized"":""terminating"",""candidate_normalized"":""terminating"",""similarity"":1.0,""match_type"":""exact_normalized""},{""ground_truth_state"":""Validating PIN"",""candidate_state"":""ValidatingPIN"",""ground_truth_normalized"":""validating pin"",""candidate_normalized"":""validating pin"",""similarity"":1.0,""match_type"":""exact_normalized""},{""ground_truth_state"":""Waiting for Customer Choice"",""candidate_state"":""WaitingForCustomerChoice"",""ground_truth_normalized"":""waiting for customer choice"",""candidate_normalized"":""waiting for customer choice"",""similarity"":1.0,""match_type"":""exact_normalized""},{""ground_truth_state"":""Waiting for PIN"",""candidate_state"":""WaitingForPIN"",""ground_truth_normalized"":""waiting for pin"",""candidate_normalized"":""waiting for pin"",""similarity"":1.0,""match_type"":""exact_normalized""}]",[],"[""ClosedDown"",""Confiscating""]",9,11,9,0,2,0.818182,1.0,0.9
Qwen_2.5_7B,rag,case_67_atm_many_scenarios_1,Code\untitled folder\results\plantuml_pipeline\runs\open_source__qwen25_7b_instruct__rag\case_67_atm_many_scenarios_1\run_01.puml,dataset\case_67_atm_many_scenarios_1\diagram.puml,sentence-transformers/all-MiniLM-L6-v2,0.800000,0.650000,"[""Dispensing"",""Ejecting"",""Idle"",""Printing"",""Processing Withdrawal"",""Terminating"",""Validating PIN"",""Waiting for Customer Choice"",""Waiting for PIN""]","[""ClosedDown"",""Confiscating"",""Dispensing"",""Ejecting"",""Idle"",""Printing"",""ProcessingWithdrawal"",""Terminating"",""ValidatingPIN"",""WaitingForCustomerChoice"",""WaitingForPIN""]","[{""ground_truth_state"":""Dispensing"",""candidate_state"":""Dispensing"",""ground_truth_normalized"":""dispensing"",""candidate_normalized"":""dispensing"",""similarity"":1.0,""match_type"":""exact_normalized""},{""ground_truth_state"":""Ejecting"",""candidate_state"":""Ejecting"",""ground_truth_normalized"":""ejecting"",""candidate_normalized"":""ejecting"",""similarity"":1.0,""match_type"":""exact_normalized""},{""ground_truth_state"":""Idle"",""candidate_state"":""Idle"",""ground_truth_normalized"":""idle"",""candidate_normalized"":""idle"",""similarity"":1.0,""match_type"":""exact_normalized""},{""ground_truth_state"":""Printing"",""candidate_state"":""Printing"",""ground_truth_normalized"":""printing"",""candidate_normalized"":""printing"",""similarity"":1.0,""match_type"":""exact_normalized""},{""ground_truth_state"":""Processing Withdrawal"",""candidate_state"":""ProcessingWithdrawal"",""ground_truth_normalized"":""processing withdrawal"",""candidate_normalized"":""processing withdrawal"",""similarity"":1.0,""match_type"":""exact_normalized""},{""ground_truth_state"":""Terminating"",""candidate_state"":""Terminating"",""ground_truth_normalized"":""terminating"",""candidate_normalized"":""terminating"",""similarity"":1.0,""match_type"":""exact_normalized""},{""ground_truth_state"":""Validating PIN"",""candidate_state"":""ValidatingPIN"",""ground_truth_normalized"":""validating pin"",""candidate_normalized"":""validating pin"",""similarity"":1.0,""match_type"":""exact_normalized""},{""ground_truth_state"":""Waiting for Customer Choice"",""candidate_state"":""WaitingForCustomerChoice"",""ground_truth_normalized"":""waiting for customer choice"",""candidate_normalized"":""waiting for customer choice"",""similarity"":1.0,""match_type"":""exact_normalized""},{""ground_truth_state"":""Waiting for PIN"",""candidate_state"":""WaitingForPIN"",""ground_truth_normalized"":""waiting for pin"",""candidate_normalized"":""waiting for pin"",""similarity"":1.0,""match_type"":""exact_normalized""}]",[],"[""ClosedDown"",""Confiscating""]",9,11,9,0,2,0.818182,1.0,0.9
Qwen_2.5_7B,syntax_grounded_repair,case_67_atm_many_scenarios_1,Code\untitled folder\results\plantuml_pipeline\runs\open_source__qwen25_7b_instruct__rag_validation_generator_critic_repair__syntax_grounded_original_rag\case_67_atm_many_scenarios_1\run_01.puml,dataset\case_67_atm_many_scenarios_1\diagram.puml,sentence-transformers/all-MiniLM-L6-v2,0.800000,0.650000,"[""Dispensing"",""Ejecting"",""Idle"",""Printing"",""Processing Withdrawal"",""Terminating"",""Validating PIN"",""Waiting for Customer Choice"",""Waiting for PIN""]","[""ClosedDown"",""Confiscating"",""Dispensing"",""Ejecting"",""Idle"",""Printing"",""ProcessingWithdrawal"",""Terminating"",""ValidatingPIN"",""WaitingForCustomerChoice"",""WaitingForPIN""]","[{""ground_truth_state"":""Dispensing"",""candidate_state"":""Dispensing"",""ground_truth_normalized"":""dispensing"",""candidate_normalized"":""dispensing"",""similarity"":1.0,""match_type"":""exact_normalized""},{""ground_truth_state"":""Ejecting"",""candidate_state"":""Ejecting"",""ground_truth_normalized"":""ejecting"",""candidate_normalized"":""ejecting"",""similarity"":1.0,""match_type"":""exact_normalized""},{""ground_truth_state"":""Idle"",""candidate_state"":""Idle"",""ground_truth_normalized"":""idle"",""candidate_normalized"":""idle"",""similarity"":1.0,""match_type"":""exact_normalized""},{""ground_truth_state"":""Printing"",""candidate_state"":""Printing"",""ground_truth_normalized"":""printing"",""candidate_normalized"":""printing"",""similarity"":1.0,""match_type"":""exact_normalized""},{""ground_truth_state"":""Processing Withdrawal"",""candidate_state"":""ProcessingWithdrawal"",""ground_truth_normalized"":""processing withdrawal"",""candidate_normalized"":""processing withdrawal"",""similarity"":1.0,""match_type"":""exact_normalized""},{""ground_truth_state"":""Terminating"",""candidate_state"":""Terminating"",""ground_truth_normalized"":""terminating"",""candidate_normalized"":""terminating"",""similarity"":1.0,""match_type"":""exact_normalized""},{""ground_truth_state"":""Validating PIN"",""candidate_state"":""ValidatingPIN"",""ground_truth_normalized"":""validating pin"",""candidate_normalized"":""validating pin"",""similarity"":1.0,""match_type"":""exact_normalized""},{""ground_truth_state"":""Waiting for Customer Choice"",""candidate_state"":""WaitingForCustomerChoice"",""ground_truth_normalized"":""waiting for customer choice"",""candidate_normalized"":""waiting for customer choice"",""similarity"":1.0,""match_type"":""exact_normalized""},{""ground_truth_state"":""Waiting for PIN"",""candidate_state"":""WaitingForPIN"",""ground_truth_normalized"":""waiting for pin"",""candidate_normalized"":""waiting for pin"",""similarity"":1.0,""match_type"":""exact_normalized""}]",[],"[""ClosedDown"",""Confiscating""]",9,11,9,0,2,0.818182,1.0,0.9
DeepSeek_R1_14B,baseline_repair,case_70_atm_many_scenarios_7,Code\untitled folder\results\plantuml_pipeline\runs\open_source__deepseek_r1_14b__few_shot_validation_generator_critic_repair\case_70_atm_many_scenarios_7\run_01.puml,dataset\case_70_atm_many_scenarios_7\diagram.puml,sentence-transformers/all-MiniLM-L6-v2,0.800000,0.650000,"[""Confiscating"",""Ejecting"",""Idle"",""Processing Customer Input"",""Processing Transaction"",""Validating PIN"",""Waiting for Customer Choice"",""Waiting for PIN""]","[""CheckPin"",""DisplayOptions"",""InsertCard"",""ProcessRequest""]","[{""ground_truth_state"":""Validating PIN"",""candidate_state"":""CheckPin"",""ground_truth_normalized"":""validating pin"",""candidate_normalized"":""check pin"",""similarity"":0.752916,""match_type"":""relaxed""}]","[""Confiscating"",""Ejecting"",""Idle"",""Processing Customer Input"",""Processing Transaction"",""Waiting for Customer Choice"",""Waiting for PIN""]","[""DisplayOptions"",""InsertCard"",""ProcessRequest""]",8,4,1,7,3,0.25,0.125,0.166667
DeepSeek_R1_14B,few_shot,case_70_atm_many_scenarios_7,Code\untitled folder\results\plantuml_pipeline\runs\open_source__deepseek_r1_14b__few_shot\case_70_atm_many_scenarios_7\run_01.puml,dataset\case_70_atm_many_scenarios_7\diagram.puml,sentence-transformers/all-MiniLM-L6-v2,0.800000,0.650000,"[""Confiscating"",""Ejecting"",""Idle"",""Processing Customer Input"",""Processing Transaction"",""Validating PIN"",""Waiting for Customer Choice"",""Waiting for PIN""]",[],[],"[""Confiscating"",""Ejecting"",""Idle"",""Processing Customer Input"",""Processing Transaction"",""Validating PIN"",""Waiting for Customer Choice"",""Waiting for PIN""]",[],8,0,0,8,0,0.0,0.0,0.0
DeepSeek_R1_14B,syntax_grounded_repair,case_70_atm_many_scenarios_7,Code\untitled folder\results\plantuml_pipeline\runs\open_source__deepseek_r1_14b__few_shot_validation_generator_critic_repair__syntax_grounded\case_70_atm_many_scenarios_7\run_01.puml,dataset\case_70_atm_many_scenarios_7\diagram.puml,sentence-transformers/all-MiniLM-L6-v2,0.800000,0.650000,"[""Confiscating"",""Ejecting"",""Idle"",""Processing Customer Input"",""Processing Transaction"",""Validating PIN"",""Waiting for Customer Choice"",""Waiting for PIN""]","[""CardRetained"",""CardReturned"",""Greeting"",""MainMenu"",""PINCheck"",""TransactionProcessing""]","[{""ground_truth_state"":""Processing Transaction"",""candidate_state"":""TransactionProcessing"",""ground_truth_normalized"":""processing transaction"",""candidate_normalized"":""transaction processing"",""similarity"":0.906435,""match_type"":""strict""},{""ground_truth_state"":""Validating PIN"",""candidate_state"":""PINCheck"",""ground_truth_normalized"":""validating pin"",""candidate_normalized"":""pin check"",""similarity"":0.797557,""match_type"":""relaxed""}]","[""Confiscating"",""Ejecting"",""Idle"",""Processing Customer Input"",""Waiting for Customer Choice"",""Waiting for PIN""]","[""CardRetained"",""CardReturned"",""Greeting"",""MainMenu""]",8,6,2,6,4,0.333333,0.25,0.285714
Llama_3.1_8B,baseline_repair,case_70_atm_many_scenarios_7,Code\untitled folder\results\plantuml_pipeline\runs\open_source__llama31_8b_instruct__few_shot_validation_generator_critic_repair\case_70_atm_many_scenarios_7\run_01.puml,dataset\case_70_atm_many_scenarios_7\diagram.puml,sentence-transformers/all-MiniLM-L6-v2,0.800000,0.650000,"[""Confiscating"",""Ejecting"",""Idle"",""Processing Customer Input"",""Processing Transaction"",""Validating PIN"",""Waiting for Customer Choice"",""Waiting for PIN""]","[""Arrival"",""Cancel Operation"",""Card Held"",""Card Insertion"",""Check Information"",""Correct PIN"",""Greeting"",""Invalid PIN"",""Invalid Request"",""Make Transfer"",""Options Displayed"",""PIN Entry"",""PIN Verification"",""Request Processing"",""Return Card"",""Too Many Incorrect PINs"",""Withdraw Money""]","[{""ground_truth_state"":""Validating PIN"",""candidate_state"":""PIN Verification"",""ground_truth_normalized"":""validating pin"",""candidate_normalized"":""pin verification"",""similarity"":0.853429,""match_type"":""strict""},{""ground_truth_state"":""Waiting for PIN"",""candidate_state"":""PIN Entry"",""ground_truth_normalized"":""waiting for pin"",""candidate_normalized"":""pin entry"",""similarity"":0.682385,""match_type"":""relaxed""}]","[""Confiscating"",""Ejecting"",""Idle"",""Processing Customer Input"",""Processing Transaction"",""Waiting for Customer Choice""]","[""Arrival"",""Cancel Operation"",""Card Held"",""Card Insertion"",""Check Information"",""Correct PIN"",""Greeting"",""Invalid PIN"",""Invalid Request"",""Make Transfer"",""Options Displayed"",""Request Processing"",""Return Card"",""Too Many Incorrect PINs"",""Withdraw Money""]",8,17,2,6,15,0.117647,0.25,0.16
Llama_3.1_8B,few_shot,case_70_atm_many_scenarios_7,Code\untitled folder\results\plantuml_pipeline\runs\open_source__llama31_8b_instruct__few_shot\case_70_atm_many_scenarios_7\run_01.puml,dataset\case_70_atm_many_scenarios_7\diagram.puml,sentence-transformers/all-MiniLM-L6-v2,0.800000,0.650000,"[""Confiscating"",""Ejecting"",""Idle"",""Processing Customer Input"",""Processing Transaction"",""Validating PIN"",""Waiting for Customer Choice"",""Waiting for PIN""]","[""Arrival"",""Cancel Operation"",""Card Held"",""Card Insertion"",""Check Information"",""Correct PIN"",""Greeting"",""Invalid PIN"",""Invalid Request"",""Make Transfer"",""Options Displayed"",""PIN Entry"",""PIN Verification"",""Request Processing"",""Return Card"",""Too Many Incorrect PINs"",""Withdraw Money""]","[{""ground_truth_state"":""Validating PIN"",""candidate_state"":""PIN Verification"",""ground_truth_normalized"":""validating pin"",""candidate_normalized"":""pin verification"",""similarity"":0.853429,""match_type"":""strict""},{""ground_truth_state"":""Waiting for PIN"",""candidate_state"":""PIN Entry"",""ground_truth_normalized"":""waiting for pin"",""candidate_normalized"":""pin entry"",""similarity"":0.682385,""match_type"":""relaxed""}]","[""Confiscating"",""Ejecting"",""Idle"",""Processing Customer Input"",""Processing Transaction"",""Waiting for Customer Choice""]","[""Arrival"",""Cancel Operation"",""Card Held"",""Card Insertion"",""Check Information"",""Correct PIN"",""Greeting"",""Invalid PIN"",""Invalid Request"",""Make Transfer"",""Options Displayed"",""Request Processing"",""Return Card"",""Too Many Incorrect PINs"",""Withdraw Money""]",8,17,2,6,15,0.117647,0.25,0.16
Llama_3.1_8B,syntax_grounded_repair,case_70_atm_many_scenarios_7,Code\untitled folder\results\plantuml_pipeline\runs\open_source__llama31_8b_instruct__few_shot_validation_generator_critic_repair__syntax_grounded\case_70_atm_many_scenarios_7\run_01.puml,dataset\case_70_atm_many_scenarios_7\diagram.puml,sentence-transformers/all-MiniLM-L6-v2,0.800000,0.650000,"[""Confiscating"",""Ejecting"",""Idle"",""Processing Customer Input"",""Processing Transaction"",""Validating PIN"",""Waiting for Customer Choice"",""Waiting for PIN""]","[""Arrival"",""Cancel Operation"",""Card Held"",""Card Insertion"",""Check Information"",""Correct PIN"",""Greeting"",""Invalid PIN"",""Invalid Request"",""Make Transfer"",""Options Displayed"",""PIN Entry"",""PIN Verification"",""Request Processing"",""Return Card"",""Too Many Incorrect PINs"",""Withdraw Money""]","[{""ground_truth_state"":""Validating PIN"",""candidate_state"":""PIN Verification"",""ground_truth_normalized"":""validating pin"",""candidate_normalized"":""pin verification"",""similarity"":0.853429,""match_type"":""strict""},{""ground_truth_state"":""Waiting for PIN"",""candidate_state"":""PIN Entry"",""ground_truth_normalized"":""waiting for pin"",""candidate_normalized"":""pin entry"",""similarity"":0.682385,""match_type"":""relaxed""}]","[""Confiscating"",""Ejecting"",""Idle"",""Processing Customer Input"",""Processing Transaction"",""Waiting for Customer Choice""]","[""Arrival"",""Cancel Operation"",""Card Held"",""Card Insertion"",""Check Information"",""Correct PIN"",""Greeting"",""Invalid PIN"",""Invalid Request"",""Make Transfer"",""Options Displayed"",""Request Processing"",""Return Card"",""Too Many Incorrect PINs"",""Withdraw Money""]",8,17,2,6,15,0.117647,0.25,0.16
Mistral,baseline_repair,case_70_atm_many_scenarios_7,Code\untitled folder\results\plantuml_pipeline\runs\open_source__mistral__rag_validation_generator_critic_repair\case_70_atm_many_scenarios_7\run_01.puml,dataset\case_70_atm_many_scenarios_7\diagram.puml,sentence-transformers/all-MiniLM-L6-v2,0.800000,0.650000,"[""Confiscating"",""Ejecting"",""Idle"",""Processing Customer Input"",""Processing Transaction"",""Validating PIN"",""Waiting for Customer Choice"",""Waiting for PIN""]","[""ClosedDown"",""Confiscating"",""Dispensing"",""Ejecting"",""Idle"",""Printing"",""ProcessingWithdrawal"",""Terminating"",""ValidatingPIN"",""WaitingForCustomerChoice"",""WaitingForPIN""]","[{""ground_truth_state"":""Confiscating"",""candidate_state"":""Confiscating"",""ground_truth_normalized"":""confiscating"",""candidate_normalized"":""confiscating"",""similarity"":1.0,""match_type"":""exact_normalized""},{""ground_truth_state"":""Ejecting"",""candidate_state"":""Ejecting"",""ground_truth_normalized"":""ejecting"",""candidate_normalized"":""ejecting"",""similarity"":1.0,""match_type"":""exact_normalized""},{""ground_truth_state"":""Idle"",""candidate_state"":""Idle"",""ground_truth_normalized"":""idle"",""candidate_normalized"":""idle"",""similarity"":1.0,""match_type"":""exact_normalized""},{""ground_truth_state"":""Validating PIN"",""candidate_state"":""ValidatingPIN"",""ground_truth_normalized"":""validating pin"",""candidate_normalized"":""validating pin"",""similarity"":1.0,""match_type"":""exact_normalized""},{""ground_truth_state"":""Waiting for Customer Choice"",""candidate_state"":""WaitingForCustomerChoice"",""ground_truth_normalized"":""waiting for customer choice"",""candidate_normalized"":""waiting for customer choice"",""similarity"":1.0,""match_type"":""exact_normalized""},{""ground_truth_state"":""Waiting for PIN"",""candidate_state"":""WaitingForPIN"",""ground_truth_normalized"":""waiting for pin"",""candidate_normalized"":""waiting for pin"",""similarity"":1.0,""match_type"":""exact_normalized""}]","[""Processing Customer Input"",""Processing Transaction""]","[""ClosedDown"",""Dispensing"",""Printing"",""ProcessingWithdrawal"",""Terminating""]",8,11,6,2,5,0.545455,0.75,0.631579
Mistral,rag,case_70_atm_many_scenarios_7,Code\untitled folder\results\plantuml_pipeline\runs\open_source__mistral__rag\case_70_atm_many_scenarios_7\run_01.puml,dataset\case_70_atm_many_scenarios_7\diagram.puml,sentence-transformers/all-MiniLM-L6-v2,0.800000,0.650000,"[""Confiscating"",""Ejecting"",""Idle"",""Processing Customer Input"",""Processing Transaction"",""Validating PIN"",""Waiting for Customer Choice"",""Waiting for PIN""]","[""ClosedDown"",""Confiscating"",""Dispensing"",""Ejecting"",""Idle"",""Printing"",""ProcessingWithdrawal"",""Terminating"",""ValidatingPIN"",""WaitingForCustomerChoice"",""WaitingForPIN""]","[{""ground_truth_state"":""Confiscating"",""candidate_state"":""Confiscating"",""ground_truth_normalized"":""confiscating"",""candidate_normalized"":""confiscating"",""similarity"":1.0,""match_type"":""exact_normalized""},{""ground_truth_state"":""Ejecting"",""candidate_state"":""Ejecting"",""ground_truth_normalized"":""ejecting"",""candidate_normalized"":""ejecting"",""similarity"":1.0,""match_type"":""exact_normalized""},{""ground_truth_state"":""Idle"",""candidate_state"":""Idle"",""ground_truth_normalized"":""idle"",""candidate_normalized"":""idle"",""similarity"":1.0,""match_type"":""exact_normalized""},{""ground_truth_state"":""Validating PIN"",""candidate_state"":""ValidatingPIN"",""ground_truth_normalized"":""validating pin"",""candidate_normalized"":""validating pin"",""similarity"":1.0,""match_type"":""exact_normalized""},{""ground_truth_state"":""Waiting for Customer Choice"",""candidate_state"":""WaitingForCustomerChoice"",""ground_truth_normalized"":""waiting for customer choice"",""candidate_normalized"":""waiting for customer choice"",""similarity"":1.0,""match_type"":""exact_normalized""},{""ground_truth_state"":""Waiting for PIN"",""candidate_state"":""WaitingForPIN"",""ground_truth_normalized"":""waiting for pin"",""candidate_normalized"":""waiting for pin"",""similarity"":1.0,""match_type"":""exact_normalized""}]","[""Processing Customer Input"",""Processing Transaction""]","[""ClosedDown"",""Dispensing"",""Printing"",""ProcessingWithdrawal"",""Terminating""]",8,11,6,2,5,0.545455,0.75,0.631579
Mistral,syntax_grounded_repair,case_70_atm_many_scenarios_7,Code\untitled folder\results\plantuml_pipeline\runs\open_source__mistral__rag_validation_generator_critic_repair__syntax_grounded\case_70_atm_many_scenarios_7\run_01.puml,dataset\case_70_atm_many_scenarios_7\diagram.puml,sentence-transformers/all-MiniLM-L6-v2,0.800000,0.650000,"[""Confiscating"",""Ejecting"",""Idle"",""Processing Customer Input"",""Processing Transaction"",""Validating PIN"",""Waiting for Customer Choice"",""Waiting for PIN""]","[""ClosedDown"",""Confiscating"",""Dispensing"",""Ejecting"",""Idle"",""Printing"",""ProcessingWithdrawal"",""Terminating"",""ValidatingPIN"",""WaitingForCustomerChoice"",""WaitingForPIN""]","[{""ground_truth_state"":""Confiscating"",""candidate_state"":""Confiscating"",""ground_truth_normalized"":""confiscating"",""candidate_normalized"":""confiscating"",""similarity"":1.0,""match_type"":""exact_normalized""},{""ground_truth_state"":""Ejecting"",""candidate_state"":""Ejecting"",""ground_truth_normalized"":""ejecting"",""candidate_normalized"":""ejecting"",""similarity"":1.0,""match_type"":""exact_normalized""},{""ground_truth_state"":""Idle"",""candidate_state"":""Idle"",""ground_truth_normalized"":""idle"",""candidate_normalized"":""idle"",""similarity"":1.0,""match_type"":""exact_normalized""},{""ground_truth_state"":""Validating PIN"",""candidate_state"":""ValidatingPIN"",""ground_truth_normalized"":""validating pin"",""candidate_normalized"":""validating pin"",""similarity"":1.0,""match_type"":""exact_normalized""},{""ground_truth_state"":""Waiting for Customer Choice"",""candidate_state"":""WaitingForCustomerChoice"",""ground_truth_normalized"":""waiting for customer choice"",""candidate_normalized"":""waiting for customer choice"",""similarity"":1.0,""match_type"":""exact_normalized""},{""ground_truth_state"":""Waiting for PIN"",""candidate_state"":""WaitingForPIN"",""ground_truth_normalized"":""waiting for pin"",""candidate_normalized"":""waiting for pin"",""similarity"":1.0,""match_type"":""exact_normalized""}]","[""Processing Customer Input"",""Processing Transaction""]","[""ClosedDown"",""Dispensing"",""Printing"",""ProcessingWithdrawal"",""Terminating""]",8,11,6,2,5,0.545455,0.75,0.631579
Qwen_2.5_7B,baseline_repair,case_70_atm_many_scenarios_7,Code\untitled folder\results\plantuml_pipeline\runs\open_source__qwen25_7b_instruct__rag_validation_generator_critic_repair\case_70_atm_many_scenarios_7\run_01.puml,dataset\case_70_atm_many_scenarios_7\diagram.puml,sentence-transformers/all-MiniLM-L6-v2,0.800000,0.650000,"[""Confiscating"",""Ejecting"",""Idle"",""Processing Customer Input"",""Processing Transaction"",""Validating PIN"",""Waiting for Customer Choice"",""Waiting for PIN""]","[""Confiscating"",""Ejecting"",""Idle"",""Terminating"",""ValidatingPIN"",""Waiting for Customer Choice"",""Waiting for PIN""]","[{""ground_truth_state"":""Confiscating"",""candidate_state"":""Confiscating"",""ground_truth_normalized"":""confiscating"",""candidate_normalized"":""confiscating"",""similarity"":1.0,""match_type"":""exact_normalized""},{""ground_truth_state"":""Ejecting"",""candidate_state"":""Ejecting"",""ground_truth_normalized"":""ejecting"",""candidate_normalized"":""ejecting"",""similarity"":1.0,""match_type"":""exact_normalized""},{""ground_truth_state"":""Idle"",""candidate_state"":""Idle"",""ground_truth_normalized"":""idle"",""candidate_normalized"":""idle"",""similarity"":1.0,""match_type"":""exact_normalized""},{""ground_truth_state"":""Validating PIN"",""candidate_state"":""ValidatingPIN"",""ground_truth_normalized"":""validating pin"",""candidate_normalized"":""validating pin"",""similarity"":1.0,""match_type"":""exact_normalized""},{""ground_truth_state"":""Waiting for Customer Choice"",""candidate_state"":""Waiting for Customer Choice"",""ground_truth_normalized"":""waiting for customer choice"",""candidate_normalized"":""waiting for customer choice"",""similarity"":1.0,""match_type"":""exact_normalized""},{""ground_truth_state"":""Waiting for PIN"",""candidate_state"":""Waiting for PIN"",""ground_truth_normalized"":""waiting for pin"",""candidate_normalized"":""waiting for pin"",""similarity"":1.0,""match_type"":""exact_normalized""}]","[""Processing Customer Input"",""Processing Transaction""]","[""Terminating""]",8,7,6,2,1,0.857143,0.75,0.8
Qwen_2.5_7B,rag,case_70_atm_many_scenarios_7,Code\untitled folder\results\plantuml_pipeline\runs\open_source__qwen25_7b_instruct__rag\case_70_atm_many_scenarios_7\run_01.puml,dataset\case_70_atm_many_scenarios_7\diagram.puml,sentence-transformers/all-MiniLM-L6-v2,0.800000,0.650000,"[""Confiscating"",""Ejecting"",""Idle"",""Processing Customer Input"",""Processing Transaction"",""Validating PIN"",""Waiting for Customer Choice"",""Waiting for PIN""]","[""Confiscating"",""Ejecting"",""Idle"",""Terminating"",""ValidatingPIN"",""Waiting for Customer Choice"",""Waiting for PIN""]","[{""ground_truth_state"":""Confiscating"",""candidate_state"":""Confiscating"",""ground_truth_normalized"":""confiscating"",""candidate_normalized"":""confiscating"",""similarity"":1.0,""match_type"":""exact_normalized""},{""ground_truth_state"":""Ejecting"",""candidate_state"":""Ejecting"",""ground_truth_normalized"":""ejecting"",""candidate_normalized"":""ejecting"",""similarity"":1.0,""match_type"":""exact_normalized""},{""ground_truth_state"":""Idle"",""candidate_state"":""Idle"",""ground_truth_normalized"":""idle"",""candidate_normalized"":""idle"",""similarity"":1.0,""match_type"":""exact_normalized""},{""ground_truth_state"":""Validating PIN"",""candidate_state"":""ValidatingPIN"",""ground_truth_normalized"":""validating pin"",""candidate_normalized"":""validating pin"",""similarity"":1.0,""match_type"":""exact_normalized""},{""ground_truth_state"":""Waiting for Customer Choice"",""candidate_state"":""Waiting for Customer Choice"",""ground_truth_normalized"":""waiting for customer choice"",""candidate_normalized"":""waiting for customer choice"",""similarity"":1.0,""match_type"":""exact_normalized""},{""ground_truth_state"":""Waiting for PIN"",""candidate_state"":""Waiting for PIN"",""ground_truth_normalized"":""waiting for pin"",""candidate_normalized"":""waiting for pin"",""similarity"":1.0,""match_type"":""exact_normalized""}]","[""Processing Customer Input"",""Processing Transaction""]","[""Terminating""]",8,7,6,2,1,0.857143,0.75,0.8
Qwen_2.5_7B,syntax_grounded_repair,case_70_atm_many_scenarios_7,Code\untitled folder\results\plantuml_pipeline\runs\open_source__qwen25_7b_instruct__rag_validation_generator_critic_repair__syntax_grounded_original_rag\case_70_atm_many_scenarios_7\run_01.puml,dataset\case_70_atm_many_scenarios_7\diagram.puml,sentence-transformers/all-MiniLM-L6-v2,0.800000,0.650000,"[""Confiscating"",""Ejecting"",""Idle"",""Processing Customer Input"",""Processing Transaction"",""Validating PIN"",""Waiting for Customer Choice"",""Waiting for PIN""]","[""Confiscating"",""Ejecting"",""Idle"",""Terminating"",""ValidatingPIN"",""Waiting for Customer Choice"",""Waiting for PIN""]","[{""ground_truth_state"":""Confiscating"",""candidate_state"":""Confiscating"",""ground_truth_normalized"":""confiscating"",""candidate_normalized"":""confiscating"",""similarity"":1.0,""match_type"":""exact_normalized""},{""ground_truth_state"":""Ejecting"",""candidate_state"":""Ejecting"",""ground_truth_normalized"":""ejecting"",""candidate_normalized"":""ejecting"",""similarity"":1.0,""match_type"":""exact_normalized""},{""ground_truth_state"":""Idle"",""candidate_state"":""Idle"",""ground_truth_normalized"":""idle"",""candidate_normalized"":""idle"",""similarity"":1.0,""match_type"":""exact_normalized""},{""ground_truth_state"":""Validating PIN"",""candidate_state"":""ValidatingPIN"",""ground_truth_normalized"":""validating pin"",""candidate_normalized"":""validating pin"",""similarity"":1.0,""match_type"":""exact_normalized""},{""ground_truth_state"":""Waiting for Customer Choice"",""candidate_state"":""Waiting for Customer Choice"",""ground_truth_normalized"":""waiting for customer choice"",""candidate_normalized"":""waiting for customer choice"",""similarity"":1.0,""match_type"":""exact_normalized""},{""ground_truth_state"":""Waiting for PIN"",""candidate_state"":""Waiting for PIN"",""ground_truth_normalized"":""waiting for pin"",""candidate_normalized"":""waiting for pin"",""similarity"":1.0,""match_type"":""exact_normalized""}]","[""Processing Customer Input"",""Processing Transaction""]","[""Terminating""]",8,7,6,2,1,0.857143,0.75,0.8
DeepSeek_R1_14B,baseline_repair,case_75_graderate,Code\untitled folder\results\plantuml_pipeline\runs\open_source__deepseek_r1_14b__few_shot_validation_generator_critic_repair\case_75_graderate\run_01.puml,dataset\case_75_graderate\diagram.puml,sentence-transformers/all-MiniLM-L6-v2,0.800000,0.650000,"[""Active"",""Lapsed"",""Pending""]","[""Active"",""Archived"",""Expired"",""Waiting""]","[{""ground_truth_state"":""Active"",""candidate_state"":""Active"",""ground_truth_normalized"":""active"",""candidate_normalized"":""active"",""similarity"":1.0,""match_type"":""exact_normalized""}]","[""Lapsed"",""Pending""]","[""Archived"",""Expired"",""Waiting""]",3,4,1,2,3,0.25,0.333333,0.285714
DeepSeek_R1_14B,few_shot,case_75_graderate,Code\untitled folder\results\plantuml_pipeline\runs\open_source__deepseek_r1_14b__few_shot\case_75_graderate\run_01.puml,dataset\case_75_graderate\diagram.puml,sentence-transformers/all-MiniLM-L6-v2,0.800000,0.650000,"[""Active"",""Lapsed"",""Pending""]","[""Active"",""Archived"",""Expired"",""Waiting""]","[{""ground_truth_state"":""Active"",""candidate_state"":""Active"",""ground_truth_normalized"":""active"",""candidate_normalized"":""active"",""similarity"":1.0,""match_type"":""exact_normalized""}]","[""Lapsed"",""Pending""]","[""Archived"",""Expired"",""Waiting""]",3,4,1,2,3,0.25,0.333333,0.285714
DeepSeek_R1_14B,syntax_grounded_repair,case_75_graderate,Code\untitled folder\results\plantuml_pipeline\runs\open_source__deepseek_r1_14b__few_shot_validation_generator_critic_repair__syntax_grounded\case_75_graderate\run_01.puml,dataset\case_75_graderate\diagram.puml,sentence-transformers/all-MiniLM-L6-v2,0.800000,0.650000,"[""Active"",""Lapsed"",""Pending""]","[""Active"",""Archived"",""Expired"",""Waiting""]","[{""ground_truth_state"":""Active"",""candidate_state"":""Active"",""ground_truth_normalized"":""active"",""candidate_normalized"":""active"",""similarity"":1.0,""match_type"":""exact_normalized""}]","[""Lapsed"",""Pending""]","[""Archived"",""Expired"",""Waiting""]",3,4,1,2,3,0.25,0.333333,0.285714
Llama_3.1_8B,baseline_repair,case_75_graderate,Code\untitled folder\results\plantuml_pipeline\runs\open_source__llama31_8b_instruct__few_shot_validation_generator_critic_repair\case_75_graderate\run_01.puml,dataset\case_75_graderate\diagram.puml,sentence-transformers/all-MiniLM-L6-v2,0.800000,0.650000,"[""Active"",""Lapsed"",""Pending""]","[""Active"",""Archived"",""Expired""]","[{""ground_truth_state"":""Active"",""candidate_state"":""Active"",""ground_truth_normalized"":""active"",""candidate_normalized"":""active"",""similarity"":1.0,""match_type"":""exact_normalized""}]","[""Lapsed"",""Pending""]","[""Archived"",""Expired""]",3,3,1,2,2,0.333333,0.333333,0.333333
Llama_3.1_8B,few_shot,case_75_graderate,Code\untitled folder\results\plantuml_pipeline\runs\open_source__llama31_8b_instruct__few_shot\case_75_graderate\run_01.puml,dataset\case_75_graderate\diagram.puml,sentence-transformers/all-MiniLM-L6-v2,0.800000,0.650000,"[""Active"",""Lapsed"",""Pending""]","[""Active"",""Archived"",""Expired""]","[{""ground_truth_state"":""Active"",""candidate_state"":""Active"",""ground_truth_normalized"":""active"",""candidate_normalized"":""active"",""similarity"":1.0,""match_type"":""exact_normalized""}]","[""Lapsed"",""Pending""]","[""Archived"",""Expired""]",3,3,1,2,2,0.333333,0.333333,0.333333
Llama_3.1_8B,syntax_grounded_repair,case_75_graderate,Code\untitled folder\results\plantuml_pipeline\runs\open_source__llama31_8b_instruct__few_shot_validation_generator_critic_repair__syntax_grounded\case_75_graderate\run_01.puml,dataset\case_75_graderate\diagram.puml,sentence-transformers/all-MiniLM-L6-v2,0.800000,0.650000,"[""Active"",""Lapsed"",""Pending""]","[""Active"",""Archived"",""Expired""]","[{""ground_truth_state"":""Active"",""candidate_state"":""Active"",""ground_truth_normalized"":""active"",""candidate_normalized"":""active"",""similarity"":1.0,""match_type"":""exact_normalized""}]","[""Lapsed"",""Pending""]","[""Archived"",""Expired""]",3,3,1,2,2,0.333333,0.333333,0.333333
Mistral,baseline_repair,case_75_graderate,Code\untitled folder\results\plantuml_pipeline\runs\open_source__mistral__rag_validation_generator_critic_repair\case_75_graderate\run_01.puml,dataset\case_75_graderate\diagram.puml,sentence-transformers/all-MiniLM-L6-v2,0.800000,0.650000,"[""Active"",""Lapsed"",""Pending""]","[""Active"",""Archived"",""Expired"",""Inactive""]","[{""ground_truth_state"":""Active"",""candidate_state"":""Active"",""ground_truth_normalized"":""active"",""candidate_normalized"":""active"",""similarity"":1.0,""match_type"":""exact_normalized""}]","[""Lapsed"",""Pending""]","[""Archived"",""Expired"",""Inactive""]",3,4,1,2,3,0.25,0.333333,0.285714
Mistral,rag,case_75_graderate,Code\untitled folder\results\plantuml_pipeline\runs\open_source__mistral__rag\case_75_graderate\run_01.puml,dataset\case_75_graderate\diagram.puml,sentence-transformers/all-MiniLM-L6-v2,0.800000,0.650000,"[""Active"",""Lapsed"",""Pending""]","[""Active"",""Archived"",""Expired"",""Inactive""]","[{""ground_truth_state"":""Active"",""candidate_state"":""Active"",""ground_truth_normalized"":""active"",""candidate_normalized"":""active"",""similarity"":1.0,""match_type"":""exact_normalized""}]","[""Lapsed"",""Pending""]","[""Archived"",""Expired"",""Inactive""]",3,4,1,2,3,0.25,0.333333,0.285714
Mistral,syntax_grounded_repair,case_75_graderate,Code\untitled folder\results\plantuml_pipeline\runs\open_source__mistral__rag_validation_generator_critic_repair__syntax_grounded\case_75_graderate\run_01.puml,dataset\case_75_graderate\diagram.puml,sentence-transformers/all-MiniLM-L6-v2,0.800000,0.650000,"[""Active"",""Lapsed"",""Pending""]","[""Active"",""Archived"",""Expired"",""Inactive""]","[{""ground_truth_state"":""Active"",""candidate_state"":""Active"",""ground_truth_normalized"":""active"",""candidate_normalized"":""active"",""similarity"":1.0,""match_type"":""exact_normalized""}]","[""Lapsed"",""Pending""]","[""Archived"",""Expired"",""Inactive""]",3,4,1,2,3,0.25,0.333333,0.285714
Qwen_2.5_7B,baseline_repair,case_75_graderate,Code\untitled folder\results\plantuml_pipeline\runs\open_source__qwen25_7b_instruct__rag_validation_generator_critic_repair\case_75_graderate\run_01.puml,dataset\case_75_graderate\diagram.puml,sentence-transformers/all-MiniLM-L6-v2,0.800000,0.650000,"[""Active"",""Lapsed"",""Pending""]","[""Active"",""Expired"",""Waiting""]","[{""ground_truth_state"":""Active"",""candidate_state"":""Active"",""ground_truth_normalized"":""active"",""candidate_normalized"":""active"",""similarity"":1.0,""match_type"":""exact_normalized""}]","[""Lapsed"",""Pending""]","[""Expired"",""Waiting""]",3,3,1,2,2,0.333333,0.333333,0.333333
Qwen_2.5_7B,rag,case_75_graderate,Code\untitled folder\results\plantuml_pipeline\runs\open_source__qwen25_7b_instruct__rag\case_75_graderate\run_01.puml,dataset\case_75_graderate\diagram.puml,sentence-transformers/all-MiniLM-L6-v2,0.800000,0.650000,"[""Active"",""Lapsed"",""Pending""]","[""Active"",""Expired"",""Waiting""]","[{""ground_truth_state"":""Active"",""candidate_state"":""Active"",""ground_truth_normalized"":""active"",""candidate_normalized"":""active"",""similarity"":1.0,""match_type"":""exact_normalized""}]","[""Lapsed"",""Pending""]","[""Expired"",""Waiting""]",3,3,1,2,2,0.333333,0.333333,0.333333
Qwen_2.5_7B,syntax_grounded_repair,case_75_graderate,Code\untitled folder\results\plantuml_pipeline\runs\open_source__qwen25_7b_instruct__rag_validation_generator_critic_repair__syntax_grounded_original_rag\case_75_graderate\run_01.puml,dataset\case_75_graderate\diagram.puml,sentence-transformers/all-MiniLM-L6-v2,0.800000,0.650000,"[""Active"",""Lapsed"",""Pending""]","[""Active"",""Expired"",""Waiting""]","[{""ground_truth_state"":""Active"",""candidate_state"":""Active"",""ground_truth_normalized"":""active"",""candidate_normalized"":""active"",""similarity"":1.0,""match_type"":""exact_normalized""}]","[""Lapsed"",""Pending""]","[""Expired"",""Waiting""]",3,3,1,2,2,0.333333,0.333333,0.333333
DeepSeek_R1_14B,baseline_repair,case_78_class_campaign_version_2,Code\untitled folder\results\plantuml_pipeline\runs\open_source__deepseek_r1_14b__few_shot_validation_generator_critic_repair\case_78_class_campaign_version_2\run_01.puml,dataset\case_78_class_campaign_version_2\diagram.puml,sentence-transformers/all-MiniLM-L6-v2,0.800000,0.650000,"[""Active"",""AdvertPreparation"",""Commissioned"",""Completed"",""Paid"",""Running Adverts"",""Scheduling""]","[""ApprovedAdverts"",""Archived"",""AwaitingBalance"",""CompleteCampaign"",""Paid"",""PaymentHandling"",""PrepareAdverts"",""RefundGenerated"",""Running"",""StartCampaign""]","[{""ground_truth_state"":""AdvertPreparation"",""candidate_state"":""PrepareAdverts"",""ground_truth_normalized"":""advert preparation"",""candidate_normalized"":""prepare adverts"",""similarity"":0.921139,""match_type"":""strict""},{""ground_truth_state"":""Paid"",""candidate_state"":""Paid"",""ground_truth_normalized"":""paid"",""candidate_normalized"":""paid"",""similarity"":1.0,""match_type"":""exact_normalized""},{""ground_truth_state"":""Running Adverts"",""candidate_state"":""Running"",""ground_truth_normalized"":""running adverts"",""candidate_normalized"":""running"",""similarity"":0.446832,""match_type"":""relaxed_lexical""}]","[""Active"",""Commissioned"",""Completed"",""Scheduling""]","[""ApprovedAdverts"",""Archived"",""AwaitingBalance"",""CompleteCampaign"",""PaymentHandling"",""RefundGenerated"",""StartCampaign""]",7,10,3,4,7,0.3,0.428571,0.352941
DeepSeek_R1_14B,few_shot,case_78_class_campaign_version_2,Code\untitled folder\results\plantuml_pipeline\runs\open_source__deepseek_r1_14b__few_shot\case_78_class_campaign_version_2\run_01.puml,dataset\case_78_class_campaign_version_2\diagram.puml,sentence-transformers/all-MiniLM-L6-v2,0.800000,0.650000,"[""Active"",""AdvertPreparation"",""Commissioned"",""Completed"",""Paid"",""Running Adverts"",""Scheduling""]","[""ApprovedAdverts"",""Archived"",""AwaitingBalance"",""CompleteCampaign"",""Paid"",""PaymentHandling"",""PrepareAdverts"",""RefundGenerated"",""Running"",""StartCampaign""]","[{""ground_truth_state"":""AdvertPreparation"",""candidate_state"":""PrepareAdverts"",""ground_truth_normalized"":""advert preparation"",""candidate_normalized"":""prepare adverts"",""similarity"":0.921139,""match_type"":""strict""},{""ground_truth_state"":""Paid"",""candidate_state"":""Paid"",""ground_truth_normalized"":""paid"",""candidate_normalized"":""paid"",""similarity"":1.0,""match_type"":""exact_normalized""},{""ground_truth_state"":""Running Adverts"",""candidate_state"":""Running"",""ground_truth_normalized"":""running adverts"",""candidate_normalized"":""running"",""similarity"":0.446832,""match_type"":""relaxed_lexical""}]","[""Active"",""Commissioned"",""Completed"",""Scheduling""]","[""ApprovedAdverts"",""Archived"",""AwaitingBalance"",""CompleteCampaign"",""PaymentHandling"",""RefundGenerated"",""StartCampaign""]",7,10,3,4,7,0.3,0.428571,0.352941
DeepSeek_R1_14B,syntax_grounded_repair,case_78_class_campaign_version_2,Code\untitled folder\results\plantuml_pipeline\runs\open_source__deepseek_r1_14b__few_shot_validation_generator_critic_repair__syntax_grounded\case_78_class_campaign_version_2\run_01.puml,dataset\case_78_class_campaign_version_2\diagram.puml,sentence-transformers/all-MiniLM-L6-v2,0.800000,0.650000,"[""Active"",""AdvertPreparation"",""Commissioned"",""Completed"",""Paid"",""Running Adverts"",""Scheduling""]","[""ApprovedAdverts"",""Archived"",""AwaitingBalance"",""CompleteCampaign"",""Paid"",""PaymentHandling"",""PrepareAdverts"",""RefundGenerated"",""Running"",""StartCampaign""]","[{""ground_truth_state"":""AdvertPreparation"",""candidate_state"":""PrepareAdverts"",""ground_truth_normalized"":""advert preparation"",""candidate_normalized"":""prepare adverts"",""similarity"":0.921139,""match_type"":""strict""},{""ground_truth_state"":""Paid"",""candidate_state"":""Paid"",""ground_truth_normalized"":""paid"",""candidate_normalized"":""paid"",""similarity"":1.0,""match_type"":""exact_normalized""},{""ground_truth_state"":""Running Adverts"",""candidate_state"":""Running"",""ground_truth_normalized"":""running adverts"",""candidate_normalized"":""running"",""similarity"":0.446832,""match_type"":""relaxed_lexical""}]","[""Active"",""Commissioned"",""Completed"",""Scheduling""]","[""ApprovedAdverts"",""Archived"",""AwaitingBalance"",""CompleteCampaign"",""PaymentHandling"",""RefundGenerated"",""StartCampaign""]",7,10,3,4,7,0.3,0.428571,0.352941
Llama_3.1_8B,baseline_repair,case_78_class_campaign_version_2,Code\untitled folder\results\plantuml_pipeline\runs\open_source__llama31_8b_instruct__few_shot_validation_generator_critic_repair\case_78_class_campaign_version_2\run_01.puml,dataset\case_78_class_campaign_version_2\diagram.puml,sentence-transformers/all-MiniLM-L6-v2,0.800000,0.650000,"[""Active"",""AdvertPreparation"",""Commissioned"",""Completed"",""Paid"",""Running Adverts"",""Scheduling""]","[""Activate Campaign"",""Adjust Campaign"",""Archive Campaign"",""Complete Campaign"",""Idle"",""Mark Campaign as Paid"",""Pay Campaign"",""Prepare Adverts"",""Refund Campaign"",""Schedule Adverts"",""Start Campaign"",""Wait for Balance""]","[{""ground_truth_state"":""AdvertPreparation"",""candidate_state"":""Prepare Adverts"",""ground_truth_normalized"":""advert preparation"",""candidate_normalized"":""prepare adverts"",""similarity"":0.921139,""match_type"":""strict""},{""ground_truth_state"":""Paid"",""candidate_state"":""Mark Campaign as Paid"",""ground_truth_normalized"":""paid"",""candidate_normalized"":""mark campaign as paid"",""similarity"":0.462721,""match_type"":""relaxed_lexical""},{""ground_truth_state"":""Running Adverts"",""candidate_state"":""Schedule Adverts"",""ground_truth_normalized"":""running adverts"",""candidate_normalized"":""schedule adverts"",""similarity"":0.700762,""match_type"":""relaxed""}]","[""Active"",""Commissioned"",""Completed"",""Scheduling""]","[""Activate Campaign"",""Adjust Campaign"",""Archive Campaign"",""Complete Campaign"",""Idle"",""Pay Campaign"",""Refund Campaign"",""Start Campaign"",""Wait for Balance""]",7,12,3,4,9,0.25,0.428571,0.315789
Llama_3.1_8B,few_shot,case_78_class_campaign_version_2,Code\untitled folder\results\plantuml_pipeline\runs\open_source__llama31_8b_instruct__few_shot\case_78_class_campaign_version_2\run_01.puml,dataset\case_78_class_campaign_version_2\diagram.puml,sentence-transformers/all-MiniLM-L6-v2,0.800000,0.650000,"[""Active"",""AdvertPreparation"",""Commissioned"",""Completed"",""Paid"",""Running Adverts"",""Scheduling""]","[""Activate Campaign"",""Adjust Campaign"",""Archive Campaign"",""Complete Campaign"",""Idle"",""Mark Campaign as Paid"",""Pay Campaign"",""Prepare Adverts"",""Refund Campaign"",""Schedule Adverts"",""Start Campaign"",""Wait for Balance""]","[{""ground_truth_state"":""AdvertPreparation"",""candidate_state"":""Prepare Adverts"",""ground_truth_normalized"":""advert preparation"",""candidate_normalized"":""prepare adverts"",""similarity"":0.921139,""match_type"":""strict""},{""ground_truth_state"":""Paid"",""candidate_state"":""Mark Campaign as Paid"",""ground_truth_normalized"":""paid"",""candidate_normalized"":""mark campaign as paid"",""similarity"":0.462721,""match_type"":""relaxed_lexical""},{""ground_truth_state"":""Running Adverts"",""candidate_state"":""Schedule Adverts"",""ground_truth_normalized"":""running adverts"",""candidate_normalized"":""schedule adverts"",""similarity"":0.700762,""match_type"":""relaxed""}]","[""Active"",""Commissioned"",""Completed"",""Scheduling""]","[""Activate Campaign"",""Adjust Campaign"",""Archive Campaign"",""Complete Campaign"",""Idle"",""Pay Campaign"",""Refund Campaign"",""Start Campaign"",""Wait for Balance""]",7,12,3,4,9,0.25,0.428571,0.315789
Llama_3.1_8B,syntax_grounded_repair,case_78_class_campaign_version_2,Code\untitled folder\results\plantuml_pipeline\runs\open_source__llama31_8b_instruct__few_shot_validation_generator_critic_repair__syntax_grounded\case_78_class_campaign_version_2\run_01.puml,dataset\case_78_class_campaign_version_2\diagram.puml,sentence-transformers/all-MiniLM-L6-v2,0.800000,0.650000,"[""Active"",""AdvertPreparation"",""Commissioned"",""Completed"",""Paid"",""Running Adverts"",""Scheduling""]","[""Activate Campaign"",""Adjust Campaign"",""Archive Campaign"",""Complete Campaign"",""End"",""Idle"",""Mark Campaign as Paid"",""Pay Campaign"",""Prepare Adverts"",""Refund Campaign"",""Schedule Adverts"",""Start Campaign"",""Wait for Balance""]","[{""ground_truth_state"":""AdvertPreparation"",""candidate_state"":""Prepare Adverts"",""ground_truth_normalized"":""advert preparation"",""candidate_normalized"":""prepare adverts"",""similarity"":0.921139,""match_type"":""strict""},{""ground_truth_state"":""Paid"",""candidate_state"":""Mark Campaign as Paid"",""ground_truth_normalized"":""paid"",""candidate_normalized"":""mark campaign as paid"",""similarity"":0.462721,""match_type"":""relaxed_lexical""},{""ground_truth_state"":""Running Adverts"",""candidate_state"":""Schedule Adverts"",""ground_truth_normalized"":""running adverts"",""candidate_normalized"":""schedule adverts"",""similarity"":0.700762,""match_type"":""relaxed""}]","[""Active"",""Commissioned"",""Completed"",""Scheduling""]","[""Activate Campaign"",""Adjust Campaign"",""Archive Campaign"",""Complete Campaign"",""End"",""Idle"",""Pay Campaign"",""Refund Campaign"",""Start Campaign"",""Wait for Balance""]",7,13,3,4,10,0.230769,0.428571,0.3
Mistral,baseline_repair,case_78_class_campaign_version_2,Code\untitled folder\results\plantuml_pipeline\runs\open_source__mistral__rag_validation_generator_critic_repair\case_78_class_campaign_version_2\run_01.puml,dataset\case_78_class_campaign_version_2\diagram.puml,sentence-transformers/all-MiniLM-L6-v2,0.800000,0.650000,"[""Active"",""AdvertPreparation"",""Commissioned"",""Completed"",""Paid"",""Running Adverts"",""Scheduling""]","[""Active"",""AdvertPreparation"",""Commissioned"",""Completed"",""Evaluation"",""Monitoring"",""Paid"",""Running"",""Running Adverts"",""Scheduling"",""Survey"",""Suspended""]","[{""ground_truth_state"":""Active"",""candidate_state"":""Active"",""ground_truth_normalized"":""active"",""candidate_normalized"":""active"",""similarity"":1.0,""match_type"":""exact_normalized""},{""ground_truth_state"":""AdvertPreparation"",""candidate_state"":""AdvertPreparation"",""ground_truth_normalized"":""advert preparation"",""candidate_normalized"":""advert preparation"",""similarity"":1.0,""match_type"":""exact_normalized""},{""ground_truth_state"":""Commissioned"",""candidate_state"":""Commissioned"",""ground_truth_normalized"":""commissioned"",""candidate_normalized"":""commissioned"",""similarity"":1.0,""match_type"":""exact_normalized""},{""ground_truth_state"":""Completed"",""candidate_state"":""Completed"",""ground_truth_normalized"":""completed"",""candidate_normalized"":""completed"",""similarity"":1.0,""match_type"":""exact_normalized""},{""ground_truth_state"":""Paid"",""candidate_state"":""Paid"",""ground_truth_normalized"":""paid"",""candidate_normalized"":""paid"",""similarity"":1.0,""match_type"":""exact_normalized""},{""ground_truth_state"":""Running Adverts"",""candidate_state"":""Running Adverts"",""ground_truth_normalized"":""running adverts"",""candidate_normalized"":""running adverts"",""similarity"":1.0,""match_type"":""exact_normalized""},{""ground_truth_state"":""Scheduling"",""candidate_state"":""Scheduling"",""ground_truth_normalized"":""scheduling"",""candidate_normalized"":""scheduling"",""similarity"":1.0,""match_type"":""exact_normalized""}]",[],"[""Evaluation"",""Monitoring"",""Running"",""Survey"",""Suspended""]",7,12,7,0,5,0.583333,1.0,0.736842
Mistral,rag,case_78_class_campaign_version_2,Code\untitled folder\results\plantuml_pipeline\runs\open_source__mistral__rag\case_78_class_campaign_version_2\run_01.puml,dataset\case_78_class_campaign_version_2\diagram.puml,sentence-transformers/all-MiniLM-L6-v2,0.800000,0.650000,"[""Active"",""AdvertPreparation"",""Commissioned"",""Completed"",""Paid"",""Running Adverts"",""Scheduling""]","[""Active"",""AdvertPreparation"",""Commissioned"",""Completed"",""Evaluation"",""Monitoring"",""Paid"",""Running"",""Running Adverts"",""Scheduling"",""Survey"",""Suspended""]","[{""ground_truth_state"":""Active"",""candidate_state"":""Active"",""ground_truth_normalized"":""active"",""candidate_normalized"":""active"",""similarity"":1.0,""match_type"":""exact_normalized""},{""ground_truth_state"":""AdvertPreparation"",""candidate_state"":""AdvertPreparation"",""ground_truth_normalized"":""advert preparation"",""candidate_normalized"":""advert preparation"",""similarity"":1.0,""match_type"":""exact_normalized""},{""ground_truth_state"":""Commissioned"",""candidate_state"":""Commissioned"",""ground_truth_normalized"":""commissioned"",""candidate_normalized"":""commissioned"",""similarity"":1.0,""match_type"":""exact_normalized""},{""ground_truth_state"":""Completed"",""candidate_state"":""Completed"",""ground_truth_normalized"":""completed"",""candidate_normalized"":""completed"",""similarity"":1.0,""match_type"":""exact_normalized""},{""ground_truth_state"":""Paid"",""candidate_state"":""Paid"",""ground_truth_normalized"":""paid"",""candidate_normalized"":""paid"",""similarity"":1.0,""match_type"":""exact_normalized""},{""ground_truth_state"":""Running Adverts"",""candidate_state"":""Running Adverts"",""ground_truth_normalized"":""running adverts"",""candidate_normalized"":""running adverts"",""similarity"":1.0,""match_type"":""exact_normalized""},{""ground_truth_state"":""Scheduling"",""candidate_state"":""Scheduling"",""ground_truth_normalized"":""scheduling"",""candidate_normalized"":""scheduling"",""similarity"":1.0,""match_type"":""exact_normalized""}]",[],"[""Evaluation"",""Monitoring"",""Running"",""Survey"",""Suspended""]",7,12,7,0,5,0.583333,1.0,0.736842
Mistral,syntax_grounded_repair,case_78_class_campaign_version_2,Code\untitled folder\results\plantuml_pipeline\runs\open_source__mistral__rag_validation_generator_critic_repair__syntax_grounded\case_78_class_campaign_version_2\run_01.puml,dataset\case_78_class_campaign_version_2\diagram.puml,sentence-transformers/all-MiniLM-L6-v2,0.800000,0.650000,"[""Active"",""AdvertPreparation"",""Commissioned"",""Completed"",""Paid"",""Running Adverts"",""Scheduling""]","[""Active"",""AdvertPreparation"",""Commissioned"",""Completed"",""Paid"",""RunningAdverts"",""Scheduling"",""Suspended""]","[{""ground_truth_state"":""Active"",""candidate_state"":""Active"",""ground_truth_normalized"":""active"",""candidate_normalized"":""active"",""similarity"":1.0,""match_type"":""exact_normalized""},{""ground_truth_state"":""AdvertPreparation"",""candidate_state"":""AdvertPreparation"",""ground_truth_normalized"":""advert preparation"",""candidate_normalized"":""advert preparation"",""similarity"":1.0,""match_type"":""exact_normalized""},{""ground_truth_state"":""Commissioned"",""candidate_state"":""Commissioned"",""ground_truth_normalized"":""commissioned"",""candidate_normalized"":""commissioned"",""similarity"":1.0,""match_type"":""exact_normalized""},{""ground_truth_state"":""Completed"",""candidate_state"":""Completed"",""ground_truth_normalized"":""completed"",""candidate_normalized"":""completed"",""similarity"":1.0,""match_type"":""exact_normalized""},{""ground_truth_state"":""Paid"",""candidate_state"":""Paid"",""ground_truth_normalized"":""paid"",""candidate_normalized"":""paid"",""similarity"":1.0,""match_type"":""exact_normalized""},{""ground_truth_state"":""Running Adverts"",""candidate_state"":""RunningAdverts"",""ground_truth_normalized"":""running adverts"",""candidate_normalized"":""running adverts"",""similarity"":1.0,""match_type"":""exact_normalized""},{""ground_truth_state"":""Scheduling"",""candidate_state"":""Scheduling"",""ground_truth_normalized"":""scheduling"",""candidate_normalized"":""scheduling"",""similarity"":1.0,""match_type"":""exact_normalized""}]",[],"[""Suspended""]",7,8,7,0,1,0.875,1.0,0.933333
Qwen_2.5_7B,baseline_repair,case_78_class_campaign_version_2,Code\untitled folder\results\plantuml_pipeline\runs\open_source__qwen25_7b_instruct__rag_validation_generator_critic_repair\case_78_class_campaign_version_2\run_01.puml,dataset\case_78_class_campaign_version_2\diagram.puml,sentence-transformers/all-MiniLM-L6-v2,0.800000,0.650000,"[""Active"",""AdvertPreparation"",""Commissioned"",""Completed"",""Paid"",""Running Adverts"",""Scheduling""]","[""Active"",""AdvertPreparation"",""Commissioned"",""Completed"",""Evaluation"",""Monitoring"",""Paid"",""Running"",""RunningAdverts"",""Scheduling"",""Survey""]","[{""ground_truth_state"":""Active"",""candidate_state"":""Active"",""ground_truth_normalized"":""active"",""candidate_normalized"":""active"",""similarity"":1.0,""match_type"":""exact_normalized""},{""ground_truth_state"":""AdvertPreparation"",""candidate_state"":""AdvertPreparation"",""ground_truth_normalized"":""advert preparation"",""candidate_normalized"":""advert preparation"",""similarity"":1.0,""match_type"":""exact_normalized""},{""ground_truth_state"":""Commissioned"",""candidate_state"":""Commissioned"",""ground_truth_normalized"":""commissioned"",""candidate_normalized"":""commissioned"",""similarity"":1.0,""match_type"":""exact_normalized""},{""ground_truth_state"":""Completed"",""candidate_state"":""Completed"",""ground_truth_normalized"":""completed"",""candidate_normalized"":""completed"",""similarity"":1.0,""match_type"":""exact_normalized""},{""ground_truth_state"":""Paid"",""candidate_state"":""Paid"",""ground_truth_normalized"":""paid"",""candidate_normalized"":""paid"",""similarity"":1.0,""match_type"":""exact_normalized""},{""ground_truth_state"":""Running Adverts"",""candidate_state"":""RunningAdverts"",""ground_truth_normalized"":""running adverts"",""candidate_normalized"":""running adverts"",""similarity"":1.0,""match_type"":""exact_normalized""},{""ground_truth_state"":""Scheduling"",""candidate_state"":""Scheduling"",""ground_truth_normalized"":""scheduling"",""candidate_normalized"":""scheduling"",""similarity"":1.0,""match_type"":""exact_normalized""}]",[],"[""Evaluation"",""Monitoring"",""Running"",""Survey""]",7,11,7,0,4,0.636364,1.0,0.777778
Qwen_2.5_7B,rag,case_78_class_campaign_version_2,Code\untitled folder\results\plantuml_pipeline\runs\open_source__qwen25_7b_instruct__rag\case_78_class_campaign_version_2\run_01.puml,dataset\case_78_class_campaign_version_2\diagram.puml,sentence-transformers/all-MiniLM-L6-v2,0.800000,0.650000,"[""Active"",""AdvertPreparation"",""Commissioned"",""Completed"",""Paid"",""Running Adverts"",""Scheduling""]","[""Active"",""AdvertPreparation"",""Commissioned"",""Completed"",""Evaluation"",""Monitoring"",""Paid"",""Running"",""RunningAdverts"",""Scheduling"",""Survey""]","[{""ground_truth_state"":""Active"",""candidate_state"":""Active"",""ground_truth_normalized"":""active"",""candidate_normalized"":""active"",""similarity"":1.0,""match_type"":""exact_normalized""},{""ground_truth_state"":""AdvertPreparation"",""candidate_state"":""AdvertPreparation"",""ground_truth_normalized"":""advert preparation"",""candidate_normalized"":""advert preparation"",""similarity"":1.0,""match_type"":""exact_normalized""},{""ground_truth_state"":""Commissioned"",""candidate_state"":""Commissioned"",""ground_truth_normalized"":""commissioned"",""candidate_normalized"":""commissioned"",""similarity"":1.0,""match_type"":""exact_normalized""},{""ground_truth_state"":""Completed"",""candidate_state"":""Completed"",""ground_truth_normalized"":""completed"",""candidate_normalized"":""completed"",""similarity"":1.0,""match_type"":""exact_normalized""},{""ground_truth_state"":""Paid"",""candidate_state"":""Paid"",""ground_truth_normalized"":""paid"",""candidate_normalized"":""paid"",""similarity"":1.0,""match_type"":""exact_normalized""},{""ground_truth_state"":""Running Adverts"",""candidate_state"":""RunningAdverts"",""ground_truth_normalized"":""running adverts"",""candidate_normalized"":""running adverts"",""similarity"":1.0,""match_type"":""exact_normalized""},{""ground_truth_state"":""Scheduling"",""candidate_state"":""Scheduling"",""ground_truth_normalized"":""scheduling"",""candidate_normalized"":""scheduling"",""similarity"":1.0,""match_type"":""exact_normalized""}]",[],"[""Evaluation"",""Monitoring"",""Running"",""Survey""]",7,11,7,0,4,0.636364,1.0,0.777778
Qwen_2.5_7B,syntax_grounded_repair,case_78_class_campaign_version_2,Code\untitled folder\results\plantuml_pipeline\runs\open_source__qwen25_7b_instruct__rag_validation_generator_critic_repair__syntax_grounded_original_rag\case_78_class_campaign_version_2\run_01.puml,dataset\case_78_class_campaign_version_2\diagram.puml,sentence-transformers/all-MiniLM-L6-v2,0.800000,0.650000,"[""Active"",""AdvertPreparation"",""Commissioned"",""Completed"",""Paid"",""Running Adverts"",""Scheduling""]","[""Active"",""AdvertPreparation"",""Commissioned"",""Completed"",""Evaluation"",""Monitoring"",""Paid"",""Running"",""RunningAdverts"",""Scheduling"",""Survey""]","[{""ground_truth_state"":""Active"",""candidate_state"":""Active"",""ground_truth_normalized"":""active"",""candidate_normalized"":""active"",""similarity"":1.0,""match_type"":""exact_normalized""},{""ground_truth_state"":""AdvertPreparation"",""candidate_state"":""AdvertPreparation"",""ground_truth_normalized"":""advert preparation"",""candidate_normalized"":""advert preparation"",""similarity"":1.0,""match_type"":""exact_normalized""},{""ground_truth_state"":""Commissioned"",""candidate_state"":""Commissioned"",""ground_truth_normalized"":""commissioned"",""candidate_normalized"":""commissioned"",""similarity"":1.0,""match_type"":""exact_normalized""},{""ground_truth_state"":""Completed"",""candidate_state"":""Completed"",""ground_truth_normalized"":""completed"",""candidate_normalized"":""completed"",""similarity"":1.0,""match_type"":""exact_normalized""},{""ground_truth_state"":""Paid"",""candidate_state"":""Paid"",""ground_truth_normalized"":""paid"",""candidate_normalized"":""paid"",""similarity"":1.0,""match_type"":""exact_normalized""},{""ground_truth_state"":""Running Adverts"",""candidate_state"":""RunningAdverts"",""ground_truth_normalized"":""running adverts"",""candidate_normalized"":""running adverts"",""similarity"":1.0,""match_type"":""exact_normalized""},{""ground_truth_state"":""Scheduling"",""candidate_state"":""Scheduling"",""ground_truth_normalized"":""scheduling"",""candidate_normalized"":""scheduling"",""similarity"":1.0,""match_type"":""exact_normalized""}]",[],"[""Evaluation"",""Monitoring"",""Running"",""Survey""]",7,11,7,0,4,0.636364,1.0,0.777778
DeepSeek_R1_14B,baseline_repair,case_80_staff_member_class,Code\untitled folder\results\plantuml_pipeline\runs\open_source__deepseek_r1_14b__few_shot_validation_generator_critic_repair\case_80_staff_member_class\run_01.puml,dataset\case_80_staff_member_class\diagram.puml,sentence-transformers/all-MiniLM-L6-v2,0.800000,0.650000,"[""AssignedCampaign"",""Campaign Staff"",""CampaignStaff"",""Employed"",""Ex-employee"",""NotAssigned"",""NotCampaignStaff"",""Staff Contact""]","[""Assigned"",""Unassigned"",""Unemployed""]","[{""ground_truth_state"":""Employed"",""candidate_state"":""Unemployed"",""ground_truth_normalized"":""employed"",""candidate_normalized"":""unemployed"",""similarity"":0.658414,""match_type"":""relaxed""},{""ground_truth_state"":""NotAssigned"",""candidate_state"":""Assigned"",""ground_truth_normalized"":""not assigned"",""candidate_normalized"":""assigned"",""similarity"":0.857469,""match_type"":""strict""}]","[""AssignedCampaign"",""Campaign Staff"",""CampaignStaff"",""Ex-employee"",""NotCampaignStaff"",""Staff Contact""]","[""Unassigned""]",8,3,2,6,1,0.666667,0.25,0.363636
DeepSeek_R1_14B,few_shot,case_80_staff_member_class,Code\untitled folder\results\plantuml_pipeline\runs\open_source__deepseek_r1_14b__few_shot\case_80_staff_member_class\run_01.puml,dataset\case_80_staff_member_class\diagram.puml,sentence-transformers/all-MiniLM-L6-v2,0.800000,0.650000,"[""AssignedCampaign"",""Campaign Staff"",""CampaignStaff"",""Employed"",""Ex-employee"",""NotAssigned"",""NotCampaignStaff"",""Staff Contact""]","[""Assigned"",""Unassigned"",""Unemployed""]","[{""ground_truth_state"":""Employed"",""candidate_state"":""Unemployed"",""ground_truth_normalized"":""employed"",""candidate_normalized"":""unemployed"",""similarity"":0.658414,""match_type"":""relaxed""},{""ground_truth_state"":""NotAssigned"",""candidate_state"":""Assigned"",""ground_truth_normalized"":""not assigned"",""candidate_normalized"":""assigned"",""similarity"":0.857469,""match_type"":""strict""}]","[""AssignedCampaign"",""Campaign Staff"",""CampaignStaff"",""Ex-employee"",""NotCampaignStaff"",""Staff Contact""]","[""Unassigned""]",8,3,2,6,1,0.666667,0.25,0.363636
DeepSeek_R1_14B,syntax_grounded_repair,case_80_staff_member_class,Code\untitled folder\results\plantuml_pipeline\runs\open_source__deepseek_r1_14b__few_shot_validation_generator_critic_repair__syntax_grounded\case_80_staff_member_class\run_01.puml,dataset\case_80_staff_member_class\diagram.puml,sentence-transformers/all-MiniLM-L6-v2,0.800000,0.650000,"[""AssignedCampaign"",""Campaign Staff"",""CampaignStaff"",""Employed"",""Ex-employee"",""NotAssigned"",""NotCampaignStaff"",""Staff Contact""]","[""Assigned"",""Unassigned"",""Unemployed""]","[{""ground_truth_state"":""Employed"",""candidate_state"":""Unemployed"",""ground_truth_normalized"":""employed"",""candidate_normalized"":""unemployed"",""similarity"":0.658414,""match_type"":""relaxed""},{""ground_truth_state"":""NotAssigned"",""candidate_state"":""Assigned"",""ground_truth_normalized"":""not assigned"",""candidate_normalized"":""assigned"",""similarity"":0.857469,""match_type"":""strict""}]","[""AssignedCampaign"",""Campaign Staff"",""CampaignStaff"",""Ex-employee"",""NotCampaignStaff"",""Staff Contact""]","[""Unassigned""]",8,3,2,6,1,0.666667,0.25,0.363636
Llama_3.1_8B,baseline_repair,case_80_staff_member_class,Code\untitled folder\results\plantuml_pipeline\runs\open_source__llama31_8b_instruct__few_shot_validation_generator_critic_repair\case_80_staff_member_class\run_01.puml,dataset\case_80_staff_member_class\diagram.puml,sentence-transformers/all-MiniLM-L6-v2,0.800000,0.650000,"[""AssignedCampaign"",""Campaign Staff"",""CampaignStaff"",""Employed"",""Ex-employee"",""NotAssigned"",""NotCampaignStaff"",""Staff Contact""]","[""AddToCampaign"",""ArchiveRecord"",""Archived"",""AssignToClient"",""Assigned to campaign"",""Assigned to client"",""LeaveJob"",""SwitchAssignments"",""Unassigned"",""Unemployed""]","[{""ground_truth_state"":""AssignedCampaign"",""candidate_state"":""Assigned to campaign"",""ground_truth_normalized"":""assigned campaign"",""candidate_normalized"":""assigned to campaign"",""similarity"":0.949934,""match_type"":""strict""},{""ground_truth_state"":""Employed"",""candidate_state"":""Unemployed"",""ground_truth_normalized"":""employed"",""candidate_normalized"":""unemployed"",""similarity"":0.658414,""match_type"":""relaxed""}]","[""Campaign Staff"",""CampaignStaff"",""Ex-employee"",""NotAssigned"",""NotCampaignStaff"",""Staff Contact""]","[""AddToCampaign"",""ArchiveRecord"",""Archived"",""AssignToClient"",""Assigned to client"",""LeaveJob"",""SwitchAssignments"",""Unassigned""]",8,10,2,6,8,0.2,0.25,0.222222
Llama_3.1_8B,few_shot,case_80_staff_member_class,Code\untitled folder\results\plantuml_pipeline\runs\open_source__llama31_8b_instruct__few_shot\case_80_staff_member_class\run_01.puml,dataset\case_80_staff_member_class\diagram.puml,sentence-transformers/all-MiniLM-L6-v2,0.800000,0.650000,"[""AssignedCampaign"",""Campaign Staff"",""CampaignStaff"",""Employed"",""Ex-employee"",""NotAssigned"",""NotCampaignStaff"",""Staff Contact""]","[""AddToCampaign"",""ArchiveRecord"",""Archived"",""AssignToClient"",""Assigned to campaign"",""Assigned to client"",""LeaveJob"",""SwitchAssignments"",""Unassigned"",""Unemployed""]","[{""ground_truth_state"":""AssignedCampaign"",""candidate_state"":""Assigned to campaign"",""ground_truth_normalized"":""assigned campaign"",""candidate_normalized"":""assigned to campaign"",""similarity"":0.949934,""match_type"":""strict""},{""ground_truth_state"":""Employed"",""candidate_state"":""Unemployed"",""ground_truth_normalized"":""employed"",""candidate_normalized"":""unemployed"",""similarity"":0.658414,""match_type"":""relaxed""}]","[""Campaign Staff"",""CampaignStaff"",""Ex-employee"",""NotAssigned"",""NotCampaignStaff"",""Staff Contact""]","[""AddToCampaign"",""ArchiveRecord"",""Archived"",""AssignToClient"",""Assigned to client"",""LeaveJob"",""SwitchAssignments"",""Unassigned""]",8,10,2,6,8,0.2,0.25,0.222222
Llama_3.1_8B,syntax_grounded_repair,case_80_staff_member_class,Code\untitled folder\results\plantuml_pipeline\runs\open_source__llama31_8b_instruct__few_shot_validation_generator_critic_repair__syntax_grounded\case_80_staff_member_class\run_01.puml,dataset\case_80_staff_member_class\diagram.puml,sentence-transformers/all-MiniLM-L6-v2,0.800000,0.650000,"[""AssignedCampaign"",""Campaign Staff"",""CampaignStaff"",""Employed"",""Ex-employee"",""NotAssigned"",""NotCampaignStaff"",""Staff Contact""]","[""AddToCampaign"",""ArchiveRecord"",""Archived"",""AssignToClient"",""Assigned to campaign"",""Assigned to client"",""LeaveJob"",""SwitchAssignments"",""Unassigned"",""Unemployed""]","[{""ground_truth_state"":""AssignedCampaign"",""candidate_state"":""Assigned to campaign"",""ground_truth_normalized"":""assigned campaign"",""candidate_normalized"":""assigned to campaign"",""similarity"":0.949934,""match_type"":""strict""},{""ground_truth_state"":""Employed"",""candidate_state"":""Unemployed"",""ground_truth_normalized"":""employed"",""candidate_normalized"":""unemployed"",""similarity"":0.658414,""match_type"":""relaxed""}]","[""Campaign Staff"",""CampaignStaff"",""Ex-employee"",""NotAssigned"",""NotCampaignStaff"",""Staff Contact""]","[""AddToCampaign"",""ArchiveRecord"",""Archived"",""AssignToClient"",""Assigned to client"",""LeaveJob"",""SwitchAssignments"",""Unassigned""]",8,10,2,6,8,0.2,0.25,0.222222
Mistral,baseline_repair,case_80_staff_member_class,Code\untitled folder\results\plantuml_pipeline\runs\open_source__mistral__rag_validation_generator_critic_repair\case_80_staff_member_class\run_01.puml,dataset\case_80_staff_member_class\diagram.puml,sentence-transformers/all-MiniLM-L6-v2,0.800000,0.650000,"[""AssignedCampaign"",""Campaign Staff"",""CampaignStaff"",""Employed"",""Ex-employee"",""NotAssigned"",""NotCampaignStaff"",""Staff Contact""]","[""Archive"",""Archived"",""Assign"",""AssignedToCampaign"",""AssignedToClient"",""LeaveJob"",""LoggedIn"",""LoggedOut"",""RemoveAssignment"",""SwitchAssignment"",""Unassigned"",""Unemployed""]","[{""ground_truth_state"":""AssignedCampaign"",""candidate_state"":""AssignedToCampaign"",""ground_truth_normalized"":""assigned campaign"",""candidate_normalized"":""assigned to campaign"",""similarity"":0.949934,""match_type"":""strict""},{""ground_truth_state"":""Employed"",""candidate_state"":""Unemployed"",""ground_truth_normalized"":""employed"",""candidate_normalized"":""unemployed"",""similarity"":0.658414,""match_type"":""relaxed""},{""ground_truth_state"":""NotAssigned"",""candidate_state"":""Assign"",""ground_truth_normalized"":""not assigned"",""candidate_normalized"":""assign"",""similarity"":0.714916,""match_type"":""relaxed""}]","[""Campaign Staff"",""CampaignStaff"",""Ex-employee"",""NotCampaignStaff"",""Staff Contact""]","[""Archive"",""Archived"",""AssignedToClient"",""LeaveJob"",""LoggedIn"",""LoggedOut"",""RemoveAssignment"",""SwitchAssignment"",""Unassigned""]",8,12,3,5,9,0.25,0.375,0.3
Mistral,rag,case_80_staff_member_class,Code\untitled folder\results\plantuml_pipeline\runs\open_source__mistral__rag\case_80_staff_member_class\run_01.puml,dataset\case_80_staff_member_class\diagram.puml,sentence-transformers/all-MiniLM-L6-v2,0.800000,0.650000,"[""AssignedCampaign"",""Campaign Staff"",""CampaignStaff"",""Employed"",""Ex-employee"",""NotAssigned"",""NotCampaignStaff"",""Staff Contact""]","[""Archive"",""Archived"",""Assign"",""AssignedToCampaign"",""AssignedToClient"",""LeaveJob"",""LoggedIn"",""RemoveAssignment"",""SwitchAssignment"",""Unassigned"",""Unemployed""]","[{""ground_truth_state"":""AssignedCampaign"",""candidate_state"":""AssignedToCampaign"",""ground_truth_normalized"":""assigned campaign"",""candidate_normalized"":""assigned to campaign"",""similarity"":0.949934,""match_type"":""strict""},{""ground_truth_state"":""Employed"",""candidate_state"":""Unemployed"",""ground_truth_normalized"":""employed"",""candidate_normalized"":""unemployed"",""similarity"":0.658414,""match_type"":""relaxed""},{""ground_truth_state"":""NotAssigned"",""candidate_state"":""Assign"",""ground_truth_normalized"":""not assigned"",""candidate_normalized"":""assign"",""similarity"":0.714916,""match_type"":""relaxed""}]","[""Campaign Staff"",""CampaignStaff"",""Ex-employee"",""NotCampaignStaff"",""Staff Contact""]","[""Archive"",""Archived"",""AssignedToClient"",""LeaveJob"",""LoggedIn"",""RemoveAssignment"",""SwitchAssignment"",""Unassigned""]",8,11,3,5,8,0.272727,0.375,0.315789
Mistral,syntax_grounded_repair,case_80_staff_member_class,Code\untitled folder\results\plantuml_pipeline\runs\open_source__mistral__rag_validation_generator_critic_repair__syntax_grounded\case_80_staff_member_class\run_01.puml,dataset\case_80_staff_member_class\diagram.puml,sentence-transformers/all-MiniLM-L6-v2,0.800000,0.650000,"[""AssignedCampaign"",""Campaign Staff"",""CampaignStaff"",""Employed"",""Ex-employee"",""NotAssigned"",""NotCampaignStaff"",""Staff Contact""]","[""Archive"",""Archived"",""Assign"",""AssignedToCampaign"",""AssignedToClient"",""LeaveJob"",""LoggedIn"",""RemoveAssignment"",""SwitchAssignment"",""Unassigned"",""Unemployed""]","[{""ground_truth_state"":""AssignedCampaign"",""candidate_state"":""AssignedToCampaign"",""ground_truth_normalized"":""assigned campaign"",""candidate_normalized"":""assigned to campaign"",""similarity"":0.949934,""match_type"":""strict""},{""ground_truth_state"":""Employed"",""candidate_state"":""Unemployed"",""ground_truth_normalized"":""employed"",""candidate_normalized"":""unemployed"",""similarity"":0.658414,""match_type"":""relaxed""},{""ground_truth_state"":""NotAssigned"",""candidate_state"":""Assign"",""ground_truth_normalized"":""not assigned"",""candidate_normalized"":""assign"",""similarity"":0.714916,""match_type"":""relaxed""}]","[""Campaign Staff"",""CampaignStaff"",""Ex-employee"",""NotCampaignStaff"",""Staff Contact""]","[""Archive"",""Archived"",""AssignedToClient"",""LeaveJob"",""LoggedIn"",""RemoveAssignment"",""SwitchAssignment"",""Unassigned""]",8,11,3,5,8,0.272727,0.375,0.315789
Qwen_2.5_7B,baseline_repair,case_80_staff_member_class,Code\untitled folder\results\plantuml_pipeline\runs\open_source__qwen25_7b_instruct__rag_validation_generator_critic_repair\case_80_staff_member_class\run_01.puml,dataset\case_80_staff_member_class\diagram.puml,sentence-transformers/all-MiniLM-L6-v2,0.800000,0.650000,"[""AssignedCampaign"",""Campaign Staff"",""CampaignStaff"",""Employed"",""Ex-employee"",""NotAssigned"",""NotCampaignStaff"",""Staff Contact""]","[""Assigned"",""Unassigned"",""Working""]","[{""ground_truth_state"":""Employed"",""candidate_state"":""Working"",""ground_truth_normalized"":""employed"",""candidate_normalized"":""working"",""similarity"":0.651837,""match_type"":""relaxed""},{""ground_truth_state"":""NotAssigned"",""candidate_state"":""Assigned"",""ground_truth_normalized"":""not assigned"",""candidate_normalized"":""assigned"",""similarity"":0.857469,""match_type"":""strict""}]","[""AssignedCampaign"",""Campaign Staff"",""CampaignStaff"",""Ex-employee"",""NotCampaignStaff"",""Staff Contact""]","[""Unassigned""]",8,3,2,6,1,0.666667,0.25,0.363636
Qwen_2.5_7B,rag,case_80_staff_member_class,Code\untitled folder\results\plantuml_pipeline\runs\open_source__qwen25_7b_instruct__rag\case_80_staff_member_class\run_01.puml,dataset\case_80_staff_member_class\diagram.puml,sentence-transformers/all-MiniLM-L6-v2,0.800000,0.650000,"[""AssignedCampaign"",""Campaign Staff"",""CampaignStaff"",""Employed"",""Ex-employee"",""NotAssigned"",""NotCampaignStaff"",""Staff Contact""]","[""Assigned"",""Unassigned"",""Working""]","[{""ground_truth_state"":""Employed"",""candidate_state"":""Working"",""ground_truth_normalized"":""employed"",""candidate_normalized"":""working"",""similarity"":0.651837,""match_type"":""relaxed""},{""ground_truth_state"":""NotAssigned"",""candidate_state"":""Assigned"",""ground_truth_normalized"":""not assigned"",""candidate_normalized"":""assigned"",""similarity"":0.857469,""match_type"":""strict""}]","[""AssignedCampaign"",""Campaign Staff"",""CampaignStaff"",""Ex-employee"",""NotCampaignStaff"",""Staff Contact""]","[""Unassigned""]",8,3,2,6,1,0.666667,0.25,0.363636
Qwen_2.5_7B,syntax_grounded_repair,case_80_staff_member_class,Code\untitled folder\results\plantuml_pipeline\runs\open_source__qwen25_7b_instruct__rag_validation_generator_critic_repair__syntax_grounded_original_rag\case_80_staff_member_class\run_01.puml,dataset\case_80_staff_member_class\diagram.puml,sentence-transformers/all-MiniLM-L6-v2,0.800000,0.650000,"[""AssignedCampaign"",""Campaign Staff"",""CampaignStaff"",""Employed"",""Ex-employee"",""NotAssigned"",""NotCampaignStaff"",""Staff Contact""]","[""Assigned"",""Unassigned"",""Working""]","[{""ground_truth_state"":""Employed"",""candidate_state"":""Working"",""ground_truth_normalized"":""employed"",""candidate_normalized"":""working"",""similarity"":0.651837,""match_type"":""relaxed""},{""ground_truth_state"":""NotAssigned"",""candidate_state"":""Assigned"",""ground_truth_normalized"":""not assigned"",""candidate_normalized"":""assigned"",""similarity"":0.857469,""match_type"":""strict""}]","[""AssignedCampaign"",""Campaign Staff"",""CampaignStaff"",""Ex-employee"",""NotCampaignStaff"",""Staff Contact""]","[""Unassigned""]",8,3,2,6,1,0.666667,0.25,0.363636
