llm_name,method_name,case_id,candidate_path,ground_truth_path,embedding_model,similarity_threshold,relaxed_similarity_threshold,ground_truth_states,candidate_states,matched_state_pairs,missing_ground_truth_states,extra_candidate_states,ground_truth_state_count,candidate_state_count,matched_state_count,missing_state_count,extra_state_count,semantic_state_precision,semantic_state_recall,semantic_state_f1
DeepSeek_R1_14B,few_shot,case_01_healthcare_portal,results\plantuml_pipeline_run3\runs\open_source__deepseek_r1_14b__few_shot\case_01_healthcare_portal\run_01.puml,dataset\case_01_healthcare_portal\diagram.puml,sentence-transformers/all-MiniLM-L6-v2,0.800000,0.480000,"[""Apply"",""Cash"",""Check fitness"",""Facilities"",""Feedback"",""Finance"",""Login"",""Logout"",""News and Experts"",""Payment"",""Register"",""Symptoms checker""]","[""CashPayment"",""FacilityAccess"",""HealthInfo"",""Idle"",""InsurancePayment"",""LoggedIn"",""SignIn"",""ProcessingInsurance"",""ReadingContent"",""Registering"",""Registered"",""RegistrationFailed"",""SelectPaymentMethod"",""ViewingResult""]","[{""ground_truth_state"":""Cash"",""candidate_state"":""CashPayment"",""ground_truth_normalized"":""cash"",""candidate_normalized"":""cash"",""similarity"":1.0,""match_type"":""exact_normalized""},{""ground_truth_state"":""Facilities"",""candidate_state"":""FacilityAccess"",""ground_truth_normalized"":""facilities"",""candidate_normalized"":""facility access"",""similarity"":0.782966,""match_type"":""relaxed""},{""ground_truth_state"":""Login"",""candidate_state"":""SignIn"",""ground_truth_normalized"":""login"",""candidate_normalized"":""login"",""similarity"":1.0,""match_type"":""exact_normalized""},{""ground_truth_state"":""Logout"",""candidate_state"":""LoggedIn"",""ground_truth_normalized"":""logout"",""candidate_normalized"":""login"",""similarity"":0.585909,""match_type"":""relaxed""},{""ground_truth_state"":""Payment"",""candidate_state"":""InsurancePayment"",""ground_truth_normalized"":""payment"",""candidate_normalized"":""insurance payment"",""similarity"":0.617433,""match_type"":""relaxed_lexical""},{""ground_truth_state"":""Register"",""candidate_state"":""Registered"",""ground_truth_normalized"":""registration"",""candidate_normalized"":""registration"",""similarity"":1.0,""match_type"":""exact_normalized""}]","[""Apply"",""Check fitness"",""Feedback"",""Finance"",""News and Experts"",""Symptoms checker""]","[""HealthInfo"",""Idle"",""ProcessingInsurance"",""ReadingContent"",""Registering"",""RegistrationFailed"",""SelectPaymentMethod"",""ViewingResult""]",12,14,6,6,8,0.428571,0.5,0.461538
Llama_3.1_8B,few_shot,case_01_healthcare_portal,results\plantuml_pipeline_run3\runs\open_source__llama31_8b_instruct__few_shot\case_01_healthcare_portal\run_01.puml,dataset\case_01_healthcare_portal\diagram.puml,sentence-transformers/all-MiniLM-L6-v2,0.800000,0.480000,"[""Apply"",""Cash"",""Check fitness"",""Facilities"",""Feedback"",""Finance"",""Login"",""Logout"",""News and Experts"",""Payment"",""Register"",""Symptoms checker""]","[""Access Facilities"",""Authentication"",""Check Symptoms or Fitness Options"",""Collect User Feedback"",""Complete Insurance-Based Payment Process"",""Continue Using System or Finish Session"",""Enter Details"",""Enter Member_ID"",""Enter Password"",""Get Member_ID"",""Inform Cash Payment Details"",""Invalid Member_ID or Password"",""Payment Processing"",""Re-enter Details"",""Registration"",""Select Payment Method (Cash or Insurance)"",""successful Login"",""Successful Registration"",""View News and Expert Content""]","[{""ground_truth_state"":""Cash"",""candidate_state"":""Inform Cash Payment Details"",""ground_truth_normalized"":""cash"",""candidate_normalized"":""inform cash payment details"",""similarity"":0.463821,""match_type"":""relaxed_lexical""},{""ground_truth_state"":""Check fitness"",""candidate_state"":""Check Symptoms or Fitness Options"",""ground_truth_normalized"":""check fitness"",""candidate_normalized"":""check symptoms or fitness options"",""similarity"":0.696635,""match_type"":""relaxed_lexical""},{""ground_truth_state"":""Facilities"",""candidate_state"":""Access Facilities"",""ground_truth_normalized"":""facilities"",""candidate_normalized"":""access facilities"",""similarity"":0.778238,""match_type"":""relaxed_lexical""},{""ground_truth_state"":""Feedback"",""candidate_state"":""Collect User Feedback"",""ground_truth_normalized"":""feedback"",""candidate_normalized"":""collect user feedback"",""similarity"":0.721586,""match_type"":""relaxed_lexical""},{""ground_truth_state"":""Login"",""candidate_state"":""successful Login"",""ground_truth_normalized"":""login"",""candidate_normalized"":""successful login"",""similarity"":0.75129,""match_type"":""relaxed_lexical""},{""ground_truth_state"":""News and Experts"",""candidate_state"":""View News and Expert Content"",""ground_truth_normalized"":""news and experts"",""candidate_normalized"":""view news and expert content"",""similarity"":0.748235,""match_type"":""relaxed""},{""ground_truth_state"":""Payment"",""candidate_state"":""Payment Processing"",""ground_truth_normalized"":""payment"",""candidate_normalized"":""payment processing"",""similarity"":0.780709,""match_type"":""relaxed_lexical""},{""ground_truth_state"":""Register"",""candidate_state"":""Registration"",""ground_truth_normalized"":""registration"",""candidate_normalized"":""registration"",""similarity"":1.0,""match_type"":""exact_normalized""}]","[""Apply"",""Finance"",""Logout"",""Symptoms checker""]","[""Authentication"",""Complete Insurance-Based Payment Process"",""Continue Using System or Finish Session"",""Enter Details"",""Enter Member_ID"",""Enter Password"",""Get Member_ID"",""Invalid Member_ID or Password"",""Re-enter Details"",""Select Payment Method (Cash or Insurance)"",""Successful Registration""]",12,19,8,4,11,0.421053,0.666667,0.516129
Mistral,rag,case_01_healthcare_portal,results\plantuml_pipeline_run3\runs\open_source__mistral__rag\case_01_healthcare_portal\run_01.puml,dataset\case_01_healthcare_portal\diagram.puml,sentence-transformers/all-MiniLM-L6-v2,0.800000,0.480000,"[""Apply"",""Cash"",""Check fitness"",""Facilities"",""Feedback"",""Finance"",""Login"",""Logout"",""News and Experts"",""Payment"",""Register"",""Symptoms checker""]","[""CashPaymentDetails"",""FacilityAccess"",""FeedbackCollection"",""HealthInfo"",""InsurancePayment"",""Logout"",""newUser"",""NewsContent"",""PaymentSelection"",""RegistrationFailed"",""RegisteredUser"",""SignInFailed""]","[{""ground_truth_state"":""Cash"",""candidate_state"":""CashPaymentDetails"",""ground_truth_normalized"":""cash"",""candidate_normalized"":""cash payment details"",""similarity"":0.58581,""match_type"":""relaxed_lexical""},{""ground_truth_state"":""Facilities"",""candidate_state"":""FacilityAccess"",""ground_truth_normalized"":""facilities"",""candidate_normalized"":""facility access"",""similarity"":0.782966,""match_type"":""relaxed""},{""ground_truth_state"":""Feedback"",""candidate_state"":""FeedbackCollection"",""ground_truth_normalized"":""feedback"",""candidate_normalized"":""feedback collection"",""similarity"":0.722266,""match_type"":""relaxed_lexical""},{""ground_truth_state"":""Login"",""candidate_state"":""SignInFailed"",""ground_truth_normalized"":""login"",""candidate_normalized"":""sign in failed"",""similarity"":0.586075,""match_type"":""relaxed""},{""ground_truth_state"":""Logout"",""candidate_state"":""Logout"",""ground_truth_normalized"":""logout"",""candidate_normalized"":""logout"",""similarity"":1.0,""match_type"":""exact_normalized""},{""ground_truth_state"":""News and Experts"",""candidate_state"":""NewsContent"",""ground_truth_normalized"":""news and experts"",""candidate_normalized"":""news content"",""similarity"":0.60733,""match_type"":""relaxed""},{""ground_truth_state"":""Payment"",""candidate_state"":""PaymentSelection"",""ground_truth_normalized"":""payment"",""candidate_normalized"":""payment selection"",""similarity"":0.70913,""match_type"":""relaxed_lexical""},{""ground_truth_state"":""Register"",""candidate_state"":""RegisteredUser"",""ground_truth_normalized"":""registration"",""candidate_normalized"":""registration user"",""similarity"":0.791416,""match_type"":""relaxed_lexical""}]","[""Apply"",""Check fitness"",""Finance"",""Symptoms checker""]","[""HealthInfo"",""InsurancePayment"",""newUser"",""RegistrationFailed""]",12,12,8,4,4,0.666667,0.666667,0.666667
Qwen_2.5_7B,rag,case_01_healthcare_portal,results\plantuml_pipeline_run3\runs\open_source__qwen25_7b_instruct__rag\case_01_healthcare_portal\run_01.puml,dataset\case_01_healthcare_portal\diagram.puml,sentence-transformers/all-MiniLM-L6-v2,0.800000,0.480000,"[""Apply"",""Cash"",""Check fitness"",""Facilities"",""Feedback"",""Finance"",""Login"",""Logout"",""News and Experts"",""Payment"",""Register"",""Symptoms checker""]","[""FacilityAccess"",""FeedbackCollection"",""InsuranceProcessing"",""Login"",""Logout"",""NewsAndContent"",""PaymentProcess"",""Registration"",""SymptomChecker""]","[{""ground_truth_state"":""Facilities"",""candidate_state"":""FacilityAccess"",""ground_truth_normalized"":""facilities"",""candidate_normalized"":""facility access"",""similarity"":0.782966,""match_type"":""relaxed""},{""ground_truth_state"":""Feedback"",""candidate_state"":""FeedbackCollection"",""ground_truth_normalized"":""feedback"",""candidate_normalized"":""feedback collection"",""similarity"":0.722266,""match_type"":""relaxed_lexical""},{""ground_truth_state"":""Login"",""candidate_state"":""Login"",""ground_truth_normalized"":""login"",""candidate_normalized"":""login"",""similarity"":1.0,""match_type"":""exact_normalized""},{""ground_truth_state"":""Logout"",""candidate_state"":""Logout"",""ground_truth_normalized"":""logout"",""candidate_normalized"":""logout"",""similarity"":1.0,""match_type"":""exact_normalized""},{""ground_truth_state"":""News and Experts"",""candidate_state"":""NewsAndContent"",""ground_truth_normalized"":""news and experts"",""candidate_normalized"":""news and content"",""similarity"":0.627486,""match_type"":""relaxed""},{""ground_truth_state"":""Payment"",""candidate_state"":""PaymentProcess"",""ground_truth_normalized"":""payment"",""candidate_normalized"":""payment process"",""similarity"":0.80333,""match_type"":""strict""},{""ground_truth_state"":""Register"",""candidate_state"":""Registration"",""ground_truth_normalized"":""registration"",""candidate_normalized"":""registration"",""similarity"":1.0,""match_type"":""exact_normalized""},{""ground_truth_state"":""Symptoms checker"",""candidate_state"":""SymptomChecker"",""ground_truth_normalized"":""symptoms checker"",""candidate_normalized"":""symptoms checker"",""similarity"":1.0,""match_type"":""exact_normalized""}]","[""Apply"",""Cash"",""Check fitness"",""Finance""]","[""InsuranceProcessing""]",12,9,8,4,1,0.888889,0.666667,0.761905
DeepSeek_R1_14B,few_shot,case_02_inventory,results\plantuml_pipeline_run3\runs\open_source__deepseek_r1_14b__few_shot\case_02_inventory\run_01.puml,dataset\case_02_inventory\diagram.puml,sentence-transformers/all-MiniLM-L6-v2,0.800000,0.480000,"[""Add Goods"",""Authentication Login"",""Cancel Receipt"",""Customer Request"",""Dashboard"",""Remove Goods"",""Edit Goods"",""Expired Goods"",""Final State"",""Invoice Generation"",""Place Order"",""Receipt Generation"",""Replace Item"",""Search Item"",""Tax Generation"",""View Summary Report""]","[""AddNewItem"",""CalculateDiscountTax"",""RemoveItem"",""End"",""PlaceOrder"",""PurchaseSelectedItem"",""RecordRequest"",""ReplaceOrCancelReceipt"",""GenerateInvoice"",""GenerateReceipt"",""SearchInventory"",""Start"",""UpdatePrice"",""ViewReport""]","[{""ground_truth_state"":""Add Goods"",""candidate_state"":""AddNewItem"",""ground_truth_normalized"":""add goods"",""candidate_normalized"":""add new item"",""similarity"":0.577854,""match_type"":""relaxed""},{""ground_truth_state"":""Cancel Receipt"",""candidate_state"":""ReplaceOrCancelReceipt"",""ground_truth_normalized"":""cancel receipt"",""candidate_normalized"":""replace or cancel receipt"",""similarity"":0.889535,""match_type"":""strict""},{""ground_truth_state"":""Customer Request"",""candidate_state"":""RecordRequest"",""ground_truth_normalized"":""customer request"",""candidate_normalized"":""record request"",""similarity"":0.549682,""match_type"":""relaxed""},{""ground_truth_state"":""Remove Goods"",""candidate_state"":""RemoveItem"",""ground_truth_normalized"":""delete goods"",""candidate_normalized"":""delete item"",""similarity"":0.678744,""match_type"":""relaxed""},{""ground_truth_state"":""Invoice Generation"",""candidate_state"":""GenerateInvoice"",""ground_truth_normalized"":""invoice generation"",""candidate_normalized"":""report invoice"",""similarity"":0.740952,""match_type"":""relaxed""},{""ground_truth_state"":""Place Order"",""candidate_state"":""PlaceOrder"",""ground_truth_normalized"":""place order"",""candidate_normalized"":""place order"",""similarity"":1.0,""match_type"":""exact_normalized""},{""ground_truth_state"":""Receipt Generation"",""candidate_state"":""GenerateReceipt"",""ground_truth_normalized"":""receipt generation"",""candidate_normalized"":""report receipt"",""similarity"":0.679628,""match_type"":""relaxed""},{""ground_truth_state"":""Search Item"",""candidate_state"":""SearchInventory"",""ground_truth_normalized"":""search item"",""candidate_normalized"":""search inventory"",""similarity"":0.706338,""match_type"":""relaxed""},{""ground_truth_state"":""View Summary Report"",""candidate_state"":""ViewReport"",""ground_truth_normalized"":""view summary report"",""candidate_normalized"":""view report"",""similarity"":0.833872,""match_type"":""strict""}]","[""Authentication Login"",""Dashboard"",""Edit Goods"",""Expired Goods"",""Final State"",""Replace Item"",""Tax Generation""]","[""CalculateDiscountTax"",""End"",""PurchaseSelectedItem"",""Start"",""UpdatePrice""]",16,14,9,7,5,0.642857,0.5625,0.6
Llama_3.1_8B,few_shot,case_02_inventory,results\plantuml_pipeline_run3\runs\open_source__llama31_8b_instruct__few_shot\case_02_inventory\run_01.puml,dataset\case_02_inventory\diagram.puml,sentence-transformers/all-MiniLM-L6-v2,0.800000,0.480000,"[""Add Goods"",""Authentication Login"",""Cancel Receipt"",""Customer Request"",""Dashboard"",""Remove Goods"",""Edit Goods"",""Expired Goods"",""Final State"",""Invoice Generation"",""Place Order"",""Receipt Generation"",""Replace Item"",""Search Item"",""Tax Generation"",""View Summary Report""]","[""Add Goods"",""Calculate Discount and Tax"",""Remove Goods"",""Identify Expired Goods"",""Notify User"",""Place Order"",""Record Customer Request"",""Replace Item or Cancel Receipt"",""Generate Invoice"",""Generate Receipt"",""Search Items"",""Select Items for Purchase"",""Update Price"",""View Summary Report""]","[{""ground_truth_state"":""Add Goods"",""candidate_state"":""Add Goods"",""ground_truth_normalized"":""add goods"",""candidate_normalized"":""add goods"",""similarity"":1.0,""match_type"":""exact_normalized""},{""ground_truth_state"":""Cancel Receipt"",""candidate_state"":""Replace Item or Cancel Receipt"",""ground_truth_normalized"":""cancel receipt"",""candidate_normalized"":""replace item or cancel receipt"",""similarity"":0.835896,""match_type"":""strict""},{""ground_truth_state"":""Customer Request"",""candidate_state"":""Record Customer Request"",""ground_truth_normalized"":""customer request"",""candidate_normalized"":""record customer request"",""similarity"":0.693038,""match_type"":""relaxed_lexical""},{""ground_truth_state"":""Remove Goods"",""candidate_state"":""Remove Goods"",""ground_truth_normalized"":""delete goods"",""candidate_normalized"":""delete goods"",""similarity"":1.0,""match_type"":""exact_normalized""},{""ground_truth_state"":""Expired Goods"",""candidate_state"":""Identify Expired Goods"",""ground_truth_normalized"":""expired goods"",""candidate_normalized"":""identify expired goods"",""similarity"":0.92004,""match_type"":""strict""},{""ground_truth_state"":""Invoice Generation"",""candidate_state"":""Generate Invoice"",""ground_truth_normalized"":""invoice generation"",""candidate_normalized"":""report invoice"",""similarity"":0.740952,""match_type"":""relaxed""},{""ground_truth_state"":""Place Order"",""candidate_state"":""Place Order"",""ground_truth_normalized"":""place order"",""candidate_normalized"":""place order"",""similarity"":1.0,""match_type"":""exact_normalized""},{""ground_truth_state"":""Receipt Generation"",""candidate_state"":""Generate Receipt"",""ground_truth_normalized"":""receipt generation"",""candidate_normalized"":""report receipt"",""similarity"":0.679628,""match_type"":""relaxed""},{""ground_truth_state"":""Search Item"",""candidate_state"":""Search Items"",""ground_truth_normalized"":""search item"",""candidate_normalized"":""search items"",""similarity"":0.946636,""match_type"":""strict""},{""ground_truth_state"":""View Summary Report"",""candidate_state"":""View Summary Report"",""ground_truth_normalized"":""view summary report"",""candidate_normalized"":""view summary report"",""similarity"":1.0,""match_type"":""exact_normalized""}]","[""Authentication Login"",""Dashboard"",""Edit Goods"",""Final State"",""Replace Item"",""Tax Generation""]","[""Calculate Discount and Tax"",""Notify User"",""Select Items for Purchase"",""Update Price""]",16,14,10,6,4,0.714286,0.625,0.666667
Mistral,rag,case_02_inventory,results\plantuml_pipeline_run3\runs\open_source__mistral__rag\case_02_inventory\run_01.puml,dataset\case_02_inventory\diagram.puml,sentence-transformers/all-MiniLM-L6-v2,0.800000,0.480000,"[""Add Goods"",""Authentication Login"",""Cancel Receipt"",""Customer Request"",""Dashboard"",""Remove Goods"",""Edit Goods"",""Expired Goods"",""Final State"",""Invoice Generation"",""Place Order"",""Receipt Generation"",""Replace Item"",""Search Item"",""Tax Generation"",""View Summary Report""]","[""ArtGalleryManagement"",""CustomerDashboard"",""CustomerRegistration"",""InventoryManagement"",""MarketplaceManagement"",""TextileProduction""]","[{""ground_truth_state"":""Add Goods"",""candidate_state"":""InventoryManagement"",""ground_truth_normalized"":""add goods"",""candidate_normalized"":""inventory management"",""similarity"":0.489002,""match_type"":""relaxed""},{""ground_truth_state"":""Customer Request"",""candidate_state"":""CustomerRegistration"",""ground_truth_normalized"":""customer request"",""candidate_normalized"":""customer registration"",""similarity"":0.557713,""match_type"":""relaxed""},{""ground_truth_state"":""Dashboard"",""candidate_state"":""CustomerDashboard"",""ground_truth_normalized"":""dashboard"",""candidate_normalized"":""customer dashboard"",""similarity"":0.804349,""match_type"":""strict""}]","[""Authentication Login"",""Cancel Receipt"",""Remove Goods"",""Edit Goods"",""Expired Goods"",""Final State"",""Invoice Generation"",""Place Order"",""Receipt Generation"",""Replace Item"",""Search Item"",""Tax Generation"",""View Summary Report""]","[""ArtGalleryManagement"",""MarketplaceManagement"",""TextileProduction""]",16,6,3,13,3,0.5,0.1875,0.272727
Qwen_2.5_7B,rag,case_02_inventory,results\plantuml_pipeline_run3\runs\open_source__qwen25_7b_instruct__rag\case_02_inventory\run_01.puml,dataset\case_02_inventory\diagram.puml,sentence-transformers/all-MiniLM-L6-v2,0.800000,0.480000,"[""Add Goods"",""Authentication Login"",""Cancel Receipt"",""Customer Request"",""Dashboard"",""Remove Goods"",""Edit Goods"",""Expired Goods"",""Final State"",""Invoice Generation"",""Place Order"",""Receipt Generation"",""Replace Item"",""Search Item"",""Tax Generation"",""View Summary Report""]","[""AddNewGoods"",""CalculateDiscountTax"",""RemoveGoods"",""ExpiredGoods"",""InventoryRegistration"",""PlaceOrder"",""RecordRequests"",""ReplaceOrCancel"",""GenerateInvoice"",""GenerateReceipt"",""GenerateSummaryReport"",""SearchItems"",""UpdatePrice"",""UserInterface""]","[{""ground_truth_state"":""Add Goods"",""candidate_state"":""AddNewGoods"",""ground_truth_normalized"":""add goods"",""candidate_normalized"":""add new goods"",""similarity"":0.91487,""match_type"":""strict""},{""ground_truth_state"":""Customer Request"",""candidate_state"":""RecordRequests"",""ground_truth_normalized"":""customer request"",""candidate_normalized"":""record request"",""similarity"":0.549682,""match_type"":""relaxed""},{""ground_truth_state"":""Remove Goods"",""candidate_state"":""RemoveGoods"",""ground_truth_normalized"":""delete goods"",""candidate_normalized"":""delete goods"",""similarity"":1.0,""match_type"":""exact_normalized""},{""ground_truth_state"":""Expired Goods"",""candidate_state"":""ExpiredGoods"",""ground_truth_normalized"":""expired goods"",""candidate_normalized"":""expired goods"",""similarity"":1.0,""match_type"":""exact_normalized""},{""ground_truth_state"":""Invoice Generation"",""candidate_state"":""GenerateInvoice"",""ground_truth_normalized"":""invoice generation"",""candidate_normalized"":""report invoice"",""similarity"":0.740952,""match_type"":""relaxed""},{""ground_truth_state"":""Place Order"",""candidate_state"":""PlaceOrder"",""ground_truth_normalized"":""place order"",""candidate_normalized"":""place order"",""similarity"":1.0,""match_type"":""exact_normalized""},{""ground_truth_state"":""Receipt Generation"",""candidate_state"":""GenerateReceipt"",""ground_truth_normalized"":""receipt generation"",""candidate_normalized"":""report receipt"",""similarity"":0.679628,""match_type"":""relaxed""},{""ground_truth_state"":""Replace Item"",""candidate_state"":""ReplaceOrCancel"",""ground_truth_normalized"":""replace item"",""candidate_normalized"":""replace or cancel"",""similarity"":0.540565,""match_type"":""relaxed""},{""ground_truth_state"":""Search Item"",""candidate_state"":""SearchItems"",""ground_truth_normalized"":""search item"",""candidate_normalized"":""search items"",""similarity"":0.946636,""match_type"":""strict""},{""ground_truth_state"":""View Summary Report"",""candidate_state"":""GenerateSummaryReport"",""ground_truth_normalized"":""view summary report"",""candidate_normalized"":""report summary report"",""similarity"":0.851497,""match_type"":""strict""}]","[""Authentication Login"",""Cancel Receipt"",""Dashboard"",""Edit Goods"",""Final State"",""Tax Generation""]","[""CalculateDiscountTax"",""InventoryRegistration"",""UpdatePrice"",""UserInterface""]",16,14,10,6,4,0.714286,0.625,0.666667
DeepSeek_R1_14B,few_shot,case_12_business_process_outsourcing_bpo_management_system_2,results\plantuml_pipeline_run3\runs\open_source__deepseek_r1_14b__few_shot\case_12_business_process_outsourcing_bpo_management_system_2\run_01.puml,dataset\case_12_business_process_outsourcing_bpo_management_system_2\diagram.puml,sentence-transformers/all-MiniLM-L6-v2,0.800000,0.480000,"[""search and display"",""Search users"",""Choose category"",""Choose rate range""]","[""Filter Selection"",""Initial"",""Results Displayed"",""Search Processing""]","[{""ground_truth_state"":""search and display"",""candidate_state"":""Search Processing"",""ground_truth_normalized"":""search and view"",""candidate_normalized"":""search processing"",""similarity"":0.609583,""match_type"":""relaxed""}]","[""Search users"",""Choose category"",""Choose rate range""]","[""Filter Selection"",""Initial"",""Results Displayed""]",4,4,1,3,3,0.25,0.25,0.25
Llama_3.1_8B,few_shot,case_12_business_process_outsourcing_bpo_management_system_2,results\plantuml_pipeline_run3\runs\open_source__llama31_8b_instruct__few_shot\case_12_business_process_outsourcing_bpo_management_system_2\run_01.puml,dataset\case_12_business_process_outsourcing_bpo_management_system_2\diagram.puml,sentence-transformers/all-MiniLM-L6-v2,0.800000,0.480000,"[""search and display"",""Search users"",""Choose category"",""Choose rate range""]","[""Search"",""Select Filter Category"",""Select Price Range""]","[{""ground_truth_state"":""search and display"",""candidate_state"":""Search"",""ground_truth_normalized"":""search and view"",""candidate_normalized"":""search"",""similarity"":0.668258,""match_type"":""relaxed_lexical""},{""ground_truth_state"":""Choose category"",""candidate_state"":""Select Filter Category"",""ground_truth_normalized"":""select category"",""candidate_normalized"":""select filter category"",""similarity"":0.829821,""match_type"":""strict""},{""ground_truth_state"":""Choose rate range"",""candidate_state"":""Select Price Range"",""ground_truth_normalized"":""select rate range"",""candidate_normalized"":""select price range"",""similarity"":0.699441,""match_type"":""relaxed""}]","[""Search users""]",[],4,3,3,1,0,1.0,0.75,0.857143
Mistral,rag,case_12_business_process_outsourcing_bpo_management_system_2,results\plantuml_pipeline_run3\runs\open_source__mistral__rag\case_12_business_process_outsourcing_bpo_management_system_2\run_01.puml,dataset\case_12_business_process_outsourcing_bpo_management_system_2\diagram.puml,sentence-transformers/all-MiniLM-L6-v2,0.800000,0.480000,"[""search and display"",""Search users"",""Choose category"",""Choose rate range""]","[""ChangePassword"",""changePassword"",""failure"",""Login"",""loginFailure"",""loginSuccess"",""logout"",""ManageProfile"",""manageProfile"",""Registration"",""saveChanges"",""success"",""UpdateDetails"",""updateDetails"",""UserDashboard"",""UserLogin"",""validateChanges""]","[{""ground_truth_state"":""Search users"",""candidate_state"":""UserLogin"",""ground_truth_normalized"":""search user"",""candidate_normalized"":""user login"",""similarity"":0.582314,""match_type"":""relaxed""}]","[""search and display"",""Choose category"",""Choose rate range""]","[""ChangePassword"",""changePassword"",""failure"",""Login"",""loginFailure"",""loginSuccess"",""logout"",""ManageProfile"",""manageProfile"",""Registration"",""saveChanges"",""success"",""UpdateDetails"",""updateDetails"",""UserDashboard"",""validateChanges""]",4,17,1,3,16,0.058824,0.25,0.095238
Qwen_2.5_7B,rag,case_12_business_process_outsourcing_bpo_management_system_2,results\plantuml_pipeline_run3\runs\open_source__qwen25_7b_instruct__rag\case_12_business_process_outsourcing_bpo_management_system_2\run_01.puml,dataset\case_12_business_process_outsourcing_bpo_management_system_2\diagram.puml,sentence-transformers/all-MiniLM-L6-v2,0.800000,0.480000,"[""search and display"",""Search users"",""Choose category"",""Choose rate range""]","[""Search By Filter"",""Select Category"",""Select Price Range"",""Display Matching Users""]","[{""ground_truth_state"":""search and display"",""candidate_state"":""Search By Filter"",""ground_truth_normalized"":""search and view"",""candidate_normalized"":""search by filter"",""similarity"":0.608668,""match_type"":""relaxed""},{""ground_truth_state"":""Search users"",""candidate_state"":""Display Matching Users"",""ground_truth_normalized"":""search user"",""candidate_normalized"":""view matching user"",""similarity"":0.585992,""match_type"":""relaxed""},{""ground_truth_state"":""Choose category"",""candidate_state"":""Select Category"",""ground_truth_normalized"":""select category"",""candidate_normalized"":""select category"",""similarity"":1.0,""match_type"":""exact_normalized""},{""ground_truth_state"":""Choose rate range"",""candidate_state"":""Select Price Range"",""ground_truth_normalized"":""select rate range"",""candidate_normalized"":""select price range"",""similarity"":0.699441,""match_type"":""relaxed""}]",[],[],4,4,4,0,0,1.0,1.0,1.0
DeepSeek_R1_14B,few_shot,case_15_e_ticketing_for_bus,results\plantuml_pipeline_run3\runs\open_source__deepseek_r1_14b__few_shot\case_15_e_ticketing_for_bus\run_01.puml,dataset\case_15_e_ticketing_for_bus\diagram.puml,sentence-transformers/all-MiniLM-L6-v2,0.800000,0.480000,"[""CheckStatus"",""Confirmation"",""Login"",""LoginStart"",""Logout"",""ManageAccount"",""Payment"",""Register"",""Reservation""]","[""BackToLoggedIn"",""BookTicket"",""CheckTicketStatus"",""Confirmation"",""DeleteAccount"",""EditingDetails"",""finallyLoggedOut"",""LoggedIn"",""Login"",""Logout"",""ManageAccount"",""Payment"",""Register"",""Registered"",""SaveChanges"",""Unregistered""]","[{""ground_truth_state"":""CheckStatus"",""candidate_state"":""CheckTicketStatus"",""ground_truth_normalized"":""check status"",""candidate_normalized"":""check ticket status"",""similarity"":0.749933,""match_type"":""relaxed_lexical""},{""ground_truth_state"":""Confirmation"",""candidate_state"":""Confirmation"",""ground_truth_normalized"":""confirmation"",""candidate_normalized"":""confirmation"",""similarity"":1.0,""match_type"":""exact_normalized""},{""ground_truth_state"":""Login"",""candidate_state"":""LoggedIn"",""ground_truth_normalized"":""login"",""candidate_normalized"":""login"",""similarity"":1.0,""match_type"":""exact_normalized""},{""ground_truth_state"":""LoginStart"",""candidate_state"":""Login"",""ground_truth_normalized"":""login start"",""candidate_normalized"":""login"",""similarity"":0.755781,""match_type"":""relaxed_lexical""},{""ground_truth_state"":""Logout"",""candidate_state"":""Logout"",""ground_truth_normalized"":""logout"",""candidate_normalized"":""logout"",""similarity"":1.0,""match_type"":""exact_normalized""},{""ground_truth_state"":""ManageAccount"",""candidate_state"":""ManageAccount"",""ground_truth_normalized"":""manage account"",""candidate_normalized"":""manage account"",""similarity"":1.0,""match_type"":""exact_normalized""},{""ground_truth_state"":""Payment"",""candidate_state"":""Payment"",""ground_truth_normalized"":""payment"",""candidate_normalized"":""payment"",""similarity"":1.0,""match_type"":""exact_normalized""},{""ground_truth_state"":""Register"",""candidate_state"":""Register"",""ground_truth_normalized"":""registration"",""candidate_normalized"":""registration"",""similarity"":1.0,""match_type"":""exact_normalized""}]","[""Reservation""]","[""BackToLoggedIn"",""BookTicket"",""DeleteAccount"",""EditingDetails"",""finallyLoggedOut"",""Registered"",""SaveChanges"",""Unregistered""]",9,16,8,1,8,0.5,0.888889,0.64
Llama_3.1_8B,few_shot,case_15_e_ticketing_for_bus,results\plantuml_pipeline_run3\runs\open_source__llama31_8b_instruct__few_shot\case_15_e_ticketing_for_bus\run_01.puml,dataset\case_15_e_ticketing_for_bus\diagram.puml,sentence-transformers/all-MiniLM-L6-v2,0.800000,0.480000,"[""CheckStatus"",""Confirmation"",""Login"",""LoginStart"",""Logout"",""ManageAccount"",""Payment"",""Register"",""Reservation""]","[""Book Ticket"",""Check Ticket Status"",""Login"",""Logout"",""Manage Account"",""Payment"",""Create Account"",""Validate Registration""]","[{""ground_truth_state"":""CheckStatus"",""candidate_state"":""Check Ticket Status"",""ground_truth_normalized"":""check status"",""candidate_normalized"":""check ticket status"",""similarity"":0.749933,""match_type"":""relaxed_lexical""},{""ground_truth_state"":""Login"",""candidate_state"":""Login"",""ground_truth_normalized"":""login"",""candidate_normalized"":""login"",""similarity"":1.0,""match_type"":""exact_normalized""},{""ground_truth_state"":""Logout"",""candidate_state"":""Logout"",""ground_truth_normalized"":""logout"",""candidate_normalized"":""logout"",""similarity"":1.0,""match_type"":""exact_normalized""},{""ground_truth_state"":""ManageAccount"",""candidate_state"":""Manage Account"",""ground_truth_normalized"":""manage account"",""candidate_normalized"":""manage account"",""similarity"":1.0,""match_type"":""exact_normalized""},{""ground_truth_state"":""Payment"",""candidate_state"":""Payment"",""ground_truth_normalized"":""payment"",""candidate_normalized"":""payment"",""similarity"":1.0,""match_type"":""exact_normalized""},{""ground_truth_state"":""Register"",""candidate_state"":""Create Account"",""ground_truth_normalized"":""registration"",""candidate_normalized"":""registration"",""similarity"":1.0,""match_type"":""exact_normalized""}]","[""Confirmation"",""LoginStart"",""Reservation""]","[""Book Ticket"",""Validate Registration""]",9,8,6,3,2,0.75,0.666667,0.705882
Mistral,rag,case_15_e_ticketing_for_bus,results\plantuml_pipeline_run3\runs\open_source__mistral__rag\case_15_e_ticketing_for_bus\run_01.puml,dataset\case_15_e_ticketing_for_bus\diagram.puml,sentence-transformers/all-MiniLM-L6-v2,0.800000,0.480000,"[""CheckStatus"",""Confirmation"",""Login"",""LoginStart"",""Logout"",""ManageAccount"",""Payment"",""Register"",""Reservation""]",[],[],"[""CheckStatus"",""Confirmation"",""Login"",""LoginStart"",""Logout"",""ManageAccount"",""Payment"",""Register"",""Reservation""]",[],9,0,0,9,0,0.0,0.0,0.0
Qwen_2.5_7B,rag,case_15_e_ticketing_for_bus,results\plantuml_pipeline_run3\runs\open_source__qwen25_7b_instruct__rag\case_15_e_ticketing_for_bus\run_01.puml,dataset\case_15_e_ticketing_for_bus\diagram.puml,sentence-transformers/all-MiniLM-L6-v2,0.800000,0.480000,"[""CheckStatus"",""Confirmation"",""Login"",""LoginStart"",""Logout"",""ManageAccount"",""Payment"",""Register"",""Reservation""]","[""B1"",""L1"",""L2"",""M1"",""P1"",""R3"",""T1""]",[],"[""CheckStatus"",""Confirmation"",""Login"",""LoginStart"",""Logout"",""ManageAccount"",""Payment"",""Register"",""Reservation""]","[""B1"",""L1"",""L2"",""M1"",""P1"",""R3"",""T1""]",9,7,0,9,7,0.0,0.0,0.0
DeepSeek_R1_14B,few_shot,case_16_weather_monitoring_system,results\plantuml_pipeline_run3\runs\open_source__deepseek_r1_14b__few_shot\case_16_weather_monitoring_system\run_01.puml,dataset\case_16_weather_monitoring_system\diagram.puml,sentence-transformers/all-MiniLM-L6-v2,0.800000,0.480000,"[""Alert"",""FuturePrediction"",""Graph"",""LiveUpdate"",""login"",""Logout"",""MeasureDewPoint"",""MeasureHumidity"",""MeasurePressure"",""MeasureRainfall"",""MeasureTemperature"",""NewLocation"",""Register"",""UserLocation"",""Display"",""WeatherStatus"",""WeeklyAnalysis""]",[],[],"[""Alert"",""FuturePrediction"",""Graph"",""LiveUpdate"",""login"",""Logout"",""MeasureDewPoint"",""MeasureHumidity"",""MeasurePressure"",""MeasureRainfall"",""MeasureTemperature"",""NewLocation"",""Register"",""UserLocation"",""Display"",""WeatherStatus"",""WeeklyAnalysis""]",[],17,0,0,17,0,0.0,0.0,0.0
Llama_3.1_8B,few_shot,case_16_weather_monitoring_system,results\plantuml_pipeline_run3\runs\open_source__llama31_8b_instruct__few_shot\case_16_weather_monitoring_system\run_01.puml,dataset\case_16_weather_monitoring_system\diagram.puml,sentence-transformers/all-MiniLM-L6-v2,0.800000,0.480000,"[""Alert"",""FuturePrediction"",""Graph"",""LiveUpdate"",""login"",""Logout"",""MeasureDewPoint"",""MeasureHumidity"",""MeasurePressure"",""MeasureRainfall"",""MeasureTemperature"",""NewLocation"",""Register"",""UserLocation"",""Display"",""WeatherStatus"",""WeeklyAnalysis""]","[""InvalidLocation"",""InvalidRegistration"",""Logout"",""Create Account"",""ValidLocation"",""ValidLogin""]","[{""ground_truth_state"":""login"",""candidate_state"":""ValidLogin"",""ground_truth_normalized"":""login"",""candidate_normalized"":""valid login"",""similarity"":0.709723,""match_type"":""relaxed_lexical""},{""ground_truth_state"":""Logout"",""candidate_state"":""Logout"",""ground_truth_normalized"":""logout"",""candidate_normalized"":""logout"",""similarity"":1.0,""match_type"":""exact_normalized""},{""ground_truth_state"":""NewLocation"",""candidate_state"":""InvalidLocation"",""ground_truth_normalized"":""new location"",""candidate_normalized"":""invalid location"",""similarity"":0.540808,""match_type"":""relaxed""},{""ground_truth_state"":""Register"",""candidate_state"":""Create Account"",""ground_truth_normalized"":""registration"",""candidate_normalized"":""registration"",""similarity"":1.0,""match_type"":""exact_normalized""},{""ground_truth_state"":""UserLocation"",""candidate_state"":""ValidLocation"",""ground_truth_normalized"":""user location"",""candidate_normalized"":""valid location"",""similarity"":0.620118,""match_type"":""relaxed""}]","[""Alert"",""FuturePrediction"",""Graph"",""LiveUpdate"",""MeasureDewPoint"",""MeasureHumidity"",""MeasurePressure"",""MeasureRainfall"",""MeasureTemperature"",""Display"",""WeatherStatus"",""WeeklyAnalysis""]","[""InvalidRegistration""]",17,6,5,12,1,0.833333,0.294118,0.434783
Mistral,rag,case_16_weather_monitoring_system,results\plantuml_pipeline_run3\runs\open_source__mistral__rag\case_16_weather_monitoring_system\run_01.puml,dataset\case_16_weather_monitoring_system\diagram.puml,sentence-transformers/all-MiniLM-L6-v2,0.800000,0.480000,"[""Alert"",""FuturePrediction"",""Graph"",""LiveUpdate"",""login"",""Logout"",""MeasureDewPoint"",""MeasureHumidity"",""MeasurePressure"",""MeasureRainfall"",""MeasureTemperature"",""NewLocation"",""Register"",""UserLocation"",""Display"",""WeatherStatus"",""WeeklyAnalysis""]","[""Alerts"",""DewPoint"",""FuturePrediction"",""Graph"",""Humidity"",""InvalidLocation"",""InvalidLogin"",""InvalidRegistration"",""Logout"",""Pressure"",""ProfileManagement"",""Rainfall"",""SuccessfulLogin"",""SuccessfulRegistration"",""Temperature"",""ValidLocation"",""WeeklyAnalysis""]","[{""ground_truth_state"":""Alert"",""candidate_state"":""Alerts"",""ground_truth_normalized"":""alert"",""candidate_normalized"":""alerts"",""similarity"":0.901132,""match_type"":""strict""},{""ground_truth_state"":""FuturePrediction"",""candidate_state"":""FuturePrediction"",""ground_truth_normalized"":""future prediction"",""candidate_normalized"":""future prediction"",""similarity"":1.0,""match_type"":""exact_normalized""},{""ground_truth_state"":""Graph"",""candidate_state"":""Graph"",""ground_truth_normalized"":""graph"",""candidate_normalized"":""graph"",""similarity"":1.0,""match_type"":""exact_normalized""},{""ground_truth_state"":""login"",""candidate_state"":""SuccessfulLogin"",""ground_truth_normalized"":""login"",""candidate_normalized"":""successful login"",""similarity"":0.75129,""match_type"":""relaxed_lexical""},{""ground_truth_state"":""Logout"",""candidate_state"":""Logout"",""ground_truth_normalized"":""logout"",""candidate_normalized"":""logout"",""similarity"":1.0,""match_type"":""exact_normalized""},{""ground_truth_state"":""MeasureDewPoint"",""candidate_state"":""DewPoint"",""ground_truth_normalized"":""measure dew point"",""candidate_normalized"":""dew point"",""similarity"":0.806935,""match_type"":""strict""},{""ground_truth_state"":""MeasureHumidity"",""candidate_state"":""Humidity"",""ground_truth_normalized"":""measure humidity"",""candidate_normalized"":""humidity"",""similarity"":0.771521,""match_type"":""relaxed_lexical""},{""ground_truth_state"":""MeasurePressure"",""candidate_state"":""Pressure"",""ground_truth_normalized"":""measure pressure"",""candidate_normalized"":""pressure"",""similarity"":0.700481,""match_type"":""relaxed_lexical""},{""ground_truth_state"":""MeasureRainfall"",""candidate_state"":""Rainfall"",""ground_truth_normalized"":""measure rainfall"",""candidate_normalized"":""rainfall"",""similarity"":0.802668,""match_type"":""strict""},{""ground_truth_state"":""MeasureTemperature"",""candidate_state"":""Temperature"",""ground_truth_normalized"":""measure temperature"",""candidate_normalized"":""temperature"",""similarity"":0.739286,""match_type"":""relaxed_lexical""},{""ground_truth_state"":""NewLocation"",""candidate_state"":""InvalidLocation"",""ground_truth_normalized"":""new location"",""candidate_normalized"":""invalid location"",""similarity"":0.540808,""match_type"":""relaxed""},{""ground_truth_state"":""Register"",""candidate_state"":""SuccessfulRegistration"",""ground_truth_normalized"":""registration"",""candidate_normalized"":""successful registration"",""similarity"":0.861216,""match_type"":""strict""},{""ground_truth_state"":""UserLocation"",""candidate_state"":""ValidLocation"",""ground_truth_normalized"":""user location"",""candidate_normalized"":""valid location"",""similarity"":0.620118,""match_type"":""relaxed""},{""ground_truth_state"":""WeeklyAnalysis"",""candidate_state"":""WeeklyAnalysis"",""ground_truth_normalized"":""weekly analysis"",""candidate_normalized"":""weekly analysis"",""similarity"":1.0,""match_type"":""exact_normalized""}]","[""LiveUpdate"",""Display"",""WeatherStatus""]","[""InvalidLogin"",""InvalidRegistration"",""ProfileManagement""]",17,17,14,3,3,0.823529,0.823529,0.823529
Qwen_2.5_7B,rag,case_16_weather_monitoring_system,results\plantuml_pipeline_run3\runs\open_source__qwen25_7b_instruct__rag\case_16_weather_monitoring_system\run_01.puml,dataset\case_16_weather_monitoring_system\diagram.puml,sentence-transformers/all-MiniLM-L6-v2,0.800000,0.480000,"[""Alert"",""FuturePrediction"",""Graph"",""LiveUpdate"",""login"",""Logout"",""MeasureDewPoint"",""MeasureHumidity"",""MeasurePressure"",""MeasureRainfall"",""MeasureTemperature"",""NewLocation"",""Register"",""UserLocation"",""Display"",""WeatherStatus"",""WeeklyAnalysis""]","[""AccountCreated"",""AdditionalDetails"",""CheckWeather"",""EndProcess"",""EndSession"",""ExistingUser"",""InvalidLocation"",""LoginSuccess"",""CreateAccount"",""SelectInfoType"",""ValidLocation"",""ShowInfo""]","[{""ground_truth_state"":""login"",""candidate_state"":""LoginSuccess"",""ground_truth_normalized"":""login"",""candidate_normalized"":""login success"",""similarity"":0.737062,""match_type"":""relaxed_lexical""},{""ground_truth_state"":""Logout"",""candidate_state"":""EndSession"",""ground_truth_normalized"":""logout"",""candidate_normalized"":""end session"",""similarity"":0.562578,""match_type"":""relaxed""},{""ground_truth_state"":""NewLocation"",""candidate_state"":""InvalidLocation"",""ground_truth_normalized"":""new location"",""candidate_normalized"":""invalid location"",""similarity"":0.540808,""match_type"":""relaxed""},{""ground_truth_state"":""Register"",""candidate_state"":""CreateAccount"",""ground_truth_normalized"":""registration"",""candidate_normalized"":""registration"",""similarity"":1.0,""match_type"":""exact_normalized""},{""ground_truth_state"":""UserLocation"",""candidate_state"":""ValidLocation"",""ground_truth_normalized"":""user location"",""candidate_normalized"":""valid location"",""similarity"":0.620118,""match_type"":""relaxed""},{""ground_truth_state"":""Display"",""candidate_state"":""ShowInfo"",""ground_truth_normalized"":""view"",""candidate_normalized"":""view info"",""similarity"":0.78087,""match_type"":""relaxed""},{""ground_truth_state"":""WeatherStatus"",""candidate_state"":""CheckWeather"",""ground_truth_normalized"":""weather status"",""candidate_normalized"":""check weather"",""similarity"":0.72821,""match_type"":""relaxed""}]","[""Alert"",""FuturePrediction"",""Graph"",""LiveUpdate"",""MeasureDewPoint"",""MeasureHumidity"",""MeasurePressure"",""MeasureRainfall"",""MeasureTemperature"",""WeeklyAnalysis""]","[""AccountCreated"",""AdditionalDetails"",""EndProcess"",""ExistingUser"",""SelectInfoType""]",17,12,7,10,5,0.583333,0.411765,0.482759
DeepSeek_R1_14B,few_shot,case_18_digidoclocker,results\plantuml_pipeline_run3\runs\open_source__deepseek_r1_14b__few_shot\case_18_digidoclocker\run_01.puml,dataset\case_18_digidoclocker\diagram.puml,sentence-transformers/all-MiniLM-L6-v2,0.800000,0.480000,"[""Apply for a Certificate"",""Certificate Sent to User"",""Digitlocker provides the Certificate"",""Login"",""Registrar asks a Certificate for verification"",""Registration"",""Upload a Document"",""validate the Type of User"",""View Profile""]","[""ApplyCertificate"",""Citizen"",""ContinueUploading"",""EndSession"",""Login"",""Reapply"",""Registrar"",""Register"",""RequestMore"",""RequestSent"",""RequestVerification"",""UploadDocuments"",""ViewProfile""]","[{""ground_truth_state"":""Apply for a Certificate"",""candidate_state"":""ApplyCertificate"",""ground_truth_normalized"":""apply for a certificate"",""candidate_normalized"":""apply certificate"",""similarity"":0.960818,""match_type"":""strict""},{""ground_truth_state"":""Certificate Sent to User"",""candidate_state"":""RequestSent"",""ground_truth_normalized"":""certificate submit to user"",""candidate_normalized"":""request submit"",""similarity"":0.503843,""match_type"":""relaxed""},{""ground_truth_state"":""Login"",""candidate_state"":""Login"",""ground_truth_normalized"":""login"",""candidate_normalized"":""login"",""similarity"":1.0,""match_type"":""exact_normalized""},{""ground_truth_state"":""Registrar asks a Certificate for verification"",""candidate_state"":""Registrar"",""ground_truth_normalized"":""registrar asks a certificate for verification"",""candidate_normalized"":""registrar"",""similarity"":0.601469,""match_type"":""relaxed_lexical""},{""ground_truth_state"":""Registration"",""candidate_state"":""Register"",""ground_truth_normalized"":""registration"",""candidate_normalized"":""registration"",""similarity"":1.0,""match_type"":""exact_normalized""},{""ground_truth_state"":""Upload a Document"",""candidate_state"":""UploadDocuments"",""ground_truth_normalized"":""upload a document"",""candidate_normalized"":""upload documents"",""similarity"":0.926419,""match_type"":""strict""},{""ground_truth_state"":""View Profile"",""candidate_state"":""ViewProfile"",""ground_truth_normalized"":""view profile"",""candidate_normalized"":""view profile"",""similarity"":1.0,""match_type"":""exact_normalized""}]","[""Digitlocker provides the Certificate"",""validate the Type of User""]","[""Citizen"",""ContinueUploading"",""EndSession"",""Reapply"",""RequestMore"",""RequestVerification""]",9,13,7,2,6,0.538462,0.777778,0.636364
Llama_3.1_8B,few_shot,case_18_digidoclocker,results\plantuml_pipeline_run3\runs\open_source__llama31_8b_instruct__few_shot\case_18_digidoclocker\run_01.puml,dataset\case_18_digidoclocker\diagram.puml,sentence-transformers/all-MiniLM-L6-v2,0.800000,0.480000,"[""Apply for a Certificate"",""Certificate Sent to User"",""Digitlocker provides the Certificate"",""Login"",""Registrar asks a Certificate for verification"",""Registration"",""Upload a Document"",""validate the Type of User"",""View Profile""]","[""Apply for Certificate"",""Citizen Home"",""End Session"",""Login"",""Reapply"",""Registrar Home"",""Registration"",""Request Certificate"",""Upload Documents"",""View Profile""]","[{""ground_truth_state"":""Apply for a Certificate"",""candidate_state"":""Apply for Certificate"",""ground_truth_normalized"":""apply for a certificate"",""candidate_normalized"":""apply for certificate"",""similarity"":0.981722,""match_type"":""strict""},{""ground_truth_state"":""Certificate Sent to User"",""candidate_state"":""Request Certificate"",""ground_truth_normalized"":""certificate submit to user"",""candidate_normalized"":""request certificate"",""similarity"":0.664044,""match_type"":""relaxed""},{""ground_truth_state"":""Login"",""candidate_state"":""Login"",""ground_truth_normalized"":""login"",""candidate_normalized"":""login"",""similarity"":1.0,""match_type"":""exact_normalized""},{""ground_truth_state"":""Registrar asks a Certificate for verification"",""candidate_state"":""Registrar Home"",""ground_truth_normalized"":""registrar asks a certificate for verification"",""candidate_normalized"":""registrar home"",""similarity"":0.522963,""match_type"":""relaxed""},{""ground_truth_state"":""Registration"",""candidate_state"":""Registration"",""ground_truth_normalized"":""registration"",""candidate_normalized"":""registration"",""similarity"":1.0,""match_type"":""exact_normalized""},{""ground_truth_state"":""Upload a Document"",""candidate_state"":""Upload Documents"",""ground_truth_normalized"":""upload a document"",""candidate_normalized"":""upload documents"",""similarity"":0.926419,""match_type"":""strict""},{""ground_truth_state"":""View Profile"",""candidate_state"":""View Profile"",""ground_truth_normalized"":""view profile"",""candidate_normalized"":""view profile"",""similarity"":1.0,""match_type"":""exact_normalized""}]","[""Digitlocker provides the Certificate"",""validate the Type of User""]","[""Citizen Home"",""End Session"",""Reapply""]",9,10,7,2,3,0.7,0.777778,0.736842
Mistral,rag,case_18_digidoclocker,results\plantuml_pipeline_run3\runs\open_source__mistral__rag\case_18_digidoclocker\run_01.puml,dataset\case_18_digidoclocker\diagram.puml,sentence-transformers/all-MiniLM-L6-v2,0.800000,0.480000,"[""Apply for a Certificate"",""Certificate Sent to User"",""Digitlocker provides the Certificate"",""Login"",""Registrar asks a Certificate for verification"",""Registration"",""Upload a Document"",""validate the Type of User"",""View Profile""]","[""Citizen"",""Login"",""Registrar"",""Registration"",""Session""]","[{""ground_truth_state"":""Login"",""candidate_state"":""Login"",""ground_truth_normalized"":""login"",""candidate_normalized"":""login"",""similarity"":1.0,""match_type"":""exact_normalized""},{""ground_truth_state"":""Registrar asks a Certificate for verification"",""candidate_state"":""Registrar"",""ground_truth_normalized"":""registrar asks a certificate for verification"",""candidate_normalized"":""registrar"",""similarity"":0.601469,""match_type"":""relaxed_lexical""},{""ground_truth_state"":""Registration"",""candidate_state"":""Registration"",""ground_truth_normalized"":""registration"",""candidate_normalized"":""registration"",""similarity"":1.0,""match_type"":""exact_normalized""}]","[""Apply for a Certificate"",""Certificate Sent to User"",""Digitlocker provides the Certificate"",""Upload a Document"",""validate the Type of User"",""View Profile""]","[""Citizen"",""Session""]",9,5,3,6,2,0.6,0.333333,0.428571
Qwen_2.5_7B,rag,case_18_digidoclocker,results\plantuml_pipeline_run3\runs\open_source__qwen25_7b_instruct__rag\case_18_digidoclocker\run_01.puml,dataset\case_18_digidoclocker\diagram.puml,sentence-transformers/all-MiniLM-L6-v2,0.800000,0.480000,"[""Apply for a Certificate"",""Certificate Sent to User"",""Digitlocker provides the Certificate"",""Login"",""Registrar asks a Certificate for verification"",""Registration"",""Upload a Document"",""validate the Type of User"",""View Profile""]","[""CertificateApply"",""CitizenLoggedin"",""CitizenLogin"",""DocumentUpload"",""MultipleCertificates"",""ProfileView"",""RegistrarRequest"",""RegistrarRequests"",""Registration"",""SessionEnd""]","[{""ground_truth_state"":""Apply for a Certificate"",""candidate_state"":""CertificateApply"",""ground_truth_normalized"":""apply for a certificate"",""candidate_normalized"":""certificate apply"",""similarity"":0.925847,""match_type"":""strict""},{""ground_truth_state"":""Login"",""candidate_state"":""CitizenLogin"",""ground_truth_normalized"":""login"",""candidate_normalized"":""citizen login"",""similarity"":0.652814,""match_type"":""relaxed_lexical""},{""ground_truth_state"":""Registrar asks a Certificate for verification"",""candidate_state"":""RegistrarRequest"",""ground_truth_normalized"":""registrar asks a certificate for verification"",""candidate_normalized"":""registrar request"",""similarity"":0.650591,""match_type"":""relaxed""},{""ground_truth_state"":""Registration"",""candidate_state"":""Registration"",""ground_truth_normalized"":""registration"",""candidate_normalized"":""registration"",""similarity"":1.0,""match_type"":""exact_normalized""},{""ground_truth_state"":""Upload a Document"",""candidate_state"":""DocumentUpload"",""ground_truth_normalized"":""upload a document"",""candidate_normalized"":""document upload"",""similarity"":0.958088,""match_type"":""strict""},{""ground_truth_state"":""View Profile"",""candidate_state"":""ProfileView"",""ground_truth_normalized"":""view profile"",""candidate_normalized"":""profile view"",""similarity"":0.960932,""match_type"":""strict""}]","[""Certificate Sent to User"",""Digitlocker provides the Certificate"",""validate the Type of User""]","[""CitizenLoggedin"",""MultipleCertificates"",""RegistrarRequests"",""SessionEnd""]",9,10,6,3,4,0.6,0.666667,0.631579
DeepSeek_R1_14B,few_shot,case_28_ott_based_system_mini_reel,results\plantuml_pipeline_run3\runs\open_source__deepseek_r1_14b__few_shot\case_28_ott_based_system_mini_reel\run_01.puml,dataset\case_28_ott_based_system_mini_reel\diagram.puml,sentence-transformers/all-MiniLM-L6-v2,0.800000,0.480000,"[""Discussion State"",""Account Creation"",""Updation"",""View"",""Show Likes""]","[""Account Created"",""Enter Details"",""Enter Password"",""Enter Username"",""Invalid Credentials"",""LoggedIn"",""Login"",""Create Account"",""CreateAccount"",""StartChoice"",""StartMainMenu"",""Successful Login"",""UploadVideo"",""ViewLikes"",""WatchVideo""]","[{""ground_truth_state"":""Account Creation"",""candidate_state"":""Create Account"",""ground_truth_normalized"":""registration"",""candidate_normalized"":""registration"",""similarity"":1.0,""match_type"":""exact_normalized""},{""ground_truth_state"":""Show Likes"",""candidate_state"":""ViewLikes"",""ground_truth_normalized"":""view likes"",""candidate_normalized"":""view likes"",""similarity"":1.0,""match_type"":""exact_normalized""}]","[""Discussion State"",""Updation"",""View""]","[""Account Created"",""Enter Details"",""Enter Password"",""Enter Username"",""Invalid Credentials"",""LoggedIn"",""Login"",""CreateAccount"",""StartChoice"",""StartMainMenu"",""Successful Login"",""UploadVideo"",""WatchVideo""]",5,15,2,3,13,0.133333,0.4,0.2
Llama_3.1_8B,few_shot,case_28_ott_based_system_mini_reel,results\plantuml_pipeline_run3\runs\open_source__llama31_8b_instruct__few_shot\case_28_ott_based_system_mini_reel\run_01.puml,dataset\case_28_ott_based_system_mini_reel\diagram.puml,sentence-transformers/all-MiniLM-L6-v2,0.800000,0.480000,"[""Discussion State"",""Account Creation"",""Updation"",""View"",""Show Likes""]","[""Account Created"",""Discussion Option"",""Empty\\nacct"",""Likes List"",""Video Uploading"",""Video Watching""]","[{""ground_truth_state"":""Discussion State"",""candidate_state"":""Discussion Option"",""ground_truth_normalized"":""discussion state"",""candidate_normalized"":""discussion option"",""similarity"":0.724753,""match_type"":""relaxed""},{""ground_truth_state"":""Account Creation"",""candidate_state"":""Account Created"",""ground_truth_normalized"":""registration"",""candidate_normalized"":""account registration"",""similarity"":0.829525,""match_type"":""strict""},{""ground_truth_state"":""Show Likes"",""candidate_state"":""Likes List"",""ground_truth_normalized"":""view likes"",""candidate_normalized"":""likes list"",""similarity"":0.615674,""match_type"":""relaxed""}]","[""Updation"",""View""]","[""Empty\\nacct"",""Video Uploading"",""Video Watching""]",5,6,3,2,3,0.5,0.6,0.545455
Mistral,rag,case_28_ott_based_system_mini_reel,results\plantuml_pipeline_run3\runs\open_source__mistral__rag\case_28_ott_based_system_mini_reel\run_01.puml,dataset\case_28_ott_based_system_mini_reel\diagram.puml,sentence-transformers/all-MiniLM-L6-v2,0.800000,0.480000,"[""Discussion State"",""Account Creation"",""Updation"",""View"",""Show Likes""]","[""AccountCreation_Admin"",""ArticleApproval"",""ArticleRejection"",""ArticleReview"",""BlogsNewsUpdates"",""CaseCategorySelection"",""CaseDetailsEntry"",""EnterDiscussion"",""IncorrectDetails"",""SignIn"",""LoginAttemptInvalid"",""LoggedOut"",""NewCase"",""ProvideFeedback"",""PublishedArticles"",""ReadArticle"",""AccountCreation"",""SaveVideo"",""SearchArticles"",""SetReminder"",""Start"",""UploadDocuments"",""UploadVideo"",""UserProfileManagement"",""ViewSavedVideos"",""WatchVideos""]","[{""ground_truth_state"":""Discussion State"",""candidate_state"":""EnterDiscussion"",""ground_truth_normalized"":""discussion state"",""candidate_normalized"":""enter discussion"",""similarity"":0.704627,""match_type"":""relaxed""},{""ground_truth_state"":""Account Creation"",""candidate_state"":""AccountCreation"",""ground_truth_normalized"":""registration"",""candidate_normalized"":""registration"",""similarity"":1.0,""match_type"":""exact_normalized""}]","[""Updation"",""View"",""Show Likes""]","[""AccountCreation_Admin"",""ArticleApproval"",""ArticleRejection"",""ArticleReview"",""BlogsNewsUpdates"",""CaseCategorySelection"",""CaseDetailsEntry"",""IncorrectDetails"",""SignIn"",""LoginAttemptInvalid"",""LoggedOut"",""NewCase"",""ProvideFeedback"",""PublishedArticles"",""ReadArticle"",""SaveVideo"",""SearchArticles"",""SetReminder"",""Start"",""UploadDocuments"",""UploadVideo"",""UserProfileManagement"",""ViewSavedVideos"",""WatchVideos""]",5,26,2,3,24,0.076923,0.4,0.129032
Qwen_2.5_7B,rag,case_28_ott_based_system_mini_reel,results\plantuml_pipeline_run3\runs\open_source__qwen25_7b_instruct__rag\case_28_ott_based_system_mini_reel\run_01.puml,dataset\case_28_ott_based_system_mini_reel\diagram.puml,sentence-transformers/all-MiniLM-L6-v2,0.800000,0.480000,"[""Discussion State"",""Account Creation"",""Updation"",""View"",""Show Likes""]","[""AccountCreated"",""DiscussionEntry"",""DiscussionOption"",""AccountCreation"",""SaveVideo"",""SavedVideosList"",""VideoWatching""]","[{""ground_truth_state"":""Discussion State"",""candidate_state"":""DiscussionEntry"",""ground_truth_normalized"":""discussion state"",""candidate_normalized"":""discussion entry"",""similarity"":0.728155,""match_type"":""relaxed""},{""ground_truth_state"":""Account Creation"",""candidate_state"":""AccountCreation"",""ground_truth_normalized"":""registration"",""candidate_normalized"":""registration"",""similarity"":1.0,""match_type"":""exact_normalized""}]","[""Updation"",""View"",""Show Likes""]","[""AccountCreated"",""DiscussionOption"",""SaveVideo"",""SavedVideosList"",""VideoWatching""]",5,7,2,3,5,0.285714,0.4,0.333333
DeepSeek_R1_14B,few_shot,case_32_e_visa_processing_and_follow_up_system,results\plantuml_pipeline_run3\runs\open_source__deepseek_r1_14b__few_shot\case_32_e_visa_processing_and_follow_up_system\run_01.puml,dataset\case_32_e_visa_processing_and_follow_up_system\diagram.puml,sentence-transformers/all-MiniLM-L6-v2,0.800000,0.480000,"[""Apply for Visa"",""Accept Application"",""Accept Visa"",""Cancel Application"",""Check Status"",""Give Feedback"",""Login"",""Log Out"",""Make Payment"",""Modify Details"",""Register"",""Reject Visa"",""Update Status"",""Verify Document Proofs"",""View Details"",""View purpose of application"",""View Status""]",[],[],"[""Apply for Visa"",""Accept Application"",""Accept Visa"",""Cancel Application"",""Check Status"",""Give Feedback"",""Login"",""Log Out"",""Make Payment"",""Modify Details"",""Register"",""Reject Visa"",""Update Status"",""Verify Document Proofs"",""View Details"",""View purpose of application"",""View Status""]",[],17,0,0,17,0,0.0,0.0,0.0
Llama_3.1_8B,few_shot,case_32_e_visa_processing_and_follow_up_system,results\plantuml_pipeline_run3\runs\open_source__llama31_8b_instruct__few_shot\case_32_e_visa_processing_and_follow_up_system\run_01.puml,dataset\case_32_e_visa_processing_and_follow_up_system\diagram.puml,sentence-transformers/all-MiniLM-L6-v2,0.800000,0.480000,"[""Apply for Visa"",""Accept Application"",""Accept Visa"",""Cancel Application"",""Check Status"",""Give Feedback"",""Login"",""Log Out"",""Make Payment"",""Modify Details"",""Register"",""Reject Visa"",""Update Status"",""Verify Document Proofs"",""View Details"",""View purpose of application"",""View Status""]","[""ApplicationAccepted"",""ApplicationCancelled"",""ApplyForVisa"",""CancelApplication"",""CheckStatus"",""DetailsModified"",""DetailsViewed"",""End"",""GiveFeedback"",""Login"",""ModifyDetails"",""PaymentMade"",""PurposeViewed"",""CreateAccount"",""ViewDetails"",""ViewPurpose"",""ViewStatus""]","[{""ground_truth_state"":""Apply for Visa"",""candidate_state"":""ApplyForVisa"",""ground_truth_normalized"":""apply for visa"",""candidate_normalized"":""apply for visa"",""similarity"":1.0,""match_type"":""exact_normalized""},{""ground_truth_state"":""Accept Application"",""candidate_state"":""ApplicationAccepted"",""ground_truth_normalized"":""approval application"",""candidate_normalized"":""application approval"",""similarity"":0.956924,""match_type"":""strict""},{""ground_truth_state"":""Cancel Application"",""candidate_state"":""CancelApplication"",""ground_truth_normalized"":""cancel application"",""candidate_normalized"":""cancel application"",""similarity"":1.0,""match_type"":""exact_normalized""},{""ground_truth_state"":""Check Status"",""candidate_state"":""CheckStatus"",""ground_truth_normalized"":""check status"",""candidate_normalized"":""check status"",""similarity"":1.0,""match_type"":""exact_normalized""},{""ground_truth_state"":""Give Feedback"",""candidate_state"":""GiveFeedback"",""ground_truth_normalized"":""give feedback"",""candidate_normalized"":""give feedback"",""similarity"":1.0,""match_type"":""exact_normalized""},{""ground_truth_state"":""Login"",""candidate_state"":""Login"",""ground_truth_normalized"":""login"",""candidate_normalized"":""login"",""similarity"":1.0,""match_type"":""exact_normalized""},{""ground_truth_state"":""Make Payment"",""candidate_state"":""PaymentMade"",""ground_truth_normalized"":""make payment"",""candidate_normalized"":""payment made"",""similarity"":0.857709,""match_type"":""strict""},{""ground_truth_state"":""Modify Details"",""candidate_state"":""ModifyDetails"",""ground_truth_normalized"":""modify details"",""candidate_normalized"":""modify details"",""similarity"":1.0,""match_type"":""exact_normalized""},{""ground_truth_state"":""Register"",""candidate_state"":""CreateAccount"",""ground_truth_normalized"":""registration"",""candidate_normalized"":""registration"",""similarity"":1.0,""match_type"":""exact_normalized""},{""ground_truth_state"":""View Details"",""candidate_state"":""ViewDetails"",""ground_truth_normalized"":""view details"",""candidate_normalized"":""view details"",""similarity"":1.0,""match_type"":""exact_normalized""},{""ground_truth_state"":""View purpose of application"",""candidate_state"":""ViewPurpose"",""ground_truth_normalized"":""view purpose of application"",""candidate_normalized"":""view purpose"",""similarity"":0.788539,""match_type"":""relaxed_lexical""},{""ground_truth_state"":""View Status"",""candidate_state"":""ViewStatus"",""ground_truth_normalized"":""view status"",""candidate_normalized"":""view status"",""similarity"":1.0,""match_type"":""exact_normalized""}]","[""Accept Visa"",""Log Out"",""Reject Visa"",""Update Status"",""Verify Document Proofs""]","[""ApplicationCancelled"",""DetailsModified"",""DetailsViewed"",""End"",""PurposeViewed""]",17,17,12,5,5,0.705882,0.705882,0.705882
Mistral,rag,case_32_e_visa_processing_and_follow_up_system,results\plantuml_pipeline_run3\runs\open_source__mistral__rag\case_32_e_visa_processing_and_follow_up_system\run_01.puml,dataset\case_32_e_visa_processing_and_follow_up_system\diagram.puml,sentence-transformers/all-MiniLM-L6-v2,0.800000,0.480000,"[""Apply for Visa"",""Accept Application"",""Accept Visa"",""Cancel Application"",""Check Status"",""Give Feedback"",""Login"",""Log Out"",""Make Payment"",""Modify Details"",""Register"",""Reject Visa"",""Update Status"",""Verify Document Proofs"",""View Details"",""View purpose of application"",""View Status""]","[""ApplicationAccepted"",""ApplicationCancelled"",""ApplicationSubmitted"",""DetailsModified"",""FeedbackGiven"",""LoggedIn"",""LoggedOut"",""PaymentMade"",""StatusChecked"",""StatusViewed""]","[{""ground_truth_state"":""Accept Application"",""candidate_state"":""ApplicationAccepted"",""ground_truth_normalized"":""approval application"",""candidate_normalized"":""application approval"",""similarity"":0.956924,""match_type"":""strict""},{""ground_truth_state"":""Cancel Application"",""candidate_state"":""ApplicationCancelled"",""ground_truth_normalized"":""cancel application"",""candidate_normalized"":""application cancelled"",""similarity"":0.768763,""match_type"":""relaxed""},{""ground_truth_state"":""Check Status"",""candidate_state"":""StatusChecked"",""ground_truth_normalized"":""check status"",""candidate_normalized"":""status checked"",""similarity"":0.846707,""match_type"":""strict""},{""ground_truth_state"":""Give Feedback"",""candidate_state"":""FeedbackGiven"",""ground_truth_normalized"":""give feedback"",""candidate_normalized"":""feedback given"",""similarity"":0.842691,""match_type"":""strict""},{""ground_truth_state"":""Login"",""candidate_state"":""LoggedIn"",""ground_truth_normalized"":""login"",""candidate_normalized"":""login"",""similarity"":1.0,""match_type"":""exact_normalized""},{""ground_truth_state"":""Log Out"",""candidate_state"":""LoggedOut"",""ground_truth_normalized"":""logout"",""candidate_normalized"":""logout"",""similarity"":1.0,""match_type"":""exact_normalized""},{""ground_truth_state"":""Make Payment"",""candidate_state"":""PaymentMade"",""ground_truth_normalized"":""make payment"",""candidate_normalized"":""payment made"",""similarity"":0.857709,""match_type"":""strict""},{""ground_truth_state"":""Modify Details"",""candidate_state"":""DetailsModified"",""ground_truth_normalized"":""modify details"",""candidate_normalized"":""details modified"",""similarity"":0.63204,""match_type"":""relaxed""},{""ground_truth_state"":""View Status"",""candidate_state"":""StatusViewed"",""ground_truth_normalized"":""view status"",""candidate_normalized"":""status viewed"",""similarity"":0.900996,""match_type"":""strict""}]","[""Apply for Visa"",""Accept Visa"",""Register"",""Reject Visa"",""Update Status"",""Verify Document Proofs"",""View Details"",""View purpose of application""]","[""ApplicationSubmitted""]",17,10,9,8,1,0.9,0.529412,0.666667
Qwen_2.5_7B,rag,case_32_e_visa_processing_and_follow_up_system,results\plantuml_pipeline_run3\runs\open_source__qwen25_7b_instruct__rag\case_32_e_visa_processing_and_follow_up_system\run_01.puml,dataset\case_32_e_visa_processing_and_follow_up_system\diagram.puml,sentence-transformers/all-MiniLM-L6-v2,0.800000,0.480000,"[""Apply for Visa"",""Accept Application"",""Accept Visa"",""Cancel Application"",""Check Status"",""Give Feedback"",""Login"",""Log Out"",""Make Payment"",""Modify Details"",""Register"",""Reject Visa"",""Update Status"",""Verify Document Proofs"",""View Details"",""View purpose of application"",""View Status""]","[""ApplyForVisa"",""CancelApplication"",""CheckStatus"",""Feedback"",""LoggedIn"",""Logout"",""ModifyDetails"",""CreateAccount"",""ViewDetails"",""ViewStatus""]","[{""ground_truth_state"":""Apply for Visa"",""candidate_state"":""ApplyForVisa"",""ground_truth_normalized"":""apply for visa"",""candidate_normalized"":""apply for visa"",""similarity"":1.0,""match_type"":""exact_normalized""},{""ground_truth_state"":""Cancel Application"",""candidate_state"":""CancelApplication"",""ground_truth_normalized"":""cancel application"",""candidate_normalized"":""cancel application"",""similarity"":1.0,""match_type"":""exact_normalized""},{""ground_truth_state"":""Check Status"",""candidate_state"":""CheckStatus"",""ground_truth_normalized"":""check status"",""candidate_normalized"":""check status"",""similarity"":1.0,""match_type"":""exact_normalized""},{""ground_truth_state"":""Give Feedback"",""candidate_state"":""Feedback"",""ground_truth_normalized"":""give feedback"",""candidate_normalized"":""feedback"",""similarity"":0.899693,""match_type"":""strict""},{""ground_truth_state"":""Login"",""candidate_state"":""LoggedIn"",""ground_truth_normalized"":""login"",""candidate_normalized"":""login"",""similarity"":1.0,""match_type"":""exact_normalized""},{""ground_truth_state"":""Log Out"",""candidate_state"":""Logout"",""ground_truth_normalized"":""logout"",""candidate_normalized"":""logout"",""similarity"":1.0,""match_type"":""exact_normalized""},{""ground_truth_state"":""Modify Details"",""candidate_state"":""ModifyDetails"",""ground_truth_normalized"":""modify details"",""candidate_normalized"":""modify details"",""similarity"":1.0,""match_type"":""exact_normalized""},{""ground_truth_state"":""Register"",""candidate_state"":""CreateAccount"",""ground_truth_normalized"":""registration"",""candidate_normalized"":""registration"",""similarity"":1.0,""match_type"":""exact_normalized""},{""ground_truth_state"":""View Details"",""candidate_state"":""ViewDetails"",""ground_truth_normalized"":""view details"",""candidate_normalized"":""view details"",""similarity"":1.0,""match_type"":""exact_normalized""},{""ground_truth_state"":""View Status"",""candidate_state"":""ViewStatus"",""ground_truth_normalized"":""view status"",""candidate_normalized"":""view status"",""similarity"":1.0,""match_type"":""exact_normalized""}]","[""Accept Application"",""Accept Visa"",""Make Payment"",""Reject Visa"",""Update Status"",""Verify Document Proofs"",""View purpose of application""]",[],17,10,10,7,0,1.0,0.588235,0.740741
DeepSeek_R1_14B,few_shot,case_33_farm_management_system,results\plantuml_pipeline_run3\runs\open_source__deepseek_r1_14b__few_shot\case_33_farm_management_system\run_01.puml,dataset\case_33_farm_management_system\diagram.puml,sentence-transformers/all-MiniLM-L6-v2,0.800000,0.480000,"[""labour availability"",""labour availability view"",""logout"",""market conditions"",""market conditions report"",""pest control techniques"",""pestcontrol"",""soil condition"",""soil condition view"",""user home"",""user login"",""weather insights"",""weather insights view""]","[""EndSession"",""LabourAvailability"",""LoginState"",""MainMenu"",""MarketCondition"",""PestControl"",""SoilAnalysis"",""Start"",""WeatherReport""]","[{""ground_truth_state"":""labour availability"",""candidate_state"":""LabourAvailability"",""ground_truth_normalized"":""labour availability"",""candidate_normalized"":""labour availability"",""similarity"":1.0,""match_type"":""exact_normalized""},{""ground_truth_state"":""logout"",""candidate_state"":""EndSession"",""ground_truth_normalized"":""logout"",""candidate_normalized"":""end session"",""similarity"":0.562578,""match_type"":""relaxed""},{""ground_truth_state"":""market conditions"",""candidate_state"":""MarketCondition"",""ground_truth_normalized"":""market conditions"",""candidate_normalized"":""market condition"",""similarity"":0.946142,""match_type"":""strict""},{""ground_truth_state"":""pest control techniques"",""candidate_state"":""PestControl"",""ground_truth_normalized"":""pest control techniques"",""candidate_normalized"":""pest control"",""similarity"":0.892545,""match_type"":""strict""},{""ground_truth_state"":""soil condition view"",""candidate_state"":""SoilAnalysis"",""ground_truth_normalized"":""soil condition view"",""candidate_normalized"":""soil analysis"",""similarity"":0.733838,""match_type"":""relaxed""},{""ground_truth_state"":""user login"",""candidate_state"":""LoginState"",""ground_truth_normalized"":""user login"",""candidate_normalized"":""login state"",""similarity"":0.747622,""match_type"":""relaxed""},{""ground_truth_state"":""weather insights"",""candidate_state"":""WeatherReport"",""ground_truth_normalized"":""weather insights"",""candidate_normalized"":""weather report"",""similarity"":0.694911,""match_type"":""relaxed""}]","[""labour availability view"",""market conditions report"",""pestcontrol"",""soil condition"",""user home"",""weather insights view""]","[""MainMenu"",""Start""]",13,9,7,6,2,0.777778,0.538462,0.636364
Llama_3.1_8B,few_shot,case_33_farm_management_system,results\plantuml_pipeline_run3\runs\open_source__llama31_8b_instruct__few_shot\case_33_farm_management_system\run_01.puml,dataset\case_33_farm_management_system\diagram.puml,sentence-transformers/all-MiniLM-L6-v2,0.800000,0.480000,"[""labour availability"",""labour availability view"",""logout"",""market conditions"",""market conditions report"",""pest control techniques"",""pestcontrol"",""soil condition"",""soil condition view"",""user home"",""user login"",""weather insights"",""weather insights view""]","[""EndSession"",""GettingDetails"",""Login"",""Logout"",""Main Area"",""Offer weather insights"",""Provide soil-related suggestions"",""Update Database"",""Display labour availability details"",""Show market conditions"",""Show pest control techniques""]","[{""ground_truth_state"":""labour availability view"",""candidate_state"":""Display labour availability details"",""ground_truth_normalized"":""labour availability view"",""candidate_normalized"":""view labour availability details"",""similarity"":0.944223,""match_type"":""strict""},{""ground_truth_state"":""logout"",""candidate_state"":""Logout"",""ground_truth_normalized"":""logout"",""candidate_normalized"":""logout"",""similarity"":1.0,""match_type"":""exact_normalized""},{""ground_truth_state"":""market conditions"",""candidate_state"":""Show market conditions"",""ground_truth_normalized"":""market conditions"",""candidate_normalized"":""view market conditions"",""similarity"":0.838524,""match_type"":""strict""},{""ground_truth_state"":""pest control techniques"",""candidate_state"":""Show pest control techniques"",""ground_truth_normalized"":""pest control techniques"",""candidate_normalized"":""view pest control techniques"",""similarity"":0.865802,""match_type"":""strict""},{""ground_truth_state"":""soil condition"",""candidate_state"":""Provide soil-related suggestions"",""ground_truth_normalized"":""soil condition"",""candidate_normalized"":""provide soil related suggestions"",""similarity"":0.640763,""match_type"":""relaxed""},{""ground_truth_state"":""user login"",""candidate_state"":""Login"",""ground_truth_normalized"":""user login"",""candidate_normalized"":""login"",""similarity"":0.843187,""match_type"":""strict""},{""ground_truth_state"":""weather insights"",""candidate_state"":""Offer weather insights"",""ground_truth_normalized"":""weather insights"",""candidate_normalized"":""offer weather insights"",""similarity"":0.900574,""match_type"":""strict""}]","[""labour availability"",""market conditions report"",""pestcontrol"",""soil condition view"",""user home"",""weather insights view""]","[""EndSession"",""GettingDetails"",""Main Area"",""Update Database""]",13,11,7,6,4,0.636364,0.538462,0.583333
Mistral,rag,case_33_farm_management_system,results\plantuml_pipeline_run3\runs\open_source__mistral__rag\case_33_farm_management_system\run_01.puml,dataset\case_33_farm_management_system\diagram.puml,sentence-transformers/all-MiniLM-L6-v2,0.800000,0.480000,"[""labour availability"",""labour availability view"",""logout"",""market conditions"",""market conditions report"",""pest control techniques"",""pestcontrol"",""soil condition"",""soil condition view"",""user home"",""user login"",""weather insights"",""weather insights view""]","[""AddProduct"",""Alerts"",""AnalyzeInfo"",""BrowseMore"",""Communicate"",""Continue"",""CustomerDashboard"",""EndSession"",""Error"",""ExploreProducts"",""GovernmentOfficialDashboard"",""HealthPlanningResults"",""HealthWorkerDashboard"",""LabourDetails"",""Login"",""LoginError"",""LoginSuccess"",""Logout"",""MainArea"",""MarketReport"",""MedicalInfo"",""NewRegistration"",""PatientDashboard"",""ProfileManagement"",""PromoteProduct"",""Purchase"",""RegistrationError"",""RegistrationSuccess"",""SearchProducts"",""SellerWorkspace"",""SignOut"",""SuitableCrops"",""Techniques"",""WeatherInsights""]","[{""ground_truth_state"":""labour availability view"",""candidate_state"":""LabourDetails"",""ground_truth_normalized"":""labour availability view"",""candidate_normalized"":""labour details"",""similarity"":0.662129,""match_type"":""relaxed""},{""ground_truth_state"":""logout"",""candidate_state"":""Logout"",""ground_truth_normalized"":""logout"",""candidate_normalized"":""logout"",""similarity"":1.0,""match_type"":""exact_normalized""},{""ground_truth_state"":""market conditions report"",""candidate_state"":""MarketReport"",""ground_truth_normalized"":""market conditions report"",""candidate_normalized"":""market report"",""similarity"":0.808552,""match_type"":""strict""},{""ground_truth_state"":""pest control techniques"",""candidate_state"":""Techniques"",""ground_truth_normalized"":""pest control techniques"",""candidate_normalized"":""techniques"",""similarity"":0.396777,""match_type"":""relaxed_lexical""},{""ground_truth_state"":""user login"",""candidate_state"":""Login"",""ground_truth_normalized"":""user login"",""candidate_normalized"":""login"",""similarity"":0.843187,""match_type"":""strict""},{""ground_truth_state"":""weather insights"",""candidate_state"":""WeatherInsights"",""ground_truth_normalized"":""weather insights"",""candidate_normalized"":""weather insights"",""similarity"":1.0,""match_type"":""exact_normalized""}]","[""labour availability"",""market conditions"",""pestcontrol"",""soil condition"",""soil condition view"",""user home"",""weather insights view""]","[""AddProduct"",""Alerts"",""AnalyzeInfo"",""BrowseMore"",""Communicate"",""Continue"",""CustomerDashboard"",""EndSession"",""Error"",""ExploreProducts"",""GovernmentOfficialDashboard"",""HealthPlanningResults"",""HealthWorkerDashboard"",""LoginError"",""LoginSuccess"",""MainArea"",""MedicalInfo"",""NewRegistration"",""PatientDashboard"",""ProfileManagement"",""PromoteProduct"",""Purchase"",""RegistrationError"",""RegistrationSuccess"",""SearchProducts"",""SellerWorkspace"",""SignOut"",""SuitableCrops""]",13,34,6,7,28,0.176471,0.461538,0.255319
Qwen_2.5_7B,rag,case_33_farm_management_system,results\plantuml_pipeline_run3\runs\open_source__qwen25_7b_instruct__rag\case_33_farm_management_system\run_01.puml,dataset\case_33_farm_management_system\diagram.puml,sentence-transformers/all-MiniLM-L6-v2,0.800000,0.480000,"[""labour availability"",""labour availability view"",""logout"",""market conditions"",""market conditions report"",""pest control techniques"",""pestcontrol"",""soil condition"",""soil condition view"",""user home"",""user login"",""weather insights"",""weather insights view""]","[""ContinueService"",""LabourDetails"",""Logout"",""MainArea"",""MarketConditions"",""MarketReport"",""PestControlHelp"",""PhotoRequired"",""SoilSuggestions"",""TechniquesShown"",""WeatherInsights""]","[{""ground_truth_state"":""labour availability view"",""candidate_state"":""LabourDetails"",""ground_truth_normalized"":""labour availability view"",""candidate_normalized"":""labour details"",""similarity"":0.662129,""match_type"":""relaxed""},{""ground_truth_state"":""logout"",""candidate_state"":""Logout"",""ground_truth_normalized"":""logout"",""candidate_normalized"":""logout"",""similarity"":1.0,""match_type"":""exact_normalized""},{""ground_truth_state"":""market conditions"",""candidate_state"":""MarketConditions"",""ground_truth_normalized"":""market conditions"",""candidate_normalized"":""market conditions"",""similarity"":1.0,""match_type"":""exact_normalized""},{""ground_truth_state"":""market conditions report"",""candidate_state"":""MarketReport"",""ground_truth_normalized"":""market conditions report"",""candidate_normalized"":""market report"",""similarity"":0.808552,""match_type"":""strict""},{""ground_truth_state"":""pest control techniques"",""candidate_state"":""PestControlHelp"",""ground_truth_normalized"":""pest control techniques"",""candidate_normalized"":""pest control help"",""similarity"":0.871354,""match_type"":""strict""},{""ground_truth_state"":""soil condition"",""candidate_state"":""SoilSuggestions"",""ground_truth_normalized"":""soil condition"",""candidate_normalized"":""soil suggestions"",""similarity"":0.697498,""match_type"":""relaxed""},{""ground_truth_state"":""weather insights"",""candidate_state"":""WeatherInsights"",""ground_truth_normalized"":""weather insights"",""candidate_normalized"":""weather insights"",""similarity"":1.0,""match_type"":""exact_normalized""}]","[""labour availability"",""pestcontrol"",""soil condition view"",""user home"",""user login"",""weather insights view""]","[""ContinueService"",""MainArea"",""PhotoRequired"",""TechniquesShown""]",13,11,7,6,4,0.636364,0.538462,0.583333
DeepSeek_R1_14B,few_shot,case_34_green_rides,results\plantuml_pipeline_run3\runs\open_source__deepseek_r1_14b__few_shot\case_34_green_rides\run_01.puml,dataset\case_34_green_rides\diagram.puml,sentence-transformers/all-MiniLM-L6-v2,0.800000,0.480000,"[""accident"",""details"",""drive mode"",""feedback"",""from and to"",""menu"",""notify"",""order""]","[""DrivingMode""]","[{""ground_truth_state"":""drive mode"",""candidate_state"":""DrivingMode"",""ground_truth_normalized"":""drive mode"",""candidate_normalized"":""driving mode"",""similarity"":0.845288,""match_type"":""strict""}]","[""accident"",""details"",""feedback"",""from and to"",""menu"",""notify"",""order""]",[],8,1,1,7,0,1.0,0.125,0.222222
Llama_3.1_8B,few_shot,case_34_green_rides,results\plantuml_pipeline_run3\runs\open_source__llama31_8b_instruct__few_shot\case_34_green_rides\run_01.puml,dataset\case_34_green_rides\diagram.puml,sentence-transformers/all-MiniLM-L6-v2,0.800000,0.480000,"[""accident"",""details"",""drive mode"",""feedback"",""from and to"",""menu"",""notify"",""order""]","[""Accident Notification"",""Completed Journey"",""Driving Mode"",""Feedback"",""Journey Details"",""Login"",""Menu"",""Notifications"",""Order Placement"",""Other Options"",""Place to Eat""]","[{""ground_truth_state"":""accident"",""candidate_state"":""Accident Notification"",""ground_truth_normalized"":""accident"",""candidate_normalized"":""accident notification"",""similarity"":0.611665,""match_type"":""relaxed_lexical""},{""ground_truth_state"":""drive mode"",""candidate_state"":""Driving Mode"",""ground_truth_normalized"":""drive mode"",""candidate_normalized"":""driving mode"",""similarity"":0.845288,""match_type"":""strict""},{""ground_truth_state"":""feedback"",""candidate_state"":""Feedback"",""ground_truth_normalized"":""feedback"",""candidate_normalized"":""feedback"",""similarity"":1.0,""match_type"":""exact_normalized""},{""ground_truth_state"":""menu"",""candidate_state"":""Menu"",""ground_truth_normalized"":""menu"",""candidate_normalized"":""menu"",""similarity"":1.0,""match_type"":""exact_normalized""},{""ground_truth_state"":""notify"",""candidate_state"":""Notifications"",""ground_truth_normalized"":""notify"",""candidate_normalized"":""notifications"",""similarity"":0.755901,""match_type"":""relaxed""},{""ground_truth_state"":""order"",""candidate_state"":""Order Placement"",""ground_truth_normalized"":""order"",""candidate_normalized"":""order placement"",""similarity"":0.685827,""match_type"":""relaxed_lexical""}]","[""details"",""from and to""]","[""Completed Journey"",""Journey Details"",""Login"",""Other Options"",""Place to Eat""]",8,11,6,2,5,0.545455,0.75,0.631579
Mistral,rag,case_34_green_rides,results\plantuml_pipeline_run3\runs\open_source__mistral__rag\case_34_green_rides\run_01.puml,dataset\case_34_green_rides\diagram.puml,sentence-transformers/all-MiniLM-L6-v2,0.800000,0.480000,"[""accident"",""details"",""drive mode"",""feedback"",""from and to"",""menu"",""notify"",""order""]","[""AccidentReporting"",""DrivingMode"",""EatPlaceSelection"",""Feedback"",""JourneyDetails"",""Login"",""NoHunger"",""Notification"",""OtherOptions""]","[{""ground_truth_state"":""accident"",""candidate_state"":""AccidentReporting"",""ground_truth_normalized"":""accident"",""candidate_normalized"":""accident reporting"",""similarity"":0.729557,""match_type"":""relaxed_lexical""},{""ground_truth_state"":""drive mode"",""candidate_state"":""DrivingMode"",""ground_truth_normalized"":""drive mode"",""candidate_normalized"":""driving mode"",""similarity"":0.845288,""match_type"":""strict""},{""ground_truth_state"":""feedback"",""candidate_state"":""Feedback"",""ground_truth_normalized"":""feedback"",""candidate_normalized"":""feedback"",""similarity"":1.0,""match_type"":""exact_normalized""},{""ground_truth_state"":""notify"",""candidate_state"":""Notification"",""ground_truth_normalized"":""notify"",""candidate_normalized"":""notification"",""similarity"":0.79708,""match_type"":""relaxed""}]","[""details"",""from and to"",""menu"",""order""]","[""EatPlaceSelection"",""JourneyDetails"",""Login"",""NoHunger"",""OtherOptions""]",8,9,4,4,5,0.444444,0.5,0.470588
Qwen_2.5_7B,rag,case_34_green_rides,results\plantuml_pipeline_run3\runs\open_source__qwen25_7b_instruct__rag\case_34_green_rides\run_01.puml,dataset\case_34_green_rides\diagram.puml,sentence-transformers/all-MiniLM-L6-v2,0.800000,0.480000,"[""accident"",""details"",""drive mode"",""feedback"",""from and to"",""menu"",""notify"",""order""]","[""AccidentNotification"",""DrivingMode"",""EatOption"",""Feedback"",""Login""]","[{""ground_truth_state"":""accident"",""candidate_state"":""AccidentNotification"",""ground_truth_normalized"":""accident"",""candidate_normalized"":""accident notification"",""similarity"":0.611665,""match_type"":""relaxed_lexical""},{""ground_truth_state"":""drive mode"",""candidate_state"":""DrivingMode"",""ground_truth_normalized"":""drive mode"",""candidate_normalized"":""driving mode"",""similarity"":0.845288,""match_type"":""strict""},{""ground_truth_state"":""feedback"",""candidate_state"":""Feedback"",""ground_truth_normalized"":""feedback"",""candidate_normalized"":""feedback"",""similarity"":1.0,""match_type"":""exact_normalized""}]","[""details"",""from and to"",""menu"",""notify"",""order""]","[""EatOption"",""Login""]",8,5,3,5,2,0.6,0.375,0.461538
DeepSeek_R1_14B,few_shot,case_37_online_quiz_system,results\plantuml_pipeline_run3\runs\open_source__deepseek_r1_14b__few_shot\case_37_online_quiz_system\run_01.puml,dataset\case_37_online_quiz_system\diagram.puml,sentence-transformers/all-MiniLM-L6-v2,0.800000,0.480000,"[""answer quiz"",""answer quiz by student"",""edit quiz"",""feedback"",""new quiz"",""post quiz"",""quiz answer and result"",""Registration or login"",""Create quiz/edit quiz by teacher"",""s2"",""s3"",""save draft"",""select quiz"",""student profile"",""submit"",""Teacher profile"",""view result""]","[""Answer Quiz"",""Create/Edit Quiz"",""Idle"",""Register/Login"",""Save Draft/Post Quiz"",""Select Quiz"",""Choose Role"",""Submit Quiz"",""View Results""]","[{""ground_truth_state"":""answer quiz"",""candidate_state"":""Answer Quiz"",""ground_truth_normalized"":""answer quiz"",""candidate_normalized"":""answer quiz"",""similarity"":1.0,""match_type"":""exact_normalized""},{""ground_truth_state"":""post quiz"",""candidate_state"":""Submit Quiz"",""ground_truth_normalized"":""post quiz"",""candidate_normalized"":""submit quiz"",""similarity"":0.805518,""match_type"":""strict""},{""ground_truth_state"":""Registration or login"",""candidate_state"":""Register/Login"",""ground_truth_normalized"":""registration or login"",""candidate_normalized"":""register/login"",""similarity"":0.866284,""match_type"":""strict""},{""ground_truth_state"":""Create quiz/edit quiz by teacher"",""candidate_state"":""Create/Edit Quiz"",""ground_truth_normalized"":""registration quiz/edit quiz by teacher"",""candidate_normalized"":""create/edit quiz"",""similarity"":0.815006,""match_type"":""strict""},{""ground_truth_state"":""save draft"",""candidate_state"":""Save Draft/Post Quiz"",""ground_truth_normalized"":""save draft"",""candidate_normalized"":""save draft/post quiz"",""similarity"":0.76519,""match_type"":""relaxed_lexical""},{""ground_truth_state"":""select quiz"",""candidate_state"":""Select Quiz"",""ground_truth_normalized"":""select quiz"",""candidate_normalized"":""select quiz"",""similarity"":1.0,""match_type"":""exact_normalized""},{""ground_truth_state"":""view result"",""candidate_state"":""View Results"",""ground_truth_normalized"":""view result"",""candidate_normalized"":""view results"",""similarity"":0.934829,""match_type"":""strict""}]","[""answer quiz by student"",""edit quiz"",""feedback"",""new quiz"",""quiz answer and result"",""s2"",""s3"",""student profile"",""submit"",""Teacher profile""]","[""Idle"",""Choose Role""]",17,9,7,10,2,0.777778,0.411765,0.538462
Llama_3.1_8B,few_shot,case_37_online_quiz_system,results\plantuml_pipeline_run3\runs\open_source__llama31_8b_instruct__few_shot\case_37_online_quiz_system\run_01.puml,dataset\case_37_online_quiz_system\diagram.puml,sentence-transformers/all-MiniLM-L6-v2,0.800000,0.480000,"[""answer quiz"",""answer quiz by student"",""edit quiz"",""feedback"",""new quiz"",""post quiz"",""quiz answer and result"",""Registration or login"",""Create quiz/edit quiz by teacher"",""s2"",""s3"",""save draft"",""select quiz"",""student profile"",""submit"",""Teacher profile"",""view result""]","[""Answering quiz"",""Draft"",""Idle"",""Invalid login"",""Invalid registration"",""J1"",""J2"",""J3"",""J4"",""J5"",""J6"",""J7"",""J8"",""Login"",""Posted"",""Register"",""Result"",""Student"",""Teacher""]","[{""ground_truth_state"":""answer quiz"",""candidate_state"":""Answering quiz"",""ground_truth_normalized"":""answer quiz"",""candidate_normalized"":""answering quiz"",""similarity"":0.89004,""match_type"":""strict""},{""ground_truth_state"":""quiz answer and result"",""candidate_state"":""Result"",""ground_truth_normalized"":""quiz answer and result"",""candidate_normalized"":""result"",""similarity"":0.535067,""match_type"":""relaxed""},{""ground_truth_state"":""Registration or login"",""candidate_state"":""Register"",""ground_truth_normalized"":""registration or login"",""candidate_normalized"":""registration"",""similarity"":0.801797,""match_type"":""strict""},{""ground_truth_state"":""s2"",""candidate_state"":""J2"",""ground_truth_normalized"":""s2"",""candidate_normalized"":""j2"",""similarity"":0.578017,""match_type"":""relaxed""},{""ground_truth_state"":""s3"",""candidate_state"":""J3"",""ground_truth_normalized"":""s3"",""candidate_normalized"":""j3"",""similarity"":0.545999,""match_type"":""relaxed""},{""ground_truth_state"":""save draft"",""candidate_state"":""Draft"",""ground_truth_normalized"":""save draft"",""candidate_normalized"":""draft"",""similarity"":0.775945,""match_type"":""relaxed_lexical""},{""ground_truth_state"":""student profile"",""candidate_state"":""Student"",""ground_truth_normalized"":""student profile"",""candidate_normalized"":""student"",""similarity"":0.68346,""match_type"":""relaxed_lexical""},{""ground_truth_state"":""Teacher profile"",""candidate_state"":""Teacher"",""ground_truth_normalized"":""teacher profile"",""candidate_normalized"":""teacher"",""similarity"":0.683635,""match_type"":""relaxed_lexical""}]","[""answer quiz by student"",""edit quiz"",""feedback"",""new quiz"",""post quiz"",""Create quiz/edit quiz by teacher"",""select quiz"",""submit"",""view result""]","[""Idle"",""Invalid login"",""Invalid registration"",""J1"",""J4"",""J5"",""J6"",""J7"",""J8"",""Login"",""Posted""]",17,19,8,9,11,0.421053,0.470588,0.444444
Mistral,rag,case_37_online_quiz_system,results\plantuml_pipeline_run3\runs\open_source__mistral__rag\case_37_online_quiz_system\run_01.puml,dataset\case_37_online_quiz_system\diagram.puml,sentence-transformers/all-MiniLM-L6-v2,0.800000,0.480000,"[""answer quiz"",""answer quiz by student"",""edit quiz"",""feedback"",""new quiz"",""post quiz"",""quiz answer and result"",""Registration or login"",""Create quiz/edit quiz by teacher"",""s2"",""s3"",""save draft"",""select quiz"",""student profile"",""submit"",""Teacher profile"",""view result""]","[""AnswerQuiz"",""EditQuiz"",""PostQuiz"",""CreateQuiz"",""SaveDraft"",""SelectQuiz"",""StartLogin"",""StudentMode"",""SubmitQuiz"",""TeacherMode"",""ViewResultSubmitted"",""ViewResults""]","[{""ground_truth_state"":""answer quiz"",""candidate_state"":""AnswerQuiz"",""ground_truth_normalized"":""answer quiz"",""candidate_normalized"":""answer quiz"",""similarity"":1.0,""match_type"":""exact_normalized""},{""ground_truth_state"":""answer quiz by student"",""candidate_state"":""SubmitQuiz"",""ground_truth_normalized"":""answer quiz by student"",""candidate_normalized"":""submit quiz"",""similarity"":0.688172,""match_type"":""relaxed""},{""ground_truth_state"":""edit quiz"",""candidate_state"":""EditQuiz"",""ground_truth_normalized"":""edit quiz"",""candidate_normalized"":""edit quiz"",""similarity"":1.0,""match_type"":""exact_normalized""},{""ground_truth_state"":""post quiz"",""candidate_state"":""PostQuiz"",""ground_truth_normalized"":""post quiz"",""candidate_normalized"":""post quiz"",""similarity"":1.0,""match_type"":""exact_normalized""},{""ground_truth_state"":""Registration or login"",""candidate_state"":""StartLogin"",""ground_truth_normalized"":""registration or login"",""candidate_normalized"":""start login"",""similarity"":0.583003,""match_type"":""relaxed""},{""ground_truth_state"":""Create quiz/edit quiz by teacher"",""candidate_state"":""CreateQuiz"",""ground_truth_normalized"":""registration quiz/edit quiz by teacher"",""candidate_normalized"":""registration quiz"",""similarity"":0.714502,""match_type"":""relaxed_lexical""},{""ground_truth_state"":""save draft"",""candidate_state"":""SaveDraft"",""ground_truth_normalized"":""save draft"",""candidate_normalized"":""save draft"",""similarity"":1.0,""match_type"":""exact_normalized""},{""ground_truth_state"":""select quiz"",""candidate_state"":""SelectQuiz"",""ground_truth_normalized"":""select quiz"",""candidate_normalized"":""select quiz"",""similarity"":1.0,""match_type"":""exact_normalized""},{""ground_truth_state"":""student profile"",""candidate_state"":""StudentMode"",""ground_truth_normalized"":""student profile"",""candidate_normalized"":""student mode"",""similarity"":0.623556,""match_type"":""relaxed""},{""ground_truth_state"":""submit"",""candidate_state"":""ViewResultSubmitted"",""ground_truth_normalized"":""submit"",""candidate_normalized"":""view result submit"",""similarity"":0.555264,""match_type"":""relaxed_lexical""},{""ground_truth_state"":""Teacher profile"",""candidate_state"":""TeacherMode"",""ground_truth_normalized"":""teacher profile"",""candidate_normalized"":""teacher mode"",""similarity"":0.539747,""match_type"":""relaxed""},{""ground_truth_state"":""view result"",""candidate_state"":""ViewResults"",""ground_truth_normalized"":""view result"",""candidate_normalized"":""view results"",""similarity"":0.934829,""match_type"":""strict""}]","[""feedback"",""new quiz"",""quiz answer and result"",""s2"",""s3""]",[],17,12,12,5,0,1.0,0.705882,0.827586
Qwen_2.5_7B,rag,case_37_online_quiz_system,results\plantuml_pipeline_run3\runs\open_source__qwen25_7b_instruct__rag\case_37_online_quiz_system\run_01.puml,dataset\case_37_online_quiz_system\diagram.puml,sentence-transformers/all-MiniLM-L6-v2,0.800000,0.480000,"[""answer quiz"",""answer quiz by student"",""edit quiz"",""feedback"",""new quiz"",""post quiz"",""quiz answer and result"",""Registration or login"",""Create quiz/edit quiz by teacher"",""s2"",""s3"",""save draft"",""select quiz"",""student profile"",""submit"",""Teacher profile"",""view result""]","[""AnswerQuiz"",""EditQuiz"",""LoginSuccess"",""CreateQuiz"",""SaveDraftPost"",""SelectQuiz"",""StudentChoice"",""SubmitQuiz"",""TeacherChoice"",""ViewResult"",""ViewResults""]","[{""ground_truth_state"":""answer quiz"",""candidate_state"":""AnswerQuiz"",""ground_truth_normalized"":""answer quiz"",""candidate_normalized"":""answer quiz"",""similarity"":1.0,""match_type"":""exact_normalized""},{""ground_truth_state"":""edit quiz"",""candidate_state"":""EditQuiz"",""ground_truth_normalized"":""edit quiz"",""candidate_normalized"":""edit quiz"",""similarity"":1.0,""match_type"":""exact_normalized""},{""ground_truth_state"":""post quiz"",""candidate_state"":""SubmitQuiz"",""ground_truth_normalized"":""post quiz"",""candidate_normalized"":""submit quiz"",""similarity"":0.805518,""match_type"":""strict""},{""ground_truth_state"":""Registration or login"",""candidate_state"":""LoginSuccess"",""ground_truth_normalized"":""registration or login"",""candidate_normalized"":""login success"",""similarity"":0.592196,""match_type"":""relaxed""},{""ground_truth_state"":""Create quiz/edit quiz by teacher"",""candidate_state"":""CreateQuiz"",""ground_truth_normalized"":""registration quiz/edit quiz by teacher"",""candidate_normalized"":""registration quiz"",""similarity"":0.714502,""match_type"":""relaxed_lexical""},{""ground_truth_state"":""save draft"",""candidate_state"":""SaveDraftPost"",""ground_truth_normalized"":""save draft"",""candidate_normalized"":""save draft post"",""similarity"":0.880786,""match_type"":""strict""},{""ground_truth_state"":""select quiz"",""candidate_state"":""SelectQuiz"",""ground_truth_normalized"":""select quiz"",""candidate_normalized"":""select quiz"",""similarity"":1.0,""match_type"":""exact_normalized""},{""ground_truth_state"":""student profile"",""candidate_state"":""StudentChoice"",""ground_truth_normalized"":""student profile"",""candidate_normalized"":""student choice"",""similarity"":0.547206,""match_type"":""relaxed""},{""ground_truth_state"":""Teacher profile"",""candidate_state"":""TeacherChoice"",""ground_truth_normalized"":""teacher profile"",""candidate_normalized"":""teacher choice"",""similarity"":0.529266,""match_type"":""relaxed""},{""ground_truth_state"":""view result"",""candidate_state"":""ViewResult"",""ground_truth_normalized"":""view result"",""candidate_normalized"":""view result"",""similarity"":1.0,""match_type"":""exact_normalized""}]","[""answer quiz by student"",""feedback"",""new quiz"",""quiz answer and result"",""s2"",""s3"",""submit""]","[""ViewResults""]",17,11,10,7,1,0.909091,0.588235,0.714286
DeepSeek_R1_14B,few_shot,case_39_website_development,results\plantuml_pipeline_run3\runs\open_source__deepseek_r1_14b__few_shot\case_39_website_development\run_01.puml,dataset\case_39_website_development\diagram.puml,sentence-transformers/all-MiniLM-L6-v2,0.800000,0.480000,"[""Available departments"",""Career opportunities"",""Employment/Internship application form"",""History of the firm"",""Homepage"",""News/blog"",""Photos"",""Updates"",""Verification"",""Display Projects"",""Walk-through""]","[""Application Form"",""Career Opportunities"",""Check Application"",""Homepage"",""Navigate to Menu"",""Photos"",""Project Information"",""Submit Application"",""Updates"",""Videos"",""View Careers"",""View Projects""]","[{""ground_truth_state"":""Career opportunities"",""candidate_state"":""Career Opportunities"",""ground_truth_normalized"":""career opportunities"",""candidate_normalized"":""career opportunities"",""similarity"":1.0,""match_type"":""exact_normalized""},{""ground_truth_state"":""Employment/Internship application form"",""candidate_state"":""Submit Application"",""ground_truth_normalized"":""employment/internship application form"",""candidate_normalized"":""submit application"",""similarity"":0.533011,""match_type"":""relaxed""},{""ground_truth_state"":""Homepage"",""candidate_state"":""Homepage"",""ground_truth_normalized"":""homepage"",""candidate_normalized"":""homepage"",""similarity"":1.0,""match_type"":""exact_normalized""},{""ground_truth_state"":""Photos"",""candidate_state"":""Photos"",""ground_truth_normalized"":""photos"",""candidate_normalized"":""photos"",""similarity"":1.0,""match_type"":""exact_normalized""},{""ground_truth_state"":""Updates"",""candidate_state"":""Updates"",""ground_truth_normalized"":""updates"",""candidate_normalized"":""updates"",""similarity"":1.0,""match_type"":""exact_normalized""},{""ground_truth_state"":""Display Projects"",""candidate_state"":""View Projects"",""ground_truth_normalized"":""view projects"",""candidate_normalized"":""view projects"",""similarity"":1.0,""match_type"":""exact_normalized""}]","[""Available departments"",""History of the firm"",""News/blog"",""Verification"",""Walk-through""]","[""Application Form"",""Check Application"",""Navigate to Menu"",""Project Information"",""Videos"",""View Careers""]",11,12,6,5,6,0.5,0.545455,0.521739
Llama_3.1_8B,few_shot,case_39_website_development,results\plantuml_pipeline_run3\runs\open_source__llama31_8b_instruct__few_shot\case_39_website_development\run_01.puml,dataset\case_39_website_development\diagram.puml,sentence-transformers/all-MiniLM-L6-v2,0.800000,0.480000,"[""Available departments"",""Career opportunities"",""Employment/Internship application form"",""History of the firm"",""Homepage"",""News/blog"",""Photos"",""Updates"",""Verification"",""Display Projects"",""Walk-through""]","[""Application Form"",""Career Opportunities"",""Homepage"",""Job Applications"",""Photo View"",""Project View"",""Update View"",""Video View""]","[{""ground_truth_state"":""Career opportunities"",""candidate_state"":""Career Opportunities"",""ground_truth_normalized"":""career opportunities"",""candidate_normalized"":""career opportunities"",""similarity"":1.0,""match_type"":""exact_normalized""},{""ground_truth_state"":""Employment/Internship application form"",""candidate_state"":""Job Applications"",""ground_truth_normalized"":""employment/internship application form"",""candidate_normalized"":""job applications"",""similarity"":0.595507,""match_type"":""relaxed""},{""ground_truth_state"":""Homepage"",""candidate_state"":""Homepage"",""ground_truth_normalized"":""homepage"",""candidate_normalized"":""homepage"",""similarity"":1.0,""match_type"":""exact_normalized""},{""ground_truth_state"":""Photos"",""candidate_state"":""Photo View"",""ground_truth_normalized"":""photos"",""candidate_normalized"":""photo view"",""similarity"":0.698645,""match_type"":""relaxed""},{""ground_truth_state"":""Updates"",""candidate_state"":""Update View"",""ground_truth_normalized"":""updates"",""candidate_normalized"":""update view"",""similarity"":0.543408,""match_type"":""relaxed""},{""ground_truth_state"":""Display Projects"",""candidate_state"":""Project View"",""ground_truth_normalized"":""view projects"",""candidate_normalized"":""project view"",""similarity"":0.908755,""match_type"":""strict""}]","[""Available departments"",""History of the firm"",""News/blog"",""Verification"",""Walk-through""]","[""Application Form"",""Video View""]",11,8,6,5,2,0.75,0.545455,0.631579
Mistral,rag,case_39_website_development,results\plantuml_pipeline_run3\runs\open_source__mistral__rag\case_39_website_development\run_01.puml,dataset\case_39_website_development\diagram.puml,sentence-transformers/all-MiniLM-L6-v2,0.800000,0.480000,"[""Available departments"",""Career opportunities"",""Employment/Internship application form"",""History of the firm"",""Homepage"",""News/blog"",""Photos"",""Updates"",""Verification"",""Display Projects"",""Walk-through""]","[""Analysis"",""BlogsAndNewsUpdates"",""CareerOpportunities"",""CheckDetails"",""CompletedRegistration"",""DashboardSelection"",""GovernmentOfficialDashboard"",""HealthPlanningResults"",""HealthWorkerDashboard"",""Homepage"",""IncorrectDetails"",""InvalidDetails"",""LoggedInUser"",""SignIn"",""LoginDetailsInput"",""Logout"",""MedicalInformationInput"",""NavigationBar"",""NewUser"",""PasswordCheck"",""PatientDashboard"",""PhotosOrVideos"",""ProfileManagement"",""Projects"",""AccountCreation"",""RegistrationDetailsInput"",""RegisteredUser"",""UpdatesOrApplicationForm"",""UserLoginOrRegistration"",""UserRegistration""]","[{""ground_truth_state"":""Career opportunities"",""candidate_state"":""CareerOpportunities"",""ground_truth_normalized"":""career opportunities"",""candidate_normalized"":""career opportunities"",""similarity"":1.0,""match_type"":""exact_normalized""},{""ground_truth_state"":""Homepage"",""candidate_state"":""Homepage"",""ground_truth_normalized"":""homepage"",""candidate_normalized"":""homepage"",""similarity"":1.0,""match_type"":""exact_normalized""},{""ground_truth_state"":""News/blog"",""candidate_state"":""BlogsAndNewsUpdates"",""ground_truth_normalized"":""news/blog"",""candidate_normalized"":""blogs and news updates"",""similarity"":0.80386,""match_type"":""strict""},{""ground_truth_state"":""Photos"",""candidate_state"":""PhotosOrVideos"",""ground_truth_normalized"":""photos"",""candidate_normalized"":""photos or videos"",""similarity"":0.772425,""match_type"":""relaxed_lexical""},{""ground_truth_state"":""Updates"",""candidate_state"":""UpdatesOrApplicationForm"",""ground_truth_normalized"":""updates"",""candidate_normalized"":""updates or application form"",""similarity"":0.590414,""match_type"":""relaxed_lexical""},{""ground_truth_state"":""Verification"",""candidate_state"":""CompletedRegistration"",""ground_truth_normalized"":""verification"",""candidate_normalized"":""completed registration"",""similarity"":0.541897,""match_type"":""relaxed""},{""ground_truth_state"":""Display Projects"",""candidate_state"":""Projects"",""ground_truth_normalized"":""view projects"",""candidate_normalized"":""projects"",""similarity"":0.674986,""match_type"":""relaxed_lexical""}]","[""Available departments"",""Employment/Internship application form"",""History of the firm"",""Walk-through""]","[""Analysis"",""CheckDetails"",""DashboardSelection"",""GovernmentOfficialDashboard"",""HealthPlanningResults"",""HealthWorkerDashboard"",""IncorrectDetails"",""InvalidDetails"",""LoggedInUser"",""SignIn"",""LoginDetailsInput"",""Logout"",""MedicalInformationInput"",""NavigationBar"",""NewUser"",""PasswordCheck"",""PatientDashboard"",""ProfileManagement"",""AccountCreation"",""RegistrationDetailsInput"",""RegisteredUser"",""UserLoginOrRegistration"",""UserRegistration""]",11,30,7,4,23,0.233333,0.636364,0.341463
Qwen_2.5_7B,rag,case_39_website_development,results\plantuml_pipeline_run3\runs\open_source__qwen25_7b_instruct__rag\case_39_website_development\run_01.puml,dataset\case_39_website_development\diagram.puml,sentence-transformers/all-MiniLM-L6-v2,0.800000,0.480000,"[""Available departments"",""Career opportunities"",""Employment/Internship application form"",""History of the firm"",""Homepage"",""News/blog"",""Photos"",""Updates"",""Verification"",""Display Projects"",""Walk-through""]","[""ApplicationForm"",""CareerInfo"",""Check"",""Photos"",""ProjectInfo"",""Submit"",""Updates"",""Videos""]","[{""ground_truth_state"":""Career opportunities"",""candidate_state"":""CareerInfo"",""ground_truth_normalized"":""career opportunities"",""candidate_normalized"":""career info"",""similarity"":0.700464,""match_type"":""relaxed""},{""ground_truth_state"":""Employment/Internship application form"",""candidate_state"":""ApplicationForm"",""ground_truth_normalized"":""employment/internship application form"",""candidate_normalized"":""application"",""similarity"":0.439868,""match_type"":""relaxed_lexical""},{""ground_truth_state"":""Photos"",""candidate_state"":""Photos"",""ground_truth_normalized"":""photos"",""candidate_normalized"":""photos"",""similarity"":1.0,""match_type"":""exact_normalized""},{""ground_truth_state"":""Updates"",""candidate_state"":""Updates"",""ground_truth_normalized"":""updates"",""candidate_normalized"":""updates"",""similarity"":1.0,""match_type"":""exact_normalized""},{""ground_truth_state"":""Verification"",""candidate_state"":""Check"",""ground_truth_normalized"":""verification"",""candidate_normalized"":""check"",""similarity"":0.64123,""match_type"":""relaxed""},{""ground_truth_state"":""Display Projects"",""candidate_state"":""ProjectInfo"",""ground_truth_normalized"":""view projects"",""candidate_normalized"":""project info"",""similarity"":0.587815,""match_type"":""relaxed""}]","[""Available departments"",""History of the firm"",""Homepage"",""News/blog"",""Walk-through""]","[""Submit"",""Videos""]",11,8,6,5,2,0.75,0.545455,0.631579
DeepSeek_R1_14B,few_shot,case_41_video_suggestion_system,results\plantuml_pipeline_run3\runs\open_source__deepseek_r1_14b__few_shot\case_41_video_suggestion_system\run_01.puml,dataset\case_41_video_suggestion_system\diagram.puml,sentence-transformers/all-MiniLM-L6-v2,0.800000,0.480000,"[""Other Videos watched by similar users"",""Paid Promotion Videos"",""Request Suggestion"",""Retrieve Other Attributes of videos"",""Retrieve Unique Id"",""Similar Genre Videos"",""Similar Tag Videos"",""Suggest Videos"",""Trending Videos""]","[""Adding Details"",""Initial"",""User Identification"",""Video Gathering"",""Videos Sent""]","[{""ground_truth_state"":""Paid Promotion Videos"",""candidate_state"":""Videos Sent"",""ground_truth_normalized"":""payment promotion videos"",""candidate_normalized"":""videos submit"",""similarity"":0.590304,""match_type"":""relaxed""},{""ground_truth_state"":""Suggest Videos"",""candidate_state"":""Video Gathering"",""ground_truth_normalized"":""suggest videos"",""candidate_normalized"":""video gathering"",""similarity"":0.5399,""match_type"":""relaxed""}]","[""Other Videos watched by similar users"",""Request Suggestion"",""Retrieve Other Attributes of videos"",""Retrieve Unique Id"",""Similar Genre Videos"",""Similar Tag Videos"",""Trending Videos""]","[""Adding Details"",""Initial"",""User Identification""]",9,5,2,7,3,0.4,0.222222,0.285714
Llama_3.1_8B,few_shot,case_41_video_suggestion_system,results\plantuml_pipeline_run3\runs\open_source__llama31_8b_instruct__few_shot\case_41_video_suggestion_system\run_01.puml,dataset\case_41_video_suggestion_system\diagram.puml,sentence-transformers/all-MiniLM-L6-v2,0.800000,0.480000,"[""Other Videos watched by similar users"",""Paid Promotion Videos"",""Request Suggestion"",""Retrieve Other Attributes of videos"",""Retrieve Unique Id"",""Similar Genre Videos"",""Similar Tag Videos"",""Suggest Videos"",""Trending Videos""]","[""Add Details"",""Gather Videos"",""Identify User"",""Receive Request"",""Send Videos""]","[{""ground_truth_state"":""Paid Promotion Videos"",""candidate_state"":""Send Videos"",""ground_truth_normalized"":""payment promotion videos"",""candidate_normalized"":""submit videos"",""similarity"":0.57787,""match_type"":""relaxed""},{""ground_truth_state"":""Request Suggestion"",""candidate_state"":""Receive Request"",""ground_truth_normalized"":""request suggestion"",""candidate_normalized"":""receive request"",""similarity"":0.618368,""match_type"":""relaxed""},{""ground_truth_state"":""Suggest Videos"",""candidate_state"":""Gather Videos"",""ground_truth_normalized"":""suggest videos"",""candidate_normalized"":""gather videos"",""similarity"":0.558923,""match_type"":""relaxed""}]","[""Other Videos watched by similar users"",""Retrieve Other Attributes of videos"",""Retrieve Unique Id"",""Similar Genre Videos"",""Similar Tag Videos"",""Trending Videos""]","[""Add Details"",""Identify User""]",9,5,3,6,2,0.6,0.333333,0.428571
Mistral,rag,case_41_video_suggestion_system,results\plantuml_pipeline_run3\runs\open_source__mistral__rag\case_41_video_suggestion_system\run_01.puml,dataset\case_41_video_suggestion_system\diagram.puml,sentence-transformers/all-MiniLM-L6-v2,0.800000,0.480000,"[""Other Videos watched by similar users"",""Paid Promotion Videos"",""Request Suggestion"",""Retrieve Other Attributes of videos"",""Retrieve Unique Id"",""Similar Genre Videos"",""Similar Tag Videos"",""Suggest Videos"",""Trending Videos""]","[""AddDetails"",""GatherVideos"",""IdentifyUser"",""SendSuggestions"",""UserIdentified"",""UserRequestVideo""]","[{""ground_truth_state"":""Other Videos watched by similar users"",""candidate_state"":""UserRequestVideo"",""ground_truth_normalized"":""other videos watched by similar user"",""candidate_normalized"":""user request video"",""similarity"":0.620748,""match_type"":""relaxed""},{""ground_truth_state"":""Request Suggestion"",""candidate_state"":""SendSuggestions"",""ground_truth_normalized"":""request suggestion"",""candidate_normalized"":""submit suggestions"",""similarity"":0.555284,""match_type"":""relaxed""},{""ground_truth_state"":""Suggest Videos"",""candidate_state"":""GatherVideos"",""ground_truth_normalized"":""suggest videos"",""candidate_normalized"":""gather videos"",""similarity"":0.558923,""match_type"":""relaxed""}]","[""Paid Promotion Videos"",""Retrieve Other Attributes of videos"",""Retrieve Unique Id"",""Similar Genre Videos"",""Similar Tag Videos"",""Trending Videos""]","[""AddDetails"",""IdentifyUser"",""UserIdentified""]",9,6,3,6,3,0.5,0.333333,0.4
Qwen_2.5_7B,rag,case_41_video_suggestion_system,results\plantuml_pipeline_run3\runs\open_source__qwen25_7b_instruct__rag\case_41_video_suggestion_system\run_01.puml,dataset\case_41_video_suggestion_system\diagram.puml,sentence-transformers/all-MiniLM-L6-v2,0.800000,0.480000,"[""Other Videos watched by similar users"",""Paid Promotion Videos"",""Request Suggestion"",""Retrieve Other Attributes of videos"",""Retrieve Unique Id"",""Similar Genre Videos"",""Similar Tag Videos"",""Suggest Videos"",""Trending Videos""]","[""AddDetails"",""IdentifyUser"",""SendVideos""]","[{""ground_truth_state"":""Paid Promotion Videos"",""candidate_state"":""SendVideos"",""ground_truth_normalized"":""payment promotion videos"",""candidate_normalized"":""submit videos"",""similarity"":0.57787,""match_type"":""relaxed""}]","[""Other Videos watched by similar users"",""Request Suggestion"",""Retrieve Other Attributes of videos"",""Retrieve Unique Id"",""Similar Genre Videos"",""Similar Tag Videos"",""Suggest Videos"",""Trending Videos""]","[""AddDetails"",""IdentifyUser""]",9,3,1,8,2,0.333333,0.111111,0.166667
DeepSeek_R1_14B,few_shot,case_45_alarm_clock,results\plantuml_pipeline_run3\runs\open_source__deepseek_r1_14b__few_shot\case_45_alarm_clock\run_01.puml,dataset\case_45_alarm_clock\diagram.puml,sentence-transformers/all-MiniLM-L6-v2,0.800000,0.480000,"[""Prepared"",""Ringing"",""Unprepared""]","[""Activated"",""Off"",""Ringing""]","[{""ground_truth_state"":""Ringing"",""candidate_state"":""Ringing"",""ground_truth_normalized"":""ringing"",""candidate_normalized"":""ringing"",""similarity"":1.0,""match_type"":""exact_normalized""}]","[""Prepared"",""Unprepared""]","[""Activated"",""Off""]",3,3,1,2,2,0.333333,0.333333,0.333333
Llama_3.1_8B,few_shot,case_45_alarm_clock,results\plantuml_pipeline_run3\runs\open_source__llama31_8b_instruct__few_shot\case_45_alarm_clock\run_01.puml,dataset\case_45_alarm_clock\diagram.puml,sentence-transformers/all-MiniLM-L6-v2,0.800000,0.480000,"[""Prepared"",""Ringing"",""Unprepared""]","[""Activated"",""Off"",""Ringing""]","[{""ground_truth_state"":""Ringing"",""candidate_state"":""Ringing"",""ground_truth_normalized"":""ringing"",""candidate_normalized"":""ringing"",""similarity"":1.0,""match_type"":""exact_normalized""}]","[""Prepared"",""Unprepared""]","[""Activated"",""Off""]",3,3,1,2,2,0.333333,0.333333,0.333333
Mistral,rag,case_45_alarm_clock,results\plantuml_pipeline_run3\runs\open_source__mistral__rag\case_45_alarm_clock\run_01.puml,dataset\case_45_alarm_clock\diagram.puml,sentence-transformers/all-MiniLM-L6-v2,0.800000,0.480000,"[""Prepared"",""Ringing"",""Unprepared""]","[""ActiveAlarm"",""AlarmOn"",""Idle"",""Off"",""Ringing"",""RingingAlarm"",""StoppedAlarm""]","[{""ground_truth_state"":""Ringing"",""candidate_state"":""Ringing"",""ground_truth_normalized"":""ringing"",""candidate_normalized"":""ringing"",""similarity"":1.0,""match_type"":""exact_normalized""}]","[""Prepared"",""Unprepared""]","[""ActiveAlarm"",""AlarmOn"",""Idle"",""Off"",""RingingAlarm"",""StoppedAlarm""]",3,7,1,2,6,0.142857,0.333333,0.2
Qwen_2.5_7B,rag,case_45_alarm_clock,results\plantuml_pipeline_run3\runs\open_source__qwen25_7b_instruct__rag\case_45_alarm_clock\run_01.puml,dataset\case_45_alarm_clock\diagram.puml,sentence-transformers/all-MiniLM-L6-v2,0.800000,0.480000,"[""Prepared"",""Ringing"",""Unprepared""]","[""Activate"",""Activated"",""Off"",""Set"",""SetAlarm"",""Stop""]",[],"[""Prepared"",""Ringing"",""Unprepared""]","[""Activate"",""Activated"",""Off"",""Set"",""SetAlarm"",""Stop""]",3,6,0,3,6,0.0,0.0,0.0
DeepSeek_R1_14B,few_shot,case_46_digital_watch,results\plantuml_pipeline_run3\runs\open_source__deepseek_r1_14b__few_shot\case_46_digital_watch\run_01.puml,dataset\case_46_digital_watch\diagram.puml,sentence-transformers/all-MiniLM-L6-v2,0.800000,0.480000,"[""Change alarm hour"",""Change alarm minute"",""Change Hour"",""Change minutes"",""Prepared"",""Ringing"",""TurnedOff"",""TurnedOn"",""Unprepared"",""Display"",""Watch""]","[""Adjusting Time"",""Alarm On"",""Alarm Ringing"",""Light On"",""Normal Mode"",""Setting Alarm""]","[{""ground_truth_state"":""Change alarm hour"",""candidate_state"":""Alarm On"",""ground_truth_normalized"":""change alarm hour"",""candidate_normalized"":""alarm on"",""similarity"":0.566445,""match_type"":""relaxed_lexical""},{""ground_truth_state"":""Change alarm minute"",""candidate_state"":""Setting Alarm"",""ground_truth_normalized"":""change alarm minute"",""candidate_normalized"":""setting alarm"",""similarity"":0.804852,""match_type"":""strict""},{""ground_truth_state"":""Change Hour"",""candidate_state"":""Adjusting Time"",""ground_truth_normalized"":""change hour"",""candidate_normalized"":""adjusting time"",""similarity"":0.667261,""match_type"":""relaxed""},{""ground_truth_state"":""Ringing"",""candidate_state"":""Alarm Ringing"",""ground_truth_normalized"":""ringing"",""candidate_normalized"":""alarm ringing"",""similarity"":0.714544,""match_type"":""relaxed_lexical""},{""ground_truth_state"":""TurnedOn"",""candidate_state"":""Light On"",""ground_truth_normalized"":""turned on"",""candidate_normalized"":""light on"",""similarity"":0.673144,""match_type"":""relaxed""}]","[""Change minutes"",""Prepared"",""TurnedOff"",""Unprepared"",""Display"",""Watch""]","[""Normal Mode""]",11,6,5,6,1,0.833333,0.454545,0.588235
Llama_3.1_8B,few_shot,case_46_digital_watch,results\plantuml_pipeline_run3\runs\open_source__llama31_8b_instruct__few_shot\case_46_digital_watch\run_01.puml,dataset\case_46_digital_watch\diagram.puml,sentence-transformers/all-MiniLM-L6-v2,0.800000,0.480000,"[""Change alarm hour"",""Change alarm minute"",""Change Hour"",""Change minutes"",""Prepared"",""Ringing"",""TurnedOff"",""TurnedOn"",""Unprepared"",""Display"",""Watch""]","[""Adjust Hour"",""Adjust Minute"",""Alarm Hour"",""Alarm Minute"",""Alarm Off"",""Alarm On"",""Idle"",""Light Off"",""Light On""]","[{""ground_truth_state"":""Change alarm hour"",""candidate_state"":""Alarm Hour"",""ground_truth_normalized"":""change alarm hour"",""candidate_normalized"":""alarm hour"",""similarity"":0.800642,""match_type"":""strict""},{""ground_truth_state"":""Change alarm minute"",""candidate_state"":""Alarm Minute"",""ground_truth_normalized"":""change alarm minute"",""candidate_normalized"":""alarm minute"",""similarity"":0.832629,""match_type"":""strict""},{""ground_truth_state"":""Change Hour"",""candidate_state"":""Adjust Hour"",""ground_truth_normalized"":""change hour"",""candidate_normalized"":""adjust hour"",""similarity"":0.836814,""match_type"":""strict""},{""ground_truth_state"":""Change minutes"",""candidate_state"":""Adjust Minute"",""ground_truth_normalized"":""change minutes"",""candidate_normalized"":""adjust minute"",""similarity"":0.766561,""match_type"":""relaxed""},{""ground_truth_state"":""TurnedOff"",""candidate_state"":""Light Off"",""ground_truth_normalized"":""turned off"",""candidate_normalized"":""light off"",""similarity"":0.631029,""match_type"":""relaxed""},{""ground_truth_state"":""TurnedOn"",""candidate_state"":""Light On"",""ground_truth_normalized"":""turned on"",""candidate_normalized"":""light on"",""similarity"":0.673144,""match_type"":""relaxed""}]","[""Prepared"",""Ringing"",""Unprepared"",""Display"",""Watch""]","[""Alarm Off"",""Alarm On"",""Idle""]",11,9,6,5,3,0.666667,0.545455,0.6
Mistral,rag,case_46_digital_watch,results\plantuml_pipeline_run3\runs\open_source__mistral__rag\case_46_digital_watch\run_01.puml,dataset\case_46_digital_watch\diagram.puml,sentence-transformers/all-MiniLM-L6-v2,0.800000,0.480000,"[""Change alarm hour"",""Change alarm minute"",""Change Hour"",""Change minutes"",""Prepared"",""Ringing"",""TurnedOff"",""TurnedOn"",""Unprepared"",""Display"",""Watch""]","[""AccessDenied"",""AdminProfileManagement"",""AlarmHourAdjustment"",""AlarmMinuteAdjustment"",""AlarmOff"",""AlarmOn"",""AlarmOn[*]"",""ArticleReview"",""ContentCreation"",""CustomerDashboard"",""CustomerDashboard[*]"",""Editing"",""FeedbackProvided"",""FinePaid[*]"",""FinePaid"",""HourAdjustment"",""LightOff"",""LightOn"",""LightOn[*]"",""LoginChoice"",""Logout"",""MinuteAdjustment"",""NoViolation"",""ProductAddition"",""ProductExploration"",""ProductPromotion"",""ProductViewing"",""PublishedArticles"",""PurchaseDecision"",""Registration"",""RuleVerification"",""SearchArticle"",""SellerWorkspace"",""SellerWorkspace[*]"",""StartWatch"",""StreetLightControl"",""TrafficMonitoring"",""TrafficSignalManagement"",""VehicleNumberCapture"",""Verification"",""ViolationRecorded"",""WarningSent[*]"",""WarningSent""]","[{""ground_truth_state"":""Change alarm hour"",""candidate_state"":""AlarmHourAdjustment"",""ground_truth_normalized"":""change alarm hour"",""candidate_normalized"":""alarm hour adjustment"",""similarity"":0.86584,""match_type"":""strict""},{""ground_truth_state"":""Change alarm minute"",""candidate_state"":""AlarmMinuteAdjustment"",""ground_truth_normalized"":""change alarm minute"",""candidate_normalized"":""alarm minute adjustment"",""similarity"":0.848153,""match_type"":""strict""},{""ground_truth_state"":""Change Hour"",""candidate_state"":""HourAdjustment"",""ground_truth_normalized"":""change hour"",""candidate_normalized"":""hour adjustment"",""similarity"":0.812183,""match_type"":""strict""},{""ground_truth_state"":""Change minutes"",""candidate_state"":""MinuteAdjustment"",""ground_truth_normalized"":""change minutes"",""candidate_normalized"":""minute adjustment"",""similarity"":0.696034,""match_type"":""relaxed""},{""ground_truth_state"":""TurnedOff"",""candidate_state"":""LightOff"",""ground_truth_normalized"":""turned off"",""candidate_normalized"":""light off"",""similarity"":0.631029,""match_type"":""relaxed""},{""ground_truth_state"":""TurnedOn"",""candidate_state"":""LightOn"",""ground_truth_normalized"":""turned on"",""candidate_normalized"":""light on"",""similarity"":0.673144,""match_type"":""relaxed""},{""ground_truth_state"":""Display"",""candidate_state"":""ProductViewing"",""ground_truth_normalized"":""view"",""candidate_normalized"":""product view"",""similarity"":0.69984,""match_type"":""relaxed""},{""ground_truth_state"":""Watch"",""candidate_state"":""StartWatch"",""ground_truth_normalized"":""watch"",""candidate_normalized"":""start watch"",""similarity"":0.730933,""match_type"":""relaxed_lexical""}]","[""Prepared"",""Ringing"",""Unprepared""]","[""AccessDenied"",""AdminProfileManagement"",""AlarmOff"",""AlarmOn"",""AlarmOn[*]"",""ArticleReview"",""ContentCreation"",""CustomerDashboard"",""CustomerDashboard[*]"",""Editing"",""FeedbackProvided"",""FinePaid[*]"",""FinePaid"",""LightOn[*]"",""LoginChoice"",""Logout"",""NoViolation"",""ProductAddition"",""ProductExploration"",""ProductPromotion"",""PublishedArticles"",""PurchaseDecision"",""Registration"",""RuleVerification"",""SearchArticle"",""SellerWorkspace"",""SellerWorkspace[*]"",""StreetLightControl"",""TrafficMonitoring"",""TrafficSignalManagement"",""VehicleNumberCapture"",""Verification"",""ViolationRecorded"",""WarningSent[*]"",""WarningSent""]",11,43,8,3,35,0.186047,0.727273,0.296296
Qwen_2.5_7B,rag,case_46_digital_watch,results\plantuml_pipeline_run3\runs\open_source__qwen25_7b_instruct__rag\case_46_digital_watch\run_01.puml,dataset\case_46_digital_watch\diagram.puml,sentence-transformers/all-MiniLM-L6-v2,0.800000,0.480000,"[""Change alarm hour"",""Change alarm minute"",""Change Hour"",""Change minutes"",""Prepared"",""Ringing"",""TurnedOff"",""TurnedOn"",""Unprepared"",""Display"",""Watch""]","[""AlarmSettings"",""AlarmTriggered"",""Initial"",""LightOff"",""LightOn"",""LightSettings"",""TimeSettings""]","[{""ground_truth_state"":""Change alarm hour"",""candidate_state"":""AlarmSettings"",""ground_truth_normalized"":""change alarm hour"",""candidate_normalized"":""alarm settings"",""similarity"":0.747257,""match_type"":""relaxed""},{""ground_truth_state"":""Change alarm minute"",""candidate_state"":""AlarmTriggered"",""ground_truth_normalized"":""change alarm minute"",""candidate_normalized"":""alarm triggered"",""similarity"":0.574932,""match_type"":""relaxed""},{""ground_truth_state"":""Change Hour"",""candidate_state"":""TimeSettings"",""ground_truth_normalized"":""change hour"",""candidate_normalized"":""time settings"",""similarity"":0.668969,""match_type"":""relaxed""},{""ground_truth_state"":""TurnedOff"",""candidate_state"":""LightOff"",""ground_truth_normalized"":""turned off"",""candidate_normalized"":""light off"",""similarity"":0.631029,""match_type"":""relaxed""},{""ground_truth_state"":""TurnedOn"",""candidate_state"":""LightOn"",""ground_truth_normalized"":""turned on"",""candidate_normalized"":""light on"",""similarity"":0.673144,""match_type"":""relaxed""}]","[""Change minutes"",""Prepared"",""Ringing"",""Unprepared"",""Display"",""Watch""]","[""Initial"",""LightSettings""]",11,7,5,6,2,0.714286,0.454545,0.555556
DeepSeek_R1_14B,few_shot,case_47_safehome_security_function,results\plantuml_pipeline_run3\runs\open_source__deepseek_r1_14b__few_shot\case_47_safehome_security_function\run_01.puml,dataset\case_47_safehome_security_function\diagram.puml,sentence-transformers/all-MiniLM-L6-v2,0.800000,0.480000,"[""ActingOnAlarm"",""Idle"",""MonitoringSystemStatus"",""Resetting""]","[""Alarm Triggered"",""Monitoring"",""Normal State"",""Power On Check"",""Ready to Use"",""Startup Problem""]","[{""ground_truth_state"":""ActingOnAlarm"",""candidate_state"":""Alarm Triggered"",""ground_truth_normalized"":""acting on alarm"",""candidate_normalized"":""alarm triggered"",""similarity"":0.816991,""match_type"":""strict""},{""ground_truth_state"":""MonitoringSystemStatus"",""candidate_state"":""Monitoring"",""ground_truth_normalized"":""monitoring system status"",""candidate_normalized"":""monitoring"",""similarity"":0.728893,""match_type"":""relaxed_lexical""}]","[""Idle"",""Resetting""]","[""Normal State"",""Power On Check"",""Ready to Use"",""Startup Problem""]",4,6,2,2,4,0.333333,0.5,0.4
Llama_3.1_8B,few_shot,case_47_safehome_security_function,results\plantuml_pipeline_run3\runs\open_source__llama31_8b_instruct__few_shot\case_47_safehome_security_function\run_01.puml,dataset\case_47_safehome_security_function\diagram.puml,sentence-transformers/all-MiniLM-L6-v2,0.800000,0.480000,"[""ActingOnAlarm"",""Idle"",""MonitoringSystemStatus"",""Resetting""]","[""Activate"",""Alarm and alerts sent"",""Check everything working"",""Continue monitoring"",""False alarm or time ends"",""Monitoring"",""Password entered"",""Problem during startup"",""Ready to use"",""Reset"",""Sensor triggered"",""Startup"",""Turn off""]","[{""ground_truth_state"":""ActingOnAlarm"",""candidate_state"":""False alarm or time ends"",""ground_truth_normalized"":""acting on alarm"",""candidate_normalized"":""false alarm or time ends"",""similarity"":0.67118,""match_type"":""relaxed""},{""ground_truth_state"":""MonitoringSystemStatus"",""candidate_state"":""Monitoring"",""ground_truth_normalized"":""monitoring system status"",""candidate_normalized"":""monitoring"",""similarity"":0.728893,""match_type"":""relaxed_lexical""},{""ground_truth_state"":""Resetting"",""candidate_state"":""Reset"",""ground_truth_normalized"":""resetting"",""candidate_normalized"":""reset"",""similarity"":0.963797,""match_type"":""strict""}]","[""Idle""]","[""Activate"",""Alarm and alerts sent"",""Check everything working"",""Continue monitoring"",""Password entered"",""Problem during startup"",""Ready to use"",""Sensor triggered"",""Startup"",""Turn off""]",4,13,3,1,10,0.230769,0.75,0.352941
Mistral,rag,case_47_safehome_security_function,results\plantuml_pipeline_run3\runs\open_source__mistral__rag\case_47_safehome_security_function\run_01.puml,dataset\case_47_safehome_security_function\diagram.puml,sentence-transformers/all-MiniLM-L6-v2,0.800000,0.480000,"[""ActingOnAlarm"",""Idle"",""MonitoringSystemStatus"",""Resetting""]","[""Activate"",""Alarm"",""FalseAlarm"",""Monitoring"",""Normal"",""Off"",""Ready"",""Reset"",""Startup""]","[{""ground_truth_state"":""ActingOnAlarm"",""candidate_state"":""Alarm"",""ground_truth_normalized"":""acting on alarm"",""candidate_normalized"":""alarm"",""similarity"":0.853297,""match_type"":""strict""},{""ground_truth_state"":""MonitoringSystemStatus"",""candidate_state"":""Monitoring"",""ground_truth_normalized"":""monitoring system status"",""candidate_normalized"":""monitoring"",""similarity"":0.728893,""match_type"":""relaxed_lexical""},{""ground_truth_state"":""Resetting"",""candidate_state"":""Reset"",""ground_truth_normalized"":""resetting"",""candidate_normalized"":""reset"",""similarity"":0.963797,""match_type"":""strict""}]","[""Idle""]","[""Activate"",""FalseAlarm"",""Normal"",""Off"",""Ready"",""Startup""]",4,9,3,1,6,0.333333,0.75,0.461538
Qwen_2.5_7B,rag,case_47_safehome_security_function,results\plantuml_pipeline_run3\runs\open_source__qwen25_7b_instruct__rag\case_47_safehome_security_function\run_01.puml,dataset\case_47_safehome_security_function\diagram.puml,sentence-transformers/all-MiniLM-L6-v2,0.800000,0.480000,"[""ActingOnAlarm"",""Idle"",""MonitoringSystemStatus"",""Resetting""]","[""AlarmActivated"",""AlertsSent"",""ContinueMonitoring"",""Monitoring"",""Off"",""PowerOnCheck"",""ReadyToUse"",""StartupProblem"",""StartupReady""]","[{""ground_truth_state"":""ActingOnAlarm"",""candidate_state"":""AlarmActivated"",""ground_truth_normalized"":""acting on alarm"",""candidate_normalized"":""alarm activated"",""similarity"":0.776868,""match_type"":""relaxed""},{""ground_truth_state"":""MonitoringSystemStatus"",""candidate_state"":""Monitoring"",""ground_truth_normalized"":""monitoring system status"",""candidate_normalized"":""monitoring"",""similarity"":0.728893,""match_type"":""relaxed_lexical""}]","[""Idle"",""Resetting""]","[""AlertsSent"",""ContinueMonitoring"",""Off"",""PowerOnCheck"",""ReadyToUse"",""StartupProblem"",""StartupReady""]",4,9,2,2,7,0.222222,0.5,0.307692
DeepSeek_R1_14B,few_shot,case_51_process_sale,results\plantuml_pipeline_run3\runs\open_source__deepseek_r1_14b__few_shot\case_51_process_sale\run_01.puml,dataset\case_51_process_sale\diagram.puml,sentence-transformers/all-MiniLM-L6-v2,0.800000,0.480000,"[""AuthorizingPayment"",""EnteringItems"",""WaitingForPayment"",""WaitingForSale""]","[""Adding items"",""Back to waiting"",""Card/Check payment verified"",""Cash payment approved"",""Payment processing"",""Sale completed"",""Start"",""Waiting for sale""]","[{""ground_truth_state"":""AuthorizingPayment"",""candidate_state"":""Cash payment approved"",""ground_truth_normalized"":""authorizing payment"",""candidate_normalized"":""cash payment approval"",""similarity"":0.605423,""match_type"":""relaxed""},{""ground_truth_state"":""EnteringItems"",""candidate_state"":""Adding items"",""ground_truth_normalized"":""enter items"",""candidate_normalized"":""adding items"",""similarity"":0.581763,""match_type"":""relaxed""},{""ground_truth_state"":""WaitingForPayment"",""candidate_state"":""Payment processing"",""ground_truth_normalized"":""waiting for payment"",""candidate_normalized"":""payment processing"",""similarity"":0.666663,""match_type"":""relaxed""},{""ground_truth_state"":""WaitingForSale"",""candidate_state"":""Waiting for sale"",""ground_truth_normalized"":""waiting for sale"",""candidate_normalized"":""waiting for sale"",""similarity"":1.0,""match_type"":""exact_normalized""}]",[],"[""Back to waiting"",""Card/Check payment verified"",""Sale completed"",""Start""]",4,8,4,0,4,0.5,1.0,0.666667
Llama_3.1_8B,few_shot,case_51_process_sale,results\plantuml_pipeline_run3\runs\open_source__llama31_8b_instruct__few_shot\case_51_process_sale\run_01.puml,dataset\case_51_process_sale\diagram.puml,sentence-transformers/all-MiniLM-L6-v2,0.800000,0.480000,"[""AuthorizingPayment"",""EnteringItems"",""WaitingForPayment"",""WaitingForSale""]","[""Add item"",""Complete sale"",""Payment"",""Verify payment"",""Wait for sale""]","[{""ground_truth_state"":""AuthorizingPayment"",""candidate_state"":""Verify payment"",""ground_truth_normalized"":""authorizing payment"",""candidate_normalized"":""verify payment"",""similarity"":0.667575,""match_type"":""relaxed""},{""ground_truth_state"":""EnteringItems"",""candidate_state"":""Add item"",""ground_truth_normalized"":""enter items"",""candidate_normalized"":""add item"",""similarity"":0.564345,""match_type"":""relaxed""},{""ground_truth_state"":""WaitingForPayment"",""candidate_state"":""Payment"",""ground_truth_normalized"":""waiting for payment"",""candidate_normalized"":""payment"",""similarity"":0.715955,""match_type"":""relaxed_lexical""},{""ground_truth_state"":""WaitingForSale"",""candidate_state"":""Wait for sale"",""ground_truth_normalized"":""waiting for sale"",""candidate_normalized"":""wait for sale"",""similarity"":0.898803,""match_type"":""strict""}]",[],"[""Complete sale""]",4,5,4,0,1,0.8,1.0,0.888889
Mistral,rag,case_51_process_sale,results\plantuml_pipeline_run3\runs\open_source__mistral__rag\case_51_process_sale\run_01.puml,dataset\case_51_process_sale\diagram.puml,sentence-transformers/all-MiniLM-L6-v2,0.800000,0.480000,"[""AuthorizingPayment"",""EnteringItems"",""WaitingForPayment"",""WaitingForSale""]","[""ApprovedPayment"",""CardOrCheckPayment"",""CashPayment"",""CompletedSale"",""PaymentVerification"",""Record items"",""Waiting for customer"",""Waiting for payment""]","[{""ground_truth_state"":""AuthorizingPayment"",""candidate_state"":""PaymentVerification"",""ground_truth_normalized"":""authorizing payment"",""candidate_normalized"":""payment verification"",""similarity"":0.681613,""match_type"":""relaxed""},{""ground_truth_state"":""WaitingForPayment"",""candidate_state"":""Waiting for payment"",""ground_truth_normalized"":""waiting for payment"",""candidate_normalized"":""waiting for payment"",""similarity"":1.0,""match_type"":""exact_normalized""},{""ground_truth_state"":""WaitingForSale"",""candidate_state"":""Waiting for customer"",""ground_truth_normalized"":""waiting for sale"",""candidate_normalized"":""waiting for customer"",""similarity"":0.692467,""match_type"":""relaxed""}]","[""EnteringItems""]","[""ApprovedPayment"",""CardOrCheckPayment"",""CashPayment"",""CompletedSale"",""Record items""]",4,8,3,1,5,0.375,0.75,0.5
Qwen_2.5_7B,rag,case_51_process_sale,results\plantuml_pipeline_run3\runs\open_source__qwen25_7b_instruct__rag\case_51_process_sale\run_01.puml,dataset\case_51_process_sale\diagram.puml,sentence-transformers/all-MiniLM-L6-v2,0.800000,0.480000,"[""AuthorizingPayment"",""EnteringItems"",""WaitingForPayment"",""WaitingForSale""]","[""Recording items"",""Waiting for new sale"",""Waiting for payment""]","[{""ground_truth_state"":""WaitingForPayment"",""candidate_state"":""Waiting for payment"",""ground_truth_normalized"":""waiting for payment"",""candidate_normalized"":""waiting for payment"",""similarity"":1.0,""match_type"":""exact_normalized""},{""ground_truth_state"":""WaitingForSale"",""candidate_state"":""Waiting for new sale"",""ground_truth_normalized"":""waiting for sale"",""candidate_normalized"":""waiting for new sale"",""similarity"":0.922757,""match_type"":""strict""}]","[""AuthorizingPayment"",""EnteringItems""]","[""Recording items""]",4,3,2,2,1,0.666667,0.5,0.571429
DeepSeek_R1_14B,few_shot,case_52_microwave_oven,results\plantuml_pipeline_run3\runs\open_source__deepseek_r1_14b__few_shot\case_52_microwave_oven\run_01.puml,dataset\case_52_microwave_oven\diagram.puml,sentence-transformers/all-MiniLM-L6-v2,0.800000,0.480000,"[""Disabled"",""Enabled"",""Full Power"",""Half Power"",""Operation"",""Set Time"",""Waiting""]","[""Cooking"",""DoorOpenInactive"",""Start"",""Stopped"",""UserInput"",""Waiting""]","[{""ground_truth_state"":""Waiting"",""candidate_state"":""Waiting"",""ground_truth_normalized"":""waiting"",""candidate_normalized"":""waiting"",""similarity"":1.0,""match_type"":""exact_normalized""}]","[""Disabled"",""Enabled"",""Full Power"",""Half Power"",""Operation"",""Set Time""]","[""Cooking"",""DoorOpenInactive"",""Start"",""Stopped"",""UserInput""]",7,6,1,6,5,0.166667,0.142857,0.153846
Llama_3.1_8B,few_shot,case_52_microwave_oven,results\plantuml_pipeline_run3\runs\open_source__llama31_8b_instruct__few_shot\case_52_microwave_oven\run_01.puml,dataset\case_52_microwave_oven\diagram.puml,sentence-transformers/all-MiniLM-L6-v2,0.800000,0.480000,"[""Disabled"",""Enabled"",""Full Power"",""Half Power"",""Operation"",""Set Time"",""Waiting""]","[""Cancel Cooking"",""Error"",""Idle"",""Start Cooking""]",[],"[""Disabled"",""Enabled"",""Full Power"",""Half Power"",""Operation"",""Set Time"",""Waiting""]","[""Cancel Cooking"",""Error"",""Idle"",""Start Cooking""]",7,4,0,7,4,0.0,0.0,0.0
Mistral,rag,case_52_microwave_oven,results\plantuml_pipeline_run3\runs\open_source__mistral__rag\case_52_microwave_oven\run_01.puml,dataset\case_52_microwave_oven\diagram.puml,sentence-transformers/all-MiniLM-L6-v2,0.800000,0.480000,"[""Disabled"",""Enabled"",""Full Power"",""Half Power"",""Operation"",""Set Time"",""Waiting""]","[""Alarm"",""ApprovedTransaction"",""CardRetained"",""Checking"",""Complexity"",""Cook"",""Cooking"",""Disabled"",""DispenseCash"",""Done"",""Door Closed"",""Door Open"",""Door Open With Item"",""Door Shut"",""Door Shut With Item"",""Food Placed"",""Idle"",""InvalidPIN"",""Operation"",""Options"",""OutOfCash"",""PINEntered"",""PrintReceipt"",""Ready To Cook"",""RejectedTransaction"",""Requirement"",""Reset"",""ReturnCard"",""Waiting"",""WithdrawalRequest""]","[{""ground_truth_state"":""Disabled"",""candidate_state"":""Disabled"",""ground_truth_normalized"":""disabled"",""candidate_normalized"":""disabled"",""similarity"":1.0,""match_type"":""exact_normalized""},{""ground_truth_state"":""Operation"",""candidate_state"":""Operation"",""ground_truth_normalized"":""operation"",""candidate_normalized"":""operation"",""similarity"":1.0,""match_type"":""exact_normalized""},{""ground_truth_state"":""Waiting"",""candidate_state"":""Waiting"",""ground_truth_normalized"":""waiting"",""candidate_normalized"":""waiting"",""similarity"":1.0,""match_type"":""exact_normalized""}]","[""Enabled"",""Full Power"",""Half Power"",""Set Time""]","[""Alarm"",""ApprovedTransaction"",""CardRetained"",""Checking"",""Complexity"",""Cook"",""Cooking"",""DispenseCash"",""Done"",""Door Closed"",""Door Open"",""Door Open With Item"",""Door Shut"",""Door Shut With Item"",""Food Placed"",""Idle"",""InvalidPIN"",""Options"",""OutOfCash"",""PINEntered"",""PrintReceipt"",""Ready To Cook"",""RejectedTransaction"",""Requirement"",""Reset"",""ReturnCard"",""WithdrawalRequest""]",7,30,3,4,27,0.1,0.428571,0.162162
Qwen_2.5_7B,rag,case_52_microwave_oven,results\plantuml_pipeline_run3\runs\open_source__qwen25_7b_instruct__rag\case_52_microwave_oven\run_01.puml,dataset\case_52_microwave_oven\diagram.puml,sentence-transformers/all-MiniLM-L6-v2,0.800000,0.480000,"[""Disabled"",""Enabled"",""Full Power"",""Half Power"",""Operation"",""Set Time"",""Waiting""]","[""Alarm"",""Checking"",""Cook"",""Cooking"",""Disabled"",""Done"",""Door Open"",""Door Shut"",""PowerSelect"",""TimeSet"",""Waiting""]","[{""ground_truth_state"":""Disabled"",""candidate_state"":""Disabled"",""ground_truth_normalized"":""disabled"",""candidate_normalized"":""disabled"",""similarity"":1.0,""match_type"":""exact_normalized""},{""ground_truth_state"":""Full Power"",""candidate_state"":""PowerSelect"",""ground_truth_normalized"":""full power"",""candidate_normalized"":""power select"",""similarity"":0.481212,""match_type"":""relaxed""},{""ground_truth_state"":""Set Time"",""candidate_state"":""TimeSet"",""ground_truth_normalized"":""set time"",""candidate_normalized"":""time set"",""similarity"":0.896991,""match_type"":""strict""},{""ground_truth_state"":""Waiting"",""candidate_state"":""Waiting"",""ground_truth_normalized"":""waiting"",""candidate_normalized"":""waiting"",""similarity"":1.0,""match_type"":""exact_normalized""}]","[""Enabled"",""Half Power"",""Operation""]","[""Alarm"",""Checking"",""Cook"",""Cooking"",""Done"",""Door Open"",""Door Shut""]",7,11,4,3,7,0.363636,0.571429,0.444444
DeepSeek_R1_14B,few_shot,case_54_weather_station_system,results\plantuml_pipeline_run3\runs\open_source__deepseek_r1_14b__few_shot\case_54_weather_station_system\run_01.puml,dataset\case_54_weather_station_system\diagram.puml,sentence-transformers/all-MiniLM-L6-v2,0.800000,0.480000,"[""Collecting"",""Configuring"",""Controlled"",""Operation"",""Running"",""Shutdown"",""Summarizing"",""Testing"",""Transmitting""]",[],[],"[""Collecting"",""Configuring"",""Controlled"",""Operation"",""Running"",""Shutdown"",""Summarizing"",""Testing"",""Transmitting""]",[],9,0,0,9,0,0.0,0.0,0.0
Llama_3.1_8B,few_shot,case_54_weather_station_system,results\plantuml_pipeline_run3\runs\open_source__llama31_8b_instruct__few_shot\case_54_weather_station_system\run_01.puml,dataset\case_54_weather_station_system\diagram.puml,sentence-transformers/all-MiniLM-L6-v2,0.800000,0.480000,"[""Collecting"",""Configuring"",""Controlled"",""Operation"",""Running"",""Shutdown"",""Summarizing"",""Testing"",""Transmitting""]","[""Checking Status"",""Collecting Data"",""Config Mode"",""Controlled Mode"",""Running"",""Sending Summary"",""Shut Down""]","[{""ground_truth_state"":""Collecting"",""candidate_state"":""Collecting Data"",""ground_truth_normalized"":""collect"",""candidate_normalized"":""collect data"",""similarity"":0.639959,""match_type"":""relaxed_lexical""},{""ground_truth_state"":""Configuring"",""candidate_state"":""Config Mode"",""ground_truth_normalized"":""configuring"",""candidate_normalized"":""config mode"",""similarity"":0.674064,""match_type"":""relaxed""},{""ground_truth_state"":""Controlled"",""candidate_state"":""Controlled Mode"",""ground_truth_normalized"":""controlled"",""candidate_normalized"":""controlled mode"",""similarity"":0.720561,""match_type"":""relaxed_lexical""},{""ground_truth_state"":""Running"",""candidate_state"":""Running"",""ground_truth_normalized"":""running"",""candidate_normalized"":""running"",""similarity"":1.0,""match_type"":""exact_normalized""},{""ground_truth_state"":""Shutdown"",""candidate_state"":""Shut Down"",""ground_truth_normalized"":""shutdown"",""candidate_normalized"":""shut down"",""similarity"":0.807081,""match_type"":""strict""},{""ground_truth_state"":""Summarizing"",""candidate_state"":""Sending Summary"",""ground_truth_normalized"":""summarizing"",""candidate_normalized"":""sending summary"",""similarity"":0.563643,""match_type"":""relaxed""}]","[""Operation"",""Testing"",""Transmitting""]","[""Checking Status""]",9,7,6,3,1,0.857143,0.666667,0.75
Mistral,rag,case_54_weather_station_system,results\plantuml_pipeline_run3\runs\open_source__mistral__rag\case_54_weather_station_system\run_01.puml,dataset\case_54_weather_station_system\diagram.puml,sentence-transformers/all-MiniLM-L6-v2,0.800000,0.480000,"[""Collecting"",""Configuring"",""Controlled"",""Operation"",""Running"",""Shutdown"",""Summarizing"",""Testing"",""Transmitting""]","[""AccessGranted"",""AddNewFiles"",""AddOldFiles"",""Choice2"",""Choice3"",""CollectData"",""ConfigMode"",""ControlledMode"",""Initialize\\nComponent"",""J2"",""J3"",""J4"",""NotVerified"",""PrepareAlerts"",""ProcessUpdate"",""ProvideMedicalInfo"",""Running"",""SetPermissions"",""Shutdown"",""StatusCheck"",""StoreOldFiles"",""Summary"",""UnloadingPhase"",""Verification"",""VerifiedStatus"",""Waiting for Update""]","[{""ground_truth_state"":""Collecting"",""candidate_state"":""CollectData"",""ground_truth_normalized"":""collect"",""candidate_normalized"":""collect data"",""similarity"":0.639959,""match_type"":""relaxed_lexical""},{""ground_truth_state"":""Configuring"",""candidate_state"":""ConfigMode"",""ground_truth_normalized"":""configuring"",""candidate_normalized"":""config mode"",""similarity"":0.674064,""match_type"":""relaxed""},{""ground_truth_state"":""Controlled"",""candidate_state"":""ControlledMode"",""ground_truth_normalized"":""controlled"",""candidate_normalized"":""controlled mode"",""similarity"":0.720561,""match_type"":""relaxed_lexical""},{""ground_truth_state"":""Running"",""candidate_state"":""Running"",""ground_truth_normalized"":""running"",""candidate_normalized"":""running"",""similarity"":1.0,""match_type"":""exact_normalized""},{""ground_truth_state"":""Shutdown"",""candidate_state"":""Shutdown"",""ground_truth_normalized"":""shutdown"",""candidate_normalized"":""shutdown"",""similarity"":1.0,""match_type"":""exact_normalized""},{""ground_truth_state"":""Summarizing"",""candidate_state"":""Summary"",""ground_truth_normalized"":""summarizing"",""candidate_normalized"":""summary"",""similarity"":0.671054,""match_type"":""relaxed""}]","[""Operation"",""Testing"",""Transmitting""]","[""AccessGranted"",""AddNewFiles"",""AddOldFiles"",""Choice2"",""Choice3"",""Initialize\\nComponent"",""J2"",""J3"",""J4"",""NotVerified"",""PrepareAlerts"",""ProcessUpdate"",""ProvideMedicalInfo"",""SetPermissions"",""StatusCheck"",""StoreOldFiles"",""UnloadingPhase"",""Verification"",""VerifiedStatus"",""Waiting for Update""]",9,26,6,3,20,0.230769,0.666667,0.342857
Qwen_2.5_7B,rag,case_54_weather_station_system,results\plantuml_pipeline_run3\runs\open_source__qwen25_7b_instruct__rag\case_54_weather_station_system\run_01.puml,dataset\case_54_weather_station_system\diagram.puml,sentence-transformers/all-MiniLM-L6-v2,0.800000,0.480000,"[""Collecting"",""Configuring"",""Controlled"",""Operation"",""Running"",""Shutdown"",""Summarizing"",""Testing"",""Transmitting""]","[""Configuration Mode"",""Controlled Mode"",""Data Collection"",""Restart"",""Running"",""Shutdown"",""Status Checking"",""Summary Preparation""]","[{""ground_truth_state"":""Collecting"",""candidate_state"":""Data Collection"",""ground_truth_normalized"":""collect"",""candidate_normalized"":""data collection"",""similarity"":0.490738,""match_type"":""relaxed""},{""ground_truth_state"":""Configuring"",""candidate_state"":""Configuration Mode"",""ground_truth_normalized"":""configuring"",""candidate_normalized"":""configuration mode"",""similarity"":0.648217,""match_type"":""relaxed""},{""ground_truth_state"":""Controlled"",""candidate_state"":""Controlled Mode"",""ground_truth_normalized"":""controlled"",""candidate_normalized"":""controlled mode"",""similarity"":0.720561,""match_type"":""relaxed_lexical""},{""ground_truth_state"":""Running"",""candidate_state"":""Running"",""ground_truth_normalized"":""running"",""candidate_normalized"":""running"",""similarity"":1.0,""match_type"":""exact_normalized""},{""ground_truth_state"":""Shutdown"",""candidate_state"":""Shutdown"",""ground_truth_normalized"":""shutdown"",""candidate_normalized"":""shutdown"",""similarity"":1.0,""match_type"":""exact_normalized""},{""ground_truth_state"":""Summarizing"",""candidate_state"":""Summary Preparation"",""ground_truth_normalized"":""summarizing"",""candidate_normalized"":""summary preparation"",""similarity"":0.577728,""match_type"":""relaxed""}]","[""Operation"",""Testing"",""Transmitting""]","[""Restart"",""Status Checking""]",9,8,6,3,2,0.75,0.666667,0.705882
DeepSeek_R1_14B,few_shot,case_59_atm_1,results\plantuml_pipeline_run3\runs\open_source__deepseek_r1_14b__few_shot\case_59_atm_1\run_01.puml,dataset\case_59_atm_1\diagram.puml,sentence-transformers/all-MiniLM-L6-v2,0.800000,0.480000,"[""EnterAmount <<extended>>"",""ReadAmount <<extended>>"",""ReleaseCard <<extended>>"",""SelectAmount <<extended>>""]","[""CancelTransaction"",""ConfirmTransaction"",""Insert Card"",""ProcessWithdrawal"",""ReturnCard"",""SelectWithdrawalAmount""]","[{""ground_truth_state"":""ReleaseCard <<extended>>"",""candidate_state"":""Insert Card"",""ground_truth_normalized"":""release card <<extended>>"",""candidate_normalized"":""insert card"",""similarity"":0.542683,""match_type"":""relaxed""},{""ground_truth_state"":""SelectAmount <<extended>>"",""candidate_state"":""SelectWithdrawalAmount"",""ground_truth_normalized"":""select amount <<extended>>"",""candidate_normalized"":""select withdrawal amount"",""similarity"":0.573704,""match_type"":""relaxed""}]","[""EnterAmount <<extended>>"",""ReadAmount <<extended>>""]","[""CancelTransaction"",""ConfirmTransaction"",""ProcessWithdrawal"",""ReturnCard""]",4,6,2,2,4,0.333333,0.5,0.4
Llama_3.1_8B,few_shot,case_59_atm_1,results\plantuml_pipeline_run3\runs\open_source__llama31_8b_instruct__few_shot\case_59_atm_1\run_01.puml,dataset\case_59_atm_1\diagram.puml,sentence-transformers/all-MiniLM-L6-v2,0.800000,0.480000,"[""EnterAmount <<extended>>"",""ReadAmount <<extended>>"",""ReleaseCard <<extended>>"",""SelectAmount <<extended>>""]","[""Cancel Transaction"",""InputCustomAmount"",""PredefinedAmounts"",""ReturnCard"",""Choose Amount""]","[{""ground_truth_state"":""EnterAmount <<extended>>"",""candidate_state"":""InputCustomAmount"",""ground_truth_normalized"":""enter amount <<extended>>"",""candidate_normalized"":""input custom amount"",""similarity"":0.573039,""match_type"":""relaxed""},{""ground_truth_state"":""ReleaseCard <<extended>>"",""candidate_state"":""ReturnCard"",""ground_truth_normalized"":""release card <<extended>>"",""candidate_normalized"":""return card"",""similarity"":0.513028,""match_type"":""relaxed""},{""ground_truth_state"":""SelectAmount <<extended>>"",""candidate_state"":""Choose Amount"",""ground_truth_normalized"":""select amount <<extended>>"",""candidate_normalized"":""select amount"",""similarity"":0.824091,""match_type"":""strict""}]","[""ReadAmount <<extended>>""]","[""Cancel Transaction"",""PredefinedAmounts""]",4,5,3,1,2,0.6,0.75,0.666667
Mistral,rag,case_59_atm_1,results\plantuml_pipeline_run3\runs\open_source__mistral__rag\case_59_atm_1\run_01.puml,dataset\case_59_atm_1\diagram.puml,sentence-transformers/all-MiniLM-L6-v2,0.800000,0.480000,"[""EnterAmount <<extended>>"",""ReadAmount <<extended>>"",""ReleaseCard <<extended>>"",""SelectAmount <<extended>>""]","[""Checking Amount"",""Confiscating"",""Dispensing Cash"",""Ejecting"",""Idle"",""Inputting Amount"",""Out of Cash"",""Printing Receipt"",""Resetting"",""Returning Card"",""Validating PIN"",""Waiting for PIN"",""Withdrawal Options""]","[{""ground_truth_state"":""EnterAmount <<extended>>"",""candidate_state"":""Inputting Amount"",""ground_truth_normalized"":""enter amount <<extended>>"",""candidate_normalized"":""inputting amount"",""similarity"":0.614334,""match_type"":""relaxed""},{""ground_truth_state"":""ReadAmount <<extended>>"",""candidate_state"":""Checking Amount"",""ground_truth_normalized"":""read amount <<extended>>"",""candidate_normalized"":""checking amount"",""similarity"":0.536422,""match_type"":""relaxed""},{""ground_truth_state"":""ReleaseCard <<extended>>"",""candidate_state"":""Returning Card"",""ground_truth_normalized"":""release card <<extended>>"",""candidate_normalized"":""returning card"",""similarity"":0.485125,""match_type"":""relaxed""}]","[""SelectAmount <<extended>>""]","[""Confiscating"",""Dispensing Cash"",""Ejecting"",""Idle"",""Out of Cash"",""Printing Receipt"",""Resetting"",""Validating PIN"",""Waiting for PIN"",""Withdrawal Options""]",4,13,3,1,10,0.230769,0.75,0.352941
Qwen_2.5_7B,rag,case_59_atm_1,results\plantuml_pipeline_run3\runs\open_source__qwen25_7b_instruct__rag\case_59_atm_1\run_01.puml,dataset\case_59_atm_1\diagram.puml,sentence-transformers/all-MiniLM-L6-v2,0.800000,0.480000,"[""EnterAmount <<extended>>"",""ReadAmount <<extended>>"",""ReleaseCard <<extended>>"",""SelectAmount <<extended>>""]","[""Confiscating"",""Custom Amount Entry"",""Ejecting"",""Idle"",""Transaction Approved"",""Transaction Rejected"",""Validating PIN"",""Waiting for PIN"",""Withdrawal Options""]","[{""ground_truth_state"":""EnterAmount <<extended>>"",""candidate_state"":""Custom Amount Entry"",""ground_truth_normalized"":""enter amount <<extended>>"",""candidate_normalized"":""custom amount entry"",""similarity"":0.576577,""match_type"":""relaxed""}]","[""ReadAmount <<extended>>"",""ReleaseCard <<extended>>"",""SelectAmount <<extended>>""]","[""Confiscating"",""Ejecting"",""Idle"",""Transaction Approved"",""Transaction Rejected"",""Validating PIN"",""Waiting for PIN"",""Withdrawal Options""]",4,9,1,3,8,0.111111,0.25,0.153846
DeepSeek_R1_14B,few_shot,case_60_atm_2,results\plantuml_pipeline_run3\runs\open_source__deepseek_r1_14b__few_shot\case_60_atm_2\run_01.puml,dataset\case_60_atm_2\diagram.puml,sentence-transformers/all-MiniLM-L6-v2,0.800000,0.480000,"[""EnterAmount"",""ReadAmount <<extended>>"",""SelectAmount <<extended>>"",""VerifyTransaction <<extended>>""]","[""Enter custom amount"",""Final state"",""Initial"",""Rejected state"",""Select amount"",""Verify transaction""]","[{""ground_truth_state"":""EnterAmount"",""candidate_state"":""Enter custom amount"",""ground_truth_normalized"":""enter amount"",""candidate_normalized"":""enter custom amount"",""similarity"":0.833957,""match_type"":""strict""},{""ground_truth_state"":""SelectAmount <<extended>>"",""candidate_state"":""Select amount"",""ground_truth_normalized"":""select amount <<extended>>"",""candidate_normalized"":""select amount"",""similarity"":0.824091,""match_type"":""strict""},{""ground_truth_state"":""VerifyTransaction <<extended>>"",""candidate_state"":""Verify transaction"",""ground_truth_normalized"":""verify transaction <<extended>>"",""candidate_normalized"":""verify transaction"",""similarity"":0.802673,""match_type"":""strict""}]","[""ReadAmount <<extended>>""]","[""Final state"",""Initial"",""Rejected state""]",4,6,3,1,3,0.5,0.75,0.6
Llama_3.1_8B,few_shot,case_60_atm_2,results\plantuml_pipeline_run3\runs\open_source__llama31_8b_instruct__few_shot\case_60_atm_2\run_01.puml,dataset\case_60_atm_2\diagram.puml,sentence-transformers/all-MiniLM-L6-v2,0.800000,0.480000,"[""EnterAmount"",""ReadAmount <<extended>>"",""SelectAmount <<extended>>"",""VerifyTransaction <<extended>>""]","[""EnterCustomValue"",""Final"",""Initial"",""ReEnterAmount"",""SelectAmount"",""VerifyTransaction""]","[{""ground_truth_state"":""EnterAmount"",""candidate_state"":""ReEnterAmount"",""ground_truth_normalized"":""enter amount"",""candidate_normalized"":""re enter amount"",""similarity"":0.848469,""match_type"":""strict""},{""ground_truth_state"":""SelectAmount <<extended>>"",""candidate_state"":""SelectAmount"",""ground_truth_normalized"":""select amount <<extended>>"",""candidate_normalized"":""select amount"",""similarity"":0.824091,""match_type"":""strict""},{""ground_truth_state"":""VerifyTransaction <<extended>>"",""candidate_state"":""VerifyTransaction"",""ground_truth_normalized"":""verify transaction <<extended>>"",""candidate_normalized"":""verify transaction"",""similarity"":0.802673,""match_type"":""strict""}]","[""ReadAmount <<extended>>""]","[""EnterCustomValue"",""Final"",""Initial""]",4,6,3,1,3,0.5,0.75,0.6
Mistral,rag,case_60_atm_2,results\plantuml_pipeline_run3\runs\open_source__mistral__rag\case_60_atm_2\run_01.puml,dataset\case_60_atm_2\diagram.puml,sentence-transformers/all-MiniLM-L6-v2,0.800000,0.480000,"[""EnterAmount"",""ReadAmount <<extended>>"",""SelectAmount <<extended>>"",""VerifyTransaction <<extended>>""]","[""AcceptRequest"",""ApproveRequest"",""CancelEverything"",""CancelProcess"",""CardRetained"",""CheckCash"",""CorrectPin"",""DispenseCash"",""EnterPINAgain"",""Idle"",""IncorrectPin"",""MakePayment"",""NoCash"",""OutOfService"",""PrintReceipt"",""ProceedWithProject"",""QualityCheck"",""RejectProject"",""DeclineRequest"",""RejectRequest"",""RequestWithdrawal"",""Reset"",""RestartProcess"",""ReturnCard"",""SatisfiedClient"",""SaveProjectDetails"",""SearchProjectCategory"",""TrackProgress"",""UnsatisfiedClient"",""UpdateProjectStatus"",""UploadFinalProject"",""UploadRequest"",""VerifyPin"",""DisplayOptions""]","[{""ground_truth_state"":""EnterAmount"",""candidate_state"":""EnterPINAgain"",""ground_truth_normalized"":""enter amount"",""candidate_normalized"":""enter pin again"",""similarity"":0.531644,""match_type"":""relaxed""},{""ground_truth_state"":""VerifyTransaction <<extended>>"",""candidate_state"":""VerifyPin"",""ground_truth_normalized"":""verify transaction <<extended>>"",""candidate_normalized"":""verify pin"",""similarity"":0.49245,""match_type"":""relaxed""}]","[""ReadAmount <<extended>>"",""SelectAmount <<extended>>""]","[""AcceptRequest"",""ApproveRequest"",""CancelEverything"",""CancelProcess"",""CardRetained"",""CheckCash"",""CorrectPin"",""DispenseCash"",""Idle"",""IncorrectPin"",""MakePayment"",""NoCash"",""OutOfService"",""PrintReceipt"",""ProceedWithProject"",""QualityCheck"",""RejectProject"",""DeclineRequest"",""RejectRequest"",""RequestWithdrawal"",""Reset"",""RestartProcess"",""ReturnCard"",""SatisfiedClient"",""SaveProjectDetails"",""SearchProjectCategory"",""TrackProgress"",""UnsatisfiedClient"",""UpdateProjectStatus"",""UploadFinalProject"",""UploadRequest"",""DisplayOptions""]",4,34,2,2,32,0.058824,0.5,0.105263
Qwen_2.5_7B,rag,case_60_atm_2,results\plantuml_pipeline_run3\runs\open_source__qwen25_7b_instruct__rag\case_60_atm_2\run_01.puml,dataset\case_60_atm_2\diagram.puml,sentence-transformers/all-MiniLM-L6-v2,0.800000,0.480000,"[""EnterAmount"",""ReadAmount <<extended>>"",""SelectAmount <<extended>>"",""VerifyTransaction <<extended>>""]","[""OutOfService"",""ReadAmount"",""ReleaseCard"",""SelectAmount"",""VerifyCard <<final>>"",""VerifyTransaction <<final>>""]","[{""ground_truth_state"":""ReadAmount <<extended>>"",""candidate_state"":""ReadAmount"",""ground_truth_normalized"":""read amount <<extended>>"",""candidate_normalized"":""read amount"",""similarity"":0.828014,""match_type"":""strict""},{""ground_truth_state"":""SelectAmount <<extended>>"",""candidate_state"":""SelectAmount"",""ground_truth_normalized"":""select amount <<extended>>"",""candidate_normalized"":""select amount"",""similarity"":0.824091,""match_type"":""strict""},{""ground_truth_state"":""VerifyTransaction <<extended>>"",""candidate_state"":""VerifyTransaction <<final>>"",""ground_truth_normalized"":""verify transaction <<extended>>"",""candidate_normalized"":""verify transaction <<final>>"",""similarity"":0.853373,""match_type"":""strict""}]","[""EnterAmount""]","[""OutOfService"",""ReleaseCard"",""VerifyCard <<final>>""]",4,6,3,1,3,0.5,0.75,0.6
DeepSeek_R1_14B,few_shot,case_65_plane,results\plantuml_pipeline_run3\runs\open_source__deepseek_r1_14b__few_shot\case_65_plane\run_01.puml,dataset\case_65_plane\diagram.puml,sentence-transformers/all-MiniLM-L6-v2,0.800000,0.480000,"[""In Maintenance"",""Ordered"",""Ready for Use"",""Scheduled for Maintenance""]","[""Arrival"",""Maintenance"",""Operations"",""Order"",""OutOfService"",""Preparation"",""StartOrder""]","[{""ground_truth_state"":""In Maintenance"",""candidate_state"":""Maintenance"",""ground_truth_normalized"":""in maintenance"",""candidate_normalized"":""maintenance"",""similarity"":0.854492,""match_type"":""strict""},{""ground_truth_state"":""Ordered"",""candidate_state"":""Order"",""ground_truth_normalized"":""ordered"",""candidate_normalized"":""order"",""similarity"":0.914529,""match_type"":""strict""}]","[""Ready for Use"",""Scheduled for Maintenance""]","[""Arrival"",""Operations"",""OutOfService"",""Preparation"",""StartOrder""]",4,7,2,2,5,0.285714,0.5,0.363636
Llama_3.1_8B,few_shot,case_65_plane,results\plantuml_pipeline_run3\runs\open_source__llama31_8b_instruct__few_shot\case_65_plane\run_01.puml,dataset\case_65_plane\diagram.puml,sentence-transformers/all-MiniLM-L6-v2,0.800000,0.480000,"[""In Maintenance"",""Ordered"",""Ready for Use"",""Scheduled for Maintenance""]","[""Arrival"",""Maintenance"",""Operations"",""Order"",""Preparation""]","[{""ground_truth_state"":""In Maintenance"",""candidate_state"":""Maintenance"",""ground_truth_normalized"":""in maintenance"",""candidate_normalized"":""maintenance"",""similarity"":0.854492,""match_type"":""strict""},{""ground_truth_state"":""Ordered"",""candidate_state"":""Order"",""ground_truth_normalized"":""ordered"",""candidate_normalized"":""order"",""similarity"":0.914529,""match_type"":""strict""}]","[""Ready for Use"",""Scheduled for Maintenance""]","[""Arrival"",""Operations"",""Preparation""]",4,5,2,2,3,0.4,0.5,0.444444
Mistral,rag,case_65_plane,results\plantuml_pipeline_run3\runs\open_source__mistral__rag\case_65_plane\run_01.puml,dataset\case_65_plane\diagram.puml,sentence-transformers/all-MiniLM-L6-v2,0.800000,0.480000,"[""In Maintenance"",""Ordered"",""Ready for Use"",""Scheduled for Maintenance""]","[""Arrival"",""CustomerRegistration"",""Delivery"",""GovernmentOfficialDashboard"",""HealthWorkerDashboard"",""Login"",""LoginError"",""Maintenance"",""NewUserRegistration"",""Operations"",""Order"",""OrderPlacement"",""OutOfService"",""PatientDashboard"",""PaymentSelection"",""PermanentlyWithdrawn"",""Preparation"",""ProductSelection"",""Production"",""UserDashboard"",""UserSignIn""]","[{""ground_truth_state"":""In Maintenance"",""candidate_state"":""Maintenance"",""ground_truth_normalized"":""in maintenance"",""candidate_normalized"":""maintenance"",""similarity"":0.854492,""match_type"":""strict""},{""ground_truth_state"":""Ordered"",""candidate_state"":""Order"",""ground_truth_normalized"":""ordered"",""candidate_normalized"":""order"",""similarity"":0.914529,""match_type"":""strict""}]","[""Ready for Use"",""Scheduled for Maintenance""]","[""Arrival"",""CustomerRegistration"",""Delivery"",""GovernmentOfficialDashboard"",""HealthWorkerDashboard"",""Login"",""LoginError"",""NewUserRegistration"",""Operations"",""OrderPlacement"",""OutOfService"",""PatientDashboard"",""PaymentSelection"",""PermanentlyWithdrawn"",""Preparation"",""ProductSelection"",""Production"",""UserDashboard"",""UserSignIn""]",4,21,2,2,19,0.095238,0.5,0.16
Qwen_2.5_7B,rag,case_65_plane,results\plantuml_pipeline_run3\runs\open_source__qwen25_7b_instruct__rag\case_65_plane\run_01.puml,dataset\case_65_plane\diagram.puml,sentence-transformers/all-MiniLM-L6-v2,0.800000,0.480000,"[""In Maintenance"",""Ordered"",""Ready for Use"",""Scheduled for Maintenance""]","[""Arrival"",""Maintenance"",""Operations"",""Order"",""OutOfService"",""Preparation""]","[{""ground_truth_state"":""In Maintenance"",""candidate_state"":""Maintenance"",""ground_truth_normalized"":""in maintenance"",""candidate_normalized"":""maintenance"",""similarity"":0.854492,""match_type"":""strict""},{""ground_truth_state"":""Ordered"",""candidate_state"":""Order"",""ground_truth_normalized"":""ordered"",""candidate_normalized"":""order"",""similarity"":0.914529,""match_type"":""strict""}]","[""Ready for Use"",""Scheduled for Maintenance""]","[""Arrival"",""Operations"",""OutOfService"",""Preparation""]",4,6,2,2,4,0.333333,0.5,0.4
DeepSeek_R1_14B,few_shot,case_67_atm_many_scenarios_1,results\plantuml_pipeline_run3\runs\open_source__deepseek_r1_14b__few_shot\case_67_atm_many_scenarios_1\run_01.puml,dataset\case_67_atm_many_scenarios_1\diagram.puml,sentence-transformers/all-MiniLM-L6-v2,0.800000,0.480000,"[""Dispensing"",""Ejecting"",""Idle"",""Printing"",""Processing Withdrawal"",""Terminating"",""Validating PIN"",""Waiting for Customer Choice"",""Waiting for PIN""]","[""Dispensing Cash"",""PIN Verified"",""Printing Receipt"",""Processing Withdrawal"",""Ready"",""Resetting"",""Returning Card"",""User Options"",""Waiting for PIN""]","[{""ground_truth_state"":""Dispensing"",""candidate_state"":""Dispensing Cash"",""ground_truth_normalized"":""dispensing"",""candidate_normalized"":""dispensing cash"",""similarity"":0.625709,""match_type"":""relaxed_lexical""},{""ground_truth_state"":""Printing"",""candidate_state"":""Printing Receipt"",""ground_truth_normalized"":""printing"",""candidate_normalized"":""printing receipt"",""similarity"":0.715454,""match_type"":""relaxed_lexical""},{""ground_truth_state"":""Processing Withdrawal"",""candidate_state"":""Processing Withdrawal"",""ground_truth_normalized"":""processing withdrawal"",""candidate_normalized"":""processing withdrawal"",""similarity"":1.0,""match_type"":""exact_normalized""},{""ground_truth_state"":""Validating PIN"",""candidate_state"":""PIN Verified"",""ground_truth_normalized"":""validating pin"",""candidate_normalized"":""pin verified"",""similarity"":0.76382,""match_type"":""relaxed""},{""ground_truth_state"":""Waiting for PIN"",""candidate_state"":""Waiting for PIN"",""ground_truth_normalized"":""waiting for pin"",""candidate_normalized"":""waiting for pin"",""similarity"":1.0,""match_type"":""exact_normalized""}]","[""Ejecting"",""Idle"",""Terminating"",""Waiting for Customer Choice""]","[""Ready"",""Resetting"",""Returning Card"",""User Options""]",9,9,5,4,4,0.555556,0.555556,0.555556
Llama_3.1_8B,few_shot,case_67_atm_many_scenarios_1,results\plantuml_pipeline_run3\runs\open_source__llama31_8b_instruct__few_shot\case_67_atm_many_scenarios_1\run_01.puml,dataset\case_67_atm_many_scenarios_1\diagram.puml,sentence-transformers/all-MiniLM-L6-v2,0.800000,0.480000,"[""Dispensing"",""Ejecting"",""Idle"",""Printing"",""Processing Withdrawal"",""Terminating"",""Validating PIN"",""Waiting for Customer Choice"",""Waiting for PIN""]","[""Card Inserted"",""DispenseCash"",""Failed"",""Options"",""PIN Entry"",""PINEntry"",""PIN Verification"",""PINVerification"",""PrintReceipt"",""ReadyForNextUser"",""Reset ATM"",""ResetATM"",""Retry"",""Return Card"",""ReturnCard"",""Successful"",""Withdrawal""]","[{""ground_truth_state"":""Printing"",""candidate_state"":""PrintReceipt"",""ground_truth_normalized"":""printing"",""candidate_normalized"":""print receipt"",""similarity"":0.670337,""match_type"":""relaxed""},{""ground_truth_state"":""Processing Withdrawal"",""candidate_state"":""Withdrawal"",""ground_truth_normalized"":""processing withdrawal"",""candidate_normalized"":""withdrawal"",""similarity"":0.794184,""match_type"":""relaxed_lexical""},{""ground_truth_state"":""Validating PIN"",""candidate_state"":""PIN Verification"",""ground_truth_normalized"":""validating pin"",""candidate_normalized"":""pin verification"",""similarity"":0.853429,""match_type"":""strict""},{""ground_truth_state"":""Waiting for PIN"",""candidate_state"":""PINEntry"",""ground_truth_normalized"":""waiting for pin"",""candidate_normalized"":""pin entry"",""similarity"":0.682385,""match_type"":""relaxed""}]","[""Dispensing"",""Ejecting"",""Idle"",""Terminating"",""Waiting for Customer Choice""]","[""Card Inserted"",""DispenseCash"",""Failed"",""Options"",""PIN Entry"",""PINVerification"",""ReadyForNextUser"",""Reset ATM"",""ResetATM"",""Retry"",""Return Card"",""ReturnCard"",""Successful""]",9,17,4,5,13,0.235294,0.444444,0.307692
Mistral,rag,case_67_atm_many_scenarios_1,results\plantuml_pipeline_run3\runs\open_source__mistral__rag\case_67_atm_many_scenarios_1\run_01.puml,dataset\case_67_atm_many_scenarios_1\diagram.puml,sentence-transformers/all-MiniLM-L6-v2,0.800000,0.480000,"[""Dispensing"",""Ejecting"",""Idle"",""Printing"",""Processing Withdrawal"",""Terminating"",""Validating PIN"",""Waiting for Customer Choice"",""Waiting for PIN""]","[""Check Information"",""Enter PIN"",""Idle"",""Terminating Transaction"",""Transfer Money"",""Withdraw Cash""]","[{""ground_truth_state"":""Idle"",""candidate_state"":""Idle"",""ground_truth_normalized"":""idle"",""candidate_normalized"":""idle"",""similarity"":1.0,""match_type"":""exact_normalized""},{""ground_truth_state"":""Processing Withdrawal"",""candidate_state"":""Withdraw Cash"",""ground_truth_normalized"":""processing withdrawal"",""candidate_normalized"":""withdraw cash"",""similarity"":0.591881,""match_type"":""relaxed""},{""ground_truth_state"":""Terminating"",""candidate_state"":""Terminating Transaction"",""ground_truth_normalized"":""terminating"",""candidate_normalized"":""terminating transaction"",""similarity"":0.745708,""match_type"":""relaxed_lexical""},{""ground_truth_state"":""Waiting for PIN"",""candidate_state"":""Enter PIN"",""ground_truth_normalized"":""waiting for pin"",""candidate_normalized"":""enter pin"",""similarity"":0.670858,""match_type"":""relaxed""}]","[""Dispensing"",""Ejecting"",""Printing"",""Validating PIN"",""Waiting for Customer Choice""]","[""Check Information"",""Transfer Money""]",9,6,4,5,2,0.666667,0.444444,0.533333
Qwen_2.5_7B,rag,case_67_atm_many_scenarios_1,results\plantuml_pipeline_run3\runs\open_source__qwen25_7b_instruct__rag\case_67_atm_many_scenarios_1\run_01.puml,dataset\case_67_atm_many_scenarios_1\diagram.puml,sentence-transformers/all-MiniLM-L6-v2,0.800000,0.480000,"[""Dispensing"",""Ejecting"",""Idle"",""Printing"",""Processing Withdrawal"",""Terminating"",""Validating PIN"",""Waiting for Customer Choice"",""Waiting for PIN""]","[""Checking PIN"",""Correct PIN"",""Idle"",""Incorrect PIN"",""Processing Transaction"",""Withdrawal Request Approved"",""Withdrawal Request Rejected""]","[{""ground_truth_state"":""Idle"",""candidate_state"":""Idle"",""ground_truth_normalized"":""idle"",""candidate_normalized"":""idle"",""similarity"":1.0,""match_type"":""exact_normalized""},{""ground_truth_state"":""Processing Withdrawal"",""candidate_state"":""Withdrawal Request Approved"",""ground_truth_normalized"":""processing withdrawal"",""candidate_normalized"":""withdrawal request approval"",""similarity"":0.756927,""match_type"":""relaxed""},{""ground_truth_state"":""Validating PIN"",""candidate_state"":""Checking PIN"",""ground_truth_normalized"":""validating pin"",""candidate_normalized"":""checking pin"",""similarity"":0.801416,""match_type"":""strict""},{""ground_truth_state"":""Waiting for PIN"",""candidate_state"":""Correct PIN"",""ground_truth_normalized"":""waiting for pin"",""candidate_normalized"":""correct pin"",""similarity"":0.650087,""match_type"":""relaxed""}]","[""Dispensing"",""Ejecting"",""Printing"",""Terminating"",""Waiting for Customer Choice""]","[""Incorrect PIN"",""Processing Transaction"",""Withdrawal Request Rejected""]",9,7,4,5,3,0.571429,0.444444,0.5
DeepSeek_R1_14B,few_shot,case_70_atm_many_scenarios_7,results\plantuml_pipeline_run3\runs\open_source__deepseek_r1_14b__few_shot\case_70_atm_many_scenarios_7\run_01.puml,dataset\case_70_atm_many_scenarios_7\diagram.puml,sentence-transformers/all-MiniLM-L6-v2,0.800000,0.480000,"[""Confiscating"",""Ejecting"",""Idle"",""Processing Customer Input"",""Processing Transaction"",""Validating PIN"",""Waiting for Customer Choice"",""Waiting for PIN""]",[],[],"[""Confiscating"",""Ejecting"",""Idle"",""Processing Customer Input"",""Processing Transaction"",""Validating PIN"",""Waiting for Customer Choice"",""Waiting for PIN""]",[],8,0,0,8,0,0.0,0.0,0.0
Llama_3.1_8B,few_shot,case_70_atm_many_scenarios_7,results\plantuml_pipeline_run3\runs\open_source__llama31_8b_instruct__few_shot\case_70_atm_many_scenarios_7\run_01.puml,dataset\case_70_atm_many_scenarios_7\diagram.puml,sentence-transformers/all-MiniLM-L6-v2,0.800000,0.480000,"[""Confiscating"",""Ejecting"",""Idle"",""Processing Customer Input"",""Processing Transaction"",""Validating PIN"",""Waiting for Customer Choice"",""Waiting for PIN""]","[""Cancel"",""Check Information"",""Check PIN"",""Confiscate"",""Greet User"",""Greeting"",""InsertCard"",""Invalid PIN"",""Make Transfer"",""Process Request"",""ReturnCard"",""Valid PIN"",""ValidatePIN"",""DisplayOptions"",""Withdraw Money""]","[{""ground_truth_state"":""Confiscating"",""candidate_state"":""Confiscate"",""ground_truth_normalized"":""confiscating"",""candidate_normalized"":""confiscate"",""similarity"":0.979056,""match_type"":""strict""},{""ground_truth_state"":""Processing Transaction"",""candidate_state"":""Process Request"",""ground_truth_normalized"":""processing transaction"",""candidate_normalized"":""process request"",""similarity"":0.566203,""match_type"":""relaxed""},{""ground_truth_state"":""Validating PIN"",""candidate_state"":""ValidatePIN"",""ground_truth_normalized"":""validating pin"",""candidate_normalized"":""validate pin"",""similarity"":0.98178,""match_type"":""strict""},{""ground_truth_state"":""Waiting for PIN"",""candidate_state"":""Check PIN"",""ground_truth_normalized"":""waiting for pin"",""candidate_normalized"":""check pin"",""similarity"":0.687566,""match_type"":""relaxed""}]","[""Ejecting"",""Idle"",""Processing Customer Input"",""Waiting for Customer Choice""]","[""Cancel"",""Check Information"",""Greet User"",""Greeting"",""InsertCard"",""Invalid PIN"",""Make Transfer"",""ReturnCard"",""Valid PIN"",""DisplayOptions"",""Withdraw Money""]",8,15,4,4,11,0.266667,0.5,0.347826
Mistral,rag,case_70_atm_many_scenarios_7,results\plantuml_pipeline_run3\runs\open_source__mistral__rag\case_70_atm_many_scenarios_7\run_01.puml,dataset\case_70_atm_many_scenarios_7\diagram.puml,sentence-transformers/all-MiniLM-L6-v2,0.800000,0.480000,"[""Confiscating"",""Ejecting"",""Idle"",""Processing Customer Input"",""Processing Transaction"",""Validating PIN"",""Waiting for Customer Choice"",""Waiting for PIN""]","[""ClosedDown"",""Confiscating"",""DispensingCash"",""Ejecting"",""Idle"",""PrintingReceipt"",""ProcessingTransaction"",""Validating PIN"",""Waiting for Customer Choice"",""Waiting for PIN""]","[{""ground_truth_state"":""Confiscating"",""candidate_state"":""Confiscating"",""ground_truth_normalized"":""confiscating"",""candidate_normalized"":""confiscating"",""similarity"":1.0,""match_type"":""exact_normalized""},{""ground_truth_state"":""Ejecting"",""candidate_state"":""Ejecting"",""ground_truth_normalized"":""ejecting"",""candidate_normalized"":""ejecting"",""similarity"":1.0,""match_type"":""exact_normalized""},{""ground_truth_state"":""Idle"",""candidate_state"":""Idle"",""ground_truth_normalized"":""idle"",""candidate_normalized"":""idle"",""similarity"":1.0,""match_type"":""exact_normalized""},{""ground_truth_state"":""Processing Transaction"",""candidate_state"":""ProcessingTransaction"",""ground_truth_normalized"":""processing transaction"",""candidate_normalized"":""processing transaction"",""similarity"":1.0,""match_type"":""exact_normalized""},{""ground_truth_state"":""Validating PIN"",""candidate_state"":""Validating PIN"",""ground_truth_normalized"":""validating pin"",""candidate_normalized"":""validating pin"",""similarity"":1.0,""match_type"":""exact_normalized""},{""ground_truth_state"":""Waiting for Customer Choice"",""candidate_state"":""Waiting for Customer Choice"",""ground_truth_normalized"":""waiting for customer choice"",""candidate_normalized"":""waiting for customer choice"",""similarity"":1.0,""match_type"":""exact_normalized""},{""ground_truth_state"":""Waiting for PIN"",""candidate_state"":""Waiting for PIN"",""ground_truth_normalized"":""waiting for pin"",""candidate_normalized"":""waiting for pin"",""similarity"":1.0,""match_type"":""exact_normalized""}]","[""Processing Customer Input""]","[""ClosedDown"",""DispensingCash"",""PrintingReceipt""]",8,10,7,1,3,0.7,0.875,0.777778
Qwen_2.5_7B,rag,case_70_atm_many_scenarios_7,results\plantuml_pipeline_run3\runs\open_source__qwen25_7b_instruct__rag\case_70_atm_many_scenarios_7\run_01.puml,dataset\case_70_atm_many_scenarios_7\diagram.puml,sentence-transformers/all-MiniLM-L6-v2,0.800000,0.480000,"[""Confiscating"",""Ejecting"",""Idle"",""Processing Customer Input"",""Processing Transaction"",""Validating PIN"",""Waiting for Customer Choice"",""Waiting for PIN""]","[""Confiscating"",""Ejecting"",""Idle"",""ValidatingPIN"",""WaitingForChoice"",""WaitingForPIN""]","[{""ground_truth_state"":""Confiscating"",""candidate_state"":""Confiscating"",""ground_truth_normalized"":""confiscating"",""candidate_normalized"":""confiscating"",""similarity"":1.0,""match_type"":""exact_normalized""},{""ground_truth_state"":""Ejecting"",""candidate_state"":""Ejecting"",""ground_truth_normalized"":""ejecting"",""candidate_normalized"":""ejecting"",""similarity"":1.0,""match_type"":""exact_normalized""},{""ground_truth_state"":""Idle"",""candidate_state"":""Idle"",""ground_truth_normalized"":""idle"",""candidate_normalized"":""idle"",""similarity"":1.0,""match_type"":""exact_normalized""},{""ground_truth_state"":""Validating PIN"",""candidate_state"":""ValidatingPIN"",""ground_truth_normalized"":""validating pin"",""candidate_normalized"":""validating pin"",""similarity"":1.0,""match_type"":""exact_normalized""},{""ground_truth_state"":""Waiting for Customer Choice"",""candidate_state"":""WaitingForChoice"",""ground_truth_normalized"":""waiting for customer choice"",""candidate_normalized"":""waiting for choice"",""similarity"":0.731143,""match_type"":""relaxed_lexical""},{""ground_truth_state"":""Waiting for PIN"",""candidate_state"":""WaitingForPIN"",""ground_truth_normalized"":""waiting for pin"",""candidate_normalized"":""waiting for pin"",""similarity"":1.0,""match_type"":""exact_normalized""}]","[""Processing Customer Input"",""Processing Transaction""]",[],8,6,6,2,0,1.0,0.75,0.857143
DeepSeek_R1_14B,few_shot,case_75_graderate,results\plantuml_pipeline_run3\runs\open_source__deepseek_r1_14b__few_shot\case_75_graderate\run_01.puml,dataset\case_75_graderate\diagram.puml,sentence-transformers/all-MiniLM-L6-v2,0.800000,0.480000,"[""Active"",""Lapsed"",""Pending""]","[""Active"",""Archived"",""Expired"",""Waiting""]","[{""ground_truth_state"":""Active"",""candidate_state"":""Active"",""ground_truth_normalized"":""active"",""candidate_normalized"":""active"",""similarity"":1.0,""match_type"":""exact_normalized""},{""ground_truth_state"":""Pending"",""candidate_state"":""Waiting"",""ground_truth_normalized"":""pending"",""candidate_normalized"":""waiting"",""similarity"":0.50636,""match_type"":""relaxed""}]","[""Lapsed""]","[""Archived"",""Expired""]",3,4,2,1,2,0.5,0.666667,0.571429
Llama_3.1_8B,few_shot,case_75_graderate,results\plantuml_pipeline_run3\runs\open_source__llama31_8b_instruct__few_shot\case_75_graderate\run_01.puml,dataset\case_75_graderate\diagram.puml,sentence-transformers/all-MiniLM-L6-v2,0.800000,0.480000,"[""Active"",""Lapsed"",""Pending""]","[""Activated Rate"",""Expired State"",""Removed/Archived"",""Waiting State""]",[],"[""Active"",""Lapsed"",""Pending""]","[""Activated Rate"",""Expired State"",""Removed/Archived"",""Waiting State""]",3,4,0,3,4,0.0,0.0,0.0
Mistral,rag,case_75_graderate,results\plantuml_pipeline_run3\runs\open_source__mistral__rag\case_75_graderate\run_01.puml,dataset\case_75_graderate\diagram.puml,sentence-transformers/all-MiniLM-L6-v2,0.800000,0.480000,"[""Active"",""Lapsed"",""Pending""]","[""Active"",""Accepted"",""Creation"",""Expired"",""Monitoring"",""NoRuleBroken"",""Registration"",""RuleBroken"",""SearchBook""]","[{""ground_truth_state"":""Active"",""candidate_state"":""Active"",""ground_truth_normalized"":""active"",""candidate_normalized"":""active"",""similarity"":1.0,""match_type"":""exact_normalized""},{""ground_truth_state"":""Pending"",""candidate_state"":""Expired"",""ground_truth_normalized"":""pending"",""candidate_normalized"":""expired"",""similarity"":0.501204,""match_type"":""relaxed""}]","[""Lapsed""]","[""Accepted"",""Creation"",""Monitoring"",""NoRuleBroken"",""Registration"",""RuleBroken"",""SearchBook""]",3,9,2,1,7,0.222222,0.666667,0.333333
Qwen_2.5_7B,rag,case_75_graderate,results\plantuml_pipeline_run3\runs\open_source__qwen25_7b_instruct__rag\case_75_graderate\run_01.puml,dataset\case_75_graderate\diagram.puml,sentence-transformers/all-MiniLM-L6-v2,0.800000,0.480000,"[""Active"",""Lapsed"",""Pending""]","[""Active"",""Removed"",""Expired"",""WaitingStart""]","[{""ground_truth_state"":""Active"",""candidate_state"":""Active"",""ground_truth_normalized"":""active"",""candidate_normalized"":""active"",""similarity"":1.0,""match_type"":""exact_normalized""},{""ground_truth_state"":""Pending"",""candidate_state"":""Expired"",""ground_truth_normalized"":""pending"",""candidate_normalized"":""expired"",""similarity"":0.501204,""match_type"":""relaxed""}]","[""Lapsed""]","[""Removed"",""WaitingStart""]",3,4,2,1,2,0.5,0.666667,0.571429
DeepSeek_R1_14B,few_shot,case_78_class_campaign_version_2,results\plantuml_pipeline_run3\runs\open_source__deepseek_r1_14b__few_shot\case_78_class_campaign_version_2\run_01.puml,dataset\case_78_class_campaign_version_2\diagram.puml,sentence-transformers/all-MiniLM-L6-v2,0.800000,0.480000,"[""Active"",""AdvertPreparation"",""Commissioned"",""Completed"",""Paid"",""Running Adverts"",""Scheduling""]",[],[],"[""Active"",""AdvertPreparation"",""Commissioned"",""Completed"",""Paid"",""Running Adverts"",""Scheduling""]",[],7,0,0,7,0,0.0,0.0,0.0
Llama_3.1_8B,few_shot,case_78_class_campaign_version_2,results\plantuml_pipeline_run3\runs\open_source__llama31_8b_instruct__few_shot\case_78_class_campaign_version_2\run_01.puml,dataset\case_78_class_campaign_version_2\diagram.puml,sentence-transformers/all-MiniLM-L6-v2,0.800000,0.480000,"[""Active"",""AdvertPreparation"",""Commissioned"",""Completed"",""Paid"",""Running Adverts"",""Scheduling""]","[""Activated"",""Archived"",""Awaiting Approval"",""Completed"",""Extending or Adjusting Campaign"",""Idle"",""Paid"",""Preparing Adverts"",""Running Campaign""]","[{""ground_truth_state"":""Active"",""candidate_state"":""Activated"",""ground_truth_normalized"":""active"",""candidate_normalized"":""activated"",""similarity"":0.679195,""match_type"":""relaxed""},{""ground_truth_state"":""AdvertPreparation"",""candidate_state"":""Preparing Adverts"",""ground_truth_normalized"":""advert preparation"",""candidate_normalized"":""preparing adverts"",""similarity"":0.917959,""match_type"":""strict""},{""ground_truth_state"":""Completed"",""candidate_state"":""Completed"",""ground_truth_normalized"":""completed"",""candidate_normalized"":""completed"",""similarity"":1.0,""match_type"":""exact_normalized""},{""ground_truth_state"":""Paid"",""candidate_state"":""Paid"",""ground_truth_normalized"":""payment"",""candidate_normalized"":""payment"",""similarity"":1.0,""match_type"":""exact_normalized""},{""ground_truth_state"":""Running Adverts"",""candidate_state"":""Running Campaign"",""ground_truth_normalized"":""running adverts"",""candidate_normalized"":""running campaign"",""similarity"":0.515408,""match_type"":""relaxed""}]","[""Commissioned"",""Scheduling""]","[""Archived"",""Awaiting Approval"",""Extending or Adjusting Campaign"",""Idle""]",7,9,5,2,4,0.555556,0.714286,0.625
Mistral,rag,case_78_class_campaign_version_2,results\plantuml_pipeline_run3\runs\open_source__mistral__rag\case_78_class_campaign_version_2\run_01.puml,dataset\case_78_class_campaign_version_2\diagram.puml,sentence-transformers/all-MiniLM-L6-v2,0.800000,0.480000,"[""Active"",""AdvertPreparation"",""Commissioned"",""Completed"",""Paid"",""Running Adverts"",""Scheduling""]","[""Active"",""Adjusting"",""Archived"",""Cancelled"",""Commissioned"",""Completed"",""Paid""]","[{""ground_truth_state"":""Active"",""candidate_state"":""Active"",""ground_truth_normalized"":""active"",""candidate_normalized"":""active"",""similarity"":1.0,""match_type"":""exact_normalized""},{""ground_truth_state"":""Commissioned"",""candidate_state"":""Commissioned"",""ground_truth_normalized"":""commissioned"",""candidate_normalized"":""commissioned"",""similarity"":1.0,""match_type"":""exact_normalized""},{""ground_truth_state"":""Completed"",""candidate_state"":""Completed"",""ground_truth_normalized"":""completed"",""candidate_normalized"":""completed"",""similarity"":1.0,""match_type"":""exact_normalized""},{""ground_truth_state"":""Paid"",""candidate_state"":""Paid"",""ground_truth_normalized"":""payment"",""candidate_normalized"":""payment"",""similarity"":1.0,""match_type"":""exact_normalized""}]","[""AdvertPreparation"",""Running Adverts"",""Scheduling""]","[""Adjusting"",""Archived"",""Cancelled""]",7,7,4,3,3,0.571429,0.571429,0.571429
Qwen_2.5_7B,rag,case_78_class_campaign_version_2,results\plantuml_pipeline_run3\runs\open_source__qwen25_7b_instruct__rag\case_78_class_campaign_version_2\run_01.puml,dataset\case_78_class_campaign_version_2\diagram.puml,sentence-transformers/all-MiniLM-L6-v2,0.800000,0.480000,"[""Active"",""AdvertPreparation"",""Commissioned"",""Completed"",""Paid"",""Running Adverts"",""Scheduling""]","[""Active"",""Adjusted"",""Archive"",""Commissioned"",""Completed"",""Paid""]","[{""ground_truth_state"":""Active"",""candidate_state"":""Active"",""ground_truth_normalized"":""active"",""candidate_normalized"":""active"",""similarity"":1.0,""match_type"":""exact_normalized""},{""ground_truth_state"":""Commissioned"",""candidate_state"":""Commissioned"",""ground_truth_normalized"":""commissioned"",""candidate_normalized"":""commissioned"",""similarity"":1.0,""match_type"":""exact_normalized""},{""ground_truth_state"":""Completed"",""candidate_state"":""Completed"",""ground_truth_normalized"":""completed"",""candidate_normalized"":""completed"",""similarity"":1.0,""match_type"":""exact_normalized""},{""ground_truth_state"":""Paid"",""candidate_state"":""Paid"",""ground_truth_normalized"":""payment"",""candidate_normalized"":""payment"",""similarity"":1.0,""match_type"":""exact_normalized""}]","[""AdvertPreparation"",""Running Adverts"",""Scheduling""]","[""Adjusted"",""Archive""]",7,6,4,3,2,0.666667,0.571429,0.615385
DeepSeek_R1_14B,few_shot,case_80_staff_member_class,results\plantuml_pipeline_run3\runs\open_source__deepseek_r1_14b__few_shot\case_80_staff_member_class\run_01.puml,dataset\case_80_staff_member_class\diagram.puml,sentence-transformers/all-MiniLM-L6-v2,0.800000,0.480000,"[""AssignedCampaign"",""Campaign Staff"",""CampaignStaff"",""Employed"",""Ex-employee"",""NotAssigned"",""NotCampaignStaff"",""Staff Contact""]",[],[],"[""AssignedCampaign"",""Campaign Staff"",""CampaignStaff"",""Employed"",""Ex-employee"",""NotAssigned"",""NotCampaignStaff"",""Staff Contact""]",[],8,0,0,8,0,0.0,0.0,0.0
Llama_3.1_8B,few_shot,case_80_staff_member_class,results\plantuml_pipeline_run3\runs\open_source__llama31_8b_instruct__few_shot\case_80_staff_member_class\run_01.puml,dataset\case_80_staff_member_class\diagram.puml,sentence-transformers/all-MiniLM-L6-v2,0.800000,0.480000,"[""AssignedCampaign"",""Campaign Staff"",""CampaignStaff"",""Employed"",""Ex-employee"",""NotAssigned"",""NotCampaignStaff"",""Staff Contact""]","[""Archived"",""Assigned"",""Switching Assignments"",""Unassigned"",""Unemployed""]","[{""ground_truth_state"":""Employed"",""candidate_state"":""Unemployed"",""ground_truth_normalized"":""employed"",""candidate_normalized"":""unemployed"",""similarity"":0.658414,""match_type"":""relaxed""},{""ground_truth_state"":""NotAssigned"",""candidate_state"":""Assigned"",""ground_truth_normalized"":""not assigned"",""candidate_normalized"":""assigned"",""similarity"":0.857469,""match_type"":""strict""}]","[""AssignedCampaign"",""Campaign Staff"",""CampaignStaff"",""Ex-employee"",""NotCampaignStaff"",""Staff Contact""]","[""Archived"",""Switching Assignments"",""Unassigned""]",8,5,2,6,3,0.4,0.25,0.307692
Mistral,rag,case_80_staff_member_class,results\plantuml_pipeline_run3\runs\open_source__mistral__rag\case_80_staff_member_class\run_01.puml,dataset\case_80_staff_member_class\diagram.puml,sentence-transformers/all-MiniLM-L6-v2,0.800000,0.480000,"[""AssignedCampaign"",""Campaign Staff"",""CampaignStaff"",""Employed"",""Ex-employee"",""NotAssigned"",""NotCampaignStaff"",""Staff Contact""]","[""Active"",""AddingCase"",""Archived"",""Assigned"",""Completed"",""CompletedCase"",""Inactive"",""LoggedIn"",""Paid"",""Registered"",""Unemployed"",""Unregistered"",""Working"",""WorkingOnCase""]","[{""ground_truth_state"":""Employed"",""candidate_state"":""Unemployed"",""ground_truth_normalized"":""employed"",""candidate_normalized"":""unemployed"",""similarity"":0.658414,""match_type"":""relaxed""},{""ground_truth_state"":""NotAssigned"",""candidate_state"":""Assigned"",""ground_truth_normalized"":""not assigned"",""candidate_normalized"":""assigned"",""similarity"":0.857469,""match_type"":""strict""}]","[""AssignedCampaign"",""Campaign Staff"",""CampaignStaff"",""Ex-employee"",""NotCampaignStaff"",""Staff Contact""]","[""Active"",""AddingCase"",""Archived"",""Completed"",""CompletedCase"",""Inactive"",""LoggedIn"",""Paid"",""Registered"",""Unregistered"",""Working"",""WorkingOnCase""]",8,14,2,6,12,0.142857,0.25,0.181818
Qwen_2.5_7B,rag,case_80_staff_member_class,results\plantuml_pipeline_run3\runs\open_source__qwen25_7b_instruct__rag\case_80_staff_member_class\run_01.puml,dataset\case_80_staff_member_class\diagram.puml,sentence-transformers/all-MiniLM-L6-v2,0.800000,0.480000,"[""AssignedCampaign"",""Campaign Staff"",""CampaignStaff"",""Employed"",""Ex-employee"",""NotAssigned"",""NotCampaignStaff"",""Staff Contact""]","[""Archived"",""Assigned"",""Switching"",""Unassigned""]","[{""ground_truth_state"":""NotAssigned"",""candidate_state"":""Assigned"",""ground_truth_normalized"":""not assigned"",""candidate_normalized"":""assigned"",""similarity"":0.857469,""match_type"":""strict""}]","[""AssignedCampaign"",""Campaign Staff"",""CampaignStaff"",""Employed"",""Ex-employee"",""NotCampaignStaff"",""Staff Contact""]","[""Archived"",""Switching"",""Unassigned""]",8,4,1,7,3,0.25,0.125,0.166667
