llm_name,method_name,case_id,candidate_path,ground_truth_path,embedding_model,similarity_threshold,relaxed_similarity_threshold,ground_truth_states,candidate_states,matched_state_pairs,missing_ground_truth_states,extra_candidate_states,ground_truth_state_count,candidate_state_count,matched_state_count,missing_state_count,extra_state_count,semantic_state_precision,semantic_state_recall,semantic_state_f1
DeepSeek_R1_14B,few_shot,case_01_healthcare_portal,results\plantuml_pipeline_run2\runs\open_source__deepseek_r1_14b__few_shot\case_01_healthcare_portal\run_01.puml,dataset\case_01_healthcare_portal\diagram.puml,sentence-transformers/all-MiniLM-L6-v2,0.800000,0.480000,"[""Apply"",""Cash"",""Check fitness"",""Facilities"",""Feedback"",""Finance"",""Login"",""Logout"",""News and Experts"",""Payment"",""Register"",""Symptoms checker""]","[""FitnessOptions"",""HealthInfo"",""Home"",""InsuranceValidation"",""SignIn"",""News/Expert Content"",""Registration"",""Registration Failed"",""SymptomCheck""]","[{""ground_truth_state"":""Check fitness"",""candidate_state"":""FitnessOptions"",""ground_truth_normalized"":""check fitness"",""candidate_normalized"":""fitness options"",""similarity"":0.747912,""match_type"":""relaxed""},{""ground_truth_state"":""Login"",""candidate_state"":""SignIn"",""ground_truth_normalized"":""login"",""candidate_normalized"":""login"",""similarity"":1.0,""match_type"":""exact_normalized""},{""ground_truth_state"":""News and Experts"",""candidate_state"":""News/Expert Content"",""ground_truth_normalized"":""news and experts"",""candidate_normalized"":""news/expert content"",""similarity"":0.83758,""match_type"":""strict""},{""ground_truth_state"":""Register"",""candidate_state"":""Registration"",""ground_truth_normalized"":""registration"",""candidate_normalized"":""registration"",""similarity"":1.0,""match_type"":""exact_normalized""},{""ground_truth_state"":""Symptoms checker"",""candidate_state"":""SymptomCheck"",""ground_truth_normalized"":""symptoms checker"",""candidate_normalized"":""symptoms checker"",""similarity"":1.0,""match_type"":""exact_normalized""}]","[""Apply"",""Cash"",""Facilities"",""Feedback"",""Finance"",""Logout"",""Payment""]","[""HealthInfo"",""Home"",""InsuranceValidation"",""Registration Failed""]",12,9,5,7,4,0.555556,0.416667,0.47619
Llama_3.1_8B,few_shot,case_01_healthcare_portal,results\plantuml_pipeline_run2\runs\open_source__llama31_8b_instruct__few_shot\case_01_healthcare_portal\run_01.puml,dataset\case_01_healthcare_portal\diagram.puml,sentence-transformers/all-MiniLM-L6-v2,0.800000,0.480000,"[""Apply"",""Cash"",""Check fitness"",""Facilities"",""Feedback"",""Finance"",""Login"",""Logout"",""News and Experts"",""Payment"",""Register"",""Symptoms checker""]","[""Access Facilities"",""Cash Payment Details"",""Health Information"",""Insurance-Based Payments"",""Login"",""Logout"",""News and Expert Content"",""Payment Process"",""Registration"",""User Feedback""]","[{""ground_truth_state"":""Cash"",""candidate_state"":""Cash Payment Details"",""ground_truth_normalized"":""cash"",""candidate_normalized"":""cash payment details"",""similarity"":0.58581,""match_type"":""relaxed_lexical""},{""ground_truth_state"":""Facilities"",""candidate_state"":""Access Facilities"",""ground_truth_normalized"":""facilities"",""candidate_normalized"":""access facilities"",""similarity"":0.778238,""match_type"":""relaxed_lexical""},{""ground_truth_state"":""Feedback"",""candidate_state"":""User Feedback"",""ground_truth_normalized"":""feedback"",""candidate_normalized"":""user feedback"",""similarity"":0.851441,""match_type"":""strict""},{""ground_truth_state"":""Login"",""candidate_state"":""Login"",""ground_truth_normalized"":""login"",""candidate_normalized"":""login"",""similarity"":1.0,""match_type"":""exact_normalized""},{""ground_truth_state"":""Logout"",""candidate_state"":""Logout"",""ground_truth_normalized"":""logout"",""candidate_normalized"":""logout"",""similarity"":1.0,""match_type"":""exact_normalized""},{""ground_truth_state"":""News and Experts"",""candidate_state"":""News and Expert Content"",""ground_truth_normalized"":""news and experts"",""candidate_normalized"":""news and expert content"",""similarity"":0.844819,""match_type"":""strict""},{""ground_truth_state"":""Payment"",""candidate_state"":""Payment Process"",""ground_truth_normalized"":""payment"",""candidate_normalized"":""payment process"",""similarity"":0.80333,""match_type"":""strict""},{""ground_truth_state"":""Register"",""candidate_state"":""Registration"",""ground_truth_normalized"":""registration"",""candidate_normalized"":""registration"",""similarity"":1.0,""match_type"":""exact_normalized""}]","[""Apply"",""Check fitness"",""Finance"",""Symptoms checker""]","[""Health Information"",""Insurance-Based Payments""]",12,10,8,4,2,0.8,0.666667,0.727273
Mistral,rag,case_01_healthcare_portal,results\plantuml_pipeline_run2\runs\open_source__mistral__rag\case_01_healthcare_portal\run_01.puml,dataset\case_01_healthcare_portal\diagram.puml,sentence-transformers/all-MiniLM-L6-v2,0.800000,0.480000,"[""Apply"",""Cash"",""Check fitness"",""Facilities"",""Feedback"",""Finance"",""Login"",""Logout"",""News and Experts"",""Payment"",""Register"",""Symptoms checker""]",[],[],"[""Apply"",""Cash"",""Check fitness"",""Facilities"",""Feedback"",""Finance"",""Login"",""Logout"",""News and Experts"",""Payment"",""Register"",""Symptoms checker""]",[],12,0,0,12,0,0.0,0.0,0.0
Qwen_2.5_7B,rag,case_01_healthcare_portal,results\plantuml_pipeline_run2\runs\open_source__qwen25_7b_instruct__rag\case_01_healthcare_portal\run_01.puml,dataset\case_01_healthcare_portal\diagram.puml,sentence-transformers/all-MiniLM-L6-v2,0.800000,0.480000,"[""Apply"",""Cash"",""Check fitness"",""Facilities"",""Feedback"",""Finance"",""Login"",""Logout"",""News and Experts"",""Payment"",""Register"",""Symptoms checker""]","[""CashDetails"",""FacilityAccess"",""FeedbackCollection"",""InsurancePayment"",""InsuranceProcessing"",""Login"",""Logout"",""NewsAndContent"",""PaymentSelection"",""Registration"",""SymptomChecker""]","[{""ground_truth_state"":""Cash"",""candidate_state"":""CashDetails"",""ground_truth_normalized"":""cash"",""candidate_normalized"":""cash details"",""similarity"":0.76589,""match_type"":""relaxed_lexical""},{""ground_truth_state"":""Facilities"",""candidate_state"":""FacilityAccess"",""ground_truth_normalized"":""facilities"",""candidate_normalized"":""facility access"",""similarity"":0.782966,""match_type"":""relaxed""},{""ground_truth_state"":""Feedback"",""candidate_state"":""FeedbackCollection"",""ground_truth_normalized"":""feedback"",""candidate_normalized"":""feedback collection"",""similarity"":0.722265,""match_type"":""relaxed_lexical""},{""ground_truth_state"":""Login"",""candidate_state"":""Login"",""ground_truth_normalized"":""login"",""candidate_normalized"":""login"",""similarity"":1.0,""match_type"":""exact_normalized""},{""ground_truth_state"":""Logout"",""candidate_state"":""Logout"",""ground_truth_normalized"":""logout"",""candidate_normalized"":""logout"",""similarity"":1.0,""match_type"":""exact_normalized""},{""ground_truth_state"":""News and Experts"",""candidate_state"":""NewsAndContent"",""ground_truth_normalized"":""news and experts"",""candidate_normalized"":""news and content"",""similarity"":0.627486,""match_type"":""relaxed""},{""ground_truth_state"":""Payment"",""candidate_state"":""PaymentSelection"",""ground_truth_normalized"":""payment"",""candidate_normalized"":""payment selection"",""similarity"":0.70913,""match_type"":""relaxed_lexical""},{""ground_truth_state"":""Register"",""candidate_state"":""Registration"",""ground_truth_normalized"":""registration"",""candidate_normalized"":""registration"",""similarity"":1.0,""match_type"":""exact_normalized""},{""ground_truth_state"":""Symptoms checker"",""candidate_state"":""SymptomChecker"",""ground_truth_normalized"":""symptoms checker"",""candidate_normalized"":""symptoms checker"",""similarity"":1.0,""match_type"":""exact_normalized""}]","[""Apply"",""Check fitness"",""Finance""]","[""InsurancePayment"",""InsuranceProcessing""]",12,11,9,3,2,0.818182,0.75,0.782609
DeepSeek_R1_14B,few_shot,case_02_inventory,results\plantuml_pipeline_run2\runs\open_source__deepseek_r1_14b__few_shot\case_02_inventory\run_01.puml,dataset\case_02_inventory\diagram.puml,sentence-transformers/all-MiniLM-L6-v2,0.800000,0.480000,"[""Add Goods"",""Authentication Login"",""Cancel Receipt"",""Customer Request"",""Dashboard"",""Remove Goods"",""Edit Goods"",""Expired Goods"",""Final State"",""Invoice Generation"",""Place Order"",""Receipt Generation"",""Replace Item"",""Search Item"",""Tax Generation"",""View Summary Report""]","[""AddingGoods"",""CalculatingTotals"",""CheckingExpired"",""RemovingGoods"",""ExpiredNotification"",""MainMenu"",""PlacingOrder"",""GeneratingInvoice"",""SearchingInventory"",""SelectingItems"",""UpdatingPrices""]","[{""ground_truth_state"":""Add Goods"",""candidate_state"":""AddingGoods"",""ground_truth_normalized"":""add goods"",""candidate_normalized"":""adding goods"",""similarity"":0.987096,""match_type"":""strict""},{""ground_truth_state"":""Remove Goods"",""candidate_state"":""RemovingGoods"",""ground_truth_normalized"":""delete goods"",""candidate_normalized"":""delete goods"",""similarity"":1.0,""match_type"":""exact_normalized""},{""ground_truth_state"":""Expired Goods"",""candidate_state"":""CheckingExpired"",""ground_truth_normalized"":""expired goods"",""candidate_normalized"":""checking expired"",""similarity"":0.652859,""match_type"":""relaxed""},{""ground_truth_state"":""Invoice Generation"",""candidate_state"":""GeneratingInvoice"",""ground_truth_normalized"":""invoice generation"",""candidate_normalized"":""report invoice"",""similarity"":0.740952,""match_type"":""relaxed""},{""ground_truth_state"":""Place Order"",""candidate_state"":""PlacingOrder"",""ground_truth_normalized"":""place order"",""candidate_normalized"":""placing order"",""similarity"":0.835942,""match_type"":""strict""},{""ground_truth_state"":""Search Item"",""candidate_state"":""SearchingInventory"",""ground_truth_normalized"":""search item"",""candidate_normalized"":""search inventory"",""similarity"":0.706338,""match_type"":""relaxed""}]","[""Authentication Login"",""Cancel Receipt"",""Customer Request"",""Dashboard"",""Edit Goods"",""Final State"",""Receipt Generation"",""Replace Item"",""Tax Generation"",""View Summary Report""]","[""CalculatingTotals"",""ExpiredNotification"",""MainMenu"",""SelectingItems"",""UpdatingPrices""]",16,11,6,10,5,0.545455,0.375,0.444444
Llama_3.1_8B,few_shot,case_02_inventory,results\plantuml_pipeline_run2\runs\open_source__llama31_8b_instruct__few_shot\case_02_inventory\run_01.puml,dataset\case_02_inventory\diagram.puml,sentence-transformers/all-MiniLM-L6-v2,0.800000,0.480000,"[""Add Goods"",""Authentication Login"",""Cancel Receipt"",""Customer Request"",""Dashboard"",""Remove Goods"",""Edit Goods"",""Expired Goods"",""Final State"",""Invoice Generation"",""Place Order"",""Receipt Generation"",""Replace Item"",""Search Item"",""Tax Generation"",""View Summary Report""]","[""Add Goods"",""Calculate Discount Tax"",""Cancel Receipt"",""Remove Goods"",""Remove Item"",""Identify Expired"",""Initial"",""Notify User"",""Place Order"",""Record Requests"",""Replace Item"",""Generate Receipt"",""Search Items"",""Select Items"",""Update database"",""Update Inventory"",""Update Price"",""View Summary Report""]","[{""ground_truth_state"":""Add Goods"",""candidate_state"":""Add Goods"",""ground_truth_normalized"":""add goods"",""candidate_normalized"":""add goods"",""similarity"":1.0,""match_type"":""exact_normalized""},{""ground_truth_state"":""Cancel Receipt"",""candidate_state"":""Cancel Receipt"",""ground_truth_normalized"":""cancel receipt"",""candidate_normalized"":""cancel receipt"",""similarity"":1.0,""match_type"":""exact_normalized""},{""ground_truth_state"":""Customer Request"",""candidate_state"":""Record Requests"",""ground_truth_normalized"":""customer request"",""candidate_normalized"":""record request"",""similarity"":0.549682,""match_type"":""relaxed""},{""ground_truth_state"":""Remove Goods"",""candidate_state"":""Remove Goods"",""ground_truth_normalized"":""delete goods"",""candidate_normalized"":""delete goods"",""similarity"":1.0,""match_type"":""exact_normalized""},{""ground_truth_state"":""Edit Goods"",""candidate_state"":""Update Inventory"",""ground_truth_normalized"":""edit goods"",""candidate_normalized"":""update inventory"",""similarity"":0.498793,""match_type"":""relaxed""},{""ground_truth_state"":""Expired Goods"",""candidate_state"":""Identify Expired"",""ground_truth_normalized"":""expired goods"",""candidate_normalized"":""identify expired"",""similarity"":0.750988,""match_type"":""relaxed""},{""ground_truth_state"":""Place Order"",""candidate_state"":""Place Order"",""ground_truth_normalized"":""place order"",""candidate_normalized"":""place order"",""similarity"":1.0,""match_type"":""exact_normalized""},{""ground_truth_state"":""Receipt Generation"",""candidate_state"":""Generate Receipt"",""ground_truth_normalized"":""receipt generation"",""candidate_normalized"":""report receipt"",""similarity"":0.679628,""match_type"":""relaxed""},{""ground_truth_state"":""Replace Item"",""candidate_state"":""Replace Item"",""ground_truth_normalized"":""replace item"",""candidate_normalized"":""replace item"",""similarity"":1.0,""match_type"":""exact_normalized""},{""ground_truth_state"":""Search Item"",""candidate_state"":""Search Items"",""ground_truth_normalized"":""search item"",""candidate_normalized"":""search items"",""similarity"":0.946636,""match_type"":""strict""},{""ground_truth_state"":""View Summary Report"",""candidate_state"":""View Summary Report"",""ground_truth_normalized"":""view summary report"",""candidate_normalized"":""view summary report"",""similarity"":1.0,""match_type"":""exact_normalized""}]","[""Authentication Login"",""Dashboard"",""Final State"",""Invoice Generation"",""Tax Generation""]","[""Calculate Discount Tax"",""Remove Item"",""Initial"",""Notify User"",""Select Items"",""Update database"",""Update Price""]",16,18,11,5,7,0.611111,0.6875,0.647059
Mistral,rag,case_02_inventory,results\plantuml_pipeline_run2\runs\open_source__mistral__rag\case_02_inventory\run_01.puml,dataset\case_02_inventory\diagram.puml,sentence-transformers/all-MiniLM-L6-v2,0.800000,0.480000,"[""Add Goods"",""Authentication Login"",""Cancel Receipt"",""Customer Request"",""Dashboard"",""Remove Goods"",""Edit Goods"",""Expired Goods"",""Final State"",""Invoice Generation"",""Place Order"",""Receipt Generation"",""Replace Item"",""Search Item"",""Tax Generation"",""View Summary Report""]","[""CustomerDashboard"",""CustomerRegistration"",""InventoryManagement"",""OrderManagement"",""PaymentProcessing""]","[{""ground_truth_state"":""Add Goods"",""candidate_state"":""InventoryManagement"",""ground_truth_normalized"":""add goods"",""candidate_normalized"":""inventory management"",""similarity"":0.489002,""match_type"":""relaxed""},{""ground_truth_state"":""Customer Request"",""candidate_state"":""CustomerRegistration"",""ground_truth_normalized"":""customer request"",""candidate_normalized"":""customer registration"",""similarity"":0.557713,""match_type"":""relaxed""},{""ground_truth_state"":""Dashboard"",""candidate_state"":""CustomerDashboard"",""ground_truth_normalized"":""dashboard"",""candidate_normalized"":""customer dashboard"",""similarity"":0.804349,""match_type"":""strict""},{""ground_truth_state"":""Place Order"",""candidate_state"":""OrderManagement"",""ground_truth_normalized"":""place order"",""candidate_normalized"":""order management"",""similarity"":0.588641,""match_type"":""relaxed""}]","[""Authentication Login"",""Cancel Receipt"",""Remove Goods"",""Edit Goods"",""Expired Goods"",""Final State"",""Invoice Generation"",""Receipt Generation"",""Replace Item"",""Search Item"",""Tax Generation"",""View Summary Report""]","[""PaymentProcessing""]",16,5,4,12,1,0.8,0.25,0.380952
Qwen_2.5_7B,rag,case_02_inventory,results\plantuml_pipeline_run2\runs\open_source__qwen25_7b_instruct__rag\case_02_inventory\run_01.puml,dataset\case_02_inventory\diagram.puml,sentence-transformers/all-MiniLM-L6-v2,0.800000,0.480000,"[""Add Goods"",""Authentication Login"",""Cancel Receipt"",""Customer Request"",""Dashboard"",""Remove Goods"",""Edit Goods"",""Expired Goods"",""Final State"",""Invoice Generation"",""Place Order"",""Receipt Generation"",""Replace Item"",""Search Item"",""Tax Generation"",""View Summary Report""]","[""CustomerRegistration"",""InventoryManagement"",""OrderPlacement"",""Reporting""]","[{""ground_truth_state"":""Add Goods"",""candidate_state"":""InventoryManagement"",""ground_truth_normalized"":""add goods"",""candidate_normalized"":""inventory management"",""similarity"":0.489002,""match_type"":""relaxed""},{""ground_truth_state"":""Customer Request"",""candidate_state"":""CustomerRegistration"",""ground_truth_normalized"":""customer request"",""candidate_normalized"":""customer registration"",""similarity"":0.557713,""match_type"":""relaxed""},{""ground_truth_state"":""Place Order"",""candidate_state"":""OrderPlacement"",""ground_truth_normalized"":""place order"",""candidate_normalized"":""order placement"",""similarity"":0.814727,""match_type"":""strict""}]","[""Authentication Login"",""Cancel Receipt"",""Dashboard"",""Remove Goods"",""Edit Goods"",""Expired Goods"",""Final State"",""Invoice Generation"",""Receipt Generation"",""Replace Item"",""Search Item"",""Tax Generation"",""View Summary Report""]","[""Reporting""]",16,4,3,13,1,0.75,0.1875,0.3
DeepSeek_R1_14B,few_shot,case_12_business_process_outsourcing_bpo_management_system_2,results\plantuml_pipeline_run2\runs\open_source__deepseek_r1_14b__few_shot\case_12_business_process_outsourcing_bpo_management_system_2\run_01.puml,dataset\case_12_business_process_outsourcing_bpo_management_system_2\diagram.puml,sentence-transformers/all-MiniLM-L6-v2,0.800000,0.480000,"[""search and display"",""Search users"",""Choose category"",""Choose rate range""]","[""Initial"",""SearchByCategory"",""SearchByPriceRange"",""DisplayMatchingUsers""]","[{""ground_truth_state"":""Search users"",""candidate_state"":""DisplayMatchingUsers"",""ground_truth_normalized"":""search user"",""candidate_normalized"":""view matching user"",""similarity"":0.585992,""match_type"":""relaxed""},{""ground_truth_state"":""Choose category"",""candidate_state"":""SearchByCategory"",""ground_truth_normalized"":""select category"",""candidate_normalized"":""search by category"",""similarity"":0.62024,""match_type"":""relaxed""}]","[""search and display"",""Choose rate range""]","[""Initial"",""SearchByPriceRange""]",4,4,2,2,2,0.5,0.5,0.5
Llama_3.1_8B,few_shot,case_12_business_process_outsourcing_bpo_management_system_2,results\plantuml_pipeline_run2\runs\open_source__llama31_8b_instruct__few_shot\case_12_business_process_outsourcing_bpo_management_system_2\run_01.puml,dataset\case_12_business_process_outsourcing_bpo_management_system_2\diagram.puml,sentence-transformers/all-MiniLM-L6-v2,0.800000,0.480000,"[""search and display"",""Search users"",""Choose category"",""Choose rate range""]","[""Filter Selection"",""Search Results""]","[{""ground_truth_state"":""search and display"",""candidate_state"":""Search Results"",""ground_truth_normalized"":""search and view"",""candidate_normalized"":""search results"",""similarity"":0.708398,""match_type"":""relaxed""}]","[""Search users"",""Choose category"",""Choose rate range""]","[""Filter Selection""]",4,2,1,3,1,0.5,0.25,0.333333
Mistral,rag,case_12_business_process_outsourcing_bpo_management_system_2,results\plantuml_pipeline_run2\runs\open_source__mistral__rag\case_12_business_process_outsourcing_bpo_management_system_2\run_01.puml,dataset\case_12_business_process_outsourcing_bpo_management_system_2\diagram.puml,sentence-transformers/all-MiniLM-L6-v2,0.800000,0.480000,"[""search and display"",""Search users"",""Choose category"",""Choose rate range""]","[""ChangePassword"",""Enter new password"",""Enter old password"",""Login"",""Project"",""Registration"",""User""]","[{""ground_truth_state"":""Search users"",""candidate_state"":""User"",""ground_truth_normalized"":""search user"",""candidate_normalized"":""user"",""similarity"":0.636854,""match_type"":""relaxed""}]","[""search and display"",""Choose category"",""Choose rate range""]","[""ChangePassword"",""Enter new password"",""Enter old password"",""Login"",""Project"",""Registration""]",4,7,1,3,6,0.142857,0.25,0.181818
Qwen_2.5_7B,rag,case_12_business_process_outsourcing_bpo_management_system_2,results\plantuml_pipeline_run2\runs\open_source__qwen25_7b_instruct__rag\case_12_business_process_outsourcing_bpo_management_system_2\run_01.puml,dataset\case_12_business_process_outsourcing_bpo_management_system_2\diagram.puml,sentence-transformers/all-MiniLM-L6-v2,0.800000,0.480000,"[""search and display"",""Search users"",""Choose category"",""Choose rate range""]","[""AcceptOrDeclineRequest"",""BPOUpdateProgress"",""ClientDecision"",""MakePayment"",""RestartProcess"",""SaveProjectDetails"",""SearchFilterCategory"",""SearchPriceRange"",""SearchProjectCategory"",""TrackProjectProgress"",""UploadFinalProject"",""UploadRequest"",""DisplayMatchingUsers""]","[{""ground_truth_state"":""search and display"",""candidate_state"":""SearchFilterCategory"",""ground_truth_normalized"":""search and view"",""candidate_normalized"":""search filter category"",""similarity"":0.544173,""match_type"":""relaxed""},{""ground_truth_state"":""Search users"",""candidate_state"":""DisplayMatchingUsers"",""ground_truth_normalized"":""search user"",""candidate_normalized"":""view matching user"",""similarity"":0.585992,""match_type"":""relaxed""},{""ground_truth_state"":""Choose category"",""candidate_state"":""SearchProjectCategory"",""ground_truth_normalized"":""select category"",""candidate_normalized"":""search project category"",""similarity"":0.490962,""match_type"":""relaxed""}]","[""Choose rate range""]","[""AcceptOrDeclineRequest"",""BPOUpdateProgress"",""ClientDecision"",""MakePayment"",""RestartProcess"",""SaveProjectDetails"",""SearchPriceRange"",""TrackProjectProgress"",""UploadFinalProject"",""UploadRequest""]",4,13,3,1,10,0.230769,0.75,0.352941
DeepSeek_R1_14B,few_shot,case_15_e_ticketing_for_bus,results\plantuml_pipeline_run2\runs\open_source__deepseek_r1_14b__few_shot\case_15_e_ticketing_for_bus\run_01.puml,dataset\case_15_e_ticketing_for_bus\diagram.puml,sentence-transformers/all-MiniLM-L6-v2,0.800000,0.480000,"[""CheckStatus"",""Confirmation"",""Login"",""LoginStart"",""Logout"",""ManageAccount"",""Payment"",""Register"",""Reservation""]","[""AccountManagement"",""LoggedIn"",""LoggedOut"",""Registered"",""TicketBooking"",""Unregistered""]","[{""ground_truth_state"":""Login"",""candidate_state"":""LoggedIn"",""ground_truth_normalized"":""login"",""candidate_normalized"":""login"",""similarity"":1.0,""match_type"":""exact_normalized""},{""ground_truth_state"":""Logout"",""candidate_state"":""LoggedOut"",""ground_truth_normalized"":""logout"",""candidate_normalized"":""logout"",""similarity"":1.0,""match_type"":""exact_normalized""},{""ground_truth_state"":""ManageAccount"",""candidate_state"":""AccountManagement"",""ground_truth_normalized"":""manage account"",""candidate_normalized"":""account management"",""similarity"":0.851373,""match_type"":""strict""},{""ground_truth_state"":""Register"",""candidate_state"":""Registered"",""ground_truth_normalized"":""registration"",""candidate_normalized"":""registration"",""similarity"":1.0,""match_type"":""exact_normalized""},{""ground_truth_state"":""Reservation"",""candidate_state"":""TicketBooking"",""ground_truth_normalized"":""reservation"",""candidate_normalized"":""ticket booking"",""similarity"":0.600915,""match_type"":""relaxed""}]","[""CheckStatus"",""Confirmation"",""LoginStart"",""Payment""]","[""Unregistered""]",9,6,5,4,1,0.833333,0.555556,0.666667
Llama_3.1_8B,few_shot,case_15_e_ticketing_for_bus,results\plantuml_pipeline_run2\runs\open_source__llama31_8b_instruct__few_shot\case_15_e_ticketing_for_bus\run_01.puml,dataset\case_15_e_ticketing_for_bus\diagram.puml,sentence-transformers/all-MiniLM-L6-v2,0.800000,0.480000,"[""CheckStatus"",""Confirmation"",""Login"",""LoginStart"",""Logout"",""ManageAccount"",""Payment"",""Register"",""Reservation""]","[""Book ticket"",""Check ticket status"",""Login"",""Logout"",""Manage account details"",""Payment"",""Create account"",""Validate registration""]","[{""ground_truth_state"":""CheckStatus"",""candidate_state"":""Check ticket status"",""ground_truth_normalized"":""check status"",""candidate_normalized"":""check ticket status"",""similarity"":0.749933,""match_type"":""relaxed_lexical""},{""ground_truth_state"":""Login"",""candidate_state"":""Login"",""ground_truth_normalized"":""login"",""candidate_normalized"":""login"",""similarity"":1.0,""match_type"":""exact_normalized""},{""ground_truth_state"":""Logout"",""candidate_state"":""Logout"",""ground_truth_normalized"":""logout"",""candidate_normalized"":""logout"",""similarity"":1.0,""match_type"":""exact_normalized""},{""ground_truth_state"":""ManageAccount"",""candidate_state"":""Manage account details"",""ground_truth_normalized"":""manage account"",""candidate_normalized"":""manage account details"",""similarity"":0.876679,""match_type"":""strict""},{""ground_truth_state"":""Payment"",""candidate_state"":""Payment"",""ground_truth_normalized"":""payment"",""candidate_normalized"":""payment"",""similarity"":1.0,""match_type"":""exact_normalized""},{""ground_truth_state"":""Register"",""candidate_state"":""Create account"",""ground_truth_normalized"":""registration"",""candidate_normalized"":""registration"",""similarity"":1.0,""match_type"":""exact_normalized""}]","[""Confirmation"",""LoginStart"",""Reservation""]","[""Book ticket"",""Validate registration""]",9,8,6,3,2,0.75,0.666667,0.705882
Mistral,rag,case_15_e_ticketing_for_bus,results\plantuml_pipeline_run2\runs\open_source__mistral__rag\case_15_e_ticketing_for_bus\run_01.puml,dataset\case_15_e_ticketing_for_bus\diagram.puml,sentence-transformers/all-MiniLM-L6-v2,0.800000,0.480000,"[""CheckStatus"",""Confirmation"",""Login"",""LoginStart"",""Logout"",""ManageAccount"",""Payment"",""Register"",""Reservation""]","[""[continue]"",""AccountManagementChoice"",""BookTicketChoice"",""CheckTicketStatusChoice"",""ConfirmationChoice"",""EditOrDeleteAccountChoice"",""LoggedInChoice"",""LoginChoice"",""LogoutChoice"",""PaymentChoice"",""RegistrationChoice"",""SuccessfulLoginChoice"",""SuccessfulPaymentChoice"",""SuccessfulRegistrationChoice"",""TicketStatusChoice"",""ValidationChoice""]","[{""ground_truth_state"":""CheckStatus"",""candidate_state"":""CheckTicketStatusChoice"",""ground_truth_normalized"":""check status"",""candidate_normalized"":""check ticket status choice"",""similarity"":0.661359,""match_type"":""relaxed_lexical""},{""ground_truth_state"":""Confirmation"",""candidate_state"":""ConfirmationChoice"",""ground_truth_normalized"":""confirmation"",""candidate_normalized"":""confirmation choice"",""similarity"":0.740829,""match_type"":""relaxed_lexical""},{""ground_truth_state"":""Login"",""candidate_state"":""LoginChoice"",""ground_truth_normalized"":""login"",""candidate_normalized"":""login choice"",""similarity"":0.777856,""match_type"":""relaxed_lexical""},{""ground_truth_state"":""LoginStart"",""candidate_state"":""SuccessfulLoginChoice"",""ground_truth_normalized"":""login start"",""candidate_normalized"":""successful login choice"",""similarity"":0.61978,""match_type"":""relaxed""},{""ground_truth_state"":""Logout"",""candidate_state"":""LogoutChoice"",""ground_truth_normalized"":""logout"",""candidate_normalized"":""logout choice"",""similarity"":0.825721,""match_type"":""strict""},{""ground_truth_state"":""ManageAccount"",""candidate_state"":""AccountManagementChoice"",""ground_truth_normalized"":""manage account"",""candidate_normalized"":""account management choice"",""similarity"":0.787935,""match_type"":""relaxed""},{""ground_truth_state"":""Payment"",""candidate_state"":""PaymentChoice"",""ground_truth_normalized"":""payment"",""candidate_normalized"":""payment choice"",""similarity"":0.807112,""match_type"":""strict""},{""ground_truth_state"":""Register"",""candidate_state"":""RegistrationChoice"",""ground_truth_normalized"":""registration"",""candidate_normalized"":""registration choice"",""similarity"":0.841064,""match_type"":""strict""}]","[""Reservation""]","[""[continue]"",""BookTicketChoice"",""EditOrDeleteAccountChoice"",""LoggedInChoice"",""SuccessfulPaymentChoice"",""SuccessfulRegistrationChoice"",""TicketStatusChoice"",""ValidationChoice""]",9,16,8,1,8,0.5,0.888889,0.64
Qwen_2.5_7B,rag,case_15_e_ticketing_for_bus,results\plantuml_pipeline_run2\runs\open_source__qwen25_7b_instruct__rag\case_15_e_ticketing_for_bus\run_01.puml,dataset\case_15_e_ticketing_for_bus\diagram.puml,sentence-transformers/all-MiniLM-L6-v2,0.800000,0.480000,"[""CheckStatus"",""Confirmation"",""Login"",""LoginStart"",""Logout"",""ManageAccount"",""Payment"",""Register"",""Reservation""]","[""R8""]",[],"[""CheckStatus"",""Confirmation"",""Login"",""LoginStart"",""Logout"",""ManageAccount"",""Payment"",""Register"",""Reservation""]","[""R8""]",9,1,0,9,1,0.0,0.0,0.0
DeepSeek_R1_14B,few_shot,case_16_weather_monitoring_system,results\plantuml_pipeline_run2\runs\open_source__deepseek_r1_14b__few_shot\case_16_weather_monitoring_system\run_01.puml,dataset\case_16_weather_monitoring_system\diagram.puml,sentence-transformers/all-MiniLM-L6-v2,0.800000,0.480000,"[""Alert"",""FuturePrediction"",""Graph"",""LiveUpdate"",""login"",""Logout"",""MeasureDewPoint"",""MeasureHumidity"",""MeasurePressure"",""MeasureRainfall"",""MeasureTemperature"",""NewLocation"",""Register"",""UserLocation"",""Display"",""WeatherStatus"",""WeeklyAnalysis""]","[""AdditionalDetails"",""End"",""LocationInput"",""LoggedIn"",""Not Logged In"",""SelectedInfo"",""WeatherSelection""]","[{""ground_truth_state"":""login"",""candidate_state"":""LoggedIn"",""ground_truth_normalized"":""login"",""candidate_normalized"":""login"",""similarity"":1.0,""match_type"":""exact_normalized""},{""ground_truth_state"":""Logout"",""candidate_state"":""Not Logged In"",""ground_truth_normalized"":""logout"",""candidate_normalized"":""not logged in"",""similarity"":0.574346,""match_type"":""relaxed""},{""ground_truth_state"":""UserLocation"",""candidate_state"":""LocationInput"",""ground_truth_normalized"":""user location"",""candidate_normalized"":""location input"",""similarity"":0.589003,""match_type"":""relaxed""},{""ground_truth_state"":""WeatherStatus"",""candidate_state"":""WeatherSelection"",""ground_truth_normalized"":""weather status"",""candidate_normalized"":""weather selection"",""similarity"":0.621425,""match_type"":""relaxed""}]","[""Alert"",""FuturePrediction"",""Graph"",""LiveUpdate"",""MeasureDewPoint"",""MeasureHumidity"",""MeasurePressure"",""MeasureRainfall"",""MeasureTemperature"",""NewLocation"",""Register"",""Display"",""WeeklyAnalysis""]","[""AdditionalDetails"",""End"",""SelectedInfo""]",17,7,4,13,3,0.571429,0.235294,0.333333
Llama_3.1_8B,few_shot,case_16_weather_monitoring_system,results\plantuml_pipeline_run2\runs\open_source__llama31_8b_instruct__few_shot\case_16_weather_monitoring_system\run_01.puml,dataset\case_16_weather_monitoring_system\diagram.puml,sentence-transformers/all-MiniLM-L6-v2,0.800000,0.480000,"[""Alert"",""FuturePrediction"",""Graph"",""LiveUpdate"",""login"",""Logout"",""MeasureDewPoint"",""MeasureHumidity"",""MeasurePressure"",""MeasureRainfall"",""MeasureTemperature"",""NewLocation"",""Register"",""UserLocation"",""Display"",""WeatherStatus"",""WeeklyAnalysis""]","[""Authentication"",""Check Weather"",""Enter Details"",""Enter Location"",""Enter Member_ID"",""Enter Password"",""Failed Registration"",""Get Account Created"",""Get Additional Info"",""Get Selected Info"",""Get Weather Info"",""Invalid Location"",""Invalid Member_ID or Password"",""Log Out"",""Logout"",""Registration"",""Choose Detail"",""Select Option"",""Select Weather Option"",""Successful Login"",""View Additional Details""]","[{""ground_truth_state"":""login"",""candidate_state"":""Successful Login"",""ground_truth_normalized"":""login"",""candidate_normalized"":""successful login"",""similarity"":0.75129,""match_type"":""relaxed_lexical""},{""ground_truth_state"":""Logout"",""candidate_state"":""Log Out"",""ground_truth_normalized"":""logout"",""candidate_normalized"":""logout"",""similarity"":1.0,""match_type"":""exact_normalized""},{""ground_truth_state"":""NewLocation"",""candidate_state"":""Enter Location"",""ground_truth_normalized"":""new location"",""candidate_normalized"":""enter location"",""similarity"":0.595189,""match_type"":""relaxed""},{""ground_truth_state"":""Register"",""candidate_state"":""Registration"",""ground_truth_normalized"":""registration"",""candidate_normalized"":""registration"",""similarity"":1.0,""match_type"":""exact_normalized""},{""ground_truth_state"":""UserLocation"",""candidate_state"":""Invalid Location"",""ground_truth_normalized"":""user location"",""candidate_normalized"":""invalid location"",""similarity"":0.570092,""match_type"":""relaxed""},{""ground_truth_state"":""Display"",""candidate_state"":""View Additional Details"",""ground_truth_normalized"":""view"",""candidate_normalized"":""view additional details"",""similarity"":0.592424,""match_type"":""relaxed""},{""ground_truth_state"":""WeatherStatus"",""candidate_state"":""Check Weather"",""ground_truth_normalized"":""weather status"",""candidate_normalized"":""check weather"",""similarity"":0.72821,""match_type"":""relaxed""}]","[""Alert"",""FuturePrediction"",""Graph"",""LiveUpdate"",""MeasureDewPoint"",""MeasureHumidity"",""MeasurePressure"",""MeasureRainfall"",""MeasureTemperature"",""WeeklyAnalysis""]","[""Authentication"",""Enter Details"",""Enter Member_ID"",""Enter Password"",""Failed Registration"",""Get Account Created"",""Get Additional Info"",""Get Selected Info"",""Get Weather Info"",""Invalid Member_ID or Password"",""Logout"",""Choose Detail"",""Select Option"",""Select Weather Option""]",17,21,7,10,14,0.333333,0.411765,0.368421
Mistral,rag,case_16_weather_monitoring_system,results\plantuml_pipeline_run2\runs\open_source__mistral__rag\case_16_weather_monitoring_system\run_01.puml,dataset\case_16_weather_monitoring_system\diagram.puml,sentence-transformers/all-MiniLM-L6-v2,0.800000,0.480000,"[""Alert"",""FuturePrediction"",""Graph"",""LiveUpdate"",""login"",""Logout"",""MeasureDewPoint"",""MeasureHumidity"",""MeasurePressure"",""MeasureRainfall"",""MeasureTemperature"",""NewLocation"",""Register"",""UserLocation"",""Display"",""WeatherStatus"",""WeeklyAnalysis""]","[""DetailsView"",""DewPoint"",""EndProcess"",""EndRegistration"",""EndSession"",""Humidity"",""InvalidLocation"",""CheckLocation"",""Logout"",""NewUser"",""Pressure"",""Rainfall"",""Registration"",""RegisteredUser"",""SaveInfo"",""Temperature"",""ValidLocation"",""WeatherSelection""]","[{""ground_truth_state"":""login"",""candidate_state"":""RegisteredUser"",""ground_truth_normalized"":""login"",""candidate_normalized"":""registration user"",""similarity"":0.567153,""match_type"":""relaxed""},{""ground_truth_state"":""Logout"",""candidate_state"":""Logout"",""ground_truth_normalized"":""logout"",""candidate_normalized"":""logout"",""similarity"":1.0,""match_type"":""exact_normalized""},{""ground_truth_state"":""MeasureDewPoint"",""candidate_state"":""DewPoint"",""ground_truth_normalized"":""measure dew point"",""candidate_normalized"":""dew point"",""similarity"":0.806935,""match_type"":""strict""},{""ground_truth_state"":""MeasureHumidity"",""candidate_state"":""Humidity"",""ground_truth_normalized"":""measure humidity"",""candidate_normalized"":""humidity"",""similarity"":0.771521,""match_type"":""relaxed_lexical""},{""ground_truth_state"":""MeasurePressure"",""candidate_state"":""Pressure"",""ground_truth_normalized"":""measure pressure"",""candidate_normalized"":""pressure"",""similarity"":0.700481,""match_type"":""relaxed_lexical""},{""ground_truth_state"":""MeasureRainfall"",""candidate_state"":""Rainfall"",""ground_truth_normalized"":""measure rainfall"",""candidate_normalized"":""rainfall"",""similarity"":0.802668,""match_type"":""strict""},{""ground_truth_state"":""MeasureTemperature"",""candidate_state"":""Temperature"",""ground_truth_normalized"":""measure temperature"",""candidate_normalized"":""temperature"",""similarity"":0.739286,""match_type"":""relaxed_lexical""},{""ground_truth_state"":""NewLocation"",""candidate_state"":""CheckLocation"",""ground_truth_normalized"":""new location"",""candidate_normalized"":""location"",""similarity"":0.713312,""match_type"":""relaxed_lexical""},{""ground_truth_state"":""Register"",""candidate_state"":""Registration"",""ground_truth_normalized"":""registration"",""candidate_normalized"":""registration"",""similarity"":1.0,""match_type"":""exact_normalized""},{""ground_truth_state"":""UserLocation"",""candidate_state"":""ValidLocation"",""ground_truth_normalized"":""user location"",""candidate_normalized"":""valid location"",""similarity"":0.620118,""match_type"":""relaxed""},{""ground_truth_state"":""Display"",""candidate_state"":""DetailsView"",""ground_truth_normalized"":""view"",""candidate_normalized"":""details view"",""similarity"":0.684503,""match_type"":""relaxed""},{""ground_truth_state"":""WeatherStatus"",""candidate_state"":""WeatherSelection"",""ground_truth_normalized"":""weather status"",""candidate_normalized"":""weather selection"",""similarity"":0.621425,""match_type"":""relaxed""}]","[""Alert"",""FuturePrediction"",""Graph"",""LiveUpdate"",""WeeklyAnalysis""]","[""EndProcess"",""EndRegistration"",""EndSession"",""InvalidLocation"",""NewUser"",""SaveInfo""]",17,18,12,5,6,0.666667,0.705882,0.685714
Qwen_2.5_7B,rag,case_16_weather_monitoring_system,results\plantuml_pipeline_run2\runs\open_source__qwen25_7b_instruct__rag\case_16_weather_monitoring_system\run_01.puml,dataset\case_16_weather_monitoring_system\diagram.puml,sentence-transformers/all-MiniLM-L6-v2,0.800000,0.480000,"[""Alert"",""FuturePrediction"",""Graph"",""LiveUpdate"",""login"",""Logout"",""MeasureDewPoint"",""MeasureHumidity"",""MeasurePressure"",""MeasureRainfall"",""MeasureTemperature"",""NewLocation"",""Register"",""UserLocation"",""Display"",""WeatherStatus"",""WeeklyAnalysis""]","[""AccountCreated"",""CheckWeather"",""DetailsChosen"",""EndProcess"",""EndSession"",""ExistingUser"",""LocationValid"",""LoginSuccess"",""MainMenu"",""CreateAccount"",""ViewDetails"",""ShowWeatherInfo"",""WeatherInfoSelected""]","[{""ground_truth_state"":""login"",""candidate_state"":""LoginSuccess"",""ground_truth_normalized"":""login"",""candidate_normalized"":""login success"",""similarity"":0.737062,""match_type"":""relaxed_lexical""},{""ground_truth_state"":""Logout"",""candidate_state"":""EndSession"",""ground_truth_normalized"":""logout"",""candidate_normalized"":""end session"",""similarity"":0.562578,""match_type"":""relaxed""},{""ground_truth_state"":""NewLocation"",""candidate_state"":""LocationValid"",""ground_truth_normalized"":""new location"",""candidate_normalized"":""location valid"",""similarity"":0.548206,""match_type"":""relaxed""},{""ground_truth_state"":""Register"",""candidate_state"":""CreateAccount"",""ground_truth_normalized"":""registration"",""candidate_normalized"":""registration"",""similarity"":1.0,""match_type"":""exact_normalized""},{""ground_truth_state"":""UserLocation"",""candidate_state"":""ExistingUser"",""ground_truth_normalized"":""user location"",""candidate_normalized"":""existing user"",""similarity"":0.545275,""match_type"":""relaxed""},{""ground_truth_state"":""Display"",""candidate_state"":""ViewDetails"",""ground_truth_normalized"":""view"",""candidate_normalized"":""view details"",""similarity"":0.833218,""match_type"":""strict""},{""ground_truth_state"":""WeatherStatus"",""candidate_state"":""WeatherInfoSelected"",""ground_truth_normalized"":""weather status"",""candidate_normalized"":""weather info selected"",""similarity"":0.735104,""match_type"":""relaxed""}]","[""Alert"",""FuturePrediction"",""Graph"",""LiveUpdate"",""MeasureDewPoint"",""MeasureHumidity"",""MeasurePressure"",""MeasureRainfall"",""MeasureTemperature"",""WeeklyAnalysis""]","[""AccountCreated"",""CheckWeather"",""DetailsChosen"",""EndProcess"",""MainMenu"",""ShowWeatherInfo""]",17,13,7,10,6,0.538462,0.411765,0.466667
DeepSeek_R1_14B,few_shot,case_18_digidoclocker,results\plantuml_pipeline_run2\runs\open_source__deepseek_r1_14b__few_shot\case_18_digidoclocker\run_01.puml,dataset\case_18_digidoclocker\diagram.puml,sentence-transformers/all-MiniLM-L6-v2,0.800000,0.480000,"[""Apply for a Certificate"",""Certificate Sent to User"",""Digitlocker provides the Certificate"",""Login"",""Registrar asks a Certificate for verification"",""Registration"",""Upload a Document"",""validate the Type of User"",""View Profile""]",[],[],"[""Apply for a Certificate"",""Certificate Sent to User"",""Digitlocker provides the Certificate"",""Login"",""Registrar asks a Certificate for verification"",""Registration"",""Upload a Document"",""validate the Type of User"",""View Profile""]",[],9,0,0,9,0,0.0,0.0,0.0
Llama_3.1_8B,few_shot,case_18_digidoclocker,results\plantuml_pipeline_run2\runs\open_source__llama31_8b_instruct__few_shot\case_18_digidoclocker\run_01.puml,dataset\case_18_digidoclocker\diagram.puml,sentence-transformers/all-MiniLM-L6-v2,0.800000,0.480000,"[""Apply for a Certificate"",""Certificate Sent to User"",""Digitlocker provides the Certificate"",""Login"",""Registrar asks a Certificate for verification"",""Registration"",""Upload a Document"",""validate the Type of User"",""View Profile""]","[""Certificate Application"",""Citizen Login"",""Citizen Profile"",""Citizen Registration"",""Document Upload"",""EndSession"",""Initial"",""Multiple Certificate Request"",""Reapply for Certificate"",""Registrar Request""]","[{""ground_truth_state"":""Apply for a Certificate"",""candidate_state"":""Certificate Application"",""ground_truth_normalized"":""apply for a certificate"",""candidate_normalized"":""apply certificate"",""similarity"":0.960818,""match_type"":""strict""},{""ground_truth_state"":""Certificate Sent to User"",""candidate_state"":""Multiple Certificate Request"",""ground_truth_normalized"":""certificate submit to user"",""candidate_normalized"":""multiple certificate request"",""similarity"":0.506766,""match_type"":""relaxed""},{""ground_truth_state"":""Login"",""candidate_state"":""Citizen Login"",""ground_truth_normalized"":""login"",""candidate_normalized"":""citizen login"",""similarity"":0.652814,""match_type"":""relaxed_lexical""},{""ground_truth_state"":""Registrar asks a Certificate for verification"",""candidate_state"":""Registrar Request"",""ground_truth_normalized"":""registrar asks a certificate for verification"",""candidate_normalized"":""registrar request"",""similarity"":0.650591,""match_type"":""relaxed""},{""ground_truth_state"":""Registration"",""candidate_state"":""Citizen Registration"",""ground_truth_normalized"":""registration"",""candidate_normalized"":""citizen registration"",""similarity"":0.776612,""match_type"":""relaxed_lexical""},{""ground_truth_state"":""Upload a Document"",""candidate_state"":""Document Upload"",""ground_truth_normalized"":""upload a document"",""candidate_normalized"":""document upload"",""similarity"":0.958088,""match_type"":""strict""},{""ground_truth_state"":""View Profile"",""candidate_state"":""Citizen Profile"",""ground_truth_normalized"":""view profile"",""candidate_normalized"":""citizen profile"",""similarity"":0.5873,""match_type"":""relaxed""}]","[""Digitlocker provides the Certificate"",""validate the Type of User""]","[""EndSession"",""Initial"",""Reapply for Certificate""]",9,10,7,2,3,0.7,0.777778,0.736842
Mistral,rag,case_18_digidoclocker,results\plantuml_pipeline_run2\runs\open_source__mistral__rag\case_18_digidoclocker\run_01.puml,dataset\case_18_digidoclocker\diagram.puml,sentence-transformers/all-MiniLM-L6-v2,0.800000,0.480000,"[""Apply for a Certificate"",""Certificate Sent to User"",""Digitlocker provides the Certificate"",""Login"",""Registrar asks a Certificate for verification"",""Registration"",""Upload a Document"",""validate the Type of User"",""View Profile""]","[""Citizen"",""Login"",""Registration""]","[{""ground_truth_state"":""Login"",""candidate_state"":""Login"",""ground_truth_normalized"":""login"",""candidate_normalized"":""login"",""similarity"":1.0,""match_type"":""exact_normalized""},{""ground_truth_state"":""Registration"",""candidate_state"":""Registration"",""ground_truth_normalized"":""registration"",""candidate_normalized"":""registration"",""similarity"":1.0,""match_type"":""exact_normalized""}]","[""Apply for a Certificate"",""Certificate Sent to User"",""Digitlocker provides the Certificate"",""Registrar asks a Certificate for verification"",""Upload a Document"",""validate the Type of User"",""View Profile""]","[""Citizen""]",9,3,2,7,1,0.666667,0.222222,0.333333
Qwen_2.5_7B,rag,case_18_digidoclocker,results\plantuml_pipeline_run2\runs\open_source__qwen25_7b_instruct__rag\case_18_digidoclocker\run_01.puml,dataset\case_18_digidoclocker\diagram.puml,sentence-transformers/all-MiniLM-L6-v2,0.800000,0.480000,"[""Apply for a Certificate"",""Certificate Sent to User"",""Digitlocker provides the Certificate"",""Login"",""Registrar asks a Certificate for verification"",""Registration"",""Upload a Document"",""validate the Type of User"",""View Profile""]","[""CitizenActions"",""CitizenLogin"",""RegistrarRequest"",""Registration""]","[{""ground_truth_state"":""Login"",""candidate_state"":""CitizenLogin"",""ground_truth_normalized"":""login"",""candidate_normalized"":""citizen login"",""similarity"":0.652814,""match_type"":""relaxed_lexical""},{""ground_truth_state"":""Registrar asks a Certificate for verification"",""candidate_state"":""RegistrarRequest"",""ground_truth_normalized"":""registrar asks a certificate for verification"",""candidate_normalized"":""registrar request"",""similarity"":0.650591,""match_type"":""relaxed""},{""ground_truth_state"":""Registration"",""candidate_state"":""Registration"",""ground_truth_normalized"":""registration"",""candidate_normalized"":""registration"",""similarity"":1.0,""match_type"":""exact_normalized""}]","[""Apply for a Certificate"",""Certificate Sent to User"",""Digitlocker provides the Certificate"",""Upload a Document"",""validate the Type of User"",""View Profile""]","[""CitizenActions""]",9,4,3,6,1,0.75,0.333333,0.461538
DeepSeek_R1_14B,few_shot,case_28_ott_based_system_mini_reel,results\plantuml_pipeline_run2\runs\open_source__deepseek_r1_14b__few_shot\case_28_ott_based_system_mini_reel\run_01.puml,dataset\case_28_ott_based_system_mini_reel\diagram.puml,sentence-transformers/all-MiniLM-L6-v2,0.800000,0.480000,"[""Discussion State"",""Account Creation"",""Updation"",""View"",""Show Likes""]","[""AccountCreated"",""AddToLikes"",""BackToListMenu"",""BackToMenu"",""ContinueWatching"",""RemoveFromLikes"",""DiscussionOption"",""FinalState"",""InitialState"",""LikesList"",""LoggedIn"",""Login"",""ExitDiscussion"",""PauseVideo"",""PostComment"",""CreateAccount"",""UploadComplete"",""UploadFailed"",""UploadingVideo"",""ViewComments"",""ViewVideo"",""WatchingVideo""]","[{""ground_truth_state"":""Discussion State"",""candidate_state"":""DiscussionOption"",""ground_truth_normalized"":""discussion state"",""candidate_normalized"":""discussion option"",""similarity"":0.724753,""match_type"":""relaxed""},{""ground_truth_state"":""Account Creation"",""candidate_state"":""CreateAccount"",""ground_truth_normalized"":""registration"",""candidate_normalized"":""registration"",""similarity"":1.0,""match_type"":""exact_normalized""},{""ground_truth_state"":""View"",""candidate_state"":""ViewVideo"",""ground_truth_normalized"":""view"",""candidate_normalized"":""view video"",""similarity"":0.568944,""match_type"":""relaxed""},{""ground_truth_state"":""Show Likes"",""candidate_state"":""LikesList"",""ground_truth_normalized"":""view likes"",""candidate_normalized"":""likes list"",""similarity"":0.615674,""match_type"":""relaxed""}]","[""Updation""]","[""AccountCreated"",""AddToLikes"",""BackToListMenu"",""BackToMenu"",""ContinueWatching"",""RemoveFromLikes"",""FinalState"",""InitialState"",""LoggedIn"",""Login"",""ExitDiscussion"",""PauseVideo"",""PostComment"",""UploadComplete"",""UploadFailed"",""UploadingVideo"",""ViewComments"",""WatchingVideo""]",5,22,4,1,18,0.181818,0.8,0.296296
Llama_3.1_8B,few_shot,case_28_ott_based_system_mini_reel,results\plantuml_pipeline_run2\runs\open_source__llama31_8b_instruct__few_shot\case_28_ott_based_system_mini_reel\run_01.puml,dataset\case_28_ott_based_system_mini_reel\diagram.puml,sentence-transformers/all-MiniLM-L6-v2,0.800000,0.480000,"[""Discussion State"",""Account Creation"",""Updation"",""View"",""Show Likes""]","[""Enter discussion option"",""Create account"",""Save to likes list"",""Upload video"",""View saved videos"",""Watch videos""]","[{""ground_truth_state"":""Discussion State"",""candidate_state"":""Enter discussion option"",""ground_truth_normalized"":""discussion state"",""candidate_normalized"":""enter discussion option"",""similarity"":0.599665,""match_type"":""relaxed""},{""ground_truth_state"":""Account Creation"",""candidate_state"":""Create account"",""ground_truth_normalized"":""registration"",""candidate_normalized"":""registration"",""similarity"":1.0,""match_type"":""exact_normalized""}]","[""Updation"",""View"",""Show Likes""]","[""Save to likes list"",""Upload video"",""View saved videos"",""Watch videos""]",5,6,2,3,4,0.333333,0.4,0.363636
Mistral,rag,case_28_ott_based_system_mini_reel,results\plantuml_pipeline_run2\runs\open_source__mistral__rag\case_28_ott_based_system_mini_reel\run_01.puml,dataset\case_28_ott_based_system_mini_reel\diagram.puml,sentence-transformers/all-MiniLM-L6-v2,0.800000,0.480000,"[""Discussion State"",""Account Creation"",""Updation"",""View"",""Show Likes""]","[""AccountCreation_Admin"",""ArticleApproval"",""ArticleRejection"",""ArticleReview"",""BlogsNewsUpdates"",""CaseCategorySelection"",""CaseDetailsEntry"",""EnterDiscussion"",""IncorrectDetails"",""SignIn"",""LoginAttemptInvalid"",""LoggedOut"",""NewCase"",""ProvideFeedback"",""PublishedArticles"",""ReadArticle"",""AccountCreation"",""SaveVideo"",""SearchArticles"",""SetReminder"",""Start"",""UploadDocuments"",""UploadVideo"",""UserProfileManagement"",""ViewSavedVideos"",""WatchVideos""]","[{""ground_truth_state"":""Discussion State"",""candidate_state"":""EnterDiscussion"",""ground_truth_normalized"":""discussion state"",""candidate_normalized"":""enter discussion"",""similarity"":0.704627,""match_type"":""relaxed""},{""ground_truth_state"":""Account Creation"",""candidate_state"":""AccountCreation"",""ground_truth_normalized"":""registration"",""candidate_normalized"":""registration"",""similarity"":1.0,""match_type"":""exact_normalized""}]","[""Updation"",""View"",""Show Likes""]","[""AccountCreation_Admin"",""ArticleApproval"",""ArticleRejection"",""ArticleReview"",""BlogsNewsUpdates"",""CaseCategorySelection"",""CaseDetailsEntry"",""IncorrectDetails"",""SignIn"",""LoginAttemptInvalid"",""LoggedOut"",""NewCase"",""ProvideFeedback"",""PublishedArticles"",""ReadArticle"",""SaveVideo"",""SearchArticles"",""SetReminder"",""Start"",""UploadDocuments"",""UploadVideo"",""UserProfileManagement"",""ViewSavedVideos"",""WatchVideos""]",5,26,2,3,24,0.076923,0.4,0.129032
Qwen_2.5_7B,rag,case_28_ott_based_system_mini_reel,results\plantuml_pipeline_run2\runs\open_source__qwen25_7b_instruct__rag\case_28_ott_based_system_mini_reel\run_01.puml,dataset\case_28_ott_based_system_mini_reel\diagram.puml,sentence-transformers/all-MiniLM-L6-v2,0.800000,0.480000,"[""Discussion State"",""Account Creation"",""Updation"",""View"",""Show Likes""]","[""AccountCreated"",""EnterDiscussion"",""CreateAccount"",""VideoSaved"",""ViewLikesList"",""WatchVideos""]","[{""ground_truth_state"":""Discussion State"",""candidate_state"":""EnterDiscussion"",""ground_truth_normalized"":""discussion state"",""candidate_normalized"":""enter discussion"",""similarity"":0.704627,""match_type"":""relaxed""},{""ground_truth_state"":""Account Creation"",""candidate_state"":""CreateAccount"",""ground_truth_normalized"":""registration"",""candidate_normalized"":""registration"",""similarity"":1.0,""match_type"":""exact_normalized""},{""ground_truth_state"":""Show Likes"",""candidate_state"":""ViewLikesList"",""ground_truth_normalized"":""view likes"",""candidate_normalized"":""view likes list"",""similarity"":0.81801,""match_type"":""strict""}]","[""Updation"",""View""]","[""AccountCreated"",""VideoSaved"",""WatchVideos""]",5,6,3,2,3,0.5,0.6,0.545455
DeepSeek_R1_14B,few_shot,case_32_e_visa_processing_and_follow_up_system,results\plantuml_pipeline_run2\runs\open_source__deepseek_r1_14b__few_shot\case_32_e_visa_processing_and_follow_up_system\run_01.puml,dataset\case_32_e_visa_processing_and_follow_up_system\diagram.puml,sentence-transformers/all-MiniLM-L6-v2,0.800000,0.480000,"[""Apply for Visa"",""Accept Application"",""Accept Visa"",""Cancel Application"",""Check Status"",""Give Feedback"",""Login"",""Log Out"",""Make Payment"",""Modify Details"",""Register"",""Reject Visa"",""Update Status"",""Verify Document Proofs"",""View Details"",""View purpose of application"",""View Status""]","[""ApplicationProcessing"",""Approved"",""CancelApplication"",""CheckStatus"",""GiveFeedback"",""LoggedInMenu"",""Login"",""Logout"",""ModifyDetails"",""Create User Account"",""Rejected"",""ViewDetails"",""ViewPurpose"",""ViewStatus""]","[{""ground_truth_state"":""Accept Application"",""candidate_state"":""ApplicationProcessing"",""ground_truth_normalized"":""approval application"",""candidate_normalized"":""application processing"",""similarity"":0.486009,""match_type"":""relaxed""},{""ground_truth_state"":""Accept Visa"",""candidate_state"":""Approved"",""ground_truth_normalized"":""approval visa"",""candidate_normalized"":""approval"",""similarity"":0.672413,""match_type"":""relaxed_lexical""},{""ground_truth_state"":""Cancel Application"",""candidate_state"":""CancelApplication"",""ground_truth_normalized"":""cancel application"",""candidate_normalized"":""cancel application"",""similarity"":1.0,""match_type"":""exact_normalized""},{""ground_truth_state"":""Check Status"",""candidate_state"":""CheckStatus"",""ground_truth_normalized"":""check status"",""candidate_normalized"":""check status"",""similarity"":1.0,""match_type"":""exact_normalized""},{""ground_truth_state"":""Give Feedback"",""candidate_state"":""GiveFeedback"",""ground_truth_normalized"":""give feedback"",""candidate_normalized"":""give feedback"",""similarity"":1.0,""match_type"":""exact_normalized""},{""ground_truth_state"":""Login"",""candidate_state"":""Login"",""ground_truth_normalized"":""login"",""candidate_normalized"":""login"",""similarity"":1.0,""match_type"":""exact_normalized""},{""ground_truth_state"":""Log Out"",""candidate_state"":""Logout"",""ground_truth_normalized"":""logout"",""candidate_normalized"":""logout"",""similarity"":1.0,""match_type"":""exact_normalized""},{""ground_truth_state"":""Modify Details"",""candidate_state"":""ModifyDetails"",""ground_truth_normalized"":""modify details"",""candidate_normalized"":""modify details"",""similarity"":1.0,""match_type"":""exact_normalized""},{""ground_truth_state"":""Register"",""candidate_state"":""Create User Account"",""ground_truth_normalized"":""registration"",""candidate_normalized"":""registration user account"",""similarity"":0.735637,""match_type"":""relaxed_lexical""},{""ground_truth_state"":""Reject Visa"",""candidate_state"":""Rejected"",""ground_truth_normalized"":""rejection visa"",""candidate_normalized"":""rejection"",""similarity"":0.649862,""match_type"":""relaxed_lexical""},{""ground_truth_state"":""View Details"",""candidate_state"":""ViewDetails"",""ground_truth_normalized"":""view details"",""candidate_normalized"":""view details"",""similarity"":1.0,""match_type"":""exact_normalized""},{""ground_truth_state"":""View purpose of application"",""candidate_state"":""ViewPurpose"",""ground_truth_normalized"":""view purpose of application"",""candidate_normalized"":""view purpose"",""similarity"":0.788539,""match_type"":""relaxed_lexical""},{""ground_truth_state"":""View Status"",""candidate_state"":""ViewStatus"",""ground_truth_normalized"":""view status"",""candidate_normalized"":""view status"",""similarity"":1.0,""match_type"":""exact_normalized""}]","[""Apply for Visa"",""Make Payment"",""Update Status"",""Verify Document Proofs""]","[""LoggedInMenu""]",17,14,13,4,1,0.928571,0.764706,0.83871
Llama_3.1_8B,few_shot,case_32_e_visa_processing_and_follow_up_system,results\plantuml_pipeline_run2\runs\open_source__llama31_8b_instruct__few_shot\case_32_e_visa_processing_and_follow_up_system\run_01.puml,dataset\case_32_e_visa_processing_and_follow_up_system\diagram.puml,sentence-transformers/all-MiniLM-L6-v2,0.800000,0.480000,"[""Apply for Visa"",""Accept Application"",""Accept Visa"",""Cancel Application"",""Check Status"",""Give Feedback"",""Login"",""Log Out"",""Make Payment"",""Modify Details"",""Register"",""Reject Visa"",""Update Status"",""Verify Document Proofs"",""View Details"",""View purpose of application"",""View Status""]","[""ApplyVisa"",""CancelApplication"",""CheckStatus"",""GiveFeedback"",""Login"",""Logout"",""ModifyDetails"",""CreateAccount"",""ViewDetails"",""ViewStatus""]","[{""ground_truth_state"":""Apply for Visa"",""candidate_state"":""ApplyVisa"",""ground_truth_normalized"":""apply for visa"",""candidate_normalized"":""apply visa"",""similarity"":0.988276,""match_type"":""strict""},{""ground_truth_state"":""Cancel Application"",""candidate_state"":""CancelApplication"",""ground_truth_normalized"":""cancel application"",""candidate_normalized"":""cancel application"",""similarity"":1.0,""match_type"":""exact_normalized""},{""ground_truth_state"":""Check Status"",""candidate_state"":""CheckStatus"",""ground_truth_normalized"":""check status"",""candidate_normalized"":""check status"",""similarity"":1.0,""match_type"":""exact_normalized""},{""ground_truth_state"":""Give Feedback"",""candidate_state"":""GiveFeedback"",""ground_truth_normalized"":""give feedback"",""candidate_normalized"":""give feedback"",""similarity"":1.0,""match_type"":""exact_normalized""},{""ground_truth_state"":""Login"",""candidate_state"":""Login"",""ground_truth_normalized"":""login"",""candidate_normalized"":""login"",""similarity"":1.0,""match_type"":""exact_normalized""},{""ground_truth_state"":""Log Out"",""candidate_state"":""Logout"",""ground_truth_normalized"":""logout"",""candidate_normalized"":""logout"",""similarity"":1.0,""match_type"":""exact_normalized""},{""ground_truth_state"":""Modify Details"",""candidate_state"":""ModifyDetails"",""ground_truth_normalized"":""modify details"",""candidate_normalized"":""modify details"",""similarity"":1.0,""match_type"":""exact_normalized""},{""ground_truth_state"":""Register"",""candidate_state"":""CreateAccount"",""ground_truth_normalized"":""registration"",""candidate_normalized"":""registration"",""similarity"":1.0,""match_type"":""exact_normalized""},{""ground_truth_state"":""View Details"",""candidate_state"":""ViewDetails"",""ground_truth_normalized"":""view details"",""candidate_normalized"":""view details"",""similarity"":1.0,""match_type"":""exact_normalized""},{""ground_truth_state"":""View Status"",""candidate_state"":""ViewStatus"",""ground_truth_normalized"":""view status"",""candidate_normalized"":""view status"",""similarity"":1.0,""match_type"":""exact_normalized""}]","[""Accept Application"",""Accept Visa"",""Make Payment"",""Reject Visa"",""Update Status"",""Verify Document Proofs"",""View purpose of application""]",[],17,10,10,7,0,1.0,0.588235,0.740741
Mistral,rag,case_32_e_visa_processing_and_follow_up_system,results\plantuml_pipeline_run2\runs\open_source__mistral__rag\case_32_e_visa_processing_and_follow_up_system\run_01.puml,dataset\case_32_e_visa_processing_and_follow_up_system\diagram.puml,sentence-transformers/all-MiniLM-L6-v2,0.800000,0.480000,"[""Apply for Visa"",""Accept Application"",""Accept Visa"",""Cancel Application"",""Check Status"",""Give Feedback"",""Login"",""Log Out"",""Make Payment"",""Modify Details"",""Register"",""Reject Visa"",""Update Status"",""Verify Document Proofs"",""View Details"",""View purpose of application"",""View Status""]",[],[],"[""Apply for Visa"",""Accept Application"",""Accept Visa"",""Cancel Application"",""Check Status"",""Give Feedback"",""Login"",""Log Out"",""Make Payment"",""Modify Details"",""Register"",""Reject Visa"",""Update Status"",""Verify Document Proofs"",""View Details"",""View purpose of application"",""View Status""]",[],17,0,0,17,0,0.0,0.0,0.0
Qwen_2.5_7B,rag,case_32_e_visa_processing_and_follow_up_system,results\plantuml_pipeline_run2\runs\open_source__qwen25_7b_instruct__rag\case_32_e_visa_processing_and_follow_up_system\run_01.puml,dataset\case_32_e_visa_processing_and_follow_up_system\diagram.puml,sentence-transformers/all-MiniLM-L6-v2,0.800000,0.480000,"[""Apply for Visa"",""Accept Application"",""Accept Visa"",""Cancel Application"",""Check Status"",""Give Feedback"",""Login"",""Log Out"",""Make Payment"",""Modify Details"",""Register"",""Reject Visa"",""Update Status"",""Verify Document Proofs"",""View Details"",""View purpose of application"",""View Status""]","[""AccountCreated"",""ApplicationCancelled"",""DetailsModified"",""DetailsViewed"",""FeedbackGiven"",""LoggedIn"",""LoggedOut"",""StatusChecked"",""VisaApplied"",""VisaStatusViewed""]","[{""ground_truth_state"":""Apply for Visa"",""candidate_state"":""VisaApplied"",""ground_truth_normalized"":""apply for visa"",""candidate_normalized"":""visa applied"",""similarity"":0.891979,""match_type"":""strict""},{""ground_truth_state"":""Cancel Application"",""candidate_state"":""ApplicationCancelled"",""ground_truth_normalized"":""cancel application"",""candidate_normalized"":""application cancelled"",""similarity"":0.768763,""match_type"":""relaxed""},{""ground_truth_state"":""Check Status"",""candidate_state"":""StatusChecked"",""ground_truth_normalized"":""check status"",""candidate_normalized"":""status checked"",""similarity"":0.846707,""match_type"":""strict""},{""ground_truth_state"":""Give Feedback"",""candidate_state"":""FeedbackGiven"",""ground_truth_normalized"":""give feedback"",""candidate_normalized"":""feedback given"",""similarity"":0.842691,""match_type"":""strict""},{""ground_truth_state"":""Login"",""candidate_state"":""LoggedIn"",""ground_truth_normalized"":""login"",""candidate_normalized"":""login"",""similarity"":1.0,""match_type"":""exact_normalized""},{""ground_truth_state"":""Log Out"",""candidate_state"":""LoggedOut"",""ground_truth_normalized"":""logout"",""candidate_normalized"":""logout"",""similarity"":1.0,""match_type"":""exact_normalized""},{""ground_truth_state"":""Modify Details"",""candidate_state"":""DetailsModified"",""ground_truth_normalized"":""modify details"",""candidate_normalized"":""details modified"",""similarity"":0.63204,""match_type"":""relaxed""},{""ground_truth_state"":""Register"",""candidate_state"":""AccountCreated"",""ground_truth_normalized"":""registration"",""candidate_normalized"":""account registration"",""similarity"":0.829525,""match_type"":""strict""},{""ground_truth_state"":""View Details"",""candidate_state"":""DetailsViewed"",""ground_truth_normalized"":""view details"",""candidate_normalized"":""details viewed"",""similarity"":0.867074,""match_type"":""strict""},{""ground_truth_state"":""View Status"",""candidate_state"":""VisaStatusViewed"",""ground_truth_normalized"":""view status"",""candidate_normalized"":""visa status viewed"",""similarity"":0.694095,""match_type"":""relaxed""}]","[""Accept Application"",""Accept Visa"",""Make Payment"",""Reject Visa"",""Update Status"",""Verify Document Proofs"",""View purpose of application""]",[],17,10,10,7,0,1.0,0.588235,0.740741
DeepSeek_R1_14B,few_shot,case_33_farm_management_system,results\plantuml_pipeline_run2\runs\open_source__deepseek_r1_14b__few_shot\case_33_farm_management_system\run_01.puml,dataset\case_33_farm_management_system\diagram.puml,sentence-transformers/all-MiniLM-L6-v2,0.800000,0.480000,"[""labour availability"",""labour availability view"",""logout"",""market conditions"",""market conditions report"",""pest control techniques"",""pestcontrol"",""soil condition"",""soil condition view"",""user home"",""user login"",""weather insights"",""weather insights view""]","[""EndSession"",""LabourAvailability"",""Login"",""MainMenu"",""MarketConditions"",""Pest"",""PestControlPhoto"",""PestControlTechniques"",""SoilInfo"",""Start"",""WeatherInsights""]","[{""ground_truth_state"":""labour availability"",""candidate_state"":""LabourAvailability"",""ground_truth_normalized"":""labour availability"",""candidate_normalized"":""labour availability"",""similarity"":1.0,""match_type"":""exact_normalized""},{""ground_truth_state"":""logout"",""candidate_state"":""EndSession"",""ground_truth_normalized"":""logout"",""candidate_normalized"":""end session"",""similarity"":0.562578,""match_type"":""relaxed""},{""ground_truth_state"":""market conditions"",""candidate_state"":""MarketConditions"",""ground_truth_normalized"":""market conditions"",""candidate_normalized"":""market conditions"",""similarity"":1.0,""match_type"":""exact_normalized""},{""ground_truth_state"":""pest control techniques"",""candidate_state"":""PestControlTechniques"",""ground_truth_normalized"":""pest control techniques"",""candidate_normalized"":""pest control techniques"",""similarity"":1.0,""match_type"":""exact_normalized""},{""ground_truth_state"":""pestcontrol"",""candidate_state"":""Pest"",""ground_truth_normalized"":""pestcontrol"",""candidate_normalized"":""pest"",""similarity"":0.696898,""match_type"":""relaxed""},{""ground_truth_state"":""soil condition"",""candidate_state"":""SoilInfo"",""ground_truth_normalized"":""soil condition"",""candidate_normalized"":""soil info"",""similarity"":0.720561,""match_type"":""relaxed""},{""ground_truth_state"":""user login"",""candidate_state"":""Login"",""ground_truth_normalized"":""user login"",""candidate_normalized"":""login"",""similarity"":0.843187,""match_type"":""strict""},{""ground_truth_state"":""weather insights"",""candidate_state"":""WeatherInsights"",""ground_truth_normalized"":""weather insights"",""candidate_normalized"":""weather insights"",""similarity"":1.0,""match_type"":""exact_normalized""}]","[""labour availability view"",""market conditions report"",""soil condition view"",""user home"",""weather insights view""]","[""MainMenu"",""PestControlPhoto"",""Start""]",13,11,8,5,3,0.727273,0.615385,0.666667
Llama_3.1_8B,few_shot,case_33_farm_management_system,results\plantuml_pipeline_run2\runs\open_source__llama31_8b_instruct__few_shot\case_33_farm_management_system\run_01.puml,dataset\case_33_farm_management_system\diagram.puml,sentence-transformers/all-MiniLM-L6-v2,0.800000,0.480000,"[""labour availability"",""labour availability view"",""logout"",""market conditions"",""market conditions report"",""pest control techniques"",""pestcontrol"",""soil condition"",""soil condition view"",""user home"",""user login"",""weather insights"",""weather insights view""]","[""Labour Availability"",""Login"",""Logout"",""Main Area"",""Market Conditions"",""Market Report"",""Pest Control Help"",""Pest Control Techniques"",""Soil Information"",""Weather Insights""]","[{""ground_truth_state"":""labour availability"",""candidate_state"":""Labour Availability"",""ground_truth_normalized"":""labour availability"",""candidate_normalized"":""labour availability"",""similarity"":1.0,""match_type"":""exact_normalized""},{""ground_truth_state"":""logout"",""candidate_state"":""Logout"",""ground_truth_normalized"":""logout"",""candidate_normalized"":""logout"",""similarity"":1.0,""match_type"":""exact_normalized""},{""ground_truth_state"":""market conditions"",""candidate_state"":""Market Conditions"",""ground_truth_normalized"":""market conditions"",""candidate_normalized"":""market conditions"",""similarity"":1.0,""match_type"":""exact_normalized""},{""ground_truth_state"":""market conditions report"",""candidate_state"":""Market Report"",""ground_truth_normalized"":""market conditions report"",""candidate_normalized"":""market report"",""similarity"":0.808552,""match_type"":""strict""},{""ground_truth_state"":""pest control techniques"",""candidate_state"":""Pest Control Techniques"",""ground_truth_normalized"":""pest control techniques"",""candidate_normalized"":""pest control techniques"",""similarity"":1.0,""match_type"":""exact_normalized""},{""ground_truth_state"":""pestcontrol"",""candidate_state"":""Pest Control Help"",""ground_truth_normalized"":""pestcontrol"",""candidate_normalized"":""pest control help"",""similarity"":0.718159,""match_type"":""relaxed""},{""ground_truth_state"":""soil condition view"",""candidate_state"":""Soil Information"",""ground_truth_normalized"":""soil condition view"",""candidate_normalized"":""soil information"",""similarity"":0.717608,""match_type"":""relaxed""},{""ground_truth_state"":""user login"",""candidate_state"":""Login"",""ground_truth_normalized"":""user login"",""candidate_normalized"":""login"",""similarity"":0.843187,""match_type"":""strict""},{""ground_truth_state"":""weather insights"",""candidate_state"":""Weather Insights"",""ground_truth_normalized"":""weather insights"",""candidate_normalized"":""weather insights"",""similarity"":1.0,""match_type"":""exact_normalized""}]","[""labour availability view"",""soil condition"",""user home"",""weather insights view""]","[""Main Area""]",13,10,9,4,1,0.9,0.692308,0.782609
Mistral,rag,case_33_farm_management_system,results\plantuml_pipeline_run2\runs\open_source__mistral__rag\case_33_farm_management_system\run_01.puml,dataset\case_33_farm_management_system\diagram.puml,sentence-transformers/all-MiniLM-L6-v2,0.800000,0.480000,"[""labour availability"",""labour availability view"",""logout"",""market conditions"",""market conditions report"",""pest control techniques"",""pestcontrol"",""soil condition"",""soil condition view"",""user home"",""user login"",""weather insights"",""weather insights view""]","[""Continue"",""CropSuggestions"",""EndSession"",""Error"",""LabourAvailability"",""LabourDetails"",""MainArea"",""MarketConditions"",""MarketReport"",""PestControlHelp"",""PestControlTechniques"",""SignOut"",""SoilInfo"",""WeatherDetails"",""WeatherInsights""]","[{""ground_truth_state"":""labour availability"",""candidate_state"":""LabourAvailability"",""ground_truth_normalized"":""labour availability"",""candidate_normalized"":""labour availability"",""similarity"":1.0,""match_type"":""exact_normalized""},{""ground_truth_state"":""labour availability view"",""candidate_state"":""LabourDetails"",""ground_truth_normalized"":""labour availability view"",""candidate_normalized"":""labour details"",""similarity"":0.662129,""match_type"":""relaxed""},{""ground_truth_state"":""logout"",""candidate_state"":""EndSession"",""ground_truth_normalized"":""logout"",""candidate_normalized"":""end session"",""similarity"":0.562578,""match_type"":""relaxed""},{""ground_truth_state"":""market conditions"",""candidate_state"":""MarketConditions"",""ground_truth_normalized"":""market conditions"",""candidate_normalized"":""market conditions"",""similarity"":1.0,""match_type"":""exact_normalized""},{""ground_truth_state"":""market conditions report"",""candidate_state"":""MarketReport"",""ground_truth_normalized"":""market conditions report"",""candidate_normalized"":""market report"",""similarity"":0.808552,""match_type"":""strict""},{""ground_truth_state"":""pest control techniques"",""candidate_state"":""PestControlTechniques"",""ground_truth_normalized"":""pest control techniques"",""candidate_normalized"":""pest control techniques"",""similarity"":1.0,""match_type"":""exact_normalized""},{""ground_truth_state"":""pestcontrol"",""candidate_state"":""PestControlHelp"",""ground_truth_normalized"":""pestcontrol"",""candidate_normalized"":""pest control help"",""similarity"":0.718159,""match_type"":""relaxed""},{""ground_truth_state"":""soil condition"",""candidate_state"":""SoilInfo"",""ground_truth_normalized"":""soil condition"",""candidate_normalized"":""soil info"",""similarity"":0.720561,""match_type"":""relaxed""},{""ground_truth_state"":""user login"",""candidate_state"":""SignOut"",""ground_truth_normalized"":""user login"",""candidate_normalized"":""sign out"",""similarity"":0.502193,""match_type"":""relaxed""},{""ground_truth_state"":""weather insights"",""candidate_state"":""WeatherInsights"",""ground_truth_normalized"":""weather insights"",""candidate_normalized"":""weather insights"",""similarity"":1.0,""match_type"":""exact_normalized""},{""ground_truth_state"":""weather insights view"",""candidate_state"":""WeatherDetails"",""ground_truth_normalized"":""weather insights view"",""candidate_normalized"":""weather details"",""similarity"":0.694834,""match_type"":""relaxed""}]","[""soil condition view"",""user home""]","[""Continue"",""CropSuggestions"",""Error"",""MainArea""]",13,15,11,2,4,0.733333,0.846154,0.785714
Qwen_2.5_7B,rag,case_33_farm_management_system,results\plantuml_pipeline_run2\runs\open_source__qwen25_7b_instruct__rag\case_33_farm_management_system\run_01.puml,dataset\case_33_farm_management_system\diagram.puml,sentence-transformers/all-MiniLM-L6-v2,0.800000,0.480000,"[""labour availability"",""labour availability view"",""logout"",""market conditions"",""market conditions report"",""pest control techniques"",""pestcontrol"",""soil condition"",""soil condition view"",""user home"",""user login"",""weather insights"",""weather insights view""]","[""ContinueUsage"",""LabourDetails"",""Logout"",""MainArea"",""MarketConditions"",""MarketReport"",""PestControlHelp"",""PestTechniques"",""PhotoRequired"",""SoilSuggestions"",""WeatherInsights""]","[{""ground_truth_state"":""labour availability view"",""candidate_state"":""LabourDetails"",""ground_truth_normalized"":""labour availability view"",""candidate_normalized"":""labour details"",""similarity"":0.662129,""match_type"":""relaxed""},{""ground_truth_state"":""logout"",""candidate_state"":""Logout"",""ground_truth_normalized"":""logout"",""candidate_normalized"":""logout"",""similarity"":1.0,""match_type"":""exact_normalized""},{""ground_truth_state"":""market conditions"",""candidate_state"":""MarketConditions"",""ground_truth_normalized"":""market conditions"",""candidate_normalized"":""market conditions"",""similarity"":1.0,""match_type"":""exact_normalized""},{""ground_truth_state"":""market conditions report"",""candidate_state"":""MarketReport"",""ground_truth_normalized"":""market conditions report"",""candidate_normalized"":""market report"",""similarity"":0.808552,""match_type"":""strict""},{""ground_truth_state"":""pest control techniques"",""candidate_state"":""PestTechniques"",""ground_truth_normalized"":""pest control techniques"",""candidate_normalized"":""pest techniques"",""similarity"":0.916597,""match_type"":""strict""},{""ground_truth_state"":""pestcontrol"",""candidate_state"":""PestControlHelp"",""ground_truth_normalized"":""pestcontrol"",""candidate_normalized"":""pest control help"",""similarity"":0.718159,""match_type"":""relaxed""},{""ground_truth_state"":""soil condition"",""candidate_state"":""SoilSuggestions"",""ground_truth_normalized"":""soil condition"",""candidate_normalized"":""soil suggestions"",""similarity"":0.697498,""match_type"":""relaxed""},{""ground_truth_state"":""weather insights"",""candidate_state"":""WeatherInsights"",""ground_truth_normalized"":""weather insights"",""candidate_normalized"":""weather insights"",""similarity"":1.0,""match_type"":""exact_normalized""}]","[""labour availability"",""soil condition view"",""user home"",""user login"",""weather insights view""]","[""ContinueUsage"",""MainArea"",""PhotoRequired""]",13,11,8,5,3,0.727273,0.615385,0.666667
DeepSeek_R1_14B,few_shot,case_34_green_rides,results\plantuml_pipeline_run2\runs\open_source__deepseek_r1_14b__few_shot\case_34_green_rides\run_01.puml,dataset\case_34_green_rides\diagram.puml,sentence-transformers/all-MiniLM-L6-v2,0.800000,0.480000,"[""accident"",""details"",""drive mode"",""feedback"",""from and to"",""menu"",""notify"",""order""]","[""AccidentDetectedState"",""AuthoritiesNotifiedState"",""DrivingModeState"",""FeedbackState"",""HungryState"",""InitialState"",""JourneyDetailsState"",""LoggedInState"",""OrderPlacedState"",""OtherOptionsState"",""RestaurantMenuState""]","[{""ground_truth_state"":""accident"",""candidate_state"":""AccidentDetectedState"",""ground_truth_normalized"":""accident"",""candidate_normalized"":""accident detected state"",""similarity"":0.552983,""match_type"":""relaxed_lexical""},{""ground_truth_state"":""drive mode"",""candidate_state"":""DrivingModeState"",""ground_truth_normalized"":""drive mode"",""candidate_normalized"":""driving mode state"",""similarity"":0.727296,""match_type"":""relaxed""},{""ground_truth_state"":""feedback"",""candidate_state"":""FeedbackState"",""ground_truth_normalized"":""feedback"",""candidate_normalized"":""feedback state"",""similarity"":0.747593,""match_type"":""relaxed_lexical""},{""ground_truth_state"":""menu"",""candidate_state"":""RestaurantMenuState"",""ground_truth_normalized"":""menu"",""candidate_normalized"":""restaurant menu state"",""similarity"":0.591433,""match_type"":""relaxed""},{""ground_truth_state"":""order"",""candidate_state"":""OrderPlacedState"",""ground_truth_normalized"":""order"",""candidate_normalized"":""order placed state"",""similarity"":0.61566,""match_type"":""relaxed_lexical""}]","[""details"",""from and to"",""notify""]","[""AuthoritiesNotifiedState"",""HungryState"",""InitialState"",""JourneyDetailsState"",""LoggedInState"",""OtherOptionsState""]",8,11,5,3,6,0.454545,0.625,0.526316
Llama_3.1_8B,few_shot,case_34_green_rides,results\plantuml_pipeline_run2\runs\open_source__llama31_8b_instruct__few_shot\case_34_green_rides\run_01.puml,dataset\case_34_green_rides\diagram.puml,sentence-transformers/all-MiniLM-L6-v2,0.800000,0.480000,"[""accident"",""details"",""drive mode"",""feedback"",""from and to"",""menu"",""notify"",""order""]","[""Accident"",""Driving Mode"",""Feedback"",""Journey Details"",""Login"",""Menu"",""OrderFood"",""Other Options"",""PlaceToEat""]","[{""ground_truth_state"":""accident"",""candidate_state"":""Accident"",""ground_truth_normalized"":""accident"",""candidate_normalized"":""accident"",""similarity"":1.0,""match_type"":""exact_normalized""},{""ground_truth_state"":""drive mode"",""candidate_state"":""Driving Mode"",""ground_truth_normalized"":""drive mode"",""candidate_normalized"":""driving mode"",""similarity"":0.845288,""match_type"":""strict""},{""ground_truth_state"":""feedback"",""candidate_state"":""Feedback"",""ground_truth_normalized"":""feedback"",""candidate_normalized"":""feedback"",""similarity"":1.0,""match_type"":""exact_normalized""},{""ground_truth_state"":""menu"",""candidate_state"":""Menu"",""ground_truth_normalized"":""menu"",""candidate_normalized"":""menu"",""similarity"":1.0,""match_type"":""exact_normalized""},{""ground_truth_state"":""order"",""candidate_state"":""OrderFood"",""ground_truth_normalized"":""order"",""candidate_normalized"":""order food"",""similarity"":0.645522,""match_type"":""relaxed_lexical""}]","[""details"",""from and to"",""notify""]","[""Journey Details"",""Login"",""Other Options"",""PlaceToEat""]",8,9,5,3,4,0.555556,0.625,0.588235
Mistral,rag,case_34_green_rides,results\plantuml_pipeline_run2\runs\open_source__mistral__rag\case_34_green_rides\run_01.puml,dataset\case_34_green_rides\diagram.puml,sentence-transformers/all-MiniLM-L6-v2,0.800000,0.480000,"[""accident"",""details"",""drive mode"",""feedback"",""from and to"",""menu"",""notify"",""order""]","[""AccidentReporting"",""DrivingModeChoice"",""EatSelection"",""Feedback"",""JourneyDetails"",""Login"",""LoginError"",""MenuView""]","[{""ground_truth_state"":""accident"",""candidate_state"":""AccidentReporting"",""ground_truth_normalized"":""accident"",""candidate_normalized"":""accident reporting"",""similarity"":0.729557,""match_type"":""relaxed_lexical""},{""ground_truth_state"":""drive mode"",""candidate_state"":""DrivingModeChoice"",""ground_truth_normalized"":""drive mode"",""candidate_normalized"":""driving mode choice"",""similarity"":0.700866,""match_type"":""relaxed""},{""ground_truth_state"":""feedback"",""candidate_state"":""Feedback"",""ground_truth_normalized"":""feedback"",""candidate_normalized"":""feedback"",""similarity"":1.0,""match_type"":""exact_normalized""},{""ground_truth_state"":""menu"",""candidate_state"":""MenuView"",""ground_truth_normalized"":""menu"",""candidate_normalized"":""menu view"",""similarity"":0.806949,""match_type"":""strict""}]","[""details"",""from and to"",""notify"",""order""]","[""EatSelection"",""JourneyDetails"",""Login"",""LoginError""]",8,8,4,4,4,0.5,0.5,0.5
Qwen_2.5_7B,rag,case_34_green_rides,results\plantuml_pipeline_run2\runs\open_source__qwen25_7b_instruct__rag\case_34_green_rides\run_01.puml,dataset\case_34_green_rides\diagram.puml,sentence-transformers/all-MiniLM-L6-v2,0.800000,0.480000,"[""accident"",""details"",""drive mode"",""feedback"",""from and to"",""menu"",""notify"",""order""]","[""AccidentNotification"",""Activate Mode"",""EatPlace"",""Feedback"",""Login"",""Choose Option""]","[{""ground_truth_state"":""accident"",""candidate_state"":""AccidentNotification"",""ground_truth_normalized"":""accident"",""candidate_normalized"":""accident notification"",""similarity"":0.611665,""match_type"":""relaxed_lexical""},{""ground_truth_state"":""drive mode"",""candidate_state"":""Activate Mode"",""ground_truth_normalized"":""drive mode"",""candidate_normalized"":""activate mode"",""similarity"":0.57587,""match_type"":""relaxed""},{""ground_truth_state"":""feedback"",""candidate_state"":""Feedback"",""ground_truth_normalized"":""feedback"",""candidate_normalized"":""feedback"",""similarity"":1.0,""match_type"":""exact_normalized""}]","[""details"",""from and to"",""menu"",""notify"",""order""]","[""EatPlace"",""Login"",""Choose Option""]",8,6,3,5,3,0.5,0.375,0.428571
DeepSeek_R1_14B,few_shot,case_37_online_quiz_system,results\plantuml_pipeline_run2\runs\open_source__deepseek_r1_14b__few_shot\case_37_online_quiz_system\run_01.puml,dataset\case_37_online_quiz_system\diagram.puml,sentence-transformers/all-MiniLM-L6-v2,0.800000,0.480000,"[""answer quiz"",""answer quiz by student"",""edit quiz"",""feedback"",""new quiz"",""post quiz"",""quiz answer and result"",""Registration or login"",""Create quiz/edit quiz by teacher"",""s2"",""s3"",""save draft"",""select quiz"",""student profile"",""submit"",""Teacher profile"",""view result""]","[""Answer Quiz"",""Edit Quiz"",""Login"",""Post-Login Choice (Teacher/Student)"",""Post Quiz"",""Create Quiz"",""Save Draft"",""Select Quiz"",""Student Main Menu"",""Teacher Main Menu"",""View Results""]","[{""ground_truth_state"":""answer quiz"",""candidate_state"":""Answer Quiz"",""ground_truth_normalized"":""answer quiz"",""candidate_normalized"":""answer quiz"",""similarity"":1.0,""match_type"":""exact_normalized""},{""ground_truth_state"":""edit quiz"",""candidate_state"":""Edit Quiz"",""ground_truth_normalized"":""edit quiz"",""candidate_normalized"":""edit quiz"",""similarity"":1.0,""match_type"":""exact_normalized""},{""ground_truth_state"":""post quiz"",""candidate_state"":""Post Quiz"",""ground_truth_normalized"":""post quiz"",""candidate_normalized"":""post quiz"",""similarity"":1.0,""match_type"":""exact_normalized""},{""ground_truth_state"":""Registration or login"",""candidate_state"":""Login"",""ground_truth_normalized"":""registration or login"",""candidate_normalized"":""login"",""similarity"":0.71043,""match_type"":""relaxed_lexical""},{""ground_truth_state"":""Create quiz/edit quiz by teacher"",""candidate_state"":""Create Quiz"",""ground_truth_normalized"":""registration quiz/edit quiz by teacher"",""candidate_normalized"":""registration quiz"",""similarity"":0.714502,""match_type"":""relaxed_lexical""},{""ground_truth_state"":""save draft"",""candidate_state"":""Save Draft"",""ground_truth_normalized"":""save draft"",""candidate_normalized"":""save draft"",""similarity"":1.0,""match_type"":""exact_normalized""},{""ground_truth_state"":""select quiz"",""candidate_state"":""Select Quiz"",""ground_truth_normalized"":""select quiz"",""candidate_normalized"":""select quiz"",""similarity"":1.0,""match_type"":""exact_normalized""},{""ground_truth_state"":""student profile"",""candidate_state"":""Student Main Menu"",""ground_truth_normalized"":""student profile"",""candidate_normalized"":""student main menu"",""similarity"":0.602531,""match_type"":""relaxed""},{""ground_truth_state"":""Teacher profile"",""candidate_state"":""Teacher Main Menu"",""ground_truth_normalized"":""teacher profile"",""candidate_normalized"":""teacher main menu"",""similarity"":0.566608,""match_type"":""relaxed""},{""ground_truth_state"":""view result"",""candidate_state"":""View Results"",""ground_truth_normalized"":""view result"",""candidate_normalized"":""view results"",""similarity"":0.934829,""match_type"":""strict""}]","[""answer quiz by student"",""feedback"",""new quiz"",""quiz answer and result"",""s2"",""s3"",""submit""]","[""Post-Login Choice (Teacher/Student)""]",17,11,10,7,1,0.909091,0.588235,0.714286
Llama_3.1_8B,few_shot,case_37_online_quiz_system,results\plantuml_pipeline_run2\runs\open_source__llama31_8b_instruct__few_shot\case_37_online_quiz_system\run_01.puml,dataset\case_37_online_quiz_system\diagram.puml,sentence-transformers/all-MiniLM-L6-v2,0.800000,0.480000,"[""answer quiz"",""answer quiz by student"",""edit quiz"",""feedback"",""new quiz"",""post quiz"",""quiz answer and result"",""Registration or login"",""Create quiz/edit quiz by teacher"",""s2"",""s3"",""save draft"",""select quiz"",""student profile"",""submit"",""Teacher profile"",""view result""]","[""AnswerQuiz"",""Completed"",""LoggedIn"",""PublishQuiz"",""Registered"",""Create new quiz"",""SaveDraft"",""Select a quiz"",""StudentMode"",""Submitted"",""TeacherMode"",""ViewResult""]","[{""ground_truth_state"":""answer quiz"",""candidate_state"":""AnswerQuiz"",""ground_truth_normalized"":""answer quiz"",""candidate_normalized"":""answer quiz"",""similarity"":1.0,""match_type"":""exact_normalized""},{""ground_truth_state"":""post quiz"",""candidate_state"":""PublishQuiz"",""ground_truth_normalized"":""post quiz"",""candidate_normalized"":""publish quiz"",""similarity"":0.686255,""match_type"":""relaxed""},{""ground_truth_state"":""Registration or login"",""candidate_state"":""Registered"",""ground_truth_normalized"":""registration or login"",""candidate_normalized"":""registration"",""similarity"":0.801797,""match_type"":""strict""},{""ground_truth_state"":""Create quiz/edit quiz by teacher"",""candidate_state"":""Create new quiz"",""ground_truth_normalized"":""registration quiz/edit quiz by teacher"",""candidate_normalized"":""registration new quiz"",""similarity"":0.786026,""match_type"":""relaxed""},{""ground_truth_state"":""save draft"",""candidate_state"":""SaveDraft"",""ground_truth_normalized"":""save draft"",""candidate_normalized"":""save draft"",""similarity"":1.0,""match_type"":""exact_normalized""},{""ground_truth_state"":""select quiz"",""candidate_state"":""Select a quiz"",""ground_truth_normalized"":""select quiz"",""candidate_normalized"":""select a quiz"",""similarity"":0.961635,""match_type"":""strict""},{""ground_truth_state"":""student profile"",""candidate_state"":""StudentMode"",""ground_truth_normalized"":""student profile"",""candidate_normalized"":""student mode"",""similarity"":0.623556,""match_type"":""relaxed""},{""ground_truth_state"":""submit"",""candidate_state"":""Submitted"",""ground_truth_normalized"":""submit"",""candidate_normalized"":""submit"",""similarity"":1.0,""match_type"":""exact_normalized""},{""ground_truth_state"":""Teacher profile"",""candidate_state"":""TeacherMode"",""ground_truth_normalized"":""teacher profile"",""candidate_normalized"":""teacher mode"",""similarity"":0.539747,""match_type"":""relaxed""},{""ground_truth_state"":""view result"",""candidate_state"":""ViewResult"",""ground_truth_normalized"":""view result"",""candidate_normalized"":""view result"",""similarity"":1.0,""match_type"":""exact_normalized""}]","[""answer quiz by student"",""edit quiz"",""feedback"",""new quiz"",""quiz answer and result"",""s2"",""s3""]","[""Completed"",""LoggedIn""]",17,12,10,7,2,0.833333,0.588235,0.689655
Mistral,rag,case_37_online_quiz_system,results\plantuml_pipeline_run2\runs\open_source__mistral__rag\case_37_online_quiz_system\run_01.puml,dataset\case_37_online_quiz_system\diagram.puml,sentence-transformers/all-MiniLM-L6-v2,0.800000,0.480000,"[""answer quiz"",""answer quiz by student"",""edit quiz"",""feedback"",""new quiz"",""post quiz"",""quiz answer and result"",""Registration or login"",""Create quiz/edit quiz by teacher"",""s2"",""s3"",""save draft"",""select quiz"",""student profile"",""submit"",""Teacher profile"",""view result""]","[""AnswerQuiz"",""EditQuiz"",""PostQuiz"",""CreateQuiz"",""SaveDraft"",""SelectQuiz"",""StartLogin"",""StudentMode"",""SubmitQuiz"",""TeacherMode"",""ViewResultSubmitted"",""ViewResults""]","[{""ground_truth_state"":""answer quiz"",""candidate_state"":""AnswerQuiz"",""ground_truth_normalized"":""answer quiz"",""candidate_normalized"":""answer quiz"",""similarity"":1.0,""match_type"":""exact_normalized""},{""ground_truth_state"":""answer quiz by student"",""candidate_state"":""SubmitQuiz"",""ground_truth_normalized"":""answer quiz by student"",""candidate_normalized"":""submit quiz"",""similarity"":0.688172,""match_type"":""relaxed""},{""ground_truth_state"":""edit quiz"",""candidate_state"":""EditQuiz"",""ground_truth_normalized"":""edit quiz"",""candidate_normalized"":""edit quiz"",""similarity"":1.0,""match_type"":""exact_normalized""},{""ground_truth_state"":""post quiz"",""candidate_state"":""PostQuiz"",""ground_truth_normalized"":""post quiz"",""candidate_normalized"":""post quiz"",""similarity"":1.0,""match_type"":""exact_normalized""},{""ground_truth_state"":""Registration or login"",""candidate_state"":""StartLogin"",""ground_truth_normalized"":""registration or login"",""candidate_normalized"":""start login"",""similarity"":0.583003,""match_type"":""relaxed""},{""ground_truth_state"":""Create quiz/edit quiz by teacher"",""candidate_state"":""CreateQuiz"",""ground_truth_normalized"":""registration quiz/edit quiz by teacher"",""candidate_normalized"":""registration quiz"",""similarity"":0.714502,""match_type"":""relaxed_lexical""},{""ground_truth_state"":""save draft"",""candidate_state"":""SaveDraft"",""ground_truth_normalized"":""save draft"",""candidate_normalized"":""save draft"",""similarity"":1.0,""match_type"":""exact_normalized""},{""ground_truth_state"":""select quiz"",""candidate_state"":""SelectQuiz"",""ground_truth_normalized"":""select quiz"",""candidate_normalized"":""select quiz"",""similarity"":1.0,""match_type"":""exact_normalized""},{""ground_truth_state"":""student profile"",""candidate_state"":""StudentMode"",""ground_truth_normalized"":""student profile"",""candidate_normalized"":""student mode"",""similarity"":0.623556,""match_type"":""relaxed""},{""ground_truth_state"":""submit"",""candidate_state"":""ViewResultSubmitted"",""ground_truth_normalized"":""submit"",""candidate_normalized"":""view result submit"",""similarity"":0.555264,""match_type"":""relaxed_lexical""},{""ground_truth_state"":""Teacher profile"",""candidate_state"":""TeacherMode"",""ground_truth_normalized"":""teacher profile"",""candidate_normalized"":""teacher mode"",""similarity"":0.539747,""match_type"":""relaxed""},{""ground_truth_state"":""view result"",""candidate_state"":""ViewResults"",""ground_truth_normalized"":""view result"",""candidate_normalized"":""view results"",""similarity"":0.934829,""match_type"":""strict""}]","[""feedback"",""new quiz"",""quiz answer and result"",""s2"",""s3""]",[],17,12,12,5,0,1.0,0.705882,0.827586
Qwen_2.5_7B,rag,case_37_online_quiz_system,results\plantuml_pipeline_run2\runs\open_source__qwen25_7b_instruct__rag\case_37_online_quiz_system\run_01.puml,dataset\case_37_online_quiz_system\diagram.puml,sentence-transformers/all-MiniLM-L6-v2,0.800000,0.480000,"[""answer quiz"",""answer quiz by student"",""edit quiz"",""feedback"",""new quiz"",""post quiz"",""quiz answer and result"",""Registration or login"",""Create quiz/edit quiz by teacher"",""s2"",""s3"",""save draft"",""select quiz"",""student profile"",""submit"",""Teacher profile"",""view result""]","[""AnswerQuiz"",""ContinueAs"",""EditQuiz"",""LoginDetails"",""CreateQuiz"",""SaveDraftOrPost"",""SelectQuiz"",""SubmitQuiz"",""ViewResult"",""ViewResults""]","[{""ground_truth_state"":""answer quiz"",""candidate_state"":""AnswerQuiz"",""ground_truth_normalized"":""answer quiz"",""candidate_normalized"":""answer quiz"",""similarity"":1.0,""match_type"":""exact_normalized""},{""ground_truth_state"":""edit quiz"",""candidate_state"":""EditQuiz"",""ground_truth_normalized"":""edit quiz"",""candidate_normalized"":""edit quiz"",""similarity"":1.0,""match_type"":""exact_normalized""},{""ground_truth_state"":""post quiz"",""candidate_state"":""SubmitQuiz"",""ground_truth_normalized"":""post quiz"",""candidate_normalized"":""submit quiz"",""similarity"":0.805518,""match_type"":""strict""},{""ground_truth_state"":""Registration or login"",""candidate_state"":""LoginDetails"",""ground_truth_normalized"":""registration or login"",""candidate_normalized"":""login details"",""similarity"":0.658407,""match_type"":""relaxed""},{""ground_truth_state"":""Create quiz/edit quiz by teacher"",""candidate_state"":""CreateQuiz"",""ground_truth_normalized"":""registration quiz/edit quiz by teacher"",""candidate_normalized"":""registration quiz"",""similarity"":0.714502,""match_type"":""relaxed_lexical""},{""ground_truth_state"":""save draft"",""candidate_state"":""SaveDraftOrPost"",""ground_truth_normalized"":""save draft"",""candidate_normalized"":""save draft or post"",""similarity"":0.882984,""match_type"":""strict""},{""ground_truth_state"":""select quiz"",""candidate_state"":""SelectQuiz"",""ground_truth_normalized"":""select quiz"",""candidate_normalized"":""select quiz"",""similarity"":1.0,""match_type"":""exact_normalized""},{""ground_truth_state"":""view result"",""candidate_state"":""ViewResult"",""ground_truth_normalized"":""view result"",""candidate_normalized"":""view result"",""similarity"":1.0,""match_type"":""exact_normalized""}]","[""answer quiz by student"",""feedback"",""new quiz"",""quiz answer and result"",""s2"",""s3"",""student profile"",""submit"",""Teacher profile""]","[""ContinueAs"",""ViewResults""]",17,10,8,9,2,0.8,0.470588,0.592593
DeepSeek_R1_14B,few_shot,case_39_website_development,results\plantuml_pipeline_run2\runs\open_source__deepseek_r1_14b__few_shot\case_39_website_development\run_01.puml,dataset\case_39_website_development\diagram.puml,sentence-transformers/all-MiniLM-L6-v2,0.800000,0.480000,"[""Available departments"",""Career opportunities"",""Employment/Internship application form"",""History of the firm"",""Homepage"",""News/blog"",""Photos"",""Updates"",""Verification"",""Display Projects"",""Walk-through""]",[],[],"[""Available departments"",""Career opportunities"",""Employment/Internship application form"",""History of the firm"",""Homepage"",""News/blog"",""Photos"",""Updates"",""Verification"",""Display Projects"",""Walk-through""]",[],11,0,0,11,0,0.0,0.0,0.0
Llama_3.1_8B,few_shot,case_39_website_development,results\plantuml_pipeline_run2\runs\open_source__llama31_8b_instruct__few_shot\case_39_website_development\run_01.puml,dataset\case_39_website_development\diagram.puml,sentence-transformers/all-MiniLM-L6-v2,0.800000,0.480000,"[""Available departments"",""Career opportunities"",""Employment/Internship application form"",""History of the firm"",""Homepage"",""News/blog"",""Photos"",""Updates"",""Verification"",""Display Projects"",""Walk-through""]","[""Application Form"",""Career Opportunities"",""CheckApplications"",""Homepage"",""Photos"",""Project Details"",""Updates"",""Videos""]","[{""ground_truth_state"":""Career opportunities"",""candidate_state"":""Career Opportunities"",""ground_truth_normalized"":""career opportunities"",""candidate_normalized"":""career opportunities"",""similarity"":1.0,""match_type"":""exact_normalized""},{""ground_truth_state"":""Employment/Internship application form"",""candidate_state"":""Application Form"",""ground_truth_normalized"":""employment/internship application form"",""candidate_normalized"":""application"",""similarity"":0.439868,""match_type"":""relaxed_lexical""},{""ground_truth_state"":""Homepage"",""candidate_state"":""Homepage"",""ground_truth_normalized"":""homepage"",""candidate_normalized"":""homepage"",""similarity"":1.0,""match_type"":""exact_normalized""},{""ground_truth_state"":""Photos"",""candidate_state"":""Photos"",""ground_truth_normalized"":""photos"",""candidate_normalized"":""photos"",""similarity"":1.0,""match_type"":""exact_normalized""},{""ground_truth_state"":""Updates"",""candidate_state"":""Updates"",""ground_truth_normalized"":""updates"",""candidate_normalized"":""updates"",""similarity"":1.0,""match_type"":""exact_normalized""},{""ground_truth_state"":""Display Projects"",""candidate_state"":""Project Details"",""ground_truth_normalized"":""view projects"",""candidate_normalized"":""project details"",""similarity"":0.55976,""match_type"":""relaxed""}]","[""Available departments"",""History of the firm"",""News/blog"",""Verification"",""Walk-through""]","[""CheckApplications"",""Videos""]",11,8,6,5,2,0.75,0.545455,0.631579
Mistral,rag,case_39_website_development,results\plantuml_pipeline_run2\runs\open_source__mistral__rag\case_39_website_development\run_01.puml,dataset\case_39_website_development\diagram.puml,sentence-transformers/all-MiniLM-L6-v2,0.800000,0.480000,"[""Available departments"",""Career opportunities"",""Employment/Internship application form"",""History of the firm"",""Homepage"",""News/blog"",""Photos"",""Updates"",""Verification"",""Display Projects"",""Walk-through""]","[""Alerts"",""Analysis"",""ApplicationForm"",""BlogsAndNewsUpdates"",""CareerOpportunities"",""CompletedRegistration"",""DetailsCheck"",""GovernmentOfficial"",""HealthPlanningResults"",""HealthWorker"",""HealthWorkerDashboard"",""Homepage"",""IncorrectDetails"",""SignIn"",""LoggedOut"",""Logout"",""MedicalInformation"",""NavigationBar"",""PasswordCheck"",""Patient"",""PatientDashboard"",""Photos"",""PlannedActivities"",""Projects"",""AccountCreation"",""Submitted"",""Updates"",""Videos""]","[{""ground_truth_state"":""Career opportunities"",""candidate_state"":""CareerOpportunities"",""ground_truth_normalized"":""career opportunities"",""candidate_normalized"":""career opportunities"",""similarity"":1.0,""match_type"":""exact_normalized""},{""ground_truth_state"":""Employment/Internship application form"",""candidate_state"":""ApplicationForm"",""ground_truth_normalized"":""employment/internship application form"",""candidate_normalized"":""application"",""similarity"":0.439868,""match_type"":""relaxed_lexical""},{""ground_truth_state"":""Homepage"",""candidate_state"":""Homepage"",""ground_truth_normalized"":""homepage"",""candidate_normalized"":""homepage"",""similarity"":1.0,""match_type"":""exact_normalized""},{""ground_truth_state"":""News/blog"",""candidate_state"":""BlogsAndNewsUpdates"",""ground_truth_normalized"":""news/blog"",""candidate_normalized"":""blogs and news updates"",""similarity"":0.80386,""match_type"":""strict""},{""ground_truth_state"":""Photos"",""candidate_state"":""Photos"",""ground_truth_normalized"":""photos"",""candidate_normalized"":""photos"",""similarity"":1.0,""match_type"":""exact_normalized""},{""ground_truth_state"":""Updates"",""candidate_state"":""Updates"",""ground_truth_normalized"":""updates"",""candidate_normalized"":""updates"",""similarity"":1.0,""match_type"":""exact_normalized""},{""ground_truth_state"":""Verification"",""candidate_state"":""CompletedRegistration"",""ground_truth_normalized"":""verification"",""candidate_normalized"":""completed registration"",""similarity"":0.541897,""match_type"":""relaxed""},{""ground_truth_state"":""Display Projects"",""candidate_state"":""Projects"",""ground_truth_normalized"":""view projects"",""candidate_normalized"":""projects"",""similarity"":0.674986,""match_type"":""relaxed_lexical""}]","[""Available departments"",""History of the firm"",""Walk-through""]","[""Alerts"",""Analysis"",""DetailsCheck"",""GovernmentOfficial"",""HealthPlanningResults"",""HealthWorker"",""HealthWorkerDashboard"",""IncorrectDetails"",""SignIn"",""LoggedOut"",""Logout"",""MedicalInformation"",""NavigationBar"",""PasswordCheck"",""Patient"",""PatientDashboard"",""PlannedActivities"",""AccountCreation"",""Submitted"",""Videos""]",11,28,8,3,20,0.285714,0.727273,0.410256
Qwen_2.5_7B,rag,case_39_website_development,results\plantuml_pipeline_run2\runs\open_source__qwen25_7b_instruct__rag\case_39_website_development\run_01.puml,dataset\case_39_website_development\diagram.puml,sentence-transformers/all-MiniLM-L6-v2,0.800000,0.480000,"[""Available departments"",""Career opportunities"",""Employment/Internship application form"",""History of the firm"",""Homepage"",""News/blog"",""Photos"",""Updates"",""Verification"",""Display Projects"",""Walk-through""]","[""ApplicationForm"",""EmploymentUpdate"",""InternshipUpdate"",""OpportunityInfo"",""ProjectInfo"",""Submitted"",""ViewPhotos"",""ViewUpdates"",""ViewVideos""]","[{""ground_truth_state"":""Employment/Internship application form"",""candidate_state"":""InternshipUpdate"",""ground_truth_normalized"":""employment/internship application form"",""candidate_normalized"":""internship update"",""similarity"":0.615079,""match_type"":""relaxed""},{""ground_truth_state"":""Photos"",""candidate_state"":""ViewPhotos"",""ground_truth_normalized"":""photos"",""candidate_normalized"":""view photos"",""similarity"":0.671809,""match_type"":""relaxed_lexical""},{""ground_truth_state"":""Updates"",""candidate_state"":""ViewUpdates"",""ground_truth_normalized"":""updates"",""candidate_normalized"":""view updates"",""similarity"":0.677468,""match_type"":""relaxed_lexical""},{""ground_truth_state"":""Display Projects"",""candidate_state"":""ProjectInfo"",""ground_truth_normalized"":""view projects"",""candidate_normalized"":""project info"",""similarity"":0.587815,""match_type"":""relaxed""}]","[""Available departments"",""Career opportunities"",""History of the firm"",""Homepage"",""News/blog"",""Verification"",""Walk-through""]","[""ApplicationForm"",""EmploymentUpdate"",""OpportunityInfo"",""Submitted"",""ViewVideos""]",11,9,4,7,5,0.444444,0.363636,0.4
DeepSeek_R1_14B,few_shot,case_41_video_suggestion_system,results\plantuml_pipeline_run2\runs\open_source__deepseek_r1_14b__few_shot\case_41_video_suggestion_system\run_01.puml,dataset\case_41_video_suggestion_system\diagram.puml,sentence-transformers/all-MiniLM-L6-v2,0.800000,0.480000,"[""Other Videos watched by similar users"",""Paid Promotion Videos"",""Request Suggestion"",""Retrieve Other Attributes of videos"",""Retrieve Unique Id"",""Similar Genre Videos"",""Similar Tag Videos"",""Suggest Videos"",""Trending Videos""]","[""Adding Details"",""Gathering Suggestions"",""Idle"",""Processing Request"",""Sending Suggestions""]","[{""ground_truth_state"":""Request Suggestion"",""candidate_state"":""Sending Suggestions"",""ground_truth_normalized"":""request suggestion"",""candidate_normalized"":""sending suggestions"",""similarity"":0.588995,""match_type"":""relaxed""}]","[""Other Videos watched by similar users"",""Paid Promotion Videos"",""Retrieve Other Attributes of videos"",""Retrieve Unique Id"",""Similar Genre Videos"",""Similar Tag Videos"",""Suggest Videos"",""Trending Videos""]","[""Adding Details"",""Gathering Suggestions"",""Idle"",""Processing Request""]",9,5,1,8,4,0.2,0.111111,0.142857
Llama_3.1_8B,few_shot,case_41_video_suggestion_system,results\plantuml_pipeline_run2\runs\open_source__llama31_8b_instruct__few_shot\case_41_video_suggestion_system\run_01.puml,dataset\case_41_video_suggestion_system\diagram.puml,sentence-transformers/all-MiniLM-L6-v2,0.800000,0.480000,"[""Other Videos watched by similar users"",""Paid Promotion Videos"",""Request Suggestion"",""Retrieve Other Attributes of videos"",""Retrieve Unique Id"",""Similar Genre Videos"",""Similar Tag Videos"",""Suggest Videos"",""Trending Videos""]","[""Add Additional Details"",""Gather Different Types of Videos"",""GatherVideos"",""Gathering Videos"",""Identify User"",""Idle"",""Receive Request"",""Receiving Request"",""Sending Suggestions"",""Send Suggested Videos"",""SendSuggestions""]","[{""ground_truth_state"":""Request Suggestion"",""candidate_state"":""Receive Request"",""ground_truth_normalized"":""request suggestion"",""candidate_normalized"":""receive request"",""similarity"":0.618368,""match_type"":""relaxed""},{""ground_truth_state"":""Retrieve Other Attributes of videos"",""candidate_state"":""Gather Different Types of Videos"",""ground_truth_normalized"":""retrieve other attributes of videos"",""candidate_normalized"":""gather different types of videos"",""similarity"":0.705995,""match_type"":""relaxed""},{""ground_truth_state"":""Similar Genre Videos"",""candidate_state"":""Gathering Videos"",""ground_truth_normalized"":""similar genre videos"",""candidate_normalized"":""gathering videos"",""similarity"":0.518061,""match_type"":""relaxed""},{""ground_truth_state"":""Suggest Videos"",""candidate_state"":""Send Suggested Videos"",""ground_truth_normalized"":""suggest videos"",""candidate_normalized"":""submit suggested videos"",""similarity"":0.696729,""match_type"":""relaxed""},{""ground_truth_state"":""Trending Videos"",""candidate_state"":""GatherVideos"",""ground_truth_normalized"":""trending videos"",""candidate_normalized"":""gather videos"",""similarity"":0.538151,""match_type"":""relaxed""}]","[""Other Videos watched by similar users"",""Paid Promotion Videos"",""Retrieve Unique Id"",""Similar Tag Videos""]","[""Add Additional Details"",""Identify User"",""Idle"",""Receiving Request"",""Sending Suggestions"",""SendSuggestions""]",9,11,5,4,6,0.454545,0.555556,0.5
Mistral,rag,case_41_video_suggestion_system,results\plantuml_pipeline_run2\runs\open_source__mistral__rag\case_41_video_suggestion_system\run_01.puml,dataset\case_41_video_suggestion_system\diagram.puml,sentence-transformers/all-MiniLM-L6-v2,0.800000,0.480000,"[""Other Videos watched by similar users"",""Paid Promotion Videos"",""Request Suggestion"",""Retrieve Other Attributes of videos"",""Retrieve Unique Id"",""Similar Genre Videos"",""Similar Tag Videos"",""Suggest Videos"",""Trending Videos""]",[],[],"[""Other Videos watched by similar users"",""Paid Promotion Videos"",""Request Suggestion"",""Retrieve Other Attributes of videos"",""Retrieve Unique Id"",""Similar Genre Videos"",""Similar Tag Videos"",""Suggest Videos"",""Trending Videos""]",[],9,0,0,9,0,0.0,0.0,0.0
Qwen_2.5_7B,rag,case_41_video_suggestion_system,results\plantuml_pipeline_run2\runs\open_source__qwen25_7b_instruct__rag\case_41_video_suggestion_system\run_01.puml,dataset\case_41_video_suggestion_system\diagram.puml,sentence-transformers/all-MiniLM-L6-v2,0.800000,0.480000,"[""Other Videos watched by similar users"",""Paid Promotion Videos"",""Request Suggestion"",""Retrieve Other Attributes of videos"",""Retrieve Unique Id"",""Similar Genre Videos"",""Similar Tag Videos"",""Suggest Videos"",""Trending Videos""]","[""AddDetails"",""IdentifyUser"",""SendSuggestions""]","[{""ground_truth_state"":""Request Suggestion"",""candidate_state"":""SendSuggestions"",""ground_truth_normalized"":""request suggestion"",""candidate_normalized"":""submit suggestions"",""similarity"":0.555284,""match_type"":""relaxed""}]","[""Other Videos watched by similar users"",""Paid Promotion Videos"",""Retrieve Other Attributes of videos"",""Retrieve Unique Id"",""Similar Genre Videos"",""Similar Tag Videos"",""Suggest Videos"",""Trending Videos""]","[""AddDetails"",""IdentifyUser""]",9,3,1,8,2,0.333333,0.111111,0.166667
DeepSeek_R1_14B,few_shot,case_45_alarm_clock,results\plantuml_pipeline_run2\runs\open_source__deepseek_r1_14b__few_shot\case_45_alarm_clock\run_01.puml,dataset\case_45_alarm_clock\diagram.puml,sentence-transformers/all-MiniLM-L6-v2,0.800000,0.480000,"[""Prepared"",""Ringing"",""Unprepared""]","[""Active"",""Off"",""Ringing""]","[{""ground_truth_state"":""Ringing"",""candidate_state"":""Ringing"",""ground_truth_normalized"":""ringing"",""candidate_normalized"":""ringing"",""similarity"":1.0,""match_type"":""exact_normalized""}]","[""Prepared"",""Unprepared""]","[""Active"",""Off""]",3,3,1,2,2,0.333333,0.333333,0.333333
Llama_3.1_8B,few_shot,case_45_alarm_clock,results\plantuml_pipeline_run2\runs\open_source__llama31_8b_instruct__few_shot\case_45_alarm_clock\run_01.puml,dataset\case_45_alarm_clock\diagram.puml,sentence-transformers/all-MiniLM-L6-v2,0.800000,0.480000,"[""Prepared"",""Ringing"",""Unprepared""]","[""Activated"",""Off"",""Ringing""]","[{""ground_truth_state"":""Ringing"",""candidate_state"":""Ringing"",""ground_truth_normalized"":""ringing"",""candidate_normalized"":""ringing"",""similarity"":1.0,""match_type"":""exact_normalized""}]","[""Prepared"",""Unprepared""]","[""Activated"",""Off""]",3,3,1,2,2,0.333333,0.333333,0.333333
Mistral,rag,case_45_alarm_clock,results\plantuml_pipeline_run2\runs\open_source__mistral__rag\case_45_alarm_clock\run_01.puml,dataset\case_45_alarm_clock\diagram.puml,sentence-transformers/all-MiniLM-L6-v2,0.800000,0.480000,"[""Prepared"",""Ringing"",""Unprepared""]","[""Active"",""ActiveAlarm"",""Off"",""Ringing"",""RingingAlarm"",""Stopped"",""StoppedAlarm""]","[{""ground_truth_state"":""Ringing"",""candidate_state"":""Ringing"",""ground_truth_normalized"":""ringing"",""candidate_normalized"":""ringing"",""similarity"":1.0,""match_type"":""exact_normalized""}]","[""Prepared"",""Unprepared""]","[""Active"",""ActiveAlarm"",""Off"",""RingingAlarm"",""Stopped"",""StoppedAlarm""]",3,7,1,2,6,0.142857,0.333333,0.2
Qwen_2.5_7B,rag,case_45_alarm_clock,results\plantuml_pipeline_run2\runs\open_source__qwen25_7b_instruct__rag\case_45_alarm_clock\run_01.puml,dataset\case_45_alarm_clock\diagram.puml,sentence-transformers/all-MiniLM-L6-v2,0.800000,0.480000,"[""Prepared"",""Ringing"",""Unprepared""]","[""Activated"",""Off"",""Ringing"",""SetAlarmTime"",""StopRinging"",""TurnOffAlarm""]","[{""ground_truth_state"":""Ringing"",""candidate_state"":""Ringing"",""ground_truth_normalized"":""ringing"",""candidate_normalized"":""ringing"",""similarity"":1.0,""match_type"":""exact_normalized""}]","[""Prepared"",""Unprepared""]","[""Activated"",""Off"",""SetAlarmTime"",""StopRinging"",""TurnOffAlarm""]",3,6,1,2,5,0.166667,0.333333,0.222222
DeepSeek_R1_14B,few_shot,case_46_digital_watch,results\plantuml_pipeline_run2\runs\open_source__deepseek_r1_14b__few_shot\case_46_digital_watch\run_01.puml,dataset\case_46_digital_watch\diagram.puml,sentence-transformers/all-MiniLM-L6-v2,0.800000,0.480000,"[""Change alarm hour"",""Change alarm minute"",""Change Hour"",""Change minutes"",""Prepared"",""Ringing"",""TurnedOff"",""TurnedOn"",""Unprepared"",""Display"",""Watch""]",[],[],"[""Change alarm hour"",""Change alarm minute"",""Change Hour"",""Change minutes"",""Prepared"",""Ringing"",""TurnedOff"",""TurnedOn"",""Unprepared"",""Display"",""Watch""]",[],11,0,0,11,0,0.0,0.0,0.0
Llama_3.1_8B,few_shot,case_46_digital_watch,results\plantuml_pipeline_run2\runs\open_source__llama31_8b_instruct__few_shot\case_46_digital_watch\run_01.puml,dataset\case_46_digital_watch\diagram.puml,sentence-transformers/all-MiniLM-L6-v2,0.800000,0.480000,"[""Change alarm hour"",""Change alarm minute"",""Change Hour"",""Change minutes"",""Prepared"",""Ringing"",""TurnedOff"",""TurnedOn"",""Unprepared"",""Display"",""Watch""]","[""Adjusting Time"",""Alarm Stopped"",""Alarm Triggered"",""Idle"",""Light Off"",""Light On"",""Note"",""Setting Alarm""]","[{""ground_truth_state"":""Change alarm hour"",""candidate_state"":""Alarm Stopped"",""ground_truth_normalized"":""change alarm hour"",""candidate_normalized"":""alarm stopped"",""similarity"":0.563436,""match_type"":""relaxed""},{""ground_truth_state"":""Change alarm minute"",""candidate_state"":""Setting Alarm"",""ground_truth_normalized"":""change alarm minute"",""candidate_normalized"":""setting alarm"",""similarity"":0.804852,""match_type"":""strict""},{""ground_truth_state"":""Change Hour"",""candidate_state"":""Adjusting Time"",""ground_truth_normalized"":""change hour"",""candidate_normalized"":""adjusting time"",""similarity"":0.667261,""match_type"":""relaxed""},{""ground_truth_state"":""TurnedOff"",""candidate_state"":""Light Off"",""ground_truth_normalized"":""turned off"",""candidate_normalized"":""light off"",""similarity"":0.631029,""match_type"":""relaxed""},{""ground_truth_state"":""TurnedOn"",""candidate_state"":""Light On"",""ground_truth_normalized"":""turned on"",""candidate_normalized"":""light on"",""similarity"":0.673144,""match_type"":""relaxed""}]","[""Change minutes"",""Prepared"",""Ringing"",""Unprepared"",""Display"",""Watch""]","[""Alarm Triggered"",""Idle"",""Note""]",11,8,5,6,3,0.625,0.454545,0.526316
Mistral,rag,case_46_digital_watch,results\plantuml_pipeline_run2\runs\open_source__mistral__rag\case_46_digital_watch\run_01.puml,dataset\case_46_digital_watch\diagram.puml,sentence-transformers/all-MiniLM-L6-v2,0.800000,0.480000,"[""Change alarm hour"",""Change alarm minute"",""Change Hour"",""Change minutes"",""Prepared"",""Ringing"",""TurnedOff"",""TurnedOn"",""Unprepared"",""Display"",""Watch""]","[""AccessDenied"",""AdminProfileManagement"",""AlarmHourAdjustment"",""AlarmMinuteAdjustment"",""AlarmRinging"",""AlarmStopped"",""ArticleReview"",""ContentCreation"",""CustomerDashboard"",""Editing"",""FeedbackProvided"",""FinePaid"",""HourAdjustment"",""LightOff"",""LightOn"",""Logout"",""MinuteAdjustment"",""NoViolation"",""ProductAddition"",""ProductExploration"",""ProductPromotion"",""ProductViewing"",""Publishing"",""Purchase"",""ReadingArticles"",""Registration"",""SearchingArticles"",""SellerWorkspace"",""StartLogin"",""StartWatch"",""StreetLightControl"",""TrafficMonitoring"",""TrafficRuleVerification"",""TrafficSignalManagement"",""VehicleNumberCapture"",""Verification"",""ViolationRecorded"",""WarningSent""]","[{""ground_truth_state"":""Change alarm hour"",""candidate_state"":""AlarmHourAdjustment"",""ground_truth_normalized"":""change alarm hour"",""candidate_normalized"":""alarm hour adjustment"",""similarity"":0.86584,""match_type"":""strict""},{""ground_truth_state"":""Change alarm minute"",""candidate_state"":""AlarmMinuteAdjustment"",""ground_truth_normalized"":""change alarm minute"",""candidate_normalized"":""alarm minute adjustment"",""similarity"":0.848153,""match_type"":""strict""},{""ground_truth_state"":""Change Hour"",""candidate_state"":""HourAdjustment"",""ground_truth_normalized"":""change hour"",""candidate_normalized"":""hour adjustment"",""similarity"":0.812183,""match_type"":""strict""},{""ground_truth_state"":""Change minutes"",""candidate_state"":""MinuteAdjustment"",""ground_truth_normalized"":""change minutes"",""candidate_normalized"":""minute adjustment"",""similarity"":0.696034,""match_type"":""relaxed""},{""ground_truth_state"":""Ringing"",""candidate_state"":""AlarmRinging"",""ground_truth_normalized"":""ringing"",""candidate_normalized"":""alarm ringing"",""similarity"":0.714544,""match_type"":""relaxed_lexical""},{""ground_truth_state"":""TurnedOff"",""candidate_state"":""LightOff"",""ground_truth_normalized"":""turned off"",""candidate_normalized"":""light off"",""similarity"":0.631029,""match_type"":""relaxed""},{""ground_truth_state"":""TurnedOn"",""candidate_state"":""LightOn"",""ground_truth_normalized"":""turned on"",""candidate_normalized"":""light on"",""similarity"":0.673144,""match_type"":""relaxed""},{""ground_truth_state"":""Display"",""candidate_state"":""ProductViewing"",""ground_truth_normalized"":""view"",""candidate_normalized"":""product view"",""similarity"":0.69984,""match_type"":""relaxed""},{""ground_truth_state"":""Watch"",""candidate_state"":""StartWatch"",""ground_truth_normalized"":""watch"",""candidate_normalized"":""start watch"",""similarity"":0.730933,""match_type"":""relaxed_lexical""}]","[""Prepared"",""Unprepared""]","[""AccessDenied"",""AdminProfileManagement"",""AlarmStopped"",""ArticleReview"",""ContentCreation"",""CustomerDashboard"",""Editing"",""FeedbackProvided"",""FinePaid"",""Logout"",""NoViolation"",""ProductAddition"",""ProductExploration"",""ProductPromotion"",""Publishing"",""Purchase"",""ReadingArticles"",""Registration"",""SearchingArticles"",""SellerWorkspace"",""StartLogin"",""StreetLightControl"",""TrafficMonitoring"",""TrafficRuleVerification"",""TrafficSignalManagement"",""VehicleNumberCapture"",""Verification"",""ViolationRecorded"",""WarningSent""]",11,38,9,2,29,0.236842,0.818182,0.367347
Qwen_2.5_7B,rag,case_46_digital_watch,results\plantuml_pipeline_run2\runs\open_source__qwen25_7b_instruct__rag\case_46_digital_watch\run_01.puml,dataset\case_46_digital_watch\diagram.puml,sentence-transformers/all-MiniLM-L6-v2,0.800000,0.480000,"[""Change alarm hour"",""Change alarm minute"",""Change Hour"",""Change minutes"",""Prepared"",""Ringing"",""TurnedOff"",""TurnedOn"",""Unprepared"",""Display"",""Watch""]","[""AlarmSetting"",""Idle"",""IncreaseAlarmHour"",""IncreaseAlarmMinute"",""IncreaseHour"",""IncreaseMinute"",""LightOn"",""StopAlarm"",""TimeSetting""]","[{""ground_truth_state"":""Change alarm hour"",""candidate_state"":""IncreaseAlarmHour"",""ground_truth_normalized"":""change alarm hour"",""candidate_normalized"":""increase alarm hour"",""similarity"":0.870902,""match_type"":""strict""},{""ground_truth_state"":""Change alarm minute"",""candidate_state"":""IncreaseAlarmMinute"",""ground_truth_normalized"":""change alarm minute"",""candidate_normalized"":""increase alarm minute"",""similarity"":0.891612,""match_type"":""strict""},{""ground_truth_state"":""Change Hour"",""candidate_state"":""IncreaseHour"",""ground_truth_normalized"":""change hour"",""candidate_normalized"":""increase hour"",""similarity"":0.748121,""match_type"":""relaxed""},{""ground_truth_state"":""Change minutes"",""candidate_state"":""IncreaseMinute"",""ground_truth_normalized"":""change minutes"",""candidate_normalized"":""increase minute"",""similarity"":0.733149,""match_type"":""relaxed""},{""ground_truth_state"":""TurnedOn"",""candidate_state"":""LightOn"",""ground_truth_normalized"":""turned on"",""candidate_normalized"":""light on"",""similarity"":0.673144,""match_type"":""relaxed""}]","[""Prepared"",""Ringing"",""TurnedOff"",""Unprepared"",""Display"",""Watch""]","[""AlarmSetting"",""Idle"",""StopAlarm"",""TimeSetting""]",11,9,5,6,4,0.555556,0.454545,0.5
DeepSeek_R1_14B,few_shot,case_47_safehome_security_function,results\plantuml_pipeline_run2\runs\open_source__deepseek_r1_14b__few_shot\case_47_safehome_security_function\run_01.puml,dataset\case_47_safehome_security_function\diagram.puml,sentence-transformers/all-MiniLM-L6-v2,0.800000,0.480000,"[""ActingOnAlarm"",""Idle"",""MonitoringSystemStatus"",""Resetting""]",[],[],"[""ActingOnAlarm"",""Idle"",""MonitoringSystemStatus"",""Resetting""]",[],4,0,0,4,0,0.0,0.0,0.0
Llama_3.1_8B,few_shot,case_47_safehome_security_function,results\plantuml_pipeline_run2\runs\open_source__llama31_8b_instruct__few_shot\case_47_safehome_security_function\run_01.puml,dataset\case_47_safehome_security_function\diagram.puml,sentence-transformers/all-MiniLM-L6-v2,0.800000,0.480000,"[""ActingOnAlarm"",""Idle"",""MonitoringSystemStatus"",""Resetting""]","[""Activate"",""Alarm triggered"",""Enter password"",""False alarm or time ends"",""Monitoring"",""Normal"",""Problem during startup"",""Ready to use"",""Reset"",""Startup"",""Turn off""]","[{""ground_truth_state"":""ActingOnAlarm"",""candidate_state"":""Alarm triggered"",""ground_truth_normalized"":""acting on alarm"",""candidate_normalized"":""alarm triggered"",""similarity"":0.816991,""match_type"":""strict""},{""ground_truth_state"":""MonitoringSystemStatus"",""candidate_state"":""Monitoring"",""ground_truth_normalized"":""monitoring system status"",""candidate_normalized"":""monitoring"",""similarity"":0.728893,""match_type"":""relaxed_lexical""},{""ground_truth_state"":""Resetting"",""candidate_state"":""Reset"",""ground_truth_normalized"":""resetting"",""candidate_normalized"":""reset"",""similarity"":0.963797,""match_type"":""strict""}]","[""Idle""]","[""Activate"",""Enter password"",""False alarm or time ends"",""Normal"",""Problem during startup"",""Ready to use"",""Startup"",""Turn off""]",4,11,3,1,8,0.272727,0.75,0.4
Mistral,rag,case_47_safehome_security_function,results\plantuml_pipeline_run2\runs\open_source__mistral__rag\case_47_safehome_security_function\run_01.puml,dataset\case_47_safehome_security_function\diagram.puml,sentence-transformers/all-MiniLM-L6-v2,0.800000,0.480000,"[""ActingOnAlarm"",""Idle"",""MonitoringSystemStatus"",""Resetting""]","[""Activate"",""AlarmActivated"",""AskForPINAgain"",""CheckWorking"",""ContinueMonitoring"",""EnterPassword"",""EverythingFine"",""FalseAlarmOrTimeEnds"",""Monitoring"",""NoSensorTriggered"",""OptionsDisplayed"",""PasswordCorrect"",""PasswordIncorrect"",""PowerOn"",""ProblemDuringStartup"",""ReadyToUse"",""Reset"",""SensorTriggered"",""Stop"",""SendAlerts"",""TurnOff""]","[{""ground_truth_state"":""ActingOnAlarm"",""candidate_state"":""AlarmActivated"",""ground_truth_normalized"":""acting on alarm"",""candidate_normalized"":""alarm activated"",""similarity"":0.776868,""match_type"":""relaxed""},{""ground_truth_state"":""MonitoringSystemStatus"",""candidate_state"":""Monitoring"",""ground_truth_normalized"":""monitoring system status"",""candidate_normalized"":""monitoring"",""similarity"":0.728893,""match_type"":""relaxed_lexical""},{""ground_truth_state"":""Resetting"",""candidate_state"":""Reset"",""ground_truth_normalized"":""resetting"",""candidate_normalized"":""reset"",""similarity"":0.963797,""match_type"":""strict""}]","[""Idle""]","[""Activate"",""AskForPINAgain"",""CheckWorking"",""ContinueMonitoring"",""EnterPassword"",""EverythingFine"",""FalseAlarmOrTimeEnds"",""NoSensorTriggered"",""OptionsDisplayed"",""PasswordCorrect"",""PasswordIncorrect"",""PowerOn"",""ProblemDuringStartup"",""ReadyToUse"",""SensorTriggered"",""Stop"",""SendAlerts"",""TurnOff""]",4,21,3,1,18,0.142857,0.75,0.24
Qwen_2.5_7B,rag,case_47_safehome_security_function,results\plantuml_pipeline_run2\runs\open_source__qwen25_7b_instruct__rag\case_47_safehome_security_function\run_01.puml,dataset\case_47_safehome_security_function\diagram.puml,sentence-transformers/all-MiniLM-L6-v2,0.800000,0.480000,"[""ActingOnAlarm"",""Idle"",""MonitoringSystemStatus"",""Resetting""]","[""Activating"",""AlarmTriggered"",""ContinueMonitoring"",""Monitoring"",""PowerOnCheck"",""ReadyToUse"",""SendingAlerts"",""StartupProblem"",""StartupReady"",""TurningOff""]","[{""ground_truth_state"":""ActingOnAlarm"",""candidate_state"":""AlarmTriggered"",""ground_truth_normalized"":""acting on alarm"",""candidate_normalized"":""alarm triggered"",""similarity"":0.816991,""match_type"":""strict""},{""ground_truth_state"":""MonitoringSystemStatus"",""candidate_state"":""Monitoring"",""ground_truth_normalized"":""monitoring system status"",""candidate_normalized"":""monitoring"",""similarity"":0.728893,""match_type"":""relaxed_lexical""}]","[""Idle"",""Resetting""]","[""Activating"",""ContinueMonitoring"",""PowerOnCheck"",""ReadyToUse"",""SendingAlerts"",""StartupProblem"",""StartupReady"",""TurningOff""]",4,10,2,2,8,0.2,0.5,0.285714
DeepSeek_R1_14B,few_shot,case_51_process_sale,results\plantuml_pipeline_run2\runs\open_source__deepseek_r1_14b__few_shot\case_51_process_sale\run_01.puml,dataset\case_51_process_sale\diagram.puml,sentence-transformers/all-MiniLM-L6-v2,0.800000,0.480000,"[""AuthorizingPayment"",""EnteringItems"",""WaitingForPayment"",""WaitingForSale""]","[""Idle"",""PaymentRequired"",""ProcessingCardOrCheckPayment"",""ProcessingCashPayment"",""SaleCompleted"",""WaitingForItems""]","[{""ground_truth_state"":""AuthorizingPayment"",""candidate_state"":""PaymentRequired"",""ground_truth_normalized"":""authorizing payment"",""candidate_normalized"":""payment required"",""similarity"":0.606813,""match_type"":""relaxed""},{""ground_truth_state"":""EnteringItems"",""candidate_state"":""WaitingForItems"",""ground_truth_normalized"":""enter items"",""candidate_normalized"":""waiting for items"",""similarity"":0.513773,""match_type"":""relaxed""},{""ground_truth_state"":""WaitingForPayment"",""candidate_state"":""ProcessingCardOrCheckPayment"",""ground_truth_normalized"":""waiting for payment"",""candidate_normalized"":""processing card or check payment"",""similarity"":0.586751,""match_type"":""relaxed""},{""ground_truth_state"":""WaitingForSale"",""candidate_state"":""SaleCompleted"",""ground_truth_normalized"":""waiting for sale"",""candidate_normalized"":""sale completed"",""similarity"":0.691434,""match_type"":""relaxed""}]",[],"[""Idle"",""ProcessingCashPayment""]",4,6,4,0,2,0.666667,1.0,0.8
Llama_3.1_8B,few_shot,case_51_process_sale,results\plantuml_pipeline_run2\runs\open_source__llama31_8b_instruct__few_shot\case_51_process_sale\run_01.puml,dataset\case_51_process_sale\diagram.puml,sentence-transformers/all-MiniLM-L6-v2,0.800000,0.480000,"[""AuthorizingPayment"",""EnteringItems"",""WaitingForPayment"",""WaitingForSale""]","[""Complete sale"",""Entering items"",""Payment"",""Return to waiting"",""Verify payment"",""Waiting for new sale""]","[{""ground_truth_state"":""AuthorizingPayment"",""candidate_state"":""Verify payment"",""ground_truth_normalized"":""authorizing payment"",""candidate_normalized"":""verify payment"",""similarity"":0.667575,""match_type"":""relaxed""},{""ground_truth_state"":""EnteringItems"",""candidate_state"":""Entering items"",""ground_truth_normalized"":""enter items"",""candidate_normalized"":""enter items"",""similarity"":1.0,""match_type"":""exact_normalized""},{""ground_truth_state"":""WaitingForPayment"",""candidate_state"":""Payment"",""ground_truth_normalized"":""waiting for payment"",""candidate_normalized"":""payment"",""similarity"":0.715955,""match_type"":""relaxed_lexical""},{""ground_truth_state"":""WaitingForSale"",""candidate_state"":""Waiting for new sale"",""ground_truth_normalized"":""waiting for sale"",""candidate_normalized"":""waiting for new sale"",""similarity"":0.922757,""match_type"":""strict""}]",[],"[""Complete sale"",""Return to waiting""]",4,6,4,0,2,0.666667,1.0,0.8
Mistral,rag,case_51_process_sale,results\plantuml_pipeline_run2\runs\open_source__mistral__rag\case_51_process_sale\run_01.puml,dataset\case_51_process_sale\diagram.puml,sentence-transformers/all-MiniLM-L6-v2,0.800000,0.480000,"[""AuthorizingPayment"",""EnteringItems"",""WaitingForPayment"",""WaitingForSale""]","[""CardCheck"",""CashPayment"",""PaymentRejected"",""PaymentVerified"",""Record items"",""Waiting for customer"",""Waiting for payment""]","[{""ground_truth_state"":""AuthorizingPayment"",""candidate_state"":""PaymentVerified"",""ground_truth_normalized"":""authorizing payment"",""candidate_normalized"":""payment verified"",""similarity"":0.648598,""match_type"":""relaxed""},{""ground_truth_state"":""WaitingForPayment"",""candidate_state"":""Waiting for payment"",""ground_truth_normalized"":""waiting for payment"",""candidate_normalized"":""waiting for payment"",""similarity"":1.0,""match_type"":""exact_normalized""},{""ground_truth_state"":""WaitingForSale"",""candidate_state"":""Waiting for customer"",""ground_truth_normalized"":""waiting for sale"",""candidate_normalized"":""waiting for customer"",""similarity"":0.692467,""match_type"":""relaxed""}]","[""EnteringItems""]","[""CardCheck"",""CashPayment"",""PaymentRejected"",""Record items""]",4,7,3,1,4,0.428571,0.75,0.545455
Qwen_2.5_7B,rag,case_51_process_sale,results\plantuml_pipeline_run2\runs\open_source__qwen25_7b_instruct__rag\case_51_process_sale\run_01.puml,dataset\case_51_process_sale\diagram.puml,sentence-transformers/all-MiniLM-L6-v2,0.800000,0.480000,"[""AuthorizingPayment"",""EnteringItems"",""WaitingForPayment"",""WaitingForSale""]","[""Completed sale"",""Recording items"",""Waiting for new sale"",""Waiting for payment""]","[{""ground_truth_state"":""WaitingForPayment"",""candidate_state"":""Waiting for payment"",""ground_truth_normalized"":""waiting for payment"",""candidate_normalized"":""waiting for payment"",""similarity"":1.0,""match_type"":""exact_normalized""},{""ground_truth_state"":""WaitingForSale"",""candidate_state"":""Waiting for new sale"",""ground_truth_normalized"":""waiting for sale"",""candidate_normalized"":""waiting for new sale"",""similarity"":0.922757,""match_type"":""strict""}]","[""AuthorizingPayment"",""EnteringItems""]","[""Completed sale"",""Recording items""]",4,4,2,2,2,0.5,0.5,0.5
DeepSeek_R1_14B,few_shot,case_52_microwave_oven,results\plantuml_pipeline_run2\runs\open_source__deepseek_r1_14b__few_shot\case_52_microwave_oven\run_01.puml,dataset\case_52_microwave_oven\diagram.puml,sentence-transformers/all-MiniLM-L6-v2,0.800000,0.480000,"[""Disabled"",""Enabled"",""Full Power"",""Half Power"",""Operation"",""Set Time"",""Waiting""]","[""Cooking"",""Ready"",""SelectPowerLevel"",""SetCookingTime"",""Stopped""]","[{""ground_truth_state"":""Set Time"",""candidate_state"":""SetCookingTime"",""ground_truth_normalized"":""set time"",""candidate_normalized"":""set cooking time"",""similarity"":0.691768,""match_type"":""relaxed_lexical""},{""ground_truth_state"":""Waiting"",""candidate_state"":""Ready"",""ground_truth_normalized"":""waiting"",""candidate_normalized"":""ready"",""similarity"":0.524358,""match_type"":""relaxed""}]","[""Disabled"",""Enabled"",""Full Power"",""Half Power"",""Operation""]","[""Cooking"",""SelectPowerLevel"",""Stopped""]",7,5,2,5,3,0.4,0.285714,0.333333
Llama_3.1_8B,few_shot,case_52_microwave_oven,results\plantuml_pipeline_run2\runs\open_source__llama31_8b_instruct__few_shot\case_52_microwave_oven\run_01.puml,dataset\case_52_microwave_oven\diagram.puml,sentence-transformers/all-MiniLM-L6-v2,0.800000,0.480000,"[""Disabled"",""Enabled"",""Full Power"",""Half Power"",""Operation"",""Set Time"",""Waiting""]","[""Cooking"",""Idle"",""Stopped""]",[],"[""Disabled"",""Enabled"",""Full Power"",""Half Power"",""Operation"",""Set Time"",""Waiting""]","[""Cooking"",""Idle"",""Stopped""]",7,3,0,7,3,0.0,0.0,0.0
Mistral,rag,case_52_microwave_oven,results\plantuml_pipeline_run2\runs\open_source__mistral__rag\case_52_microwave_oven\run_01.puml,dataset\case_52_microwave_oven\diagram.puml,sentence-transformers/all-MiniLM-L6-v2,0.800000,0.480000,"[""Disabled"",""Enabled"",""Full Power"",""Half Power"",""Operation"",""Set Time"",""Waiting""]","[""Alarm"",""ATM"",""CardRetained"",""Checking"",""Cook"",""Cooking"",""Disabled"",""Done"",""DoorOpen"",""DoorOpenItem"",""DoorShut"",""DoorShutItem"",""Idle"",""MicrowaveOven"",""Options"",""OutOfCash"",""Oven"",""PINEntry"",""PINEntryIncorrect"",""ReadyToCook"",""Waiting"",""WithdrawalRequest"",""WithdrawalRequestApproved"",""WithdrawalRequestRejected""]","[{""ground_truth_state"":""Disabled"",""candidate_state"":""Disabled"",""ground_truth_normalized"":""disabled"",""candidate_normalized"":""disabled"",""similarity"":1.0,""match_type"":""exact_normalized""},{""ground_truth_state"":""Waiting"",""candidate_state"":""Waiting"",""ground_truth_normalized"":""waiting"",""candidate_normalized"":""waiting"",""similarity"":1.0,""match_type"":""exact_normalized""}]","[""Enabled"",""Full Power"",""Half Power"",""Operation"",""Set Time""]","[""Alarm"",""ATM"",""CardRetained"",""Checking"",""Cook"",""Cooking"",""Done"",""DoorOpen"",""DoorOpenItem"",""DoorShut"",""DoorShutItem"",""Idle"",""MicrowaveOven"",""Options"",""OutOfCash"",""Oven"",""PINEntry"",""PINEntryIncorrect"",""ReadyToCook"",""WithdrawalRequest"",""WithdrawalRequestApproved"",""WithdrawalRequestRejected""]",7,24,2,5,22,0.083333,0.285714,0.129032
Qwen_2.5_7B,rag,case_52_microwave_oven,results\plantuml_pipeline_run2\runs\open_source__qwen25_7b_instruct__rag\case_52_microwave_oven\run_01.puml,dataset\case_52_microwave_oven\diagram.puml,sentence-transformers/all-MiniLM-L6-v2,0.800000,0.480000,"[""Disabled"",""Enabled"",""Full Power"",""Half Power"",""Operation"",""Set Time"",""Waiting""]","[""Cooking"",""Door Open"",""Door Shut"",""PowerSelection"",""Stop Cooking"",""TimeSetting"",""DisplayTime""]","[{""ground_truth_state"":""Half Power"",""candidate_state"":""PowerSelection"",""ground_truth_normalized"":""half power"",""candidate_normalized"":""power selection"",""similarity"":0.507413,""match_type"":""relaxed""},{""ground_truth_state"":""Set Time"",""candidate_state"":""TimeSetting"",""ground_truth_normalized"":""set time"",""candidate_normalized"":""time setting"",""similarity"":0.832978,""match_type"":""strict""}]","[""Disabled"",""Enabled"",""Full Power"",""Operation"",""Waiting""]","[""Cooking"",""Door Open"",""Door Shut"",""Stop Cooking"",""DisplayTime""]",7,7,2,5,5,0.285714,0.285714,0.285714
DeepSeek_R1_14B,few_shot,case_54_weather_station_system,results\plantuml_pipeline_run2\runs\open_source__deepseek_r1_14b__few_shot\case_54_weather_station_system\run_01.puml,dataset\case_54_weather_station_system\diagram.puml,sentence-transformers/all-MiniLM-L6-v2,0.800000,0.480000,"[""Collecting"",""Configuring"",""Controlled"",""Operation"",""Running"",""Shutdown"",""Summarizing"",""Testing"",""Transmitting""]","[""Configuration Mode"",""Controlled Mode"",""Running"",""Shutdown""]","[{""ground_truth_state"":""Configuring"",""candidate_state"":""Configuration Mode"",""ground_truth_normalized"":""configuring"",""candidate_normalized"":""configuration mode"",""similarity"":0.648217,""match_type"":""relaxed""},{""ground_truth_state"":""Controlled"",""candidate_state"":""Controlled Mode"",""ground_truth_normalized"":""controlled"",""candidate_normalized"":""controlled mode"",""similarity"":0.720561,""match_type"":""relaxed_lexical""},{""ground_truth_state"":""Running"",""candidate_state"":""Running"",""ground_truth_normalized"":""running"",""candidate_normalized"":""running"",""similarity"":1.0,""match_type"":""exact_normalized""},{""ground_truth_state"":""Shutdown"",""candidate_state"":""Shutdown"",""ground_truth_normalized"":""shutdown"",""candidate_normalized"":""shutdown"",""similarity"":1.0,""match_type"":""exact_normalized""}]","[""Collecting"",""Operation"",""Summarizing"",""Testing"",""Transmitting""]",[],9,4,4,5,0,1.0,0.444444,0.615385
Llama_3.1_8B,few_shot,case_54_weather_station_system,results\plantuml_pipeline_run2\runs\open_source__llama31_8b_instruct__few_shot\case_54_weather_station_system\run_01.puml,dataset\case_54_weather_station_system\diagram.puml,sentence-transformers/all-MiniLM-L6-v2,0.800000,0.480000,"[""Collecting"",""Configuring"",""Controlled"",""Operation"",""Running"",""Shutdown"",""Summarizing"",""Testing"",""Transmitting""]","[""Configuration Mode"",""Controlled Mode"",""Data Collection"",""Restart"",""Running"",""Status Checking"",""Summary Preparation""]","[{""ground_truth_state"":""Collecting"",""candidate_state"":""Data Collection"",""ground_truth_normalized"":""collect"",""candidate_normalized"":""data collection"",""similarity"":0.490738,""match_type"":""relaxed""},{""ground_truth_state"":""Configuring"",""candidate_state"":""Configuration Mode"",""ground_truth_normalized"":""configuring"",""candidate_normalized"":""configuration mode"",""similarity"":0.648217,""match_type"":""relaxed""},{""ground_truth_state"":""Controlled"",""candidate_state"":""Controlled Mode"",""ground_truth_normalized"":""controlled"",""candidate_normalized"":""controlled mode"",""similarity"":0.720561,""match_type"":""relaxed_lexical""},{""ground_truth_state"":""Running"",""candidate_state"":""Running"",""ground_truth_normalized"":""running"",""candidate_normalized"":""running"",""similarity"":1.0,""match_type"":""exact_normalized""},{""ground_truth_state"":""Shutdown"",""candidate_state"":""Restart"",""ground_truth_normalized"":""shutdown"",""candidate_normalized"":""restart"",""similarity"":0.556699,""match_type"":""relaxed""},{""ground_truth_state"":""Summarizing"",""candidate_state"":""Summary Preparation"",""ground_truth_normalized"":""summarizing"",""candidate_normalized"":""summary preparation"",""similarity"":0.577728,""match_type"":""relaxed""}]","[""Operation"",""Testing"",""Transmitting""]","[""Status Checking""]",9,7,6,3,1,0.857143,0.666667,0.75
Mistral,rag,case_54_weather_station_system,results\plantuml_pipeline_run2\runs\open_source__mistral__rag\case_54_weather_station_system\run_01.puml,dataset\case_54_weather_station_system\diagram.puml,sentence-transformers/all-MiniLM-L6-v2,0.800000,0.480000,"[""Collecting"",""Configuring"",""Controlled"",""Operation"",""Running"",""Shutdown"",""Summarizing"",""Testing"",""Transmitting""]","[""Checking Status"",""Collecting Data"",""Configuration Mode"",""Controlled Mode"",""GovernmentOfficialDashboard"",""HealthWorkerDashboard"",""Initialize\\nComponent"",""NotIndian"",""PatientDashboard"",""Preparing Summary"",""Processing Update"",""Running"",""Shutdown Condition"",""Unloading Phase"",""Verification"",""Waiting for Update""]","[{""ground_truth_state"":""Collecting"",""candidate_state"":""Collecting Data"",""ground_truth_normalized"":""collect"",""candidate_normalized"":""collect data"",""similarity"":0.639959,""match_type"":""relaxed_lexical""},{""ground_truth_state"":""Configuring"",""candidate_state"":""Configuration Mode"",""ground_truth_normalized"":""configuring"",""candidate_normalized"":""configuration mode"",""similarity"":0.648217,""match_type"":""relaxed""},{""ground_truth_state"":""Controlled"",""candidate_state"":""Controlled Mode"",""ground_truth_normalized"":""controlled"",""candidate_normalized"":""controlled mode"",""similarity"":0.720561,""match_type"":""relaxed_lexical""},{""ground_truth_state"":""Running"",""candidate_state"":""Running"",""ground_truth_normalized"":""running"",""candidate_normalized"":""running"",""similarity"":1.0,""match_type"":""exact_normalized""},{""ground_truth_state"":""Shutdown"",""candidate_state"":""Shutdown Condition"",""ground_truth_normalized"":""shutdown"",""candidate_normalized"":""shutdown condition"",""similarity"":0.737148,""match_type"":""relaxed_lexical""},{""ground_truth_state"":""Summarizing"",""candidate_state"":""Preparing Summary"",""ground_truth_normalized"":""summarizing"",""candidate_normalized"":""preparing summary"",""similarity"":0.680168,""match_type"":""relaxed""}]","[""Operation"",""Testing"",""Transmitting""]","[""Checking Status"",""GovernmentOfficialDashboard"",""HealthWorkerDashboard"",""Initialize\\nComponent"",""NotIndian"",""PatientDashboard"",""Processing Update"",""Unloading Phase"",""Verification"",""Waiting for Update""]",9,16,6,3,10,0.375,0.666667,0.48
Qwen_2.5_7B,rag,case_54_weather_station_system,results\plantuml_pipeline_run2\runs\open_source__qwen25_7b_instruct__rag\case_54_weather_station_system\run_01.puml,dataset\case_54_weather_station_system\diagram.puml,sentence-transformers/all-MiniLM-L6-v2,0.800000,0.480000,"[""Collecting"",""Configuring"",""Controlled"",""Operation"",""Running"",""Shutdown"",""Summarizing"",""Testing"",""Transmitting""]","[""Configuration Mode"",""Controlled Mode"",""Data Collection"",""Restart"",""Running"",""Shutdown"",""Status Checking"",""Summary Preparation""]","[{""ground_truth_state"":""Collecting"",""candidate_state"":""Data Collection"",""ground_truth_normalized"":""collect"",""candidate_normalized"":""data collection"",""similarity"":0.490738,""match_type"":""relaxed""},{""ground_truth_state"":""Configuring"",""candidate_state"":""Configuration Mode"",""ground_truth_normalized"":""configuring"",""candidate_normalized"":""configuration mode"",""similarity"":0.648217,""match_type"":""relaxed""},{""ground_truth_state"":""Controlled"",""candidate_state"":""Controlled Mode"",""ground_truth_normalized"":""controlled"",""candidate_normalized"":""controlled mode"",""similarity"":0.720561,""match_type"":""relaxed_lexical""},{""ground_truth_state"":""Running"",""candidate_state"":""Running"",""ground_truth_normalized"":""running"",""candidate_normalized"":""running"",""similarity"":1.0,""match_type"":""exact_normalized""},{""ground_truth_state"":""Shutdown"",""candidate_state"":""Shutdown"",""ground_truth_normalized"":""shutdown"",""candidate_normalized"":""shutdown"",""similarity"":1.0,""match_type"":""exact_normalized""},{""ground_truth_state"":""Summarizing"",""candidate_state"":""Summary Preparation"",""ground_truth_normalized"":""summarizing"",""candidate_normalized"":""summary preparation"",""similarity"":0.577728,""match_type"":""relaxed""}]","[""Operation"",""Testing"",""Transmitting""]","[""Restart"",""Status Checking""]",9,8,6,3,2,0.75,0.666667,0.705882
DeepSeek_R1_14B,few_shot,case_59_atm_1,results\plantuml_pipeline_run2\runs\open_source__deepseek_r1_14b__few_shot\case_59_atm_1\run_01.puml,dataset\case_59_atm_1\diagram.puml,sentence-transformers/all-MiniLM-L6-v2,0.800000,0.480000,"[""EnterAmount <<extended>>"",""ReadAmount <<extended>>"",""ReleaseCard <<extended>>"",""SelectAmount <<extended>>""]","[""Dispensing Cash"",""Idle"",""Waiting for Custom Amount"",""Waiting for Selection""]",[],"[""EnterAmount <<extended>>"",""ReadAmount <<extended>>"",""ReleaseCard <<extended>>"",""SelectAmount <<extended>>""]","[""Dispensing Cash"",""Idle"",""Waiting for Custom Amount"",""Waiting for Selection""]",4,4,0,4,4,0.0,0.0,0.0
Llama_3.1_8B,few_shot,case_59_atm_1,results\plantuml_pipeline_run2\runs\open_source__llama31_8b_instruct__few_shot\case_59_atm_1\run_01.puml,dataset\case_59_atm_1\diagram.puml,sentence-transformers/all-MiniLM-L6-v2,0.800000,0.480000,"[""EnterAmount <<extended>>"",""ReadAmount <<extended>>"",""ReleaseCard <<extended>>"",""SelectAmount <<extended>>""]","[""CancelTransaction"",""InputCustomAmount"",""OutOfService"",""ReturnCard"",""ChooseAmount"",""SelectPredefinedAmount"",""VerifyTransaction <<final>>""]","[{""ground_truth_state"":""EnterAmount <<extended>>"",""candidate_state"":""InputCustomAmount"",""ground_truth_normalized"":""enter amount <<extended>>"",""candidate_normalized"":""input custom amount"",""similarity"":0.573039,""match_type"":""relaxed""},{""ground_truth_state"":""ReleaseCard <<extended>>"",""candidate_state"":""ReturnCard"",""ground_truth_normalized"":""release card <<extended>>"",""candidate_normalized"":""return card"",""similarity"":0.513028,""match_type"":""relaxed""},{""ground_truth_state"":""SelectAmount <<extended>>"",""candidate_state"":""ChooseAmount"",""ground_truth_normalized"":""select amount <<extended>>"",""candidate_normalized"":""select amount"",""similarity"":0.824091,""match_type"":""strict""}]","[""ReadAmount <<extended>>""]","[""CancelTransaction"",""OutOfService"",""SelectPredefinedAmount"",""VerifyTransaction <<final>>""]",4,7,3,1,4,0.428571,0.75,0.545455
Mistral,rag,case_59_atm_1,results\plantuml_pipeline_run2\runs\open_source__mistral__rag\case_59_atm_1\run_01.puml,dataset\case_59_atm_1\diagram.puml,sentence-transformers/all-MiniLM-L6-v2,0.800000,0.480000,"[""EnterAmount <<extended>>"",""ReadAmount <<extended>>"",""ReleaseCard <<extended>>"",""SelectAmount <<extended>>""]","[""Confiscating"",""Dispensing Cash and Printing Receipt"",""Ejecting"",""Idle"",""Processing Withdrawal"",""Returning Card"",""Validating PIN"",""Waiting for PIN"",""Withdrawal Options""]","[{""ground_truth_state"":""ReleaseCard <<extended>>"",""candidate_state"":""Returning Card"",""ground_truth_normalized"":""release card <<extended>>"",""candidate_normalized"":""returning card"",""similarity"":0.485125,""match_type"":""relaxed""}]","[""EnterAmount <<extended>>"",""ReadAmount <<extended>>"",""SelectAmount <<extended>>""]","[""Confiscating"",""Dispensing Cash and Printing Receipt"",""Ejecting"",""Idle"",""Processing Withdrawal"",""Validating PIN"",""Waiting for PIN"",""Withdrawal Options""]",4,9,1,3,8,0.111111,0.25,0.153846
Qwen_2.5_7B,rag,case_59_atm_1,results\plantuml_pipeline_run2\runs\open_source__qwen25_7b_instruct__rag\case_59_atm_1\run_01.puml,dataset\case_59_atm_1\diagram.puml,sentence-transformers/all-MiniLM-L6-v2,0.800000,0.480000,"[""EnterAmount <<extended>>"",""ReadAmount <<extended>>"",""ReleaseCard <<extended>>"",""SelectAmount <<extended>>""]","[""Confiscating"",""Ejecting"",""Idle"",""Processing Withdrawal"",""Validating PIN"",""Waiting for PIN"",""Withdrawal Options""]",[],"[""EnterAmount <<extended>>"",""ReadAmount <<extended>>"",""ReleaseCard <<extended>>"",""SelectAmount <<extended>>""]","[""Confiscating"",""Ejecting"",""Idle"",""Processing Withdrawal"",""Validating PIN"",""Waiting for PIN"",""Withdrawal Options""]",4,7,0,4,7,0.0,0.0,0.0
DeepSeek_R1_14B,few_shot,case_60_atm_2,results\plantuml_pipeline_run2\runs\open_source__deepseek_r1_14b__few_shot\case_60_atm_2\run_01.puml,dataset\case_60_atm_2\diagram.puml,sentence-transformers/all-MiniLM-L6-v2,0.800000,0.480000,"[""EnterAmount"",""ReadAmount <<extended>>"",""SelectAmount <<extended>>"",""VerifyTransaction <<extended>>""]","[""Final"",""Initial"",""Re-enter Amount"",""Select Amount"",""Verify Transaction""]","[{""ground_truth_state"":""EnterAmount"",""candidate_state"":""Re-enter Amount"",""ground_truth_normalized"":""enter amount"",""candidate_normalized"":""re enter amount"",""similarity"":0.848469,""match_type"":""strict""},{""ground_truth_state"":""SelectAmount <<extended>>"",""candidate_state"":""Select Amount"",""ground_truth_normalized"":""select amount <<extended>>"",""candidate_normalized"":""select amount"",""similarity"":0.824091,""match_type"":""strict""},{""ground_truth_state"":""VerifyTransaction <<extended>>"",""candidate_state"":""Verify Transaction"",""ground_truth_normalized"":""verify transaction <<extended>>"",""candidate_normalized"":""verify transaction"",""similarity"":0.802673,""match_type"":""strict""}]","[""ReadAmount <<extended>>""]","[""Final"",""Initial""]",4,5,3,1,2,0.6,0.75,0.666667
Llama_3.1_8B,few_shot,case_60_atm_2,results\plantuml_pipeline_run2\runs\open_source__llama31_8b_instruct__few_shot\case_60_atm_2\run_01.puml,dataset\case_60_atm_2\diagram.puml,sentence-transformers/all-MiniLM-L6-v2,0.800000,0.480000,"[""EnterAmount"",""ReadAmount <<extended>>"",""SelectAmount <<extended>>"",""VerifyTransaction <<extended>>""]","[""Enter Custom Value"",""Idle"",""Select Amount"",""Transaction Rejected"",""Transaction Successful""]","[{""ground_truth_state"":""EnterAmount"",""candidate_state"":""Enter Custom Value"",""ground_truth_normalized"":""enter amount"",""candidate_normalized"":""enter custom value"",""similarity"":0.599638,""match_type"":""relaxed""},{""ground_truth_state"":""SelectAmount <<extended>>"",""candidate_state"":""Select Amount"",""ground_truth_normalized"":""select amount <<extended>>"",""candidate_normalized"":""select amount"",""similarity"":0.824091,""match_type"":""strict""},{""ground_truth_state"":""VerifyTransaction <<extended>>"",""candidate_state"":""Transaction Successful"",""ground_truth_normalized"":""verify transaction <<extended>>"",""candidate_normalized"":""transaction successful"",""similarity"":0.522458,""match_type"":""relaxed""}]","[""ReadAmount <<extended>>""]","[""Idle"",""Transaction Rejected""]",4,5,3,1,2,0.6,0.75,0.666667
Mistral,rag,case_60_atm_2,results\plantuml_pipeline_run2\runs\open_source__mistral__rag\case_60_atm_2\run_01.puml,dataset\case_60_atm_2\diagram.puml,sentence-transformers/all-MiniLM-L6-v2,0.800000,0.480000,"[""EnterAmount"",""ReadAmount <<extended>>"",""SelectAmount <<extended>>"",""VerifyTransaction <<extended>>""]","[""AcceptDeclineRequest"",""Idle"",""MakePayment"",""ProceedRejectProject"",""QualityCheck"",""RestartProcess"",""SaveProjectDetails"",""SearchProjectCategory"",""TrackProjectProgress"",""UpdateProjectProgress"",""UpdateProjectStatus"",""UploadFinalProject"",""UploadRequest""]","[{""ground_truth_state"":""EnterAmount"",""candidate_state"":""MakePayment"",""ground_truth_normalized"":""enter amount"",""candidate_normalized"":""make payment"",""similarity"":0.492528,""match_type"":""relaxed""}]","[""ReadAmount <<extended>>"",""SelectAmount <<extended>>"",""VerifyTransaction <<extended>>""]","[""AcceptDeclineRequest"",""Idle"",""ProceedRejectProject"",""QualityCheck"",""RestartProcess"",""SaveProjectDetails"",""SearchProjectCategory"",""TrackProjectProgress"",""UpdateProjectProgress"",""UpdateProjectStatus"",""UploadFinalProject"",""UploadRequest""]",4,13,1,3,12,0.076923,0.25,0.117647
Qwen_2.5_7B,rag,case_60_atm_2,results\plantuml_pipeline_run2\runs\open_source__qwen25_7b_instruct__rag\case_60_atm_2\run_01.puml,dataset\case_60_atm_2\diagram.puml,sentence-transformers/all-MiniLM-L6-v2,0.800000,0.480000,"[""EnterAmount"",""ReadAmount <<extended>>"",""SelectAmount <<extended>>"",""VerifyTransaction <<extended>>""]","[""EnterCustomValue"",""OutOfService"",""ReadAmount"",""ReleaseCard"",""SelectAmount"",""VerifyCard <<final>>"",""VerifyTransaction <<final>>""]","[{""ground_truth_state"":""EnterAmount"",""candidate_state"":""EnterCustomValue"",""ground_truth_normalized"":""enter amount"",""candidate_normalized"":""enter custom value"",""similarity"":0.599638,""match_type"":""relaxed""},{""ground_truth_state"":""ReadAmount <<extended>>"",""candidate_state"":""ReadAmount"",""ground_truth_normalized"":""read amount <<extended>>"",""candidate_normalized"":""read amount"",""similarity"":0.828014,""match_type"":""strict""},{""ground_truth_state"":""SelectAmount <<extended>>"",""candidate_state"":""SelectAmount"",""ground_truth_normalized"":""select amount <<extended>>"",""candidate_normalized"":""select amount"",""similarity"":0.824091,""match_type"":""strict""},{""ground_truth_state"":""VerifyTransaction <<extended>>"",""candidate_state"":""VerifyTransaction <<final>>"",""ground_truth_normalized"":""verify transaction <<extended>>"",""candidate_normalized"":""verify transaction <<final>>"",""similarity"":0.853373,""match_type"":""strict""}]",[],"[""OutOfService"",""ReleaseCard"",""VerifyCard <<final>>""]",4,7,4,0,3,0.571429,1.0,0.727273
DeepSeek_R1_14B,few_shot,case_65_plane,results\plantuml_pipeline_run2\runs\open_source__deepseek_r1_14b__few_shot\case_65_plane\run_01.puml,dataset\case_65_plane\diagram.puml,sentence-transformers/all-MiniLM-L6-v2,0.800000,0.480000,"[""In Maintenance"",""Ordered"",""Ready for Use"",""Scheduled for Maintenance""]","[""Arrival"",""Removed From Service"",""Maintenance"",""Operations"",""Order"",""OutOf Service"",""Preparation""]","[{""ground_truth_state"":""In Maintenance"",""candidate_state"":""Maintenance"",""ground_truth_normalized"":""in maintenance"",""candidate_normalized"":""maintenance"",""similarity"":0.854492,""match_type"":""strict""},{""ground_truth_state"":""Ordered"",""candidate_state"":""Order"",""ground_truth_normalized"":""ordered"",""candidate_normalized"":""order"",""similarity"":0.914529,""match_type"":""strict""}]","[""Ready for Use"",""Scheduled for Maintenance""]","[""Arrival"",""Removed From Service"",""Operations"",""OutOf Service"",""Preparation""]",4,7,2,2,5,0.285714,0.5,0.363636
Llama_3.1_8B,few_shot,case_65_plane,results\plantuml_pipeline_run2\runs\open_source__llama31_8b_instruct__few_shot\case_65_plane\run_01.puml,dataset\case_65_plane\diagram.puml,sentence-transformers/all-MiniLM-L6-v2,0.800000,0.480000,"[""In Maintenance"",""Ordered"",""Ready for Use"",""Scheduled for Maintenance""]","[""Arrival"",""Maintenance"",""Operations"",""Order"",""Preparation"",""Withdrawn""]","[{""ground_truth_state"":""In Maintenance"",""candidate_state"":""Maintenance"",""ground_truth_normalized"":""in maintenance"",""candidate_normalized"":""maintenance"",""similarity"":0.854492,""match_type"":""strict""},{""ground_truth_state"":""Ordered"",""candidate_state"":""Order"",""ground_truth_normalized"":""ordered"",""candidate_normalized"":""order"",""similarity"":0.914529,""match_type"":""strict""}]","[""Ready for Use"",""Scheduled for Maintenance""]","[""Arrival"",""Operations"",""Preparation"",""Withdrawn""]",4,6,2,2,4,0.333333,0.5,0.4
Mistral,rag,case_65_plane,results\plantuml_pipeline_run2\runs\open_source__mistral__rag\case_65_plane\run_01.puml,dataset\case_65_plane\diagram.puml,sentence-transformers/all-MiniLM-L6-v2,0.800000,0.480000,"[""In Maintenance"",""Ordered"",""Ready for Use"",""Scheduled for Maintenance""]","[""Arrival"",""Maintenance"",""Operations"",""Order"",""OutOfService"",""PermanentlyWithdrawn"",""Preparation""]","[{""ground_truth_state"":""In Maintenance"",""candidate_state"":""Maintenance"",""ground_truth_normalized"":""in maintenance"",""candidate_normalized"":""maintenance"",""similarity"":0.854492,""match_type"":""strict""},{""ground_truth_state"":""Ordered"",""candidate_state"":""Order"",""ground_truth_normalized"":""ordered"",""candidate_normalized"":""order"",""similarity"":0.914529,""match_type"":""strict""}]","[""Ready for Use"",""Scheduled for Maintenance""]","[""Arrival"",""Operations"",""OutOfService"",""PermanentlyWithdrawn"",""Preparation""]",4,7,2,2,5,0.285714,0.5,0.363636
Qwen_2.5_7B,rag,case_65_plane,results\plantuml_pipeline_run2\runs\open_source__qwen25_7b_instruct__rag\case_65_plane\run_01.puml,dataset\case_65_plane\diagram.puml,sentence-transformers/all-MiniLM-L6-v2,0.800000,0.480000,"[""In Maintenance"",""Ordered"",""Ready for Use"",""Scheduled for Maintenance""]","[""Arrival"",""Maintenance"",""Operations"",""Order"",""OutOfService"",""Preparation"",""WithdrawnFromService""]","[{""ground_truth_state"":""In Maintenance"",""candidate_state"":""Maintenance"",""ground_truth_normalized"":""in maintenance"",""candidate_normalized"":""maintenance"",""similarity"":0.854492,""match_type"":""strict""},{""ground_truth_state"":""Ordered"",""candidate_state"":""Order"",""ground_truth_normalized"":""ordered"",""candidate_normalized"":""order"",""similarity"":0.914529,""match_type"":""strict""}]","[""Ready for Use"",""Scheduled for Maintenance""]","[""Arrival"",""Operations"",""OutOfService"",""Preparation"",""WithdrawnFromService""]",4,7,2,2,5,0.285714,0.5,0.363636
DeepSeek_R1_14B,few_shot,case_67_atm_many_scenarios_1,results\plantuml_pipeline_run2\runs\open_source__deepseek_r1_14b__few_shot\case_67_atm_many_scenarios_1\run_01.puml,dataset\case_67_atm_many_scenarios_1\diagram.puml,sentence-transformers/all-MiniLM-L6-v2,0.800000,0.480000,"[""Dispensing"",""Ejecting"",""Idle"",""Printing"",""Processing Withdrawal"",""Terminating"",""Validating PIN"",""Waiting for Customer Choice"",""Waiting for PIN""]","[""CardInserted"",""CardReturned"",""DispensingCash"",""PINEntered"",""PINVerified"",""ProcessingWithdrawal"",""Ready""]","[{""ground_truth_state"":""Dispensing"",""candidate_state"":""DispensingCash"",""ground_truth_normalized"":""dispensing"",""candidate_normalized"":""dispensing cash"",""similarity"":0.625709,""match_type"":""relaxed_lexical""},{""ground_truth_state"":""Processing Withdrawal"",""candidate_state"":""ProcessingWithdrawal"",""ground_truth_normalized"":""processing withdrawal"",""candidate_normalized"":""processing withdrawal"",""similarity"":1.0,""match_type"":""exact_normalized""},{""ground_truth_state"":""Validating PIN"",""candidate_state"":""PINVerified"",""ground_truth_normalized"":""validating pin"",""candidate_normalized"":""pin verified"",""similarity"":0.76382,""match_type"":""relaxed""},{""ground_truth_state"":""Waiting for PIN"",""candidate_state"":""PINEntered"",""ground_truth_normalized"":""waiting for pin"",""candidate_normalized"":""pin entered"",""similarity"":0.708279,""match_type"":""relaxed""}]","[""Ejecting"",""Idle"",""Printing"",""Terminating"",""Waiting for Customer Choice""]","[""CardInserted"",""CardReturned"",""Ready""]",9,7,4,5,3,0.571429,0.444444,0.5
Llama_3.1_8B,few_shot,case_67_atm_many_scenarios_1,results\plantuml_pipeline_run2\runs\open_source__llama31_8b_instruct__few_shot\case_67_atm_many_scenarios_1\run_01.puml,dataset\case_67_atm_many_scenarios_1\diagram.puml,sentence-transformers/all-MiniLM-L6-v2,0.800000,0.480000,"[""Dispensing"",""Ejecting"",""Idle"",""Printing"",""Processing Withdrawal"",""Terminating"",""Validating PIN"",""Waiting for Customer Choice"",""Waiting for PIN""]","[""ApproveWithdrawal"",""DispenseCash"",""Enter PIN"",""InsertCard"",""Invalid PIN"",""PrintReceipt"",""Ready for Next User"",""Reset"",""ResetATM"",""ReturnCard"",""Successful Login"",""Verify PIN""]","[{""ground_truth_state"":""Printing"",""candidate_state"":""PrintReceipt"",""ground_truth_normalized"":""printing"",""candidate_normalized"":""print receipt"",""similarity"":0.670337,""match_type"":""relaxed""},{""ground_truth_state"":""Processing Withdrawal"",""candidate_state"":""ApproveWithdrawal"",""ground_truth_normalized"":""processing withdrawal"",""candidate_normalized"":""approval withdrawal"",""similarity"":0.700973,""match_type"":""relaxed""},{""ground_truth_state"":""Validating PIN"",""candidate_state"":""Verify PIN"",""ground_truth_normalized"":""validating pin"",""candidate_normalized"":""verify pin"",""similarity"":0.872471,""match_type"":""strict""},{""ground_truth_state"":""Waiting for PIN"",""candidate_state"":""Enter PIN"",""ground_truth_normalized"":""waiting for pin"",""candidate_normalized"":""enter pin"",""similarity"":0.670858,""match_type"":""relaxed""}]","[""Dispensing"",""Ejecting"",""Idle"",""Terminating"",""Waiting for Customer Choice""]","[""DispenseCash"",""InsertCard"",""Invalid PIN"",""Ready for Next User"",""Reset"",""ResetATM"",""ReturnCard"",""Successful Login""]",9,12,4,5,8,0.333333,0.444444,0.380952
Mistral,rag,case_67_atm_many_scenarios_1,results\plantuml_pipeline_run2\runs\open_source__mistral__rag\case_67_atm_many_scenarios_1\run_01.puml,dataset\case_67_atm_many_scenarios_1\diagram.puml,sentence-transformers/all-MiniLM-L6-v2,0.800000,0.480000,"[""Dispensing"",""Ejecting"",""Idle"",""Printing"",""Processing Withdrawal"",""Terminating"",""Validating PIN"",""Waiting for Customer Choice"",""Waiting for PIN""]","[""Check Information"",""Ending Phase"",""Enter PIN"",""Idle"",""Process Transaction"",""Transfer Money"",""Display Options""]","[{""ground_truth_state"":""Idle"",""candidate_state"":""Idle"",""ground_truth_normalized"":""idle"",""candidate_normalized"":""idle"",""similarity"":1.0,""match_type"":""exact_normalized""},{""ground_truth_state"":""Processing Withdrawal"",""candidate_state"":""Process Transaction"",""ground_truth_normalized"":""processing withdrawal"",""candidate_normalized"":""process transaction"",""similarity"":0.563776,""match_type"":""relaxed""},{""ground_truth_state"":""Terminating"",""candidate_state"":""Ending Phase"",""ground_truth_normalized"":""terminating"",""candidate_normalized"":""ending phase"",""similarity"":0.569615,""match_type"":""relaxed""},{""ground_truth_state"":""Waiting for PIN"",""candidate_state"":""Enter PIN"",""ground_truth_normalized"":""waiting for pin"",""candidate_normalized"":""enter pin"",""similarity"":0.670858,""match_type"":""relaxed""}]","[""Dispensing"",""Ejecting"",""Printing"",""Validating PIN"",""Waiting for Customer Choice""]","[""Check Information"",""Transfer Money"",""Display Options""]",9,7,4,5,3,0.571429,0.444444,0.5
Qwen_2.5_7B,rag,case_67_atm_many_scenarios_1,results\plantuml_pipeline_run2\runs\open_source__qwen25_7b_instruct__rag\case_67_atm_many_scenarios_1\run_01.puml,dataset\case_67_atm_many_scenarios_1\diagram.puml,sentence-transformers/all-MiniLM-L6-v2,0.800000,0.480000,"[""Dispensing"",""Ejecting"",""Idle"",""Printing"",""Processing Withdrawal"",""Terminating"",""Validating PIN"",""Waiting for Customer Choice"",""Waiting for PIN""]","[""Checking PIN"",""Correct PIN"",""Dispensing Cash and Printing Receipt"",""Idle"",""Incorrect PIN"",""Processing Transaction""]","[{""ground_truth_state"":""Idle"",""candidate_state"":""Idle"",""ground_truth_normalized"":""idle"",""candidate_normalized"":""idle"",""similarity"":1.0,""match_type"":""exact_normalized""},{""ground_truth_state"":""Printing"",""candidate_state"":""Dispensing Cash and Printing Receipt"",""ground_truth_normalized"":""printing"",""candidate_normalized"":""dispensing cash and printing receipt"",""similarity"":0.5,""match_type"":""relaxed_lexical""},{""ground_truth_state"":""Processing Withdrawal"",""candidate_state"":""Processing Transaction"",""ground_truth_normalized"":""processing withdrawal"",""candidate_normalized"":""processing transaction"",""similarity"":0.621425,""match_type"":""relaxed""},{""ground_truth_state"":""Validating PIN"",""candidate_state"":""Checking PIN"",""ground_truth_normalized"":""validating pin"",""candidate_normalized"":""checking pin"",""similarity"":0.801416,""match_type"":""strict""},{""ground_truth_state"":""Waiting for PIN"",""candidate_state"":""Correct PIN"",""ground_truth_normalized"":""waiting for pin"",""candidate_normalized"":""correct pin"",""similarity"":0.650087,""match_type"":""relaxed""}]","[""Dispensing"",""Ejecting"",""Terminating"",""Waiting for Customer Choice""]","[""Incorrect PIN""]",9,6,5,4,1,0.833333,0.555556,0.666667
DeepSeek_R1_14B,few_shot,case_70_atm_many_scenarios_7,results\plantuml_pipeline_run2\runs\open_source__deepseek_r1_14b__few_shot\case_70_atm_many_scenarios_7\run_01.puml,dataset\case_70_atm_many_scenarios_7\diagram.puml,sentence-transformers/all-MiniLM-L6-v2,0.800000,0.480000,"[""Confiscating"",""Ejecting"",""Idle"",""Processing Customer Input"",""Processing Transaction"",""Validating PIN"",""Waiting for Customer Choice"",""Waiting for PIN""]","[""Card Inserted"",""Card Retained"",""Card Returned"",""Incorrect PIN"",""Invalid Card"",""Menu Options"",""PIN Check"",""Processing Information"",""Processing Transfer"",""Processing Withdraw"",""User Arrives""]","[{""ground_truth_state"":""Processing Customer Input"",""candidate_state"":""Processing Information"",""ground_truth_normalized"":""processing customer input"",""candidate_normalized"":""processing information"",""similarity"":0.566842,""match_type"":""relaxed""},{""ground_truth_state"":""Processing Transaction"",""candidate_state"":""Processing Transfer"",""ground_truth_normalized"":""processing transaction"",""candidate_normalized"":""processing transfer"",""similarity"":0.732432,""match_type"":""relaxed""},{""ground_truth_state"":""Validating PIN"",""candidate_state"":""PIN Check"",""ground_truth_normalized"":""validating pin"",""candidate_normalized"":""pin check"",""similarity"":0.797557,""match_type"":""relaxed""},{""ground_truth_state"":""Waiting for PIN"",""candidate_state"":""Incorrect PIN"",""ground_truth_normalized"":""waiting for pin"",""candidate_normalized"":""incorrect pin"",""similarity"":0.607396,""match_type"":""relaxed""}]","[""Confiscating"",""Ejecting"",""Idle"",""Waiting for Customer Choice""]","[""Card Inserted"",""Card Retained"",""Card Returned"",""Invalid Card"",""Menu Options"",""Processing Withdraw"",""User Arrives""]",8,11,4,4,7,0.363636,0.5,0.421053
Llama_3.1_8B,few_shot,case_70_atm_many_scenarios_7,results\plantuml_pipeline_run2\runs\open_source__llama31_8b_instruct__few_shot\case_70_atm_many_scenarios_7\run_01.puml,dataset\case_70_atm_many_scenarios_7\diagram.puml,sentence-transformers/all-MiniLM-L6-v2,0.800000,0.480000,"[""Confiscating"",""Ejecting"",""Idle"",""Processing Customer Input"",""Processing Transaction"",""Validating PIN"",""Waiting for Customer Choice"",""Waiting for PIN""]","[""Confiscating card"",""idle"",""Processing request"",""Validating PIN"",""Displaying options"",""Waiting for PIN""]","[{""ground_truth_state"":""Confiscating"",""candidate_state"":""Confiscating card"",""ground_truth_normalized"":""confiscating"",""candidate_normalized"":""confiscating card"",""similarity"":0.731439,""match_type"":""relaxed_lexical""},{""ground_truth_state"":""Idle"",""candidate_state"":""idle"",""ground_truth_normalized"":""idle"",""candidate_normalized"":""idle"",""similarity"":1.0,""match_type"":""exact_normalized""},{""ground_truth_state"":""Processing Transaction"",""candidate_state"":""Processing request"",""ground_truth_normalized"":""processing transaction"",""candidate_normalized"":""processing request"",""similarity"":0.676358,""match_type"":""relaxed""},{""ground_truth_state"":""Validating PIN"",""candidate_state"":""Validating PIN"",""ground_truth_normalized"":""validating pin"",""candidate_normalized"":""validating pin"",""similarity"":1.0,""match_type"":""exact_normalized""},{""ground_truth_state"":""Waiting for PIN"",""candidate_state"":""Waiting for PIN"",""ground_truth_normalized"":""waiting for pin"",""candidate_normalized"":""waiting for pin"",""similarity"":1.0,""match_type"":""exact_normalized""}]","[""Ejecting"",""Processing Customer Input"",""Waiting for Customer Choice""]","[""Displaying options""]",8,6,5,3,1,0.833333,0.625,0.714286
Mistral,rag,case_70_atm_many_scenarios_7,results\plantuml_pipeline_run2\runs\open_source__mistral__rag\case_70_atm_many_scenarios_7\run_01.puml,dataset\case_70_atm_many_scenarios_7\diagram.puml,sentence-transformers/all-MiniLM-L6-v2,0.800000,0.480000,"[""Confiscating"",""Ejecting"",""Idle"",""Processing Customer Input"",""Processing Transaction"",""Validating PIN"",""Waiting for Customer Choice"",""Waiting for PIN""]","[""ClosedDown"",""Confiscating"",""Ejecting"",""Idle"",""ProcessingTransaction"",""Validating PIN"",""Waiting for Customer Choice"",""Waiting for PIN""]","[{""ground_truth_state"":""Confiscating"",""candidate_state"":""Confiscating"",""ground_truth_normalized"":""confiscating"",""candidate_normalized"":""confiscating"",""similarity"":1.0,""match_type"":""exact_normalized""},{""ground_truth_state"":""Ejecting"",""candidate_state"":""Ejecting"",""ground_truth_normalized"":""ejecting"",""candidate_normalized"":""ejecting"",""similarity"":1.0,""match_type"":""exact_normalized""},{""ground_truth_state"":""Idle"",""candidate_state"":""Idle"",""ground_truth_normalized"":""idle"",""candidate_normalized"":""idle"",""similarity"":1.0,""match_type"":""exact_normalized""},{""ground_truth_state"":""Processing Transaction"",""candidate_state"":""ProcessingTransaction"",""ground_truth_normalized"":""processing transaction"",""candidate_normalized"":""processing transaction"",""similarity"":1.0,""match_type"":""exact_normalized""},{""ground_truth_state"":""Validating PIN"",""candidate_state"":""Validating PIN"",""ground_truth_normalized"":""validating pin"",""candidate_normalized"":""validating pin"",""similarity"":1.0,""match_type"":""exact_normalized""},{""ground_truth_state"":""Waiting for Customer Choice"",""candidate_state"":""Waiting for Customer Choice"",""ground_truth_normalized"":""waiting for customer choice"",""candidate_normalized"":""waiting for customer choice"",""similarity"":1.0,""match_type"":""exact_normalized""},{""ground_truth_state"":""Waiting for PIN"",""candidate_state"":""Waiting for PIN"",""ground_truth_normalized"":""waiting for pin"",""candidate_normalized"":""waiting for pin"",""similarity"":1.0,""match_type"":""exact_normalized""}]","[""Processing Customer Input""]","[""ClosedDown""]",8,8,7,1,1,0.875,0.875,0.875
Qwen_2.5_7B,rag,case_70_atm_many_scenarios_7,results\plantuml_pipeline_run2\runs\open_source__qwen25_7b_instruct__rag\case_70_atm_many_scenarios_7\run_01.puml,dataset\case_70_atm_many_scenarios_7\diagram.puml,sentence-transformers/all-MiniLM-L6-v2,0.800000,0.480000,"[""Confiscating"",""Ejecting"",""Idle"",""Processing Customer Input"",""Processing Transaction"",""Validating PIN"",""Waiting for Customer Choice"",""Waiting for PIN""]","[""Confiscating"",""Ejecting"",""Idle"",""ValidatingPIN"",""WaitingForChoice"",""WaitingForPIN""]","[{""ground_truth_state"":""Confiscating"",""candidate_state"":""Confiscating"",""ground_truth_normalized"":""confiscating"",""candidate_normalized"":""confiscating"",""similarity"":1.0,""match_type"":""exact_normalized""},{""ground_truth_state"":""Ejecting"",""candidate_state"":""Ejecting"",""ground_truth_normalized"":""ejecting"",""candidate_normalized"":""ejecting"",""similarity"":1.0,""match_type"":""exact_normalized""},{""ground_truth_state"":""Idle"",""candidate_state"":""Idle"",""ground_truth_normalized"":""idle"",""candidate_normalized"":""idle"",""similarity"":1.0,""match_type"":""exact_normalized""},{""ground_truth_state"":""Validating PIN"",""candidate_state"":""ValidatingPIN"",""ground_truth_normalized"":""validating pin"",""candidate_normalized"":""validating pin"",""similarity"":1.0,""match_type"":""exact_normalized""},{""ground_truth_state"":""Waiting for Customer Choice"",""candidate_state"":""WaitingForChoice"",""ground_truth_normalized"":""waiting for customer choice"",""candidate_normalized"":""waiting for choice"",""similarity"":0.731143,""match_type"":""relaxed_lexical""},{""ground_truth_state"":""Waiting for PIN"",""candidate_state"":""WaitingForPIN"",""ground_truth_normalized"":""waiting for pin"",""candidate_normalized"":""waiting for pin"",""similarity"":1.0,""match_type"":""exact_normalized""}]","[""Processing Customer Input"",""Processing Transaction""]",[],8,6,6,2,0,1.0,0.75,0.857143
DeepSeek_R1_14B,few_shot,case_75_graderate,results\plantuml_pipeline_run2\runs\open_source__deepseek_r1_14b__few_shot\case_75_graderate\run_01.puml,dataset\case_75_graderate\diagram.puml,sentence-transformers/all-MiniLM-L6-v2,0.800000,0.480000,"[""Active"",""Lapsed"",""Pending""]","[""Active"",""Archived"",""Expired"",""Waiting""]","[{""ground_truth_state"":""Active"",""candidate_state"":""Active"",""ground_truth_normalized"":""active"",""candidate_normalized"":""active"",""similarity"":1.0,""match_type"":""exact_normalized""},{""ground_truth_state"":""Pending"",""candidate_state"":""Waiting"",""ground_truth_normalized"":""pending"",""candidate_normalized"":""waiting"",""similarity"":0.50636,""match_type"":""relaxed""}]","[""Lapsed""]","[""Archived"",""Expired""]",3,4,2,1,2,0.5,0.666667,0.571429
Llama_3.1_8B,few_shot,case_75_graderate,results\plantuml_pipeline_run2\runs\open_source__llama31_8b_instruct__few_shot\case_75_graderate\run_01.puml,dataset\case_75_graderate\diagram.puml,sentence-transformers/all-MiniLM-L6-v2,0.800000,0.480000,"[""Active"",""Lapsed"",""Pending""]","[""ActivateRate"",""Active state"",""Archived state"",""RemoveRate"",""ExpireRate"",""Expired state"",""MaintainActiveState"",""Waiting state""]","[{""ground_truth_state"":""Active"",""candidate_state"":""Active state"",""ground_truth_normalized"":""active"",""candidate_normalized"":""active state"",""similarity"":0.70041,""match_type"":""relaxed""}]","[""Lapsed"",""Pending""]","[""ActivateRate"",""Archived state"",""RemoveRate"",""ExpireRate"",""Expired state"",""MaintainActiveState"",""Waiting state""]",3,8,1,2,7,0.125,0.333333,0.181818
Mistral,rag,case_75_graderate,results\plantuml_pipeline_run2\runs\open_source__mistral__rag\case_75_graderate\run_01.puml,dataset\case_75_graderate\diagram.puml,sentence-transformers/all-MiniLM-L6-v2,0.800000,0.480000,"[""Active"",""Lapsed"",""Pending""]","[""Active"",""AwaitingApproval"",""BookReceived"",""Cancelled"",""CheckingDetails"",""Completed"",""ControllingStreetLights"",""Creation"",""FineAmountRequired"",""FinePaid"",""GetBook"",""IncorrectDetails"",""Login"",""MaintainActive"",""ManagingSignals"",""MemberIDIssued"",""MembershipActive"",""Monitoring"",""Registration"",""Satisfied"",""SearchForBook"",""SearchForSession"",""VerifyingRules"",""ViolationIssued"",""WaitingEnrolment"",""WarningSent""]","[{""ground_truth_state"":""Active"",""candidate_state"":""Active"",""ground_truth_normalized"":""active"",""candidate_normalized"":""active"",""similarity"":1.0,""match_type"":""exact_normalized""},{""ground_truth_state"":""Pending"",""candidate_state"":""AwaitingApproval"",""ground_truth_normalized"":""pending"",""candidate_normalized"":""awaiting approval"",""similarity"":0.595009,""match_type"":""relaxed""}]","[""Lapsed""]","[""BookReceived"",""Cancelled"",""CheckingDetails"",""Completed"",""ControllingStreetLights"",""Creation"",""FineAmountRequired"",""FinePaid"",""GetBook"",""IncorrectDetails"",""Login"",""MaintainActive"",""ManagingSignals"",""MemberIDIssued"",""MembershipActive"",""Monitoring"",""Registration"",""Satisfied"",""SearchForBook"",""SearchForSession"",""VerifyingRules"",""ViolationIssued"",""WaitingEnrolment"",""WarningSent""]",3,26,2,1,24,0.076923,0.666667,0.137931
Qwen_2.5_7B,rag,case_75_graderate,results\plantuml_pipeline_run2\runs\open_source__qwen25_7b_instruct__rag\case_75_graderate\run_01.puml,dataset\case_75_graderate\diagram.puml,sentence-transformers/all-MiniLM-L6-v2,0.800000,0.480000,"[""Active"",""Lapsed"",""Pending""]","[""a"",""ar"",""e"",""WaitingStart"",""ws""]",[],"[""Active"",""Lapsed"",""Pending""]","[""a"",""ar"",""e"",""WaitingStart"",""ws""]",3,5,0,3,5,0.0,0.0,0.0
DeepSeek_R1_14B,few_shot,case_78_class_campaign_version_2,results\plantuml_pipeline_run2\runs\open_source__deepseek_r1_14b__few_shot\case_78_class_campaign_version_2\run_01.puml,dataset\case_78_class_campaign_version_2\diagram.puml,sentence-transformers/all-MiniLM-L6-v2,0.800000,0.480000,"[""Active"",""AdvertPreparation"",""Commissioned"",""Completed"",""Paid"",""Running Adverts"",""Scheduling""]","[""Activated"",""Approved"",""Archived"",""Campaign Initialized"",""Completed"",""HandlingPayment"",""PreparingAdverts"",""Running""]","[{""ground_truth_state"":""Active"",""candidate_state"":""Activated"",""ground_truth_normalized"":""active"",""candidate_normalized"":""activated"",""similarity"":0.679195,""match_type"":""relaxed""},{""ground_truth_state"":""AdvertPreparation"",""candidate_state"":""PreparingAdverts"",""ground_truth_normalized"":""advert preparation"",""candidate_normalized"":""preparing adverts"",""similarity"":0.917959,""match_type"":""strict""},{""ground_truth_state"":""Commissioned"",""candidate_state"":""Approved"",""ground_truth_normalized"":""commissioned"",""candidate_normalized"":""approval"",""similarity"":0.482948,""match_type"":""relaxed""},{""ground_truth_state"":""Completed"",""candidate_state"":""Completed"",""ground_truth_normalized"":""completed"",""candidate_normalized"":""completed"",""similarity"":1.0,""match_type"":""exact_normalized""},{""ground_truth_state"":""Paid"",""candidate_state"":""HandlingPayment"",""ground_truth_normalized"":""payment"",""candidate_normalized"":""handling payment"",""similarity"":0.78161,""match_type"":""relaxed_lexical""},{""ground_truth_state"":""Running Adverts"",""candidate_state"":""Running"",""ground_truth_normalized"":""running adverts"",""candidate_normalized"":""running"",""similarity"":0.446832,""match_type"":""relaxed_lexical""}]","[""Scheduling""]","[""Archived"",""Campaign Initialized""]",7,8,6,1,2,0.75,0.857143,0.8
Llama_3.1_8B,few_shot,case_78_class_campaign_version_2,results\plantuml_pipeline_run2\runs\open_source__llama31_8b_instruct__few_shot\case_78_class_campaign_version_2\run_01.puml,dataset\case_78_class_campaign_version_2\diagram.puml,sentence-transformers/all-MiniLM-L6-v2,0.800000,0.480000,"[""Active"",""AdvertPreparation"",""Commissioned"",""Completed"",""Paid"",""Running Adverts"",""Scheduling""]","[""Approve Contract"",""ApproveContract"",""Archive Campaign"",""ArchiveCampaign"",""Assign Manager Staff"",""AssignManagerStaff"",""Complete Campaign"",""CompleteCampaign"",""ExtendAdjustCampaign"",""Extend/Adjust Campaign"",""Handle Payment"",""HandlePayment"",""Prepare Adverts"",""PrepareAdverts"",""Run Adverts"",""RunAdverts""]","[{""ground_truth_state"":""AdvertPreparation"",""candidate_state"":""Prepare Adverts"",""ground_truth_normalized"":""advert preparation"",""candidate_normalized"":""prepare adverts"",""similarity"":0.921139,""match_type"":""strict""},{""ground_truth_state"":""Completed"",""candidate_state"":""Complete Campaign"",""ground_truth_normalized"":""completed"",""candidate_normalized"":""complete campaign"",""similarity"":0.492197,""match_type"":""relaxed""},{""ground_truth_state"":""Paid"",""candidate_state"":""Handle Payment"",""ground_truth_normalized"":""payment"",""candidate_normalized"":""handle payment"",""similarity"":0.777604,""match_type"":""relaxed_lexical""},{""ground_truth_state"":""Running Adverts"",""candidate_state"":""Run Adverts"",""ground_truth_normalized"":""running adverts"",""candidate_normalized"":""run adverts"",""similarity"":0.934507,""match_type"":""strict""}]","[""Active"",""Commissioned"",""Scheduling""]","[""Approve Contract"",""ApproveContract"",""Archive Campaign"",""ArchiveCampaign"",""Assign Manager Staff"",""AssignManagerStaff"",""CompleteCampaign"",""ExtendAdjustCampaign"",""Extend/Adjust Campaign"",""HandlePayment"",""PrepareAdverts"",""RunAdverts""]",7,16,4,3,12,0.25,0.571429,0.347826
Mistral,rag,case_78_class_campaign_version_2,results\plantuml_pipeline_run2\runs\open_source__mistral__rag\case_78_class_campaign_version_2\run_01.puml,dataset\case_78_class_campaign_version_2\diagram.puml,sentence-transformers/all-MiniLM-L6-v2,0.800000,0.480000,"[""Active"",""AdvertPreparation"",""Commissioned"",""Completed"",""Paid"",""Running Adverts"",""Scheduling""]","[""Active"",""Adjusting"",""Billing"",""Cancelled"",""CancelledStatement"",""Commissioned"",""Completed"",""CustomerRegistration"",""DefectCheck"",""Delivery"",""MaterialChecking"",""OrderPlaced"",""Paused"",""Paid"",""Processing"",""ProductionStarted"",""Purchasing"",""ReportGenerated"",""Resuming"",""SampleRequested""]","[{""ground_truth_state"":""Active"",""candidate_state"":""Active"",""ground_truth_normalized"":""active"",""candidate_normalized"":""active"",""similarity"":1.0,""match_type"":""exact_normalized""},{""ground_truth_state"":""Commissioned"",""candidate_state"":""Commissioned"",""ground_truth_normalized"":""commissioned"",""candidate_normalized"":""commissioned"",""similarity"":1.0,""match_type"":""exact_normalized""},{""ground_truth_state"":""Completed"",""candidate_state"":""Completed"",""ground_truth_normalized"":""completed"",""candidate_normalized"":""completed"",""similarity"":1.0,""match_type"":""exact_normalized""},{""ground_truth_state"":""Paid"",""candidate_state"":""Paid"",""ground_truth_normalized"":""payment"",""candidate_normalized"":""payment"",""similarity"":1.0,""match_type"":""exact_normalized""}]","[""AdvertPreparation"",""Running Adverts"",""Scheduling""]","[""Adjusting"",""Billing"",""Cancelled"",""CancelledStatement"",""CustomerRegistration"",""DefectCheck"",""Delivery"",""MaterialChecking"",""OrderPlaced"",""Paused"",""Processing"",""ProductionStarted"",""Purchasing"",""ReportGenerated"",""Resuming"",""SampleRequested""]",7,20,4,3,16,0.2,0.571429,0.296296
Qwen_2.5_7B,rag,case_78_class_campaign_version_2,results\plantuml_pipeline_run2\runs\open_source__qwen25_7b_instruct__rag\case_78_class_campaign_version_2\run_01.puml,dataset\case_78_class_campaign_version_2\diagram.puml,sentence-transformers/all-MiniLM-L6-v2,0.800000,0.480000,"[""Active"",""AdvertPreparation"",""Commissioned"",""Completed"",""Paid"",""Running Adverts"",""Scheduling""]","[""Active"",""Adjusted"",""Archived"",""Commissioned"",""Completed"",""Finalized"",""Paid""]","[{""ground_truth_state"":""Active"",""candidate_state"":""Active"",""ground_truth_normalized"":""active"",""candidate_normalized"":""active"",""similarity"":1.0,""match_type"":""exact_normalized""},{""ground_truth_state"":""Commissioned"",""candidate_state"":""Commissioned"",""ground_truth_normalized"":""commissioned"",""candidate_normalized"":""commissioned"",""similarity"":1.0,""match_type"":""exact_normalized""},{""ground_truth_state"":""Completed"",""candidate_state"":""Completed"",""ground_truth_normalized"":""completed"",""candidate_normalized"":""completed"",""similarity"":1.0,""match_type"":""exact_normalized""},{""ground_truth_state"":""Paid"",""candidate_state"":""Paid"",""ground_truth_normalized"":""payment"",""candidate_normalized"":""payment"",""similarity"":1.0,""match_type"":""exact_normalized""}]","[""AdvertPreparation"",""Running Adverts"",""Scheduling""]","[""Adjusted"",""Archived"",""Finalized""]",7,7,4,3,3,0.571429,0.571429,0.571429
DeepSeek_R1_14B,few_shot,case_80_staff_member_class,results\plantuml_pipeline_run2\runs\open_source__deepseek_r1_14b__few_shot\case_80_staff_member_class\run_01.puml,dataset\case_80_staff_member_class\diagram.puml,sentence-transformers/all-MiniLM-L6-v2,0.800000,0.480000,"[""AssignedCampaign"",""Campaign Staff"",""CampaignStaff"",""Employed"",""Ex-employee"",""NotAssigned"",""NotCampaignStaff"",""Staff Contact""]","[""Employed""]","[{""ground_truth_state"":""Employed"",""candidate_state"":""Employed"",""ground_truth_normalized"":""employed"",""candidate_normalized"":""employed"",""similarity"":1.0,""match_type"":""exact_normalized""}]","[""AssignedCampaign"",""Campaign Staff"",""CampaignStaff"",""Ex-employee"",""NotAssigned"",""NotCampaignStaff"",""Staff Contact""]",[],8,1,1,7,0,1.0,0.125,0.222222
Llama_3.1_8B,few_shot,case_80_staff_member_class,results\plantuml_pipeline_run2\runs\open_source__llama31_8b_instruct__few_shot\case_80_staff_member_class\run_01.puml,dataset\case_80_staff_member_class\diagram.puml,sentence-transformers/all-MiniLM-L6-v2,0.800000,0.480000,"[""AssignedCampaign"",""Campaign Staff"",""CampaignStaff"",""Employed"",""Ex-employee"",""NotAssigned"",""NotCampaignStaff"",""Staff Contact""]","[""Added to Campaign"",""Archived"",""Assigned to Client"",""Marked as Unemployed"",""Unassigned""]","[{""ground_truth_state"":""AssignedCampaign"",""candidate_state"":""Added to Campaign"",""ground_truth_normalized"":""assigned campaign"",""candidate_normalized"":""added to campaign"",""similarity"":0.672311,""match_type"":""relaxed""},{""ground_truth_state"":""Employed"",""candidate_state"":""Marked as Unemployed"",""ground_truth_normalized"":""employed"",""candidate_normalized"":""marked as unemployed"",""similarity"":0.51935,""match_type"":""relaxed""},{""ground_truth_state"":""NotAssigned"",""candidate_state"":""Assigned to Client"",""ground_truth_normalized"":""not assigned"",""candidate_normalized"":""assigned to client"",""similarity"":0.54641,""match_type"":""relaxed""}]","[""Campaign Staff"",""CampaignStaff"",""Ex-employee"",""NotCampaignStaff"",""Staff Contact""]","[""Archived"",""Unassigned""]",8,5,3,5,2,0.6,0.375,0.461538
Mistral,rag,case_80_staff_member_class,results\plantuml_pipeline_run2\runs\open_source__mistral__rag\case_80_staff_member_class\run_01.puml,dataset\case_80_staff_member_class\diagram.puml,sentence-transformers/all-MiniLM-L6-v2,0.800000,0.480000,"[""AssignedCampaign"",""Campaign Staff"",""CampaignStaff"",""Employed"",""Ex-employee"",""NotAssigned"",""NotCampaignStaff"",""Staff Contact""]","[""Active"",""AddingCase"",""Archived"",""AssignedToCampaign"",""AssignedToClient"",""Cancelled"",""Commissioned"",""Completed"",""DocumentUploaded"",""Guest"",""LoggedIn"",""Paused"",""Paid"",""Registered"",""ReminderSet"",""SwitchingAssignments"",""Unemployed""]","[{""ground_truth_state"":""AssignedCampaign"",""candidate_state"":""AssignedToCampaign"",""ground_truth_normalized"":""assigned campaign"",""candidate_normalized"":""assigned to campaign"",""similarity"":0.949934,""match_type"":""strict""},{""ground_truth_state"":""Employed"",""candidate_state"":""Unemployed"",""ground_truth_normalized"":""employed"",""candidate_normalized"":""unemployed"",""similarity"":0.658414,""match_type"":""relaxed""},{""ground_truth_state"":""NotAssigned"",""candidate_state"":""AssignedToClient"",""ground_truth_normalized"":""not assigned"",""candidate_normalized"":""assigned to client"",""similarity"":0.54641,""match_type"":""relaxed""}]","[""Campaign Staff"",""CampaignStaff"",""Ex-employee"",""NotCampaignStaff"",""Staff Contact""]","[""Active"",""AddingCase"",""Archived"",""Cancelled"",""Commissioned"",""Completed"",""DocumentUploaded"",""Guest"",""LoggedIn"",""Paused"",""Paid"",""Registered"",""ReminderSet"",""SwitchingAssignments""]",8,17,3,5,14,0.176471,0.375,0.24
Qwen_2.5_7B,rag,case_80_staff_member_class,results\plantuml_pipeline_run2\runs\open_source__qwen25_7b_instruct__rag\case_80_staff_member_class\run_01.puml,dataset\case_80_staff_member_class\diagram.puml,sentence-transformers/all-MiniLM-L6-v2,0.800000,0.480000,"[""AssignedCampaign"",""Campaign Staff"",""CampaignStaff"",""Employed"",""Ex-employee"",""NotAssigned"",""NotCampaignStaff"",""Staff Contact""]","[""Archived"",""Assigned"",""Switching"",""Unassigned""]","[{""ground_truth_state"":""NotAssigned"",""candidate_state"":""Assigned"",""ground_truth_normalized"":""not assigned"",""candidate_normalized"":""assigned"",""similarity"":0.857469,""match_type"":""strict""}]","[""AssignedCampaign"",""Campaign Staff"",""CampaignStaff"",""Employed"",""Ex-employee"",""NotCampaignStaff"",""Staff Contact""]","[""Archived"",""Switching"",""Unassigned""]",8,4,1,7,3,0.25,0.125,0.166667
