llm_name,method_name,case_id,candidate_path,ground_truth_path,embedding_model,similarity_threshold,relaxed_similarity_threshold,ground_truth_states,candidate_states,matched_state_pairs,missing_ground_truth_states,extra_candidate_states,ground_truth_state_count,candidate_state_count,matched_state_count,missing_state_count,extra_state_count,semantic_state_precision,semantic_state_recall,semantic_state_f1
DeepSeek_R1_14B,baseline_repair,case_01_healthcare_portal,results/plantuml_pipeline_run2/runs/open_source__deepseek_r1_14b__few_shot_validation_generator_critic_repair/case_01_healthcare_portal/run_01.puml,dataset/case_01_healthcare_portal/diagram.puml,sentence-transformers/all-MiniLM-L6-v2,0.800000,,"[""Apply"",""Cash"",""Check fitness"",""Facilities"",""Feedback"",""Finance"",""Login"",""Logout"",""News and Experts"",""Payment"",""Register"",""Symptoms checker""]",[],[],"[""Apply"",""Cash"",""Check fitness"",""Facilities"",""Feedback"",""Finance"",""Login"",""Logout"",""News and Experts"",""Payment"",""Register"",""Symptoms checker""]",[],12,0,0,12,0,0.0,0.0,0.0
Llama_3.1_8B,baseline_repair,case_01_healthcare_portal,results/plantuml_pipeline_run2/runs/open_source__llama31_8b_instruct__few_shot_validation_generator_critic_repair/case_01_healthcare_portal/run_01.puml,dataset/case_01_healthcare_portal/diagram.puml,sentence-transformers/all-MiniLM-L6-v2,0.800000,,"[""Apply"",""Cash"",""Check fitness"",""Facilities"",""Feedback"",""Finance"",""Login"",""Logout"",""News and Experts"",""Payment"",""Register"",""Symptoms checker""]","[""Access Facilities"",""Cash Payment Details"",""Health Information"",""Insurance-Based Payments"",""Login"",""Logout"",""News and Expert Content"",""Payment Process"",""Registration"",""User Feedback""]","[{""ground_truth_state"":""Feedback"",""candidate_state"":""User Feedback"",""ground_truth_normalized"":""feedback"",""candidate_normalized"":""user feedback"",""similarity"":0.85144,""match_type"":""strict""},{""ground_truth_state"":""Login"",""candidate_state"":""Login"",""ground_truth_normalized"":""login"",""candidate_normalized"":""login"",""similarity"":1.0,""match_type"":""exact_normalized""},{""ground_truth_state"":""Logout"",""candidate_state"":""Logout"",""ground_truth_normalized"":""logout"",""candidate_normalized"":""logout"",""similarity"":1.0,""match_type"":""exact_normalized""},{""ground_truth_state"":""News and Experts"",""candidate_state"":""News and Expert Content"",""ground_truth_normalized"":""news and experts"",""candidate_normalized"":""news and expert content"",""similarity"":0.844819,""match_type"":""strict""},{""ground_truth_state"":""Payment"",""candidate_state"":""Payment Process"",""ground_truth_normalized"":""payment"",""candidate_normalized"":""payment process"",""similarity"":0.80333,""match_type"":""strict""},{""ground_truth_state"":""Register"",""candidate_state"":""Registration"",""ground_truth_normalized"":""registration"",""candidate_normalized"":""registration"",""similarity"":1.0,""match_type"":""exact_normalized""}]","[""Apply"",""Cash"",""Check fitness"",""Facilities"",""Finance"",""Symptoms checker""]","[""Access Facilities"",""Cash Payment Details"",""Health Information"",""Insurance-Based Payments""]",12,10,6,6,4,0.6,0.5,0.545455
Mistral,baseline_repair,case_01_healthcare_portal,results/plantuml_pipeline_run2/runs/open_source__mistral__rag_validation_generator_critic_repair/case_01_healthcare_portal/run_01.puml,dataset/case_01_healthcare_portal/diagram.puml,sentence-transformers/all-MiniLM-L6-v2,0.800000,,"[""Apply"",""Cash"",""Check fitness"",""Facilities"",""Feedback"",""Finance"",""Login"",""Logout"",""News and Experts"",""Payment"",""Register"",""Symptoms checker""]",[],[],"[""Apply"",""Cash"",""Check fitness"",""Facilities"",""Feedback"",""Finance"",""Login"",""Logout"",""News and Experts"",""Payment"",""Register"",""Symptoms checker""]",[],12,0,0,12,0,0.0,0.0,0.0
Qwen_2.5_7B,baseline_repair,case_01_healthcare_portal,results/plantuml_pipeline_run2/runs/open_source__qwen25_7b_instruct__rag_validation_generator_critic_repair/case_01_healthcare_portal/run_01.puml,dataset/case_01_healthcare_portal/diagram.puml,sentence-transformers/all-MiniLM-L6-v2,0.800000,,"[""Apply"",""Cash"",""Check fitness"",""Facilities"",""Feedback"",""Finance"",""Login"",""Logout"",""News and Experts"",""Payment"",""Register"",""Symptoms checker""]","[""CashDetails"",""FacilityAccess"",""FeedbackCollection"",""InsurancePayment"",""InsuranceProcessing"",""Login"",""Logout"",""NewsAndContent"",""PaymentSelection"",""Registration"",""SessionContinuation"",""SymptomChecker""]","[{""ground_truth_state"":""Login"",""candidate_state"":""Login"",""ground_truth_normalized"":""login"",""candidate_normalized"":""login"",""similarity"":1.0,""match_type"":""exact_normalized""},{""ground_truth_state"":""Logout"",""candidate_state"":""Logout"",""ground_truth_normalized"":""logout"",""candidate_normalized"":""logout"",""similarity"":1.0,""match_type"":""exact_normalized""},{""ground_truth_state"":""Register"",""candidate_state"":""Registration"",""ground_truth_normalized"":""registration"",""candidate_normalized"":""registration"",""similarity"":1.0,""match_type"":""exact_normalized""},{""ground_truth_state"":""Symptoms checker"",""candidate_state"":""SymptomChecker"",""ground_truth_normalized"":""symptoms checker"",""candidate_normalized"":""symptoms checker"",""similarity"":1.0,""match_type"":""exact_normalized""}]","[""Apply"",""Cash"",""Check fitness"",""Facilities"",""Feedback"",""Finance"",""News and Experts"",""Payment""]","[""CashDetails"",""FacilityAccess"",""FeedbackCollection"",""InsurancePayment"",""InsuranceProcessing"",""NewsAndContent"",""PaymentSelection"",""SessionContinuation""]",12,12,4,8,8,0.333333,0.333333,0.333333
DeepSeek_R1_14B,baseline_repair,case_02_inventory,results/plantuml_pipeline_run2/runs/open_source__deepseek_r1_14b__few_shot_validation_generator_critic_repair/case_02_inventory/run_01.puml,dataset/case_02_inventory/diagram.puml,sentence-transformers/all-MiniLM-L6-v2,0.800000,,"[""Add Goods"",""Authentication Login"",""Cancel Receipt"",""Customer Request"",""Dashboard"",""Remove Goods"",""Edit Goods"",""Expired Goods"",""Final State"",""Invoice Generation"",""Place Order"",""Receipt Generation"",""Replace Item"",""Search Item"",""Tax Generation"",""View Summary Report""]","[""End"",""Start""]",[],"[""Add Goods"",""Authentication Login"",""Cancel Receipt"",""Customer Request"",""Dashboard"",""Remove Goods"",""Edit Goods"",""Expired Goods"",""Final State"",""Invoice Generation"",""Place Order"",""Receipt Generation"",""Replace Item"",""Search Item"",""Tax Generation"",""View Summary Report""]","[""End"",""Start""]",16,2,0,16,2,0.0,0.0,0.0
Llama_3.1_8B,baseline_repair,case_02_inventory,results/plantuml_pipeline_run2/runs/open_source__llama31_8b_instruct__few_shot_validation_generator_critic_repair/case_02_inventory/run_01.puml,dataset/case_02_inventory/diagram.puml,sentence-transformers/all-MiniLM-L6-v2,0.800000,,"[""Add Goods"",""Authentication Login"",""Cancel Receipt"",""Customer Request"",""Dashboard"",""Remove Goods"",""Edit Goods"",""Expired Goods"",""Final State"",""Invoice Generation"",""Place Order"",""Receipt Generation"",""Replace Item"",""Search Item"",""Tax Generation"",""View Summary Report""]","[""Add Goods"",""Calculate Discount Tax"",""Cancel Receipt"",""Remove Goods"",""Remove Item"",""Identify Expired"",""Initial"",""Notify User"",""Place Order"",""Record Requests"",""Replace Item"",""Generate Receipt"",""Search Items"",""Select Items"",""Update database"",""Update Inventory"",""Update Price"",""View Summary Report""]","[{""ground_truth_state"":""Add Goods"",""candidate_state"":""Add Goods"",""ground_truth_normalized"":""add goods"",""candidate_normalized"":""add goods"",""similarity"":1.0,""match_type"":""exact_normalized""},{""ground_truth_state"":""Cancel Receipt"",""candidate_state"":""Cancel Receipt"",""ground_truth_normalized"":""cancel receipt"",""candidate_normalized"":""cancel receipt"",""similarity"":1.0,""match_type"":""exact_normalized""},{""ground_truth_state"":""Remove Goods"",""candidate_state"":""Remove Goods"",""ground_truth_normalized"":""delete goods"",""candidate_normalized"":""delete goods"",""similarity"":1.0,""match_type"":""exact_normalized""},{""ground_truth_state"":""Place Order"",""candidate_state"":""Place Order"",""ground_truth_normalized"":""place order"",""candidate_normalized"":""place order"",""similarity"":1.0,""match_type"":""exact_normalized""},{""ground_truth_state"":""Replace Item"",""candidate_state"":""Replace Item"",""ground_truth_normalized"":""replace item"",""candidate_normalized"":""replace item"",""similarity"":1.0,""match_type"":""exact_normalized""},{""ground_truth_state"":""Search Item"",""candidate_state"":""Search Items"",""ground_truth_normalized"":""search item"",""candidate_normalized"":""search items"",""similarity"":0.946636,""match_type"":""strict""},{""ground_truth_state"":""View Summary Report"",""candidate_state"":""View Summary Report"",""ground_truth_normalized"":""view summary report"",""candidate_normalized"":""view summary report"",""similarity"":1.0,""match_type"":""exact_normalized""}]","[""Authentication Login"",""Customer Request"",""Dashboard"",""Edit Goods"",""Expired Goods"",""Final State"",""Invoice Generation"",""Receipt Generation"",""Tax Generation""]","[""Calculate Discount Tax"",""Remove Item"",""Identify Expired"",""Initial"",""Notify User"",""Record Requests"",""Generate Receipt"",""Select Items"",""Update database"",""Update Inventory"",""Update Price""]",16,18,7,9,11,0.388889,0.4375,0.411765
Mistral,baseline_repair,case_02_inventory,results/plantuml_pipeline_run2/runs/open_source__mistral__rag_validation_generator_critic_repair/case_02_inventory/run_01.puml,dataset/case_02_inventory/diagram.puml,sentence-transformers/all-MiniLM-L6-v2,0.800000,,"[""Add Goods"",""Authentication Login"",""Cancel Receipt"",""Customer Request"",""Dashboard"",""Remove Goods"",""Edit Goods"",""Expired Goods"",""Final State"",""Invoice Generation"",""Place Order"",""Receipt Generation"",""Replace Item"",""Search Item"",""Tax Generation"",""View Summary Report""]","[""CustomerDashboard"",""CustomerRegistration"",""InventoryManagement"",""OrderManagement"",""PaymentProcessing""]","[{""ground_truth_state"":""Dashboard"",""candidate_state"":""CustomerDashboard"",""ground_truth_normalized"":""dashboard"",""candidate_normalized"":""customer dashboard"",""similarity"":0.804349,""match_type"":""strict""}]","[""Add Goods"",""Authentication Login"",""Cancel Receipt"",""Customer Request"",""Remove Goods"",""Edit Goods"",""Expired Goods"",""Final State"",""Invoice Generation"",""Place Order"",""Receipt Generation"",""Replace Item"",""Search Item"",""Tax Generation"",""View Summary Report""]","[""CustomerRegistration"",""InventoryManagement"",""OrderManagement"",""PaymentProcessing""]",16,5,1,15,4,0.2,0.0625,0.095238
Qwen_2.5_7B,baseline_repair,case_02_inventory,results/plantuml_pipeline_run2/runs/open_source__qwen25_7b_instruct__rag_validation_generator_critic_repair/case_02_inventory/run_01.puml,dataset/case_02_inventory/diagram.puml,sentence-transformers/all-MiniLM-L6-v2,0.800000,,"[""Add Goods"",""Authentication Login"",""Cancel Receipt"",""Customer Request"",""Dashboard"",""Remove Goods"",""Edit Goods"",""Expired Goods"",""Final State"",""Invoice Generation"",""Place Order"",""Receipt Generation"",""Replace Item"",""Search Item"",""Tax Generation"",""View Summary Report""]","[""CustomerRegistration"",""InventoryManagement"",""OrderPlacement"",""Reporting""]","[{""ground_truth_state"":""Place Order"",""candidate_state"":""OrderPlacement"",""ground_truth_normalized"":""place order"",""candidate_normalized"":""order placement"",""similarity"":0.814727,""match_type"":""strict""}]","[""Add Goods"",""Authentication Login"",""Cancel Receipt"",""Customer Request"",""Dashboard"",""Remove Goods"",""Edit Goods"",""Expired Goods"",""Final State"",""Invoice Generation"",""Receipt Generation"",""Replace Item"",""Search Item"",""Tax Generation"",""View Summary Report""]","[""CustomerRegistration"",""InventoryManagement"",""Reporting""]",16,4,1,15,3,0.25,0.0625,0.1
DeepSeek_R1_14B,baseline_repair,case_12_business_process_outsourcing_bpo_management_system_2,results/plantuml_pipeline_run2/runs/open_source__deepseek_r1_14b__few_shot_validation_generator_critic_repair/case_12_business_process_outsourcing_bpo_management_system_2/run_01.puml,dataset/case_12_business_process_outsourcing_bpo_management_system_2/diagram.puml,sentence-transformers/all-MiniLM-L6-v2,0.800000,,"[""search and display"",""Search users"",""Choose category"",""Choose rate range""]","[""Initial"",""SearchByCategory"",""SearchByPriceRange"",""DisplayMatchingUsers""]",[],"[""search and display"",""Search users"",""Choose category"",""Choose rate range""]","[""Initial"",""SearchByCategory"",""SearchByPriceRange"",""DisplayMatchingUsers""]",4,4,0,4,4,0.0,0.0,0.0
Llama_3.1_8B,baseline_repair,case_12_business_process_outsourcing_bpo_management_system_2,results/plantuml_pipeline_run2/runs/open_source__llama31_8b_instruct__few_shot_validation_generator_critic_repair/case_12_business_process_outsourcing_bpo_management_system_2/run_01.puml,dataset/case_12_business_process_outsourcing_bpo_management_system_2/diagram.puml,sentence-transformers/all-MiniLM-L6-v2,0.800000,,"[""search and display"",""Search users"",""Choose category"",""Choose rate range""]","[""Filter Selection"",""Search Results""]",[],"[""search and display"",""Search users"",""Choose category"",""Choose rate range""]","[""Filter Selection"",""Search Results""]",4,2,0,4,2,0.0,0.0,0.0
Mistral,baseline_repair,case_12_business_process_outsourcing_bpo_management_system_2,results/plantuml_pipeline_run2/runs/open_source__mistral__rag_validation_generator_critic_repair/case_12_business_process_outsourcing_bpo_management_system_2/run_01.puml,dataset/case_12_business_process_outsourcing_bpo_management_system_2/diagram.puml,sentence-transformers/all-MiniLM-L6-v2,0.800000,,"[""search and display"",""Search users"",""Choose category"",""Choose rate range""]","[""ChangePassword"",""Enter new password"",""Enter old password"",""Login"",""Project"",""Registration"",""User""]",[],"[""search and display"",""Search users"",""Choose category"",""Choose rate range""]","[""ChangePassword"",""Enter new password"",""Enter old password"",""Login"",""Project"",""Registration"",""User""]",4,7,0,4,7,0.0,0.0,0.0
Qwen_2.5_7B,baseline_repair,case_12_business_process_outsourcing_bpo_management_system_2,results/plantuml_pipeline_run2/runs/open_source__qwen25_7b_instruct__rag_validation_generator_critic_repair/case_12_business_process_outsourcing_bpo_management_system_2/run_01.puml,dataset/case_12_business_process_outsourcing_bpo_management_system_2/diagram.puml,sentence-transformers/all-MiniLM-L6-v2,0.800000,,"[""search and display"",""Search users"",""Choose category"",""Choose rate range""]","[""AcceptOrDeclineRequest"",""BPOUpdateProgress"",""ClientDecision"",""MakePayment"",""RestartProcess"",""SaveProjectDetails"",""SearchFilterCategory"",""SearchPriceRange"",""SearchProjectCategory"",""TrackProjectProgress"",""UploadFinalProject"",""UploadRequest"",""DisplayMatchingProjects"",""DisplayMatchingUsers""]",[],"[""search and display"",""Search users"",""Choose category"",""Choose rate range""]","[""AcceptOrDeclineRequest"",""BPOUpdateProgress"",""ClientDecision"",""MakePayment"",""RestartProcess"",""SaveProjectDetails"",""SearchFilterCategory"",""SearchPriceRange"",""SearchProjectCategory"",""TrackProjectProgress"",""UploadFinalProject"",""UploadRequest"",""DisplayMatchingProjects"",""DisplayMatchingUsers""]",4,14,0,4,14,0.0,0.0,0.0
DeepSeek_R1_14B,baseline_repair,case_15_e_ticketing_for_bus,results/plantuml_pipeline_run2/runs/open_source__deepseek_r1_14b__few_shot_validation_generator_critic_repair/case_15_e_ticketing_for_bus/run_01.puml,dataset/case_15_e_ticketing_for_bus/diagram.puml,sentence-transformers/all-MiniLM-L6-v2,0.800000,,"[""CheckStatus"",""Confirmation"",""Login"",""LoginStart"",""Logout"",""ManageAccount"",""Payment"",""Register"",""Reservation""]","[""AccountManagement"",""LoggedIn"",""LoggedOut"",""Registered"",""TicketBooking"",""Unregistered""]","[{""ground_truth_state"":""Login"",""candidate_state"":""LoggedIn"",""ground_truth_normalized"":""login"",""candidate_normalized"":""login"",""similarity"":1.0,""match_type"":""exact_normalized""},{""ground_truth_state"":""Logout"",""candidate_state"":""LoggedOut"",""ground_truth_normalized"":""logout"",""candidate_normalized"":""logout"",""similarity"":1.0,""match_type"":""exact_normalized""},{""ground_truth_state"":""ManageAccount"",""candidate_state"":""AccountManagement"",""ground_truth_normalized"":""manage account"",""candidate_normalized"":""account management"",""similarity"":0.851373,""match_type"":""strict""},{""ground_truth_state"":""Register"",""candidate_state"":""Registered"",""ground_truth_normalized"":""registration"",""candidate_normalized"":""registration"",""similarity"":1.0,""match_type"":""exact_normalized""}]","[""CheckStatus"",""Confirmation"",""LoginStart"",""Payment"",""Reservation""]","[""TicketBooking"",""Unregistered""]",9,6,4,5,2,0.666667,0.444444,0.533333
Llama_3.1_8B,baseline_repair,case_15_e_ticketing_for_bus,results/plantuml_pipeline_run2/runs/open_source__llama31_8b_instruct__few_shot_validation_generator_critic_repair/case_15_e_ticketing_for_bus/run_01.puml,dataset/case_15_e_ticketing_for_bus/diagram.puml,sentence-transformers/all-MiniLM-L6-v2,0.800000,,"[""CheckStatus"",""Confirmation"",""Login"",""LoginStart"",""Logout"",""ManageAccount"",""Payment"",""Register"",""Reservation""]","[""Book ticket"",""Check ticket status"",""Login"",""Logout"",""ManageAccountDetails"",""Payment"",""Create account"",""Validate registration""]","[{""ground_truth_state"":""Login"",""candidate_state"":""Login"",""ground_truth_normalized"":""login"",""candidate_normalized"":""login"",""similarity"":1.0,""match_type"":""exact_normalized""},{""ground_truth_state"":""Logout"",""candidate_state"":""Logout"",""ground_truth_normalized"":""logout"",""candidate_normalized"":""logout"",""similarity"":1.0,""match_type"":""exact_normalized""},{""ground_truth_state"":""ManageAccount"",""candidate_state"":""ManageAccountDetails"",""ground_truth_normalized"":""manage account"",""candidate_normalized"":""manage account details"",""similarity"":0.876679,""match_type"":""strict""},{""ground_truth_state"":""Payment"",""candidate_state"":""Payment"",""ground_truth_normalized"":""payment"",""candidate_normalized"":""payment"",""similarity"":1.0,""match_type"":""exact_normalized""},{""ground_truth_state"":""Register"",""candidate_state"":""Create account"",""ground_truth_normalized"":""registration"",""candidate_normalized"":""registration"",""similarity"":1.0,""match_type"":""exact_normalized""}]","[""CheckStatus"",""Confirmation"",""LoginStart"",""Reservation""]","[""Book ticket"",""Check ticket status"",""Validate registration""]",9,8,5,4,3,0.625,0.555556,0.588235
Mistral,baseline_repair,case_15_e_ticketing_for_bus,results/plantuml_pipeline_run2/runs/open_source__mistral__rag_validation_generator_critic_repair/case_15_e_ticketing_for_bus/run_01.puml,dataset/case_15_e_ticketing_for_bus/diagram.puml,sentence-transformers/all-MiniLM-L6-v2,0.800000,,"[""CheckStatus"",""Confirmation"",""Login"",""LoginStart"",""Logout"",""ManageAccount"",""Payment"",""Register"",""Reservation""]","[""[continue]"",""AccountManagementChoice"",""BookTicketChoice"",""CheckTicketStatusChoice"",""ConfirmationChoice"",""EditOrDeleteAccountChoice"",""LoggedInChoice"",""LoginChoice"",""LogoutChoice"",""PaymentChoice"",""RegistrationChoice"",""SuccessfulLoginChoice"",""SuccessfulPaymentChoice"",""SuccessfulRegistrationChoice"",""TicketStatusChoice"",""ValidationChoice""]","[{""ground_truth_state"":""Logout"",""candidate_state"":""LogoutChoice"",""ground_truth_normalized"":""logout"",""candidate_normalized"":""logout choice"",""similarity"":0.825721,""match_type"":""strict""},{""ground_truth_state"":""Payment"",""candidate_state"":""PaymentChoice"",""ground_truth_normalized"":""payment"",""candidate_normalized"":""payment choice"",""similarity"":0.807112,""match_type"":""strict""},{""ground_truth_state"":""Register"",""candidate_state"":""RegistrationChoice"",""ground_truth_normalized"":""registration"",""candidate_normalized"":""registration choice"",""similarity"":0.841064,""match_type"":""strict""}]","[""CheckStatus"",""Confirmation"",""Login"",""LoginStart"",""ManageAccount"",""Reservation""]","[""[continue]"",""AccountManagementChoice"",""BookTicketChoice"",""CheckTicketStatusChoice"",""ConfirmationChoice"",""EditOrDeleteAccountChoice"",""LoggedInChoice"",""LoginChoice"",""SuccessfulLoginChoice"",""SuccessfulPaymentChoice"",""SuccessfulRegistrationChoice"",""TicketStatusChoice"",""ValidationChoice""]",9,16,3,6,13,0.1875,0.333333,0.24
Qwen_2.5_7B,baseline_repair,case_15_e_ticketing_for_bus,results/plantuml_pipeline_run2/runs/open_source__qwen25_7b_instruct__rag_validation_generator_critic_repair/case_15_e_ticketing_for_bus/run_01.puml,dataset/case_15_e_ticketing_for_bus/diagram.puml,sentence-transformers/all-MiniLM-L6-v2,0.800000,,"[""CheckStatus"",""Confirmation"",""Login"",""LoginStart"",""Logout"",""ManageAccount"",""Payment"",""Register"",""Reservation""]","[""R8""]",[],"[""CheckStatus"",""Confirmation"",""Login"",""LoginStart"",""Logout"",""ManageAccount"",""Payment"",""Register"",""Reservation""]","[""R8""]",9,1,0,9,1,0.0,0.0,0.0
DeepSeek_R1_14B,baseline_repair,case_16_weather_monitoring_system,results/plantuml_pipeline_run2/runs/open_source__deepseek_r1_14b__few_shot_validation_generator_critic_repair/case_16_weather_monitoring_system/run_01.puml,dataset/case_16_weather_monitoring_system/diagram.puml,sentence-transformers/all-MiniLM-L6-v2,0.800000,,"[""Alert"",""FuturePrediction"",""Graph"",""LiveUpdate"",""login"",""Logout"",""MeasureDewPoint"",""MeasureHumidity"",""MeasurePressure"",""MeasureRainfall"",""MeasureTemperature"",""NewLocation"",""Register"",""UserLocation"",""Display"",""WeatherStatus"",""WeeklyAnalysis""]","[""AdditionalDetails"",""LocationEntered"",""LoggedOut"",""CreateUser"",""RegisteredUser"",""ValidLocation"",""ShowWeather"",""WeatherOptions""]","[{""ground_truth_state"":""Logout"",""candidate_state"":""LoggedOut"",""ground_truth_normalized"":""logout"",""candidate_normalized"":""logout"",""similarity"":1.0,""match_type"":""exact_normalized""}]","[""Alert"",""FuturePrediction"",""Graph"",""LiveUpdate"",""login"",""MeasureDewPoint"",""MeasureHumidity"",""MeasurePressure"",""MeasureRainfall"",""MeasureTemperature"",""NewLocation"",""Register"",""UserLocation"",""Display"",""WeatherStatus"",""WeeklyAnalysis""]","[""AdditionalDetails"",""LocationEntered"",""CreateUser"",""RegisteredUser"",""ValidLocation"",""ShowWeather"",""WeatherOptions""]",17,8,1,16,7,0.125,0.058824,0.08
Llama_3.1_8B,baseline_repair,case_16_weather_monitoring_system,results/plantuml_pipeline_run2/runs/open_source__llama31_8b_instruct__few_shot_validation_generator_critic_repair/case_16_weather_monitoring_system/run_01.puml,dataset/case_16_weather_monitoring_system/diagram.puml,sentence-transformers/all-MiniLM-L6-v2,0.800000,,"[""Alert"",""FuturePrediction"",""Graph"",""LiveUpdate"",""login"",""Logout"",""MeasureDewPoint"",""MeasureHumidity"",""MeasurePressure"",""MeasureRainfall"",""MeasureTemperature"",""NewLocation"",""Register"",""UserLocation"",""Display"",""WeatherStatus"",""WeeklyAnalysis""]","[""Authentication"",""Check Weather"",""End"",""Enter Details"",""Enter Location"",""Enter Member_ID"",""Enter Password"",""Failed Registration"",""Get Account Created"",""Get Additional Info"",""Get Selected Info"",""Get Weather Info"",""Invalid Location"",""Invalid Member_ID or Password"",""Log Out"",""Logout"",""Registration"",""Choose Detail"",""Select Option"",""Select Weather Option"",""StartJoin"",""Successful Login"",""View Additional Details""]","[{""ground_truth_state"":""Logout"",""candidate_state"":""Log Out"",""ground_truth_normalized"":""logout"",""candidate_normalized"":""logout"",""similarity"":1.0,""match_type"":""exact_normalized""},{""ground_truth_state"":""Register"",""candidate_state"":""Registration"",""ground_truth_normalized"":""registration"",""candidate_normalized"":""registration"",""similarity"":1.0,""match_type"":""exact_normalized""}]","[""Alert"",""FuturePrediction"",""Graph"",""LiveUpdate"",""login"",""MeasureDewPoint"",""MeasureHumidity"",""MeasurePressure"",""MeasureRainfall"",""MeasureTemperature"",""NewLocation"",""UserLocation"",""Display"",""WeatherStatus"",""WeeklyAnalysis""]","[""Authentication"",""Check Weather"",""End"",""Enter Details"",""Enter Location"",""Enter Member_ID"",""Enter Password"",""Failed Registration"",""Get Account Created"",""Get Additional Info"",""Get Selected Info"",""Get Weather Info"",""Invalid Location"",""Invalid Member_ID or Password"",""Logout"",""Choose Detail"",""Select Option"",""Select Weather Option"",""StartJoin"",""Successful Login"",""View Additional Details""]",17,23,2,15,21,0.086957,0.117647,0.1
Mistral,baseline_repair,case_16_weather_monitoring_system,results/plantuml_pipeline_run2/runs/open_source__mistral__rag_validation_generator_critic_repair/case_16_weather_monitoring_system/run_01.puml,dataset/case_16_weather_monitoring_system/diagram.puml,sentence-transformers/all-MiniLM-L6-v2,0.800000,,"[""Alert"",""FuturePrediction"",""Graph"",""LiveUpdate"",""login"",""Logout"",""MeasureDewPoint"",""MeasureHumidity"",""MeasurePressure"",""MeasureRainfall"",""MeasureTemperature"",""NewLocation"",""Register"",""UserLocation"",""Display"",""WeatherStatus"",""WeeklyAnalysis""]","[""DetailsView"",""DewPoint"",""EndProcess"",""EndRegistration"",""EndSession"",""Humidity"",""InvalidLocation"",""CheckLocation"",""Logout"",""NewUser"",""Pressure"",""Rainfall"",""Registration"",""RegisteredUser"",""SaveInfo"",""Temperature"",""ValidLocation"",""WeatherSelection""]","[{""ground_truth_state"":""Logout"",""candidate_state"":""Logout"",""ground_truth_normalized"":""logout"",""candidate_normalized"":""logout"",""similarity"":1.0,""match_type"":""exact_normalized""},{""ground_truth_state"":""MeasureDewPoint"",""candidate_state"":""DewPoint"",""ground_truth_normalized"":""measure dew point"",""candidate_normalized"":""dew point"",""similarity"":0.806935,""match_type"":""strict""},{""ground_truth_state"":""MeasureRainfall"",""candidate_state"":""Rainfall"",""ground_truth_normalized"":""measure rainfall"",""candidate_normalized"":""rainfall"",""similarity"":0.802668,""match_type"":""strict""},{""ground_truth_state"":""Register"",""candidate_state"":""Registration"",""ground_truth_normalized"":""registration"",""candidate_normalized"":""registration"",""similarity"":1.0,""match_type"":""exact_normalized""}]","[""Alert"",""FuturePrediction"",""Graph"",""LiveUpdate"",""login"",""MeasureHumidity"",""MeasurePressure"",""MeasureTemperature"",""NewLocation"",""UserLocation"",""Display"",""WeatherStatus"",""WeeklyAnalysis""]","[""DetailsView"",""EndProcess"",""EndRegistration"",""EndSession"",""Humidity"",""InvalidLocation"",""CheckLocation"",""NewUser"",""Pressure"",""RegisteredUser"",""SaveInfo"",""Temperature"",""ValidLocation"",""WeatherSelection""]",17,18,4,13,14,0.222222,0.235294,0.228571
Qwen_2.5_7B,baseline_repair,case_16_weather_monitoring_system,results/plantuml_pipeline_run2/runs/open_source__qwen25_7b_instruct__rag_validation_generator_critic_repair/case_16_weather_monitoring_system/run_01.puml,dataset/case_16_weather_monitoring_system/diagram.puml,sentence-transformers/all-MiniLM-L6-v2,0.800000,,"[""Alert"",""FuturePrediction"",""Graph"",""LiveUpdate"",""login"",""Logout"",""MeasureDewPoint"",""MeasureHumidity"",""MeasurePressure"",""MeasureRainfall"",""MeasureTemperature"",""NewLocation"",""Register"",""UserLocation"",""Display"",""WeatherStatus"",""WeeklyAnalysis""]","[""AccountCreated"",""CheckWeather"",""DetailsChosen"",""EndProcess"",""EndSession"",""ExistingUser"",""LocationValid"",""LoginSuccess"",""MainMenu"",""CreateAccount"",""ViewDetails"",""ShowWeatherInfo"",""WeatherInfoSelected""]","[{""ground_truth_state"":""Register"",""candidate_state"":""CreateAccount"",""ground_truth_normalized"":""registration"",""candidate_normalized"":""registration"",""similarity"":1.0,""match_type"":""exact_normalized""},{""ground_truth_state"":""Display"",""candidate_state"":""ViewDetails"",""ground_truth_normalized"":""view"",""candidate_normalized"":""view details"",""similarity"":0.833217,""match_type"":""strict""}]","[""Alert"",""FuturePrediction"",""Graph"",""LiveUpdate"",""login"",""Logout"",""MeasureDewPoint"",""MeasureHumidity"",""MeasurePressure"",""MeasureRainfall"",""MeasureTemperature"",""NewLocation"",""UserLocation"",""WeatherStatus"",""WeeklyAnalysis""]","[""AccountCreated"",""CheckWeather"",""DetailsChosen"",""EndProcess"",""EndSession"",""ExistingUser"",""LocationValid"",""LoginSuccess"",""MainMenu"",""ShowWeatherInfo"",""WeatherInfoSelected""]",17,13,2,15,11,0.153846,0.117647,0.133333
DeepSeek_R1_14B,baseline_repair,case_18_digidoclocker,results/plantuml_pipeline_run2/runs/open_source__deepseek_r1_14b__few_shot_validation_generator_critic_repair/case_18_digidoclocker/run_01.puml,dataset/case_18_digidoclocker/diagram.puml,sentence-transformers/all-MiniLM-L6-v2,0.800000,,"[""Apply for a Certificate"",""Certificate Sent to User"",""Digitlocker provides the Certificate"",""Login"",""Registrar asks a Certificate for verification"",""Registration"",""Upload a Document"",""validate the Type of User"",""View Profile""]","[""LoggedIn"",""LoggedOut""]","[{""ground_truth_state"":""Login"",""candidate_state"":""LoggedIn"",""ground_truth_normalized"":""login"",""candidate_normalized"":""login"",""similarity"":1.0,""match_type"":""exact_normalized""}]","[""Apply for a Certificate"",""Certificate Sent to User"",""Digitlocker provides the Certificate"",""Registrar asks a Certificate for verification"",""Registration"",""Upload a Document"",""validate the Type of User"",""View Profile""]","[""LoggedOut""]",9,2,1,8,1,0.5,0.111111,0.181818
Llama_3.1_8B,baseline_repair,case_18_digidoclocker,results/plantuml_pipeline_run2/runs/open_source__llama31_8b_instruct__few_shot_validation_generator_critic_repair/case_18_digidoclocker/run_01.puml,dataset/case_18_digidoclocker/diagram.puml,sentence-transformers/all-MiniLM-L6-v2,0.800000,,"[""Apply for a Certificate"",""Certificate Sent to User"",""Digitlocker provides the Certificate"",""Login"",""Registrar asks a Certificate for verification"",""Registration"",""Upload a Document"",""validate the Type of User"",""View Profile""]","[""Certificate Application"",""Citizen Login"",""Citizen Profile"",""Citizen Registration"",""Document Upload"",""EndSession"",""Initial"",""Multiple Certificate Request"",""Reapply for Certificate"",""Registrar Request""]","[{""ground_truth_state"":""Apply for a Certificate"",""candidate_state"":""Certificate Application"",""ground_truth_normalized"":""apply for a certificate"",""candidate_normalized"":""apply certificate"",""similarity"":0.960818,""match_type"":""strict""},{""ground_truth_state"":""Upload a Document"",""candidate_state"":""Document Upload"",""ground_truth_normalized"":""upload a document"",""candidate_normalized"":""document upload"",""similarity"":0.958088,""match_type"":""strict""}]","[""Certificate Sent to User"",""Digitlocker provides the Certificate"",""Login"",""Registrar asks a Certificate for verification"",""Registration"",""validate the Type of User"",""View Profile""]","[""Citizen Login"",""Citizen Profile"",""Citizen Registration"",""EndSession"",""Initial"",""Multiple Certificate Request"",""Reapply for Certificate"",""Registrar Request""]",9,10,2,7,8,0.2,0.222222,0.210526
Mistral,baseline_repair,case_18_digidoclocker,results/plantuml_pipeline_run2/runs/open_source__mistral__rag_validation_generator_critic_repair/case_18_digidoclocker/run_01.puml,dataset/case_18_digidoclocker/diagram.puml,sentence-transformers/all-MiniLM-L6-v2,0.800000,,"[""Apply for a Certificate"",""Certificate Sent to User"",""Digitlocker provides the Certificate"",""Login"",""Registrar asks a Certificate for verification"",""Registration"",""Upload a Document"",""validate the Type of User"",""View Profile""]","[""Citizen"",""Login"",""LoggedOut"",""Registration"",""RegisteredCitizen""]","[{""ground_truth_state"":""Login"",""candidate_state"":""Login"",""ground_truth_normalized"":""login"",""candidate_normalized"":""login"",""similarity"":1.0,""match_type"":""exact_normalized""},{""ground_truth_state"":""Registration"",""candidate_state"":""Registration"",""ground_truth_normalized"":""registration"",""candidate_normalized"":""registration"",""similarity"":1.0,""match_type"":""exact_normalized""}]","[""Apply for a Certificate"",""Certificate Sent to User"",""Digitlocker provides the Certificate"",""Registrar asks a Certificate for verification"",""Upload a Document"",""validate the Type of User"",""View Profile""]","[""Citizen"",""LoggedOut"",""RegisteredCitizen""]",9,5,2,7,3,0.4,0.222222,0.285714
Qwen_2.5_7B,baseline_repair,case_18_digidoclocker,results/plantuml_pipeline_run2/runs/open_source__qwen25_7b_instruct__rag_validation_generator_critic_repair/case_18_digidoclocker/run_01.puml,dataset/case_18_digidoclocker/diagram.puml,sentence-transformers/all-MiniLM-L6-v2,0.800000,,"[""Apply for a Certificate"",""Certificate Sent to User"",""Digitlocker provides the Certificate"",""Login"",""Registrar asks a Certificate for verification"",""Registration"",""Upload a Document"",""validate the Type of User"",""View Profile""]","[""CitizenActions"",""CitizenLogin"",""RegistrarRequest"",""Registration""]","[{""ground_truth_state"":""Registration"",""candidate_state"":""Registration"",""ground_truth_normalized"":""registration"",""candidate_normalized"":""registration"",""similarity"":1.0,""match_type"":""exact_normalized""}]","[""Apply for a Certificate"",""Certificate Sent to User"",""Digitlocker provides the Certificate"",""Login"",""Registrar asks a Certificate for verification"",""Upload a Document"",""validate the Type of User"",""View Profile""]","[""CitizenActions"",""CitizenLogin"",""RegistrarRequest""]",9,4,1,8,3,0.25,0.111111,0.153846
DeepSeek_R1_14B,baseline_repair,case_28_ott_based_system_mini_reel,results/plantuml_pipeline_run2/runs/open_source__deepseek_r1_14b__few_shot_validation_generator_critic_repair/case_28_ott_based_system_mini_reel/run_01.puml,dataset/case_28_ott_based_system_mini_reel/diagram.puml,sentence-transformers/all-MiniLM-L6-v2,0.800000,,"[""Discussion State"",""Account Creation"",""Updation"",""View"",""Show Likes""]","[""AccountCreated"",""AddToLikes"",""BackToListMenu"",""BackToMenu"",""ContinueWatching"",""RemoveFromLikes"",""DiscussionOption"",""FinalState"",""InitialState"",""LikesList"",""LoggedIn"",""Login"",""ExitDiscussion"",""PauseVideo"",""PostComment"",""CreateAccount"",""UploadComplete"",""UploadFailed"",""UploadingVideo"",""ViewComments"",""ViewVideo"",""WatchingVideo""]","[{""ground_truth_state"":""Account Creation"",""candidate_state"":""CreateAccount"",""ground_truth_normalized"":""registration"",""candidate_normalized"":""registration"",""similarity"":1.0,""match_type"":""exact_normalized""}]","[""Discussion State"",""Updation"",""View"",""Show Likes""]","[""AccountCreated"",""AddToLikes"",""BackToListMenu"",""BackToMenu"",""ContinueWatching"",""RemoveFromLikes"",""DiscussionOption"",""FinalState"",""InitialState"",""LikesList"",""LoggedIn"",""Login"",""ExitDiscussion"",""PauseVideo"",""PostComment"",""UploadComplete"",""UploadFailed"",""UploadingVideo"",""ViewComments"",""ViewVideo"",""WatchingVideo""]",5,22,1,4,21,0.045455,0.2,0.074074
Llama_3.1_8B,baseline_repair,case_28_ott_based_system_mini_reel,results/plantuml_pipeline_run2/runs/open_source__llama31_8b_instruct__few_shot_validation_generator_critic_repair/case_28_ott_based_system_mini_reel/run_01.puml,dataset/case_28_ott_based_system_mini_reel/diagram.puml,sentence-transformers/all-MiniLM-L6-v2,0.800000,,"[""Discussion State"",""Account Creation"",""Updation"",""View"",""Show Likes""]","[""Enter discussion option"",""Create account"",""Save to likes list"",""Upload video"",""View saved videos"",""Watch videos""]","[{""ground_truth_state"":""Account Creation"",""candidate_state"":""Create account"",""ground_truth_normalized"":""registration"",""candidate_normalized"":""registration"",""similarity"":1.0,""match_type"":""exact_normalized""}]","[""Discussion State"",""Updation"",""View"",""Show Likes""]","[""Enter discussion option"",""Save to likes list"",""Upload video"",""View saved videos"",""Watch videos""]",5,6,1,4,5,0.166667,0.2,0.181818
Mistral,baseline_repair,case_28_ott_based_system_mini_reel,results/plantuml_pipeline_run2/runs/open_source__mistral__rag_validation_generator_critic_repair/case_28_ott_based_system_mini_reel/run_01.puml,dataset/case_28_ott_based_system_mini_reel/diagram.puml,sentence-transformers/all-MiniLM-L6-v2,0.800000,,"[""Discussion State"",""Account Creation"",""Updation"",""View"",""Show Likes""]","[""AccountCreation_Admin"",""ArticleApproval"",""ArticleRejection"",""ArticleReview"",""BlogsNewsUpdates"",""CaseCategorySelection"",""CaseDetailsEntry"",""EnterDiscussion"",""IncorrectDetails"",""SignIn"",""LoginAttemptInvalid"",""LoggedOut"",""NewCase"",""ProvideFeedback"",""PublishedArticles"",""ReadArticle"",""AccountCreation"",""SaveVideo"",""SearchArticles"",""SetReminder"",""Start"",""UploadDocuments"",""UserProfileManagement"",""ViewSavedVideos"",""WatchVideos""]","[{""ground_truth_state"":""Account Creation"",""candidate_state"":""AccountCreation"",""ground_truth_normalized"":""registration"",""candidate_normalized"":""registration"",""similarity"":1.0,""match_type"":""exact_normalized""}]","[""Discussion State"",""Updation"",""View"",""Show Likes""]","[""AccountCreation_Admin"",""ArticleApproval"",""ArticleRejection"",""ArticleReview"",""BlogsNewsUpdates"",""CaseCategorySelection"",""CaseDetailsEntry"",""EnterDiscussion"",""IncorrectDetails"",""SignIn"",""LoginAttemptInvalid"",""LoggedOut"",""NewCase"",""ProvideFeedback"",""PublishedArticles"",""ReadArticle"",""SaveVideo"",""SearchArticles"",""SetReminder"",""Start"",""UploadDocuments"",""UserProfileManagement"",""ViewSavedVideos"",""WatchVideos""]",5,25,1,4,24,0.04,0.2,0.066667
Qwen_2.5_7B,baseline_repair,case_28_ott_based_system_mini_reel,results/plantuml_pipeline_run2/runs/open_source__qwen25_7b_instruct__rag_validation_generator_critic_repair/case_28_ott_based_system_mini_reel/run_01.puml,dataset/case_28_ott_based_system_mini_reel/diagram.puml,sentence-transformers/all-MiniLM-L6-v2,0.800000,,"[""Discussion State"",""Account Creation"",""Updation"",""View"",""Show Likes""]","[""AccountCreated"",""EnterDiscussion"",""CreateAccount"",""VideoSaved"",""ViewLikesList"",""WatchVideos""]","[{""ground_truth_state"":""Account Creation"",""candidate_state"":""CreateAccount"",""ground_truth_normalized"":""registration"",""candidate_normalized"":""registration"",""similarity"":1.0,""match_type"":""exact_normalized""},{""ground_truth_state"":""Show Likes"",""candidate_state"":""ViewLikesList"",""ground_truth_normalized"":""view likes"",""candidate_normalized"":""view likes list"",""similarity"":0.81801,""match_type"":""strict""}]","[""Discussion State"",""Updation"",""View""]","[""AccountCreated"",""EnterDiscussion"",""VideoSaved"",""WatchVideos""]",5,6,2,3,4,0.333333,0.4,0.363636
DeepSeek_R1_14B,baseline_repair,case_32_e_visa_processing_and_follow_up_system,results/plantuml_pipeline_run2/runs/open_source__deepseek_r1_14b__few_shot_validation_generator_critic_repair/case_32_e_visa_processing_and_follow_up_system/run_01.puml,dataset/case_32_e_visa_processing_and_follow_up_system/diagram.puml,sentence-transformers/all-MiniLM-L6-v2,0.800000,,"[""Apply for Visa"",""Accept Application"",""Accept Visa"",""Cancel Application"",""Check Status"",""Give Feedback"",""Login"",""Log Out"",""Make Payment"",""Modify Details"",""Register"",""Reject Visa"",""Update Status"",""Verify Document Proofs"",""View Details"",""View purpose of application"",""View Status""]","[""ApplicationProcessing"",""Approved"",""CancelApplication"",""CheckStatus"",""GiveFeedback"",""LoggedInMenu"",""Login"",""Logout"",""ModifyDetails"",""Create User Account"",""Rejected"",""ViewDetails"",""ViewPurpose"",""ViewStatus""]","[{""ground_truth_state"":""Cancel Application"",""candidate_state"":""CancelApplication"",""ground_truth_normalized"":""cancel application"",""candidate_normalized"":""cancel application"",""similarity"":1.0,""match_type"":""exact_normalized""},{""ground_truth_state"":""Check Status"",""candidate_state"":""CheckStatus"",""ground_truth_normalized"":""check status"",""candidate_normalized"":""check status"",""similarity"":1.0,""match_type"":""exact_normalized""},{""ground_truth_state"":""Give Feedback"",""candidate_state"":""GiveFeedback"",""ground_truth_normalized"":""give feedback"",""candidate_normalized"":""give feedback"",""similarity"":1.0,""match_type"":""exact_normalized""},{""ground_truth_state"":""Login"",""candidate_state"":""Login"",""ground_truth_normalized"":""login"",""candidate_normalized"":""login"",""similarity"":1.0,""match_type"":""exact_normalized""},{""ground_truth_state"":""Log Out"",""candidate_state"":""Logout"",""ground_truth_normalized"":""logout"",""candidate_normalized"":""logout"",""similarity"":1.0,""match_type"":""exact_normalized""},{""ground_truth_state"":""Modify Details"",""candidate_state"":""ModifyDetails"",""ground_truth_normalized"":""modify details"",""candidate_normalized"":""modify details"",""similarity"":1.0,""match_type"":""exact_normalized""},{""ground_truth_state"":""View Details"",""candidate_state"":""ViewDetails"",""ground_truth_normalized"":""view details"",""candidate_normalized"":""view details"",""similarity"":1.0,""match_type"":""exact_normalized""},{""ground_truth_state"":""View Status"",""candidate_state"":""ViewStatus"",""ground_truth_normalized"":""view status"",""candidate_normalized"":""view status"",""similarity"":1.0,""match_type"":""exact_normalized""}]","[""Apply for Visa"",""Accept Application"",""Accept Visa"",""Make Payment"",""Register"",""Reject Visa"",""Update Status"",""Verify Document Proofs"",""View purpose of application""]","[""ApplicationProcessing"",""Approved"",""LoggedInMenu"",""Create User Account"",""Rejected"",""ViewPurpose""]",17,14,8,9,6,0.571429,0.470588,0.516129
Llama_3.1_8B,baseline_repair,case_32_e_visa_processing_and_follow_up_system,results/plantuml_pipeline_run2/runs/open_source__llama31_8b_instruct__few_shot_validation_generator_critic_repair/case_32_e_visa_processing_and_follow_up_system/run_01.puml,dataset/case_32_e_visa_processing_and_follow_up_system/diagram.puml,sentence-transformers/all-MiniLM-L6-v2,0.800000,,"[""Apply for Visa"",""Accept Application"",""Accept Visa"",""Cancel Application"",""Check Status"",""Give Feedback"",""Login"",""Log Out"",""Make Payment"",""Modify Details"",""Register"",""Reject Visa"",""Update Status"",""Verify Document Proofs"",""View Details"",""View purpose of application"",""View Status""]","[""ApplyVisa"",""CancelApplication"",""CheckStatus"",""GiveFeedback"",""Login"",""Logout"",""ModifyDetails"",""CreateAccount"",""ViewDetails"",""ViewStatus""]","[{""ground_truth_state"":""Apply for Visa"",""candidate_state"":""ApplyVisa"",""ground_truth_normalized"":""apply for visa"",""candidate_normalized"":""apply visa"",""similarity"":0.988276,""match_type"":""strict""},{""ground_truth_state"":""Cancel Application"",""candidate_state"":""CancelApplication"",""ground_truth_normalized"":""cancel application"",""candidate_normalized"":""cancel application"",""similarity"":1.0,""match_type"":""exact_normalized""},{""ground_truth_state"":""Check Status"",""candidate_state"":""CheckStatus"",""ground_truth_normalized"":""check status"",""candidate_normalized"":""check status"",""similarity"":1.0,""match_type"":""exact_normalized""},{""ground_truth_state"":""Give Feedback"",""candidate_state"":""GiveFeedback"",""ground_truth_normalized"":""give feedback"",""candidate_normalized"":""give feedback"",""similarity"":1.0,""match_type"":""exact_normalized""},{""ground_truth_state"":""Login"",""candidate_state"":""Login"",""ground_truth_normalized"":""login"",""candidate_normalized"":""login"",""similarity"":1.0,""match_type"":""exact_normalized""},{""ground_truth_state"":""Log Out"",""candidate_state"":""Logout"",""ground_truth_normalized"":""logout"",""candidate_normalized"":""logout"",""similarity"":1.0,""match_type"":""exact_normalized""},{""ground_truth_state"":""Modify Details"",""candidate_state"":""ModifyDetails"",""ground_truth_normalized"":""modify details"",""candidate_normalized"":""modify details"",""similarity"":1.0,""match_type"":""exact_normalized""},{""ground_truth_state"":""Register"",""candidate_state"":""CreateAccount"",""ground_truth_normalized"":""registration"",""candidate_normalized"":""registration"",""similarity"":1.0,""match_type"":""exact_normalized""},{""ground_truth_state"":""View Details"",""candidate_state"":""ViewDetails"",""ground_truth_normalized"":""view details"",""candidate_normalized"":""view details"",""similarity"":1.0,""match_type"":""exact_normalized""},{""ground_truth_state"":""View Status"",""candidate_state"":""ViewStatus"",""ground_truth_normalized"":""view status"",""candidate_normalized"":""view status"",""similarity"":1.0,""match_type"":""exact_normalized""}]","[""Accept Application"",""Accept Visa"",""Make Payment"",""Reject Visa"",""Update Status"",""Verify Document Proofs"",""View purpose of application""]",[],17,10,10,7,0,1.0,0.588235,0.740741
Mistral,baseline_repair,case_32_e_visa_processing_and_follow_up_system,results/plantuml_pipeline_run2/runs/open_source__mistral__rag_validation_generator_critic_repair/case_32_e_visa_processing_and_follow_up_system/run_01.puml,dataset/case_32_e_visa_processing_and_follow_up_system/diagram.puml,sentence-transformers/all-MiniLM-L6-v2,0.800000,,"[""Apply for Visa"",""Accept Application"",""Accept Visa"",""Cancel Application"",""Check Status"",""Give Feedback"",""Login"",""Log Out"",""Make Payment"",""Modify Details"",""Register"",""Reject Visa"",""Update Status"",""Verify Document Proofs"",""View Details"",""View purpose of application"",""View Status""]","[""CancellationRequest"",""DetailsModification"",""FeedbackGiven"",""LoggedOut"",""Logout"",""StatusCheck"",""StatusView""]","[{""ground_truth_state"":""Check Status"",""candidate_state"":""StatusCheck"",""ground_truth_normalized"":""check status"",""candidate_normalized"":""status check"",""similarity"":0.959944,""match_type"":""strict""},{""ground_truth_state"":""Give Feedback"",""candidate_state"":""FeedbackGiven"",""ground_truth_normalized"":""give feedback"",""candidate_normalized"":""feedback given"",""similarity"":0.842691,""match_type"":""strict""},{""ground_truth_state"":""Log Out"",""candidate_state"":""LoggedOut"",""ground_truth_normalized"":""logout"",""candidate_normalized"":""logout"",""similarity"":1.0,""match_type"":""exact_normalized""},{""ground_truth_state"":""Modify Details"",""candidate_state"":""DetailsModification"",""ground_truth_normalized"":""modify details"",""candidate_normalized"":""details modification"",""similarity"":0.906875,""match_type"":""strict""},{""ground_truth_state"":""View Status"",""candidate_state"":""StatusView"",""ground_truth_normalized"":""view status"",""candidate_normalized"":""status view"",""similarity"":0.943659,""match_type"":""strict""}]","[""Apply for Visa"",""Accept Application"",""Accept Visa"",""Cancel Application"",""Login"",""Make Payment"",""Register"",""Reject Visa"",""Update Status"",""Verify Document Proofs"",""View Details"",""View purpose of application""]","[""CancellationRequest"",""Logout""]",17,7,5,12,2,0.714286,0.294118,0.416667
Qwen_2.5_7B,baseline_repair,case_32_e_visa_processing_and_follow_up_system,results/plantuml_pipeline_run2/runs/open_source__qwen25_7b_instruct__rag_validation_generator_critic_repair/case_32_e_visa_processing_and_follow_up_system/run_01.puml,dataset/case_32_e_visa_processing_and_follow_up_system/diagram.puml,sentence-transformers/all-MiniLM-L6-v2,0.800000,,"[""Apply for Visa"",""Accept Application"",""Accept Visa"",""Cancel Application"",""Check Status"",""Give Feedback"",""Login"",""Log Out"",""Make Payment"",""Modify Details"",""Register"",""Reject Visa"",""Update Status"",""Verify Document Proofs"",""View Details"",""View purpose of application"",""View Status""]","[""AccountCreated"",""ApplicationCancelled"",""DetailsModified"",""DetailsViewed"",""FeedbackGiven"",""LoggedIn"",""LoggedOut"",""StatusChecked"",""VisaApplied"",""VisaStatusViewed""]","[{""ground_truth_state"":""Apply for Visa"",""candidate_state"":""VisaApplied"",""ground_truth_normalized"":""apply for visa"",""candidate_normalized"":""visa applied"",""similarity"":0.891979,""match_type"":""strict""},{""ground_truth_state"":""Check Status"",""candidate_state"":""StatusChecked"",""ground_truth_normalized"":""check status"",""candidate_normalized"":""status checked"",""similarity"":0.846707,""match_type"":""strict""},{""ground_truth_state"":""Give Feedback"",""candidate_state"":""FeedbackGiven"",""ground_truth_normalized"":""give feedback"",""candidate_normalized"":""feedback given"",""similarity"":0.842691,""match_type"":""strict""},{""ground_truth_state"":""Login"",""candidate_state"":""LoggedIn"",""ground_truth_normalized"":""login"",""candidate_normalized"":""login"",""similarity"":1.0,""match_type"":""exact_normalized""},{""ground_truth_state"":""Log Out"",""candidate_state"":""LoggedOut"",""ground_truth_normalized"":""logout"",""candidate_normalized"":""logout"",""similarity"":1.0,""match_type"":""exact_normalized""},{""ground_truth_state"":""Register"",""candidate_state"":""AccountCreated"",""ground_truth_normalized"":""registration"",""candidate_normalized"":""account registration"",""similarity"":0.829525,""match_type"":""strict""},{""ground_truth_state"":""View Details"",""candidate_state"":""DetailsViewed"",""ground_truth_normalized"":""view details"",""candidate_normalized"":""details viewed"",""similarity"":0.867074,""match_type"":""strict""}]","[""Accept Application"",""Accept Visa"",""Cancel Application"",""Make Payment"",""Modify Details"",""Reject Visa"",""Update Status"",""Verify Document Proofs"",""View purpose of application"",""View Status""]","[""ApplicationCancelled"",""DetailsModified"",""VisaStatusViewed""]",17,10,7,10,3,0.7,0.411765,0.518519
DeepSeek_R1_14B,baseline_repair,case_33_farm_management_system,results/plantuml_pipeline_run2/runs/open_source__deepseek_r1_14b__few_shot_validation_generator_critic_repair/case_33_farm_management_system/run_01.puml,dataset/case_33_farm_management_system/diagram.puml,sentence-transformers/all-MiniLM-L6-v2,0.800000,,"[""labour availability"",""labour availability view"",""logout"",""market conditions"",""market conditions report"",""pest control techniques"",""pestcontrol"",""soil condition"",""soil condition view"",""user home"",""user login"",""weather insights"",""weather insights view""]","[""EndSession"",""LabourAvailability"",""Login"",""MainMenu"",""MarketConditions"",""PestControlPhoto"",""PestControlTechniques"",""SoilInfo"",""Start"",""WeatherInsights""]","[{""ground_truth_state"":""labour availability"",""candidate_state"":""LabourAvailability"",""ground_truth_normalized"":""labour availability"",""candidate_normalized"":""labour availability"",""similarity"":1.0,""match_type"":""exact_normalized""},{""ground_truth_state"":""market conditions"",""candidate_state"":""MarketConditions"",""ground_truth_normalized"":""market conditions"",""candidate_normalized"":""market conditions"",""similarity"":1.0,""match_type"":""exact_normalized""},{""ground_truth_state"":""pest control techniques"",""candidate_state"":""PestControlTechniques"",""ground_truth_normalized"":""pest control techniques"",""candidate_normalized"":""pest control techniques"",""similarity"":1.0,""match_type"":""exact_normalized""},{""ground_truth_state"":""user login"",""candidate_state"":""Login"",""ground_truth_normalized"":""user login"",""candidate_normalized"":""login"",""similarity"":0.843187,""match_type"":""strict""},{""ground_truth_state"":""weather insights"",""candidate_state"":""WeatherInsights"",""ground_truth_normalized"":""weather insights"",""candidate_normalized"":""weather insights"",""similarity"":1.0,""match_type"":""exact_normalized""}]","[""labour availability view"",""logout"",""market conditions report"",""pestcontrol"",""soil condition"",""soil condition view"",""user home"",""weather insights view""]","[""EndSession"",""MainMenu"",""PestControlPhoto"",""SoilInfo"",""Start""]",13,10,5,8,5,0.5,0.384615,0.434783
Llama_3.1_8B,baseline_repair,case_33_farm_management_system,results/plantuml_pipeline_run2/runs/open_source__llama31_8b_instruct__few_shot_validation_generator_critic_repair/case_33_farm_management_system/run_01.puml,dataset/case_33_farm_management_system/diagram.puml,sentence-transformers/all-MiniLM-L6-v2,0.800000,,"[""labour availability"",""labour availability view"",""logout"",""market conditions"",""market conditions report"",""pest control techniques"",""pestcontrol"",""soil condition"",""soil condition view"",""user home"",""user login"",""weather insights"",""weather insights view""]","[""Labour Availability"",""Login"",""Logout"",""Main Area"",""Market Conditions"",""Market Report"",""Pest Control Help"",""Pest Control Techniques"",""Soil Information"",""Weather Insights""]","[{""ground_truth_state"":""labour availability"",""candidate_state"":""Labour Availability"",""ground_truth_normalized"":""labour availability"",""candidate_normalized"":""labour availability"",""similarity"":1.0,""match_type"":""exact_normalized""},{""ground_truth_state"":""logout"",""candidate_state"":""Logout"",""ground_truth_normalized"":""logout"",""candidate_normalized"":""logout"",""similarity"":1.0,""match_type"":""exact_normalized""},{""ground_truth_state"":""market conditions"",""candidate_state"":""Market Conditions"",""ground_truth_normalized"":""market conditions"",""candidate_normalized"":""market conditions"",""similarity"":1.0,""match_type"":""exact_normalized""},{""ground_truth_state"":""market conditions report"",""candidate_state"":""Market Report"",""ground_truth_normalized"":""market conditions report"",""candidate_normalized"":""market report"",""similarity"":0.808552,""match_type"":""strict""},{""ground_truth_state"":""pest control techniques"",""candidate_state"":""Pest Control Techniques"",""ground_truth_normalized"":""pest control techniques"",""candidate_normalized"":""pest control techniques"",""similarity"":1.0,""match_type"":""exact_normalized""},{""ground_truth_state"":""user login"",""candidate_state"":""Login"",""ground_truth_normalized"":""user login"",""candidate_normalized"":""login"",""similarity"":0.843187,""match_type"":""strict""},{""ground_truth_state"":""weather insights"",""candidate_state"":""Weather Insights"",""ground_truth_normalized"":""weather insights"",""candidate_normalized"":""weather insights"",""similarity"":1.0,""match_type"":""exact_normalized""}]","[""labour availability view"",""pestcontrol"",""soil condition"",""soil condition view"",""user home"",""weather insights view""]","[""Main Area"",""Pest Control Help"",""Soil Information""]",13,10,7,6,3,0.7,0.538462,0.608696
Mistral,baseline_repair,case_33_farm_management_system,results/plantuml_pipeline_run2/runs/open_source__mistral__rag_validation_generator_critic_repair/case_33_farm_management_system/run_01.puml,dataset/case_33_farm_management_system/diagram.puml,sentence-transformers/all-MiniLM-L6-v2,0.800000,,"[""labour availability"",""labour availability view"",""logout"",""market conditions"",""market conditions report"",""pest control techniques"",""pestcontrol"",""soil condition"",""soil condition view"",""user home"",""user login"",""weather insights"",""weather insights view""]","[""Continue"",""CropSuggestions"",""Error"",""LabourAvailability"",""LabourDetails"",""LoggedOut"",""MainArea"",""MarketConditions"",""MarketReport"",""PestControlHelp"",""PestControlTechniques"",""SoilInfo"",""WeatherDetails"",""WeatherInsights""]","[{""ground_truth_state"":""labour availability"",""candidate_state"":""LabourAvailability"",""ground_truth_normalized"":""labour availability"",""candidate_normalized"":""labour availability"",""similarity"":1.0,""match_type"":""exact_normalized""},{""ground_truth_state"":""logout"",""candidate_state"":""LoggedOut"",""ground_truth_normalized"":""logout"",""candidate_normalized"":""logout"",""similarity"":1.0,""match_type"":""exact_normalized""},{""ground_truth_state"":""market conditions"",""candidate_state"":""MarketConditions"",""ground_truth_normalized"":""market conditions"",""candidate_normalized"":""market conditions"",""similarity"":1.0,""match_type"":""exact_normalized""},{""ground_truth_state"":""market conditions report"",""candidate_state"":""MarketReport"",""ground_truth_normalized"":""market conditions report"",""candidate_normalized"":""market report"",""similarity"":0.808552,""match_type"":""strict""},{""ground_truth_state"":""pest control techniques"",""candidate_state"":""PestControlTechniques"",""ground_truth_normalized"":""pest control techniques"",""candidate_normalized"":""pest control techniques"",""similarity"":1.0,""match_type"":""exact_normalized""},{""ground_truth_state"":""weather insights"",""candidate_state"":""WeatherInsights"",""ground_truth_normalized"":""weather insights"",""candidate_normalized"":""weather insights"",""similarity"":1.0,""match_type"":""exact_normalized""}]","[""labour availability view"",""pestcontrol"",""soil condition"",""soil condition view"",""user home"",""user login"",""weather insights view""]","[""Continue"",""CropSuggestions"",""Error"",""LabourDetails"",""MainArea"",""PestControlHelp"",""SoilInfo"",""WeatherDetails""]",13,14,6,7,8,0.428571,0.461538,0.444444
Qwen_2.5_7B,baseline_repair,case_33_farm_management_system,results/plantuml_pipeline_run2/runs/open_source__qwen25_7b_instruct__rag_validation_generator_critic_repair/case_33_farm_management_system/run_01.puml,dataset/case_33_farm_management_system/diagram.puml,sentence-transformers/all-MiniLM-L6-v2,0.800000,,"[""labour availability"",""labour availability view"",""logout"",""market conditions"",""market conditions report"",""pest control techniques"",""pestcontrol"",""soil condition"",""soil condition view"",""user home"",""user login"",""weather insights"",""weather insights view""]","[""ContinueUsage"",""LabourDetails"",""Logout"",""MainArea"",""MarketConditions"",""MarketReport"",""PestControlHelp"",""PestTechniques"",""PhotoRequired"",""SoilSuggestions"",""WeatherInsights""]","[{""ground_truth_state"":""logout"",""candidate_state"":""Logout"",""ground_truth_normalized"":""logout"",""candidate_normalized"":""logout"",""similarity"":1.0,""match_type"":""exact_normalized""},{""ground_truth_state"":""market conditions"",""candidate_state"":""MarketConditions"",""ground_truth_normalized"":""market conditions"",""candidate_normalized"":""market conditions"",""similarity"":1.0,""match_type"":""exact_normalized""},{""ground_truth_state"":""market conditions report"",""candidate_state"":""MarketReport"",""ground_truth_normalized"":""market conditions report"",""candidate_normalized"":""market report"",""similarity"":0.808552,""match_type"":""strict""},{""ground_truth_state"":""pest control techniques"",""candidate_state"":""PestTechniques"",""ground_truth_normalized"":""pest control techniques"",""candidate_normalized"":""pest techniques"",""similarity"":0.916597,""match_type"":""strict""},{""ground_truth_state"":""weather insights"",""candidate_state"":""WeatherInsights"",""ground_truth_normalized"":""weather insights"",""candidate_normalized"":""weather insights"",""similarity"":1.0,""match_type"":""exact_normalized""}]","[""labour availability"",""labour availability view"",""pestcontrol"",""soil condition"",""soil condition view"",""user home"",""user login"",""weather insights view""]","[""ContinueUsage"",""LabourDetails"",""MainArea"",""PestControlHelp"",""PhotoRequired"",""SoilSuggestions""]",13,11,5,8,6,0.454545,0.384615,0.416667
DeepSeek_R1_14B,baseline_repair,case_34_green_rides,results/plantuml_pipeline_run2/runs/open_source__deepseek_r1_14b__few_shot_validation_generator_critic_repair/case_34_green_rides/run_01.puml,dataset/case_34_green_rides/diagram.puml,sentence-transformers/all-MiniLM-L6-v2,0.800000,,"[""accident"",""details"",""drive mode"",""feedback"",""from and to"",""menu"",""notify"",""order""]","[""AccidentDetectedState"",""AuthoritiesNotifiedState"",""DrivingModeState"",""FeedbackState"",""HungryState"",""JourneyDetailsState"",""OrderPlacedState"",""OtherOptionsState"",""RestaurantMenuState""]",[],"[""accident"",""details"",""drive mode"",""feedback"",""from and to"",""menu"",""notify"",""order""]","[""AccidentDetectedState"",""AuthoritiesNotifiedState"",""DrivingModeState"",""FeedbackState"",""HungryState"",""JourneyDetailsState"",""OrderPlacedState"",""OtherOptionsState"",""RestaurantMenuState""]",8,9,0,8,9,0.0,0.0,0.0
Llama_3.1_8B,baseline_repair,case_34_green_rides,results/plantuml_pipeline_run2/runs/open_source__llama31_8b_instruct__few_shot_validation_generator_critic_repair/case_34_green_rides/run_01.puml,dataset/case_34_green_rides/diagram.puml,sentence-transformers/all-MiniLM-L6-v2,0.800000,,"[""accident"",""details"",""drive mode"",""feedback"",""from and to"",""menu"",""notify"",""order""]","[""Accident"",""Driving Mode"",""Feedback"",""Journey Details"",""Login"",""Menu"",""OrderFood"",""Other Options"",""PlaceToEat""]","[{""ground_truth_state"":""accident"",""candidate_state"":""Accident"",""ground_truth_normalized"":""accident"",""candidate_normalized"":""accident"",""similarity"":1.0,""match_type"":""exact_normalized""},{""ground_truth_state"":""drive mode"",""candidate_state"":""Driving Mode"",""ground_truth_normalized"":""drive mode"",""candidate_normalized"":""driving mode"",""similarity"":0.845288,""match_type"":""strict""},{""ground_truth_state"":""feedback"",""candidate_state"":""Feedback"",""ground_truth_normalized"":""feedback"",""candidate_normalized"":""feedback"",""similarity"":1.0,""match_type"":""exact_normalized""},{""ground_truth_state"":""menu"",""candidate_state"":""Menu"",""ground_truth_normalized"":""menu"",""candidate_normalized"":""menu"",""similarity"":1.0,""match_type"":""exact_normalized""}]","[""details"",""from and to"",""notify"",""order""]","[""Journey Details"",""Login"",""OrderFood"",""Other Options"",""PlaceToEat""]",8,9,4,4,5,0.444444,0.5,0.470588
Mistral,baseline_repair,case_34_green_rides,results/plantuml_pipeline_run2/runs/open_source__mistral__rag_validation_generator_critic_repair/case_34_green_rides/run_01.puml,dataset/case_34_green_rides/diagram.puml,sentence-transformers/all-MiniLM-L6-v2,0.800000,,"[""accident"",""details"",""drive mode"",""feedback"",""from and to"",""menu"",""notify"",""order""]","[""AccidentReporting"",""DrivingModeChoice"",""EatSelection"",""Feedback"",""JourneyDetails"",""Login"",""LoginError"",""LoggedOut"",""MenuView""]","[{""ground_truth_state"":""feedback"",""candidate_state"":""Feedback"",""ground_truth_normalized"":""feedback"",""candidate_normalized"":""feedback"",""similarity"":1.0,""match_type"":""exact_normalized""},{""ground_truth_state"":""menu"",""candidate_state"":""MenuView"",""ground_truth_normalized"":""menu"",""candidate_normalized"":""menu view"",""similarity"":0.806949,""match_type"":""strict""}]","[""accident"",""details"",""drive mode"",""from and to"",""notify"",""order""]","[""AccidentReporting"",""DrivingModeChoice"",""EatSelection"",""JourneyDetails"",""Login"",""LoginError"",""LoggedOut""]",8,9,2,6,7,0.222222,0.25,0.235294
Qwen_2.5_7B,baseline_repair,case_34_green_rides,results/plantuml_pipeline_run2/runs/open_source__qwen25_7b_instruct__rag_validation_generator_critic_repair/case_34_green_rides/run_01.puml,dataset/case_34_green_rides/diagram.puml,sentence-transformers/all-MiniLM-L6-v2,0.800000,,"[""accident"",""details"",""drive mode"",""feedback"",""from and to"",""menu"",""notify"",""order""]","[""AccidentNotification"",""Activate Mode"",""EatPlace"",""Feedback"",""Login"",""NextState"",""Choose Option""]","[{""ground_truth_state"":""feedback"",""candidate_state"":""Feedback"",""ground_truth_normalized"":""feedback"",""candidate_normalized"":""feedback"",""similarity"":1.0,""match_type"":""exact_normalized""}]","[""accident"",""details"",""drive mode"",""from and to"",""menu"",""notify"",""order""]","[""AccidentNotification"",""Activate Mode"",""EatPlace"",""Login"",""NextState"",""Choose Option""]",8,7,1,7,6,0.142857,0.125,0.133333
DeepSeek_R1_14B,baseline_repair,case_37_online_quiz_system,results/plantuml_pipeline_run2/runs/open_source__deepseek_r1_14b__few_shot_validation_generator_critic_repair/case_37_online_quiz_system/run_01.puml,dataset/case_37_online_quiz_system/diagram.puml,sentence-transformers/all-MiniLM-L6-v2,0.800000,,"[""answer quiz"",""answer quiz by student"",""edit quiz"",""feedback"",""new quiz"",""post quiz"",""quiz answer and result"",""Registration or login"",""Create quiz/edit quiz by teacher"",""s2"",""s3"",""save draft"",""select quiz"",""student profile"",""submit"",""Teacher profile"",""view result""]","[""AnsweringQuiz"",""Initial"",""LoggedIn"",""QuizCompleted"",""QuizEdited"",""QuizCreated"",""QuizSelected"",""Student"",""SubmitQuiz"",""Teacher"",""ViewResult""]","[{""ground_truth_state"":""answer quiz"",""candidate_state"":""AnsweringQuiz"",""ground_truth_normalized"":""answer quiz"",""candidate_normalized"":""answering quiz"",""similarity"":0.89004,""match_type"":""strict""},{""ground_truth_state"":""edit quiz"",""candidate_state"":""QuizEdited"",""ground_truth_normalized"":""edit quiz"",""candidate_normalized"":""quiz edited"",""similarity"":0.871085,""match_type"":""strict""},{""ground_truth_state"":""post quiz"",""candidate_state"":""SubmitQuiz"",""ground_truth_normalized"":""post quiz"",""candidate_normalized"":""submit quiz"",""similarity"":0.805518,""match_type"":""strict""},{""ground_truth_state"":""Create quiz/edit quiz by teacher"",""candidate_state"":""QuizCreated"",""ground_truth_normalized"":""registration quiz/edit quiz by teacher"",""candidate_normalized"":""quiz registration"",""similarity"":0.814675,""match_type"":""strict""},{""ground_truth_state"":""select quiz"",""candidate_state"":""QuizSelected"",""ground_truth_normalized"":""select quiz"",""candidate_normalized"":""quiz selected"",""similarity"":0.884981,""match_type"":""strict""},{""ground_truth_state"":""view result"",""candidate_state"":""ViewResult"",""ground_truth_normalized"":""view result"",""candidate_normalized"":""view result"",""similarity"":1.0,""match_type"":""exact_normalized""}]","[""answer quiz by student"",""feedback"",""new quiz"",""quiz answer and result"",""Registration or login"",""s2"",""s3"",""save draft"",""student profile"",""submit"",""Teacher profile""]","[""Initial"",""LoggedIn"",""QuizCompleted"",""Student"",""Teacher""]",17,11,6,11,5,0.545455,0.352941,0.428571
Llama_3.1_8B,baseline_repair,case_37_online_quiz_system,results/plantuml_pipeline_run2/runs/open_source__llama31_8b_instruct__few_shot_validation_generator_critic_repair/case_37_online_quiz_system/run_01.puml,dataset/case_37_online_quiz_system/diagram.puml,sentence-transformers/all-MiniLM-L6-v2,0.800000,,"[""answer quiz"",""answer quiz by student"",""edit quiz"",""feedback"",""new quiz"",""post quiz"",""quiz answer and result"",""Registration or login"",""Create quiz/edit quiz by teacher"",""s2"",""s3"",""save draft"",""select quiz"",""student profile"",""submit"",""Teacher profile"",""view result""]","[""AnswerQuiz"",""Completed"",""LoggedIn"",""PublishQuiz"",""Registered"",""Create new quiz"",""SaveDraft"",""Select a quiz"",""StudentMode"",""Submitted"",""TeacherMode"",""ViewResult""]","[{""ground_truth_state"":""answer quiz"",""candidate_state"":""AnswerQuiz"",""ground_truth_normalized"":""answer quiz"",""candidate_normalized"":""answer quiz"",""similarity"":1.0,""match_type"":""exact_normalized""},{""ground_truth_state"":""Registration or login"",""candidate_state"":""Registered"",""ground_truth_normalized"":""registration or login"",""candidate_normalized"":""registration"",""similarity"":0.801797,""match_type"":""strict""},{""ground_truth_state"":""save draft"",""candidate_state"":""SaveDraft"",""ground_truth_normalized"":""save draft"",""candidate_normalized"":""save draft"",""similarity"":1.0,""match_type"":""exact_normalized""},{""ground_truth_state"":""select quiz"",""candidate_state"":""Select a quiz"",""ground_truth_normalized"":""select quiz"",""candidate_normalized"":""select a quiz"",""similarity"":0.961635,""match_type"":""strict""},{""ground_truth_state"":""submit"",""candidate_state"":""Submitted"",""ground_truth_normalized"":""submit"",""candidate_normalized"":""submit"",""similarity"":1.0,""match_type"":""exact_normalized""},{""ground_truth_state"":""view result"",""candidate_state"":""ViewResult"",""ground_truth_normalized"":""view result"",""candidate_normalized"":""view result"",""similarity"":1.0,""match_type"":""exact_normalized""}]","[""answer quiz by student"",""edit quiz"",""feedback"",""new quiz"",""post quiz"",""quiz answer and result"",""Create quiz/edit quiz by teacher"",""s2"",""s3"",""student profile"",""Teacher profile""]","[""Completed"",""LoggedIn"",""PublishQuiz"",""Create new quiz"",""StudentMode"",""TeacherMode""]",17,12,6,11,6,0.5,0.352941,0.413793
Mistral,baseline_repair,case_37_online_quiz_system,results/plantuml_pipeline_run2/runs/open_source__mistral__rag_validation_generator_critic_repair/case_37_online_quiz_system/run_01.puml,dataset/case_37_online_quiz_system/diagram.puml,sentence-transformers/all-MiniLM-L6-v2,0.800000,,"[""answer quiz"",""answer quiz by student"",""edit quiz"",""feedback"",""new quiz"",""post quiz"",""quiz answer and result"",""Registration or login"",""Create quiz/edit quiz by teacher"",""s2"",""s3"",""save draft"",""select quiz"",""student profile"",""submit"",""Teacher profile"",""view result""]","[""AnswerQuiz"",""EditQuiz"",""LoggedOut"",""PostQuiz"",""CreateQuiz"",""SaveDraft"",""SelectQuiz"",""StartLogin"",""StudentMode"",""SubmitQuiz"",""TeacherMode"",""ViewResultSubmitted"",""ViewResults""]","[{""ground_truth_state"":""answer quiz"",""candidate_state"":""AnswerQuiz"",""ground_truth_normalized"":""answer quiz"",""candidate_normalized"":""answer quiz"",""similarity"":1.0,""match_type"":""exact_normalized""},{""ground_truth_state"":""edit quiz"",""candidate_state"":""EditQuiz"",""ground_truth_normalized"":""edit quiz"",""candidate_normalized"":""edit quiz"",""similarity"":1.0,""match_type"":""exact_normalized""},{""ground_truth_state"":""post quiz"",""candidate_state"":""PostQuiz"",""ground_truth_normalized"":""post quiz"",""candidate_normalized"":""post quiz"",""similarity"":1.0,""match_type"":""exact_normalized""},{""ground_truth_state"":""save draft"",""candidate_state"":""SaveDraft"",""ground_truth_normalized"":""save draft"",""candidate_normalized"":""save draft"",""similarity"":1.0,""match_type"":""exact_normalized""},{""ground_truth_state"":""select quiz"",""candidate_state"":""SelectQuiz"",""ground_truth_normalized"":""select quiz"",""candidate_normalized"":""select quiz"",""similarity"":1.0,""match_type"":""exact_normalized""},{""ground_truth_state"":""view result"",""candidate_state"":""ViewResults"",""ground_truth_normalized"":""view result"",""candidate_normalized"":""view results"",""similarity"":0.934829,""match_type"":""strict""}]","[""answer quiz by student"",""feedback"",""new quiz"",""quiz answer and result"",""Registration or login"",""Create quiz/edit quiz by teacher"",""s2"",""s3"",""student profile"",""submit"",""Teacher profile""]","[""LoggedOut"",""CreateQuiz"",""StartLogin"",""StudentMode"",""SubmitQuiz"",""TeacherMode"",""ViewResultSubmitted""]",17,13,6,11,7,0.461538,0.352941,0.4
Qwen_2.5_7B,baseline_repair,case_37_online_quiz_system,results/plantuml_pipeline_run2/runs/open_source__qwen25_7b_instruct__rag_validation_generator_critic_repair/case_37_online_quiz_system/run_01.puml,dataset/case_37_online_quiz_system/diagram.puml,sentence-transformers/all-MiniLM-L6-v2,0.800000,,"[""answer quiz"",""answer quiz by student"",""edit quiz"",""feedback"",""new quiz"",""post quiz"",""quiz answer and result"",""Registration or login"",""Create quiz/edit quiz by teacher"",""s2"",""s3"",""save draft"",""select quiz"",""student profile"",""submit"",""Teacher profile"",""view result""]","[""AnswerQuiz"",""EditQuiz"",""initial_state"",""LoginDetails"",""RegisterLogin"",""CreateQuiz"",""SaveDraftOrPost"",""SelectQuiz"",""SubmitQuiz"",""ViewResult"",""ViewResults""]","[{""ground_truth_state"":""answer quiz"",""candidate_state"":""AnswerQuiz"",""ground_truth_normalized"":""answer quiz"",""candidate_normalized"":""answer quiz"",""similarity"":1.0,""match_type"":""exact_normalized""},{""ground_truth_state"":""edit quiz"",""candidate_state"":""EditQuiz"",""ground_truth_normalized"":""edit quiz"",""candidate_normalized"":""edit quiz"",""similarity"":1.0,""match_type"":""exact_normalized""},{""ground_truth_state"":""post quiz"",""candidate_state"":""SubmitQuiz"",""ground_truth_normalized"":""post quiz"",""candidate_normalized"":""submit quiz"",""similarity"":0.805518,""match_type"":""strict""},{""ground_truth_state"":""Registration or login"",""candidate_state"":""RegisterLogin"",""ground_truth_normalized"":""registration or login"",""candidate_normalized"":""registration login"",""similarity"":0.908838,""match_type"":""strict""},{""ground_truth_state"":""save draft"",""candidate_state"":""SaveDraftOrPost"",""ground_truth_normalized"":""save draft"",""candidate_normalized"":""save draft or post"",""similarity"":0.882983,""match_type"":""strict""},{""ground_truth_state"":""select quiz"",""candidate_state"":""SelectQuiz"",""ground_truth_normalized"":""select quiz"",""candidate_normalized"":""select quiz"",""similarity"":1.0,""match_type"":""exact_normalized""},{""ground_truth_state"":""view result"",""candidate_state"":""ViewResult"",""ground_truth_normalized"":""view result"",""candidate_normalized"":""view result"",""similarity"":1.0,""match_type"":""exact_normalized""}]","[""answer quiz by student"",""feedback"",""new quiz"",""quiz answer and result"",""Create quiz/edit quiz by teacher"",""s2"",""s3"",""student profile"",""submit"",""Teacher profile""]","[""initial_state"",""LoginDetails"",""CreateQuiz"",""ViewResults""]",17,11,7,10,4,0.636364,0.411765,0.5
DeepSeek_R1_14B,baseline_repair,case_39_website_development,results/plantuml_pipeline_run2/runs/open_source__deepseek_r1_14b__few_shot_validation_generator_critic_repair/case_39_website_development/run_01.puml,dataset/case_39_website_development/diagram.puml,sentence-transformers/all-MiniLM-L6-v2,0.800000,,"[""Available departments"",""Career opportunities"",""Employment/Internship application form"",""History of the firm"",""Homepage"",""News/blog"",""Photos"",""Updates"",""Verification"",""Display Projects"",""Walk-through""]","[""FinalState"",""InitialState""]",[],"[""Available departments"",""Career opportunities"",""Employment/Internship application form"",""History of the firm"",""Homepage"",""News/blog"",""Photos"",""Updates"",""Verification"",""Display Projects"",""Walk-through""]","[""FinalState"",""InitialState""]",11,2,0,11,2,0.0,0.0,0.0
Llama_3.1_8B,baseline_repair,case_39_website_development,results/plantuml_pipeline_run2/runs/open_source__llama31_8b_instruct__few_shot_validation_generator_critic_repair/case_39_website_development/run_01.puml,dataset/case_39_website_development/diagram.puml,sentence-transformers/all-MiniLM-L6-v2,0.800000,,"[""Available departments"",""Career opportunities"",""Employment/Internship application form"",""History of the firm"",""Homepage"",""News/blog"",""Photos"",""Updates"",""Verification"",""Display Projects"",""Walk-through""]","[""Application Form"",""Career Opportunities"",""CheckApplications"",""Homepage"",""Photos"",""Project Details"",""Updates"",""Videos""]","[{""ground_truth_state"":""Career opportunities"",""candidate_state"":""Career Opportunities"",""ground_truth_normalized"":""career opportunities"",""candidate_normalized"":""career opportunities"",""similarity"":1.0,""match_type"":""exact_normalized""},{""ground_truth_state"":""Homepage"",""candidate_state"":""Homepage"",""ground_truth_normalized"":""homepage"",""candidate_normalized"":""homepage"",""similarity"":1.0,""match_type"":""exact_normalized""},{""ground_truth_state"":""Photos"",""candidate_state"":""Photos"",""ground_truth_normalized"":""photos"",""candidate_normalized"":""photos"",""similarity"":1.0,""match_type"":""exact_normalized""},{""ground_truth_state"":""Updates"",""candidate_state"":""Updates"",""ground_truth_normalized"":""updates"",""candidate_normalized"":""updates"",""similarity"":1.0,""match_type"":""exact_normalized""}]","[""Available departments"",""Employment/Internship application form"",""History of the firm"",""News/blog"",""Verification"",""Display Projects"",""Walk-through""]","[""Application Form"",""CheckApplications"",""Project Details"",""Videos""]",11,8,4,7,4,0.5,0.363636,0.421053
Mistral,baseline_repair,case_39_website_development,results/plantuml_pipeline_run2/runs/open_source__mistral__rag_validation_generator_critic_repair/case_39_website_development/run_01.puml,dataset/case_39_website_development/diagram.puml,sentence-transformers/all-MiniLM-L6-v2,0.800000,,"[""Available departments"",""Career opportunities"",""Employment/Internship application form"",""History of the firm"",""Homepage"",""News/blog"",""Photos"",""Updates"",""Verification"",""Display Projects"",""Walk-through""]","[""Alerts"",""Analysis"",""ApplicationForm"",""BlogsAndNewsUpdates"",""CareerOpportunities"",""CompletedRegistration"",""DetailsCheck"",""GovernmentOfficial"",""HealthPlanningResults"",""HealthWorker"",""HealthWorkerDashboard"",""Homepage"",""IncorrectDetails"",""SignIn"",""LoggedOut"",""MedicalInformation"",""NavigationBar"",""PasswordCheck"",""Patient"",""PatientDashboard"",""Photos"",""PlannedActivities"",""Projects"",""AccountCreation"",""Submitted"",""Updates"",""Videos""]","[{""ground_truth_state"":""Career opportunities"",""candidate_state"":""CareerOpportunities"",""ground_truth_normalized"":""career opportunities"",""candidate_normalized"":""career opportunities"",""similarity"":1.0,""match_type"":""exact_normalized""},{""ground_truth_state"":""Homepage"",""candidate_state"":""Homepage"",""ground_truth_normalized"":""homepage"",""candidate_normalized"":""homepage"",""similarity"":1.0,""match_type"":""exact_normalized""},{""ground_truth_state"":""News/blog"",""candidate_state"":""BlogsAndNewsUpdates"",""ground_truth_normalized"":""news/blog"",""candidate_normalized"":""blogs and news updates"",""similarity"":0.80386,""match_type"":""strict""},{""ground_truth_state"":""Photos"",""candidate_state"":""Photos"",""ground_truth_normalized"":""photos"",""candidate_normalized"":""photos"",""similarity"":1.0,""match_type"":""exact_normalized""},{""ground_truth_state"":""Updates"",""candidate_state"":""Updates"",""ground_truth_normalized"":""updates"",""candidate_normalized"":""updates"",""similarity"":1.0,""match_type"":""exact_normalized""}]","[""Available departments"",""Employment/Internship application form"",""History of the firm"",""Verification"",""Display Projects"",""Walk-through""]","[""Alerts"",""Analysis"",""ApplicationForm"",""CompletedRegistration"",""DetailsCheck"",""GovernmentOfficial"",""HealthPlanningResults"",""HealthWorker"",""HealthWorkerDashboard"",""IncorrectDetails"",""SignIn"",""LoggedOut"",""MedicalInformation"",""NavigationBar"",""PasswordCheck"",""Patient"",""PatientDashboard"",""PlannedActivities"",""Projects"",""AccountCreation"",""Submitted"",""Videos""]",11,27,5,6,22,0.185185,0.454545,0.263158
Qwen_2.5_7B,baseline_repair,case_39_website_development,results/plantuml_pipeline_run2/runs/open_source__qwen25_7b_instruct__rag_validation_generator_critic_repair/case_39_website_development/run_01.puml,dataset/case_39_website_development/diagram.puml,sentence-transformers/all-MiniLM-L6-v2,0.800000,,"[""Available departments"",""Career opportunities"",""Employment/Internship application form"",""History of the firm"",""Homepage"",""News/blog"",""Photos"",""Updates"",""Verification"",""Display Projects"",""Walk-through""]","[""ApplicationForm"",""EmploymentUpdate"",""InternshipUpdate"",""OpportunityInfo"",""ProjectInfo"",""Submitted"",""ViewPhotos"",""ViewUpdates"",""ViewVideos""]",[],"[""Available departments"",""Career opportunities"",""Employment/Internship application form"",""History of the firm"",""Homepage"",""News/blog"",""Photos"",""Updates"",""Verification"",""Display Projects"",""Walk-through""]","[""ApplicationForm"",""EmploymentUpdate"",""InternshipUpdate"",""OpportunityInfo"",""ProjectInfo"",""Submitted"",""ViewPhotos"",""ViewUpdates"",""ViewVideos""]",11,9,0,11,9,0.0,0.0,0.0
DeepSeek_R1_14B,baseline_repair,case_41_video_suggestion_system,results/plantuml_pipeline_run2/runs/open_source__deepseek_r1_14b__few_shot_validation_generator_critic_repair/case_41_video_suggestion_system/run_01.puml,dataset/case_41_video_suggestion_system/diagram.puml,sentence-transformers/all-MiniLM-L6-v2,0.800000,,"[""Other Videos watched by similar users"",""Paid Promotion Videos"",""Request Suggestion"",""Retrieve Other Attributes of videos"",""Retrieve Unique Id"",""Similar Genre Videos"",""Similar Tag Videos"",""Suggest Videos"",""Trending Videos""]","[""Adding Details"",""Gathering Suggestions"",""Idle"",""Processing Request"",""Sending Suggestions""]",[],"[""Other Videos watched by similar users"",""Paid Promotion Videos"",""Request Suggestion"",""Retrieve Other Attributes of videos"",""Retrieve Unique Id"",""Similar Genre Videos"",""Similar Tag Videos"",""Suggest Videos"",""Trending Videos""]","[""Adding Details"",""Gathering Suggestions"",""Idle"",""Processing Request"",""Sending Suggestions""]",9,5,0,9,5,0.0,0.0,0.0
Llama_3.1_8B,baseline_repair,case_41_video_suggestion_system,results/plantuml_pipeline_run2/runs/open_source__llama31_8b_instruct__few_shot_validation_generator_critic_repair/case_41_video_suggestion_system/run_01.puml,dataset/case_41_video_suggestion_system/diagram.puml,sentence-transformers/all-MiniLM-L6-v2,0.800000,,"[""Other Videos watched by similar users"",""Paid Promotion Videos"",""Request Suggestion"",""Retrieve Other Attributes of videos"",""Retrieve Unique Id"",""Similar Genre Videos"",""Similar Tag Videos"",""Suggest Videos"",""Trending Videos""]","[""Add Additional Details"",""Gather Different Types of Videos"",""GatherVideos"",""Gathering Videos"",""Identify User"",""Idle"",""Receive Request"",""Receiving Request"",""Sending Suggestions"",""Send Suggested Videos"",""SendSuggestions""]",[],"[""Other Videos watched by similar users"",""Paid Promotion Videos"",""Request Suggestion"",""Retrieve Other Attributes of videos"",""Retrieve Unique Id"",""Similar Genre Videos"",""Similar Tag Videos"",""Suggest Videos"",""Trending Videos""]","[""Add Additional Details"",""Gather Different Types of Videos"",""GatherVideos"",""Gathering Videos"",""Identify User"",""Idle"",""Receive Request"",""Receiving Request"",""Sending Suggestions"",""Send Suggested Videos"",""SendSuggestions""]",9,11,0,9,11,0.0,0.0,0.0
Mistral,baseline_repair,case_41_video_suggestion_system,results/plantuml_pipeline_run2/runs/open_source__mistral__rag_validation_generator_critic_repair/case_41_video_suggestion_system/run_01.puml,dataset/case_41_video_suggestion_system/diagram.puml,sentence-transformers/all-MiniLM-L6-v2,0.800000,,"[""Other Videos watched by similar users"",""Paid Promotion Videos"",""Request Suggestion"",""Retrieve Other Attributes of videos"",""Retrieve Unique Id"",""Similar Genre Videos"",""Similar Tag Videos"",""Suggest Videos"",""Trending Videos""]",[],[],"[""Other Videos watched by similar users"",""Paid Promotion Videos"",""Request Suggestion"",""Retrieve Other Attributes of videos"",""Retrieve Unique Id"",""Similar Genre Videos"",""Similar Tag Videos"",""Suggest Videos"",""Trending Videos""]",[],9,0,0,9,0,0.0,0.0,0.0
Qwen_2.5_7B,baseline_repair,case_41_video_suggestion_system,results/plantuml_pipeline_run2/runs/open_source__qwen25_7b_instruct__rag_validation_generator_critic_repair/case_41_video_suggestion_system/run_01.puml,dataset/case_41_video_suggestion_system/diagram.puml,sentence-transformers/all-MiniLM-L6-v2,0.800000,,"[""Other Videos watched by similar users"",""Paid Promotion Videos"",""Request Suggestion"",""Retrieve Other Attributes of videos"",""Retrieve Unique Id"",""Similar Genre Videos"",""Similar Tag Videos"",""Suggest Videos"",""Trending Videos""]","[""AddDetails"",""IdentifyUser"",""SendSuggestions""]",[],"[""Other Videos watched by similar users"",""Paid Promotion Videos"",""Request Suggestion"",""Retrieve Other Attributes of videos"",""Retrieve Unique Id"",""Similar Genre Videos"",""Similar Tag Videos"",""Suggest Videos"",""Trending Videos""]","[""AddDetails"",""IdentifyUser"",""SendSuggestions""]",9,3,0,9,3,0.0,0.0,0.0
DeepSeek_R1_14B,baseline_repair,case_45_alarm_clock,results/plantuml_pipeline_run2/runs/open_source__deepseek_r1_14b__few_shot_validation_generator_critic_repair/case_45_alarm_clock/run_01.puml,dataset/case_45_alarm_clock/diagram.puml,sentence-transformers/all-MiniLM-L6-v2,0.800000,,"[""Prepared"",""Ringing"",""Unprepared""]","[""Active"",""Off"",""Ringing""]","[{""ground_truth_state"":""Ringing"",""candidate_state"":""Ringing"",""ground_truth_normalized"":""ringing"",""candidate_normalized"":""ringing"",""similarity"":1.0,""match_type"":""exact_normalized""}]","[""Prepared"",""Unprepared""]","[""Active"",""Off""]",3,3,1,2,2,0.333333,0.333333,0.333333
Llama_3.1_8B,baseline_repair,case_45_alarm_clock,results/plantuml_pipeline_run2/runs/open_source__llama31_8b_instruct__few_shot_validation_generator_critic_repair/case_45_alarm_clock/run_01.puml,dataset/case_45_alarm_clock/diagram.puml,sentence-transformers/all-MiniLM-L6-v2,0.800000,,"[""Prepared"",""Ringing"",""Unprepared""]","[""Activated"",""Off"",""Ringing""]","[{""ground_truth_state"":""Ringing"",""candidate_state"":""Ringing"",""ground_truth_normalized"":""ringing"",""candidate_normalized"":""ringing"",""similarity"":1.0,""match_type"":""exact_normalized""}]","[""Prepared"",""Unprepared""]","[""Activated"",""Off""]",3,3,1,2,2,0.333333,0.333333,0.333333
Mistral,baseline_repair,case_45_alarm_clock,results/plantuml_pipeline_run2/runs/open_source__mistral__rag_validation_generator_critic_repair/case_45_alarm_clock/run_01.puml,dataset/case_45_alarm_clock/diagram.puml,sentence-transformers/all-MiniLM-L6-v2,0.800000,,"[""Prepared"",""Ringing"",""Unprepared""]","[""ActiveAlarm"",""Off"",""RingingAlarm"",""StoppedAlarm""]",[],"[""Prepared"",""Ringing"",""Unprepared""]","[""ActiveAlarm"",""Off"",""RingingAlarm"",""StoppedAlarm""]",3,4,0,3,4,0.0,0.0,0.0
Qwen_2.5_7B,baseline_repair,case_45_alarm_clock,results/plantuml_pipeline_run2/runs/open_source__qwen25_7b_instruct__rag_validation_generator_critic_repair/case_45_alarm_clock/run_01.puml,dataset/case_45_alarm_clock/diagram.puml,sentence-transformers/all-MiniLM-L6-v2,0.800000,,"[""Prepared"",""Ringing"",""Unprepared""]","[""Activated"",""Off"",""Ringing"",""SetAlarmTime"",""StopRinging"",""TurnOffAlarm""]","[{""ground_truth_state"":""Ringing"",""candidate_state"":""Ringing"",""ground_truth_normalized"":""ringing"",""candidate_normalized"":""ringing"",""similarity"":1.0,""match_type"":""exact_normalized""}]","[""Prepared"",""Unprepared""]","[""Activated"",""Off"",""SetAlarmTime"",""StopRinging"",""TurnOffAlarm""]",3,6,1,2,5,0.166667,0.333333,0.222222
DeepSeek_R1_14B,baseline_repair,case_46_digital_watch,results/plantuml_pipeline_run2/runs/open_source__deepseek_r1_14b__few_shot_validation_generator_critic_repair/case_46_digital_watch/run_01.puml,dataset/case_46_digital_watch/diagram.puml,sentence-transformers/all-MiniLM-L6-v2,0.800000,,"[""Change alarm hour"",""Change alarm minute"",""Change Hour"",""Change minutes"",""Prepared"",""Ringing"",""TurnedOff"",""TurnedOn"",""Unprepared"",""Display"",""Watch""]","[""Idle""]",[],"[""Change alarm hour"",""Change alarm minute"",""Change Hour"",""Change minutes"",""Prepared"",""Ringing"",""TurnedOff"",""TurnedOn"",""Unprepared"",""Display"",""Watch""]","[""Idle""]",11,1,0,11,1,0.0,0.0,0.0
Llama_3.1_8B,baseline_repair,case_46_digital_watch,results/plantuml_pipeline_run2/runs/open_source__llama31_8b_instruct__few_shot_validation_generator_critic_repair/case_46_digital_watch/run_01.puml,dataset/case_46_digital_watch/diagram.puml,sentence-transformers/all-MiniLM-L6-v2,0.800000,,"[""Change alarm hour"",""Change alarm minute"",""Change Hour"",""Change minutes"",""Prepared"",""Ringing"",""TurnedOff"",""TurnedOn"",""Unprepared"",""Display"",""Watch""]","[""Adjusting Time"",""Alarm Stopped"",""Alarm Triggered"",""Idle"",""Light Off"",""Light On"",""Setting Alarm""]","[{""ground_truth_state"":""Change alarm minute"",""candidate_state"":""Setting Alarm"",""ground_truth_normalized"":""change alarm minute"",""candidate_normalized"":""setting alarm"",""similarity"":0.804852,""match_type"":""strict""}]","[""Change alarm hour"",""Change Hour"",""Change minutes"",""Prepared"",""Ringing"",""TurnedOff"",""TurnedOn"",""Unprepared"",""Display"",""Watch""]","[""Adjusting Time"",""Alarm Stopped"",""Alarm Triggered"",""Idle"",""Light Off"",""Light On""]",11,7,1,10,6,0.142857,0.090909,0.111111
Mistral,baseline_repair,case_46_digital_watch,results/plantuml_pipeline_run2/runs/open_source__mistral__rag_validation_generator_critic_repair/case_46_digital_watch/run_01.puml,dataset/case_46_digital_watch/diagram.puml,sentence-transformers/all-MiniLM-L6-v2,0.800000,,"[""Change alarm hour"",""Change alarm minute"",""Change Hour"",""Change minutes"",""Prepared"",""Ringing"",""TurnedOff"",""TurnedOn"",""Unprepared"",""Display"",""Watch""]","[""AccessDenied"",""AdminProfileManagement"",""AlarmHourAdjustment"",""AlarmMinuteAdjustment"",""AlarmRinging"",""AlarmStopped"",""ArticleReview"",""ContentCreation"",""CustomerDashboard"",""Editing"",""FeedbackProvided"",""FinePaid"",""HourAdjustment"",""LightOff"",""LightOn"",""Logout"",""MinuteAdjustment"",""NoViolation"",""ProductAddition"",""ProductExploration"",""ProductPromotion"",""ProductViewing"",""Publishing"",""Purchase"",""ReadingArticles"",""Registration"",""SearchingArticles"",""SellerWorkspace"",""StartLogin"",""StartWatch"",""StreetLightControl"",""TrafficMonitoring"",""TrafficRuleVerification"",""TrafficSignalManagement"",""VehicleNumberCapture"",""Verification"",""ViolationRecorded"",""WarningSent""]","[{""ground_truth_state"":""Change alarm hour"",""candidate_state"":""AlarmHourAdjustment"",""ground_truth_normalized"":""change alarm hour"",""candidate_normalized"":""alarm hour adjustment"",""similarity"":0.86584,""match_type"":""strict""},{""ground_truth_state"":""Change alarm minute"",""candidate_state"":""AlarmMinuteAdjustment"",""ground_truth_normalized"":""change alarm minute"",""candidate_normalized"":""alarm minute adjustment"",""similarity"":0.848153,""match_type"":""strict""},{""ground_truth_state"":""Change Hour"",""candidate_state"":""HourAdjustment"",""ground_truth_normalized"":""change hour"",""candidate_normalized"":""hour adjustment"",""similarity"":0.812183,""match_type"":""strict""}]","[""Change minutes"",""Prepared"",""Ringing"",""TurnedOff"",""TurnedOn"",""Unprepared"",""Display"",""Watch""]","[""AccessDenied"",""AdminProfileManagement"",""AlarmRinging"",""AlarmStopped"",""ArticleReview"",""ContentCreation"",""CustomerDashboard"",""Editing"",""FeedbackProvided"",""FinePaid"",""LightOff"",""LightOn"",""Logout"",""MinuteAdjustment"",""NoViolation"",""ProductAddition"",""ProductExploration"",""ProductPromotion"",""ProductViewing"",""Publishing"",""Purchase"",""ReadingArticles"",""Registration"",""SearchingArticles"",""SellerWorkspace"",""StartLogin"",""StartWatch"",""StreetLightControl"",""TrafficMonitoring"",""TrafficRuleVerification"",""TrafficSignalManagement"",""VehicleNumberCapture"",""Verification"",""ViolationRecorded"",""WarningSent""]",11,38,3,8,35,0.078947,0.272727,0.122449
Qwen_2.5_7B,baseline_repair,case_46_digital_watch,results/plantuml_pipeline_run2/runs/open_source__qwen25_7b_instruct__rag_validation_generator_critic_repair/case_46_digital_watch/run_01.puml,dataset/case_46_digital_watch/diagram.puml,sentence-transformers/all-MiniLM-L6-v2,0.800000,,"[""Change alarm hour"",""Change alarm minute"",""Change Hour"",""Change minutes"",""Prepared"",""Ringing"",""TurnedOff"",""TurnedOn"",""Unprepared"",""Display"",""Watch""]","[""AlarmSetting"",""Idle"",""IncreaseAlarmHour"",""IncreaseAlarmMinute"",""IncreaseHour"",""IncreaseMinute"",""LightOn"",""StopAlarm"",""TimeSetting""]","[{""ground_truth_state"":""Change alarm hour"",""candidate_state"":""IncreaseAlarmHour"",""ground_truth_normalized"":""change alarm hour"",""candidate_normalized"":""increase alarm hour"",""similarity"":0.870902,""match_type"":""strict""},{""ground_truth_state"":""Change alarm minute"",""candidate_state"":""IncreaseAlarmMinute"",""ground_truth_normalized"":""change alarm minute"",""candidate_normalized"":""increase alarm minute"",""similarity"":0.891612,""match_type"":""strict""}]","[""Change Hour"",""Change minutes"",""Prepared"",""Ringing"",""TurnedOff"",""TurnedOn"",""Unprepared"",""Display"",""Watch""]","[""AlarmSetting"",""Idle"",""IncreaseHour"",""IncreaseMinute"",""LightOn"",""StopAlarm"",""TimeSetting""]",11,9,2,9,7,0.222222,0.181818,0.2
DeepSeek_R1_14B,baseline_repair,case_47_safehome_security_function,results/plantuml_pipeline_run2/runs/open_source__deepseek_r1_14b__few_shot_validation_generator_critic_repair/case_47_safehome_security_function/run_01.puml,dataset/case_47_safehome_security_function/diagram.puml,sentence-transformers/all-MiniLM-L6-v2,0.800000,,"[""ActingOnAlarm"",""Idle"",""MonitoringSystemStatus"",""Resetting""]","[""CheckingStartup"",""Ready""]",[],"[""ActingOnAlarm"",""Idle"",""MonitoringSystemStatus"",""Resetting""]","[""CheckingStartup"",""Ready""]",4,2,0,4,2,0.0,0.0,0.0
Llama_3.1_8B,baseline_repair,case_47_safehome_security_function,results/plantuml_pipeline_run2/runs/open_source__llama31_8b_instruct__few_shot_validation_generator_critic_repair/case_47_safehome_security_function/run_01.puml,dataset/case_47_safehome_security_function/diagram.puml,sentence-transformers/all-MiniLM-L6-v2,0.800000,,"[""ActingOnAlarm"",""Idle"",""MonitoringSystemStatus"",""Resetting""]","[""Activate"",""Alarm triggered"",""Enter password"",""False alarm or time ends"",""Monitoring"",""Normal"",""Problem during startup"",""Ready to use"",""Reset"",""Startup"",""Turn off""]","[{""ground_truth_state"":""ActingOnAlarm"",""candidate_state"":""Alarm triggered"",""ground_truth_normalized"":""acting on alarm"",""candidate_normalized"":""alarm triggered"",""similarity"":0.816992,""match_type"":""strict""},{""ground_truth_state"":""Resetting"",""candidate_state"":""Reset"",""ground_truth_normalized"":""resetting"",""candidate_normalized"":""reset"",""similarity"":0.963797,""match_type"":""strict""}]","[""Idle"",""MonitoringSystemStatus""]","[""Activate"",""Enter password"",""False alarm or time ends"",""Monitoring"",""Normal"",""Problem during startup"",""Ready to use"",""Startup"",""Turn off""]",4,11,2,2,9,0.181818,0.5,0.266667
Mistral,baseline_repair,case_47_safehome_security_function,results/plantuml_pipeline_run2/runs/open_source__mistral__rag_validation_generator_critic_repair/case_47_safehome_security_function/run_01.puml,dataset/case_47_safehome_security_function/diagram.puml,sentence-transformers/all-MiniLM-L6-v2,0.800000,,"[""ActingOnAlarm"",""Idle"",""MonitoringSystemStatus"",""Resetting""]","[""Activate"",""AlarmActivated"",""AskForPINAgain"",""CheckWorking"",""ContinueMonitoring"",""EnterPassword"",""EverythingFine"",""FalseAlarmOrTimeEnds"",""Monitoring"",""NoSensorTriggered"",""OptionsDisplayed"",""PasswordCorrect"",""PasswordIncorrect"",""PowerOn"",""ProblemDuringStartup"",""ReadyToUse"",""Reset"",""SensorTriggered"",""Stop"",""SendAlerts"",""TurnOff""]","[{""ground_truth_state"":""Resetting"",""candidate_state"":""Reset"",""ground_truth_normalized"":""resetting"",""candidate_normalized"":""reset"",""similarity"":0.963797,""match_type"":""strict""}]","[""ActingOnAlarm"",""Idle"",""MonitoringSystemStatus""]","[""Activate"",""AlarmActivated"",""AskForPINAgain"",""CheckWorking"",""ContinueMonitoring"",""EnterPassword"",""EverythingFine"",""FalseAlarmOrTimeEnds"",""Monitoring"",""NoSensorTriggered"",""OptionsDisplayed"",""PasswordCorrect"",""PasswordIncorrect"",""PowerOn"",""ProblemDuringStartup"",""ReadyToUse"",""SensorTriggered"",""Stop"",""SendAlerts"",""TurnOff""]",4,21,1,3,20,0.047619,0.25,0.08
Qwen_2.5_7B,baseline_repair,case_47_safehome_security_function,results/plantuml_pipeline_run2/runs/open_source__qwen25_7b_instruct__rag_validation_generator_critic_repair/case_47_safehome_security_function/run_01.puml,dataset/case_47_safehome_security_function/diagram.puml,sentence-transformers/all-MiniLM-L6-v2,0.800000,,"[""ActingOnAlarm"",""Idle"",""MonitoringSystemStatus"",""Resetting""]","[""Activating"",""AlarmTriggered"",""ContinueMonitoring"",""Monitoring"",""PowerOnCheck"",""ReadyToUse"",""SendingAlerts"",""StartupProblem"",""StartupReady"",""TurningOff""]","[{""ground_truth_state"":""ActingOnAlarm"",""candidate_state"":""AlarmTriggered"",""ground_truth_normalized"":""acting on alarm"",""candidate_normalized"":""alarm triggered"",""similarity"":0.816992,""match_type"":""strict""}]","[""Idle"",""MonitoringSystemStatus"",""Resetting""]","[""Activating"",""ContinueMonitoring"",""Monitoring"",""PowerOnCheck"",""ReadyToUse"",""SendingAlerts"",""StartupProblem"",""StartupReady"",""TurningOff""]",4,10,1,3,9,0.1,0.25,0.142857
DeepSeek_R1_14B,baseline_repair,case_51_process_sale,results/plantuml_pipeline_run2/runs/open_source__deepseek_r1_14b__few_shot_validation_generator_critic_repair/case_51_process_sale/run_01.puml,dataset/case_51_process_sale/diagram.puml,sentence-transformers/all-MiniLM-L6-v2,0.800000,,"[""AuthorizingPayment"",""EnteringItems"",""WaitingForPayment"",""WaitingForSale""]","[""Idle"",""PaymentRequired"",""ProcessingCardOrCheckPayment"",""ProcessingCashPayment"",""SaleCompleted"",""WaitingForItems""]",[],"[""AuthorizingPayment"",""EnteringItems"",""WaitingForPayment"",""WaitingForSale""]","[""Idle"",""PaymentRequired"",""ProcessingCardOrCheckPayment"",""ProcessingCashPayment"",""SaleCompleted"",""WaitingForItems""]",4,6,0,4,6,0.0,0.0,0.0
Llama_3.1_8B,baseline_repair,case_51_process_sale,results/plantuml_pipeline_run2/runs/open_source__llama31_8b_instruct__few_shot_validation_generator_critic_repair/case_51_process_sale/run_01.puml,dataset/case_51_process_sale/diagram.puml,sentence-transformers/all-MiniLM-L6-v2,0.800000,,"[""AuthorizingPayment"",""EnteringItems"",""WaitingForPayment"",""WaitingForSale""]","[""Complete sale"",""Entering items"",""Payment"",""Return to waiting"",""Verify payment"",""Waiting for new sale""]","[{""ground_truth_state"":""EnteringItems"",""candidate_state"":""Entering items"",""ground_truth_normalized"":""enter items"",""candidate_normalized"":""enter items"",""similarity"":1.0,""match_type"":""exact_normalized""},{""ground_truth_state"":""WaitingForSale"",""candidate_state"":""Waiting for new sale"",""ground_truth_normalized"":""waiting for sale"",""candidate_normalized"":""waiting for new sale"",""similarity"":0.922757,""match_type"":""strict""}]","[""AuthorizingPayment"",""WaitingForPayment""]","[""Complete sale"",""Payment"",""Return to waiting"",""Verify payment""]",4,6,2,2,4,0.333333,0.5,0.4
Mistral,baseline_repair,case_51_process_sale,results/plantuml_pipeline_run2/runs/open_source__mistral__rag_validation_generator_critic_repair/case_51_process_sale/run_01.puml,dataset/case_51_process_sale/diagram.puml,sentence-transformers/all-MiniLM-L6-v2,0.800000,,"[""AuthorizingPayment"",""EnteringItems"",""WaitingForPayment"",""WaitingForSale""]","[""CardCheck"",""CashPayment"",""EndOfSale"",""PaymentRejected"",""PaymentVerified"",""Record items"",""Waiting for customer"",""Waiting for payment""]","[{""ground_truth_state"":""WaitingForPayment"",""candidate_state"":""Waiting for payment"",""ground_truth_normalized"":""waiting for payment"",""candidate_normalized"":""waiting for payment"",""similarity"":1.0,""match_type"":""exact_normalized""}]","[""AuthorizingPayment"",""EnteringItems"",""WaitingForSale""]","[""CardCheck"",""CashPayment"",""EndOfSale"",""PaymentRejected"",""PaymentVerified"",""Record items"",""Waiting for customer""]",4,8,1,3,7,0.125,0.25,0.166667
Qwen_2.5_7B,baseline_repair,case_51_process_sale,results/plantuml_pipeline_run2/runs/open_source__qwen25_7b_instruct__rag_validation_generator_critic_repair/case_51_process_sale/run_01.puml,dataset/case_51_process_sale/diagram.puml,sentence-transformers/all-MiniLM-L6-v2,0.800000,,"[""AuthorizingPayment"",""EnteringItems"",""WaitingForPayment"",""WaitingForSale""]","[""Completed sale"",""Recording items"",""Waiting for new sale"",""Waiting for payment""]","[{""ground_truth_state"":""WaitingForPayment"",""candidate_state"":""Waiting for payment"",""ground_truth_normalized"":""waiting for payment"",""candidate_normalized"":""waiting for payment"",""similarity"":1.0,""match_type"":""exact_normalized""},{""ground_truth_state"":""WaitingForSale"",""candidate_state"":""Waiting for new sale"",""ground_truth_normalized"":""waiting for sale"",""candidate_normalized"":""waiting for new sale"",""similarity"":0.922757,""match_type"":""strict""}]","[""AuthorizingPayment"",""EnteringItems""]","[""Completed sale"",""Recording items""]",4,4,2,2,2,0.5,0.5,0.5
DeepSeek_R1_14B,baseline_repair,case_52_microwave_oven,results/plantuml_pipeline_run2/runs/open_source__deepseek_r1_14b__few_shot_validation_generator_critic_repair/case_52_microwave_oven/run_01.puml,dataset/case_52_microwave_oven/diagram.puml,sentence-transformers/all-MiniLM-L6-v2,0.800000,,"[""Disabled"",""Enabled"",""Full Power"",""Half Power"",""Operation"",""Set Time"",""Waiting""]","[""Cooking"",""Ready"",""SelectPowerLevel"",""SetCookingTime"",""Stopped""]",[],"[""Disabled"",""Enabled"",""Full Power"",""Half Power"",""Operation"",""Set Time"",""Waiting""]","[""Cooking"",""Ready"",""SelectPowerLevel"",""SetCookingTime"",""Stopped""]",7,5,0,7,5,0.0,0.0,0.0
Llama_3.1_8B,baseline_repair,case_52_microwave_oven,results/plantuml_pipeline_run2/runs/open_source__llama31_8b_instruct__few_shot_validation_generator_critic_repair/case_52_microwave_oven/run_01.puml,dataset/case_52_microwave_oven/diagram.puml,sentence-transformers/all-MiniLM-L6-v2,0.800000,,"[""Disabled"",""Enabled"",""Full Power"",""Half Power"",""Operation"",""Set Time"",""Waiting""]","[""Cooking"",""Idle"",""Stopped""]",[],"[""Disabled"",""Enabled"",""Full Power"",""Half Power"",""Operation"",""Set Time"",""Waiting""]","[""Cooking"",""Idle"",""Stopped""]",7,3,0,7,3,0.0,0.0,0.0
Mistral,baseline_repair,case_52_microwave_oven,results/plantuml_pipeline_run2/runs/open_source__mistral__rag_validation_generator_critic_repair/case_52_microwave_oven/run_01.puml,dataset/case_52_microwave_oven/diagram.puml,sentence-transformers/all-MiniLM-L6-v2,0.800000,,"[""Disabled"",""Enabled"",""Full Power"",""Half Power"",""Operation"",""Set Time"",""Waiting""]","[""Alarm"",""Checking"",""Cook"",""Cooking"",""Disabled"",""Done"",""DoorOpen"",""DoorOpenItem"",""DoorShut"",""DoorShutItem"",""MicrowaveOven"",""Oven"",""ReadyToCook"",""Waiting""]","[{""ground_truth_state"":""Disabled"",""candidate_state"":""Disabled"",""ground_truth_normalized"":""disabled"",""candidate_normalized"":""disabled"",""similarity"":1.0,""match_type"":""exact_normalized""},{""ground_truth_state"":""Waiting"",""candidate_state"":""Waiting"",""ground_truth_normalized"":""waiting"",""candidate_normalized"":""waiting"",""similarity"":1.0,""match_type"":""exact_normalized""}]","[""Enabled"",""Full Power"",""Half Power"",""Operation"",""Set Time""]","[""Alarm"",""Checking"",""Cook"",""Cooking"",""Done"",""DoorOpen"",""DoorOpenItem"",""DoorShut"",""DoorShutItem"",""MicrowaveOven"",""Oven"",""ReadyToCook""]",7,14,2,5,12,0.142857,0.285714,0.190476
Qwen_2.5_7B,baseline_repair,case_52_microwave_oven,results/plantuml_pipeline_run2/runs/open_source__qwen25_7b_instruct__rag_validation_generator_critic_repair/case_52_microwave_oven/run_01.puml,dataset/case_52_microwave_oven/diagram.puml,sentence-transformers/all-MiniLM-L6-v2,0.800000,,"[""Disabled"",""Enabled"",""Full Power"",""Half Power"",""Operation"",""Set Time"",""Waiting""]","[""Cooking"",""Door Open"",""Door Shut"",""Power Selection"",""Stop Cooking"",""Time Setting"",""Display Time""]","[{""ground_truth_state"":""Set Time"",""candidate_state"":""Time Setting"",""ground_truth_normalized"":""set time"",""candidate_normalized"":""time setting"",""similarity"":0.832978,""match_type"":""strict""}]","[""Disabled"",""Enabled"",""Full Power"",""Half Power"",""Operation"",""Waiting""]","[""Cooking"",""Door Open"",""Door Shut"",""Power Selection"",""Stop Cooking"",""Display Time""]",7,7,1,6,6,0.142857,0.142857,0.142857
DeepSeek_R1_14B,baseline_repair,case_54_weather_station_system,results/plantuml_pipeline_run2/runs/open_source__deepseek_r1_14b__few_shot_validation_generator_critic_repair/case_54_weather_station_system/run_01.puml,dataset/case_54_weather_station_system/diagram.puml,sentence-transformers/all-MiniLM-L6-v2,0.800000,,"[""Collecting"",""Configuring"",""Controlled"",""Operation"",""Running"",""Shutdown"",""Summarizing"",""Testing"",""Transmitting""]","[""Configuration Mode"",""Controlled Mode"",""Running"",""Shutdown""]","[{""ground_truth_state"":""Running"",""candidate_state"":""Running"",""ground_truth_normalized"":""running"",""candidate_normalized"":""running"",""similarity"":1.0,""match_type"":""exact_normalized""},{""ground_truth_state"":""Shutdown"",""candidate_state"":""Shutdown"",""ground_truth_normalized"":""shutdown"",""candidate_normalized"":""shutdown"",""similarity"":1.0,""match_type"":""exact_normalized""}]","[""Collecting"",""Configuring"",""Controlled"",""Operation"",""Summarizing"",""Testing"",""Transmitting""]","[""Configuration Mode"",""Controlled Mode""]",9,4,2,7,2,0.5,0.222222,0.307692
Llama_3.1_8B,baseline_repair,case_54_weather_station_system,results/plantuml_pipeline_run2/runs/open_source__llama31_8b_instruct__few_shot_validation_generator_critic_repair/case_54_weather_station_system/run_01.puml,dataset/case_54_weather_station_system/diagram.puml,sentence-transformers/all-MiniLM-L6-v2,0.800000,,"[""Collecting"",""Configuring"",""Controlled"",""Operation"",""Running"",""Shutdown"",""Summarizing"",""Testing"",""Transmitting""]","[""Configuration Mode"",""Controlled Mode"",""Data Collection"",""Restart"",""Running"",""Status Checking"",""Summary Preparation""]","[{""ground_truth_state"":""Running"",""candidate_state"":""Running"",""ground_truth_normalized"":""running"",""candidate_normalized"":""running"",""similarity"":1.0,""match_type"":""exact_normalized""}]","[""Collecting"",""Configuring"",""Controlled"",""Operation"",""Shutdown"",""Summarizing"",""Testing"",""Transmitting""]","[""Configuration Mode"",""Controlled Mode"",""Data Collection"",""Restart"",""Status Checking"",""Summary Preparation""]",9,7,1,8,6,0.142857,0.111111,0.125
Mistral,baseline_repair,case_54_weather_station_system,results/plantuml_pipeline_run2/runs/open_source__mistral__rag_validation_generator_critic_repair/case_54_weather_station_system/run_01.puml,dataset/case_54_weather_station_system/diagram.puml,sentence-transformers/all-MiniLM-L6-v2,0.800000,,"[""Collecting"",""Configuring"",""Controlled"",""Operation"",""Running"",""Shutdown"",""Summarizing"",""Testing"",""Transmitting""]","[""Checking Status"",""Collecting Data"",""Configuration Mode"",""Controlled Mode"",""GovernmentOfficialDashboard"",""HealthWorkerDashboard"",""Initialize\\nComponent"",""NotIndian"",""PatientDashboard"",""Preparing Summary"",""Processing Update"",""Running"",""Shutdown Condition"",""Unloading Phase"",""Verification"",""Waiting for Update""]","[{""ground_truth_state"":""Running"",""candidate_state"":""Running"",""ground_truth_normalized"":""running"",""candidate_normalized"":""running"",""similarity"":1.0,""match_type"":""exact_normalized""}]","[""Collecting"",""Configuring"",""Controlled"",""Operation"",""Shutdown"",""Summarizing"",""Testing"",""Transmitting""]","[""Checking Status"",""Collecting Data"",""Configuration Mode"",""Controlled Mode"",""GovernmentOfficialDashboard"",""HealthWorkerDashboard"",""Initialize\\nComponent"",""NotIndian"",""PatientDashboard"",""Preparing Summary"",""Processing Update"",""Shutdown Condition"",""Unloading Phase"",""Verification"",""Waiting for Update""]",9,16,1,8,15,0.0625,0.111111,0.08
Qwen_2.5_7B,baseline_repair,case_54_weather_station_system,results/plantuml_pipeline_run2/runs/open_source__qwen25_7b_instruct__rag_validation_generator_critic_repair/case_54_weather_station_system/run_01.puml,dataset/case_54_weather_station_system/diagram.puml,sentence-transformers/all-MiniLM-L6-v2,0.800000,,"[""Collecting"",""Configuring"",""Controlled"",""Operation"",""Running"",""Shutdown"",""Summarizing"",""Testing"",""Transmitting""]","[""Configuration Mode"",""Controlled Mode"",""Data Collection"",""Restart"",""Running"",""Shutdown"",""Status Checking"",""Summary Preparation""]","[{""ground_truth_state"":""Running"",""candidate_state"":""Running"",""ground_truth_normalized"":""running"",""candidate_normalized"":""running"",""similarity"":1.0,""match_type"":""exact_normalized""},{""ground_truth_state"":""Shutdown"",""candidate_state"":""Shutdown"",""ground_truth_normalized"":""shutdown"",""candidate_normalized"":""shutdown"",""similarity"":1.0,""match_type"":""exact_normalized""}]","[""Collecting"",""Configuring"",""Controlled"",""Operation"",""Summarizing"",""Testing"",""Transmitting""]","[""Configuration Mode"",""Controlled Mode"",""Data Collection"",""Restart"",""Status Checking"",""Summary Preparation""]",9,8,2,7,6,0.25,0.222222,0.235294
DeepSeek_R1_14B,baseline_repair,case_59_atm_1,results/plantuml_pipeline_run2/runs/open_source__deepseek_r1_14b__few_shot_validation_generator_critic_repair/case_59_atm_1/run_01.puml,dataset/case_59_atm_1/diagram.puml,sentence-transformers/all-MiniLM-L6-v2,0.800000,,"[""EnterAmount <<extended>>"",""ReadAmount <<extended>>"",""ReleaseCard <<extended>>"",""SelectAmount <<extended>>""]","[""Dispensing Cash"",""Idle"",""Waiting for Custom Amount"",""Waiting for Selection""]",[],"[""EnterAmount <<extended>>"",""ReadAmount <<extended>>"",""ReleaseCard <<extended>>"",""SelectAmount <<extended>>""]","[""Dispensing Cash"",""Idle"",""Waiting for Custom Amount"",""Waiting for Selection""]",4,4,0,4,4,0.0,0.0,0.0
Llama_3.1_8B,baseline_repair,case_59_atm_1,results/plantuml_pipeline_run2/runs/open_source__llama31_8b_instruct__few_shot_validation_generator_critic_repair/case_59_atm_1/run_01.puml,dataset/case_59_atm_1/diagram.puml,sentence-transformers/all-MiniLM-L6-v2,0.800000,,"[""EnterAmount <<extended>>"",""ReadAmount <<extended>>"",""ReleaseCard <<extended>>"",""SelectAmount <<extended>>""]","[""CancelTransaction"",""InputCustomAmount"",""OutOfService"",""ReturnCard"",""ChooseAmount"",""SelectPredefinedAmount"",""VerifyTransaction <<final>>""]","[{""ground_truth_state"":""SelectAmount <<extended>>"",""candidate_state"":""ChooseAmount"",""ground_truth_normalized"":""select amount <<extended>>"",""candidate_normalized"":""select amount"",""similarity"":0.824091,""match_type"":""strict""}]","[""EnterAmount <<extended>>"",""ReadAmount <<extended>>"",""ReleaseCard <<extended>>""]","[""CancelTransaction"",""InputCustomAmount"",""OutOfService"",""ReturnCard"",""SelectPredefinedAmount"",""VerifyTransaction <<final>>""]",4,7,1,3,6,0.142857,0.25,0.181818
Mistral,baseline_repair,case_59_atm_1,results/plantuml_pipeline_run2/runs/open_source__mistral__rag_validation_generator_critic_repair/case_59_atm_1/run_01.puml,dataset/case_59_atm_1/diagram.puml,sentence-transformers/all-MiniLM-L6-v2,0.800000,,"[""EnterAmount <<extended>>"",""ReadAmount <<extended>>"",""ReleaseCard <<extended>>"",""SelectAmount <<extended>>""]","[""Confiscating"",""Dispensing Cash and Printing Receipt"",""Ejecting"",""Idle"",""Processing Withdrawal"",""Returning Card"",""Validating PIN"",""Waiting for PIN"",""Withdrawal Options""]",[],"[""EnterAmount <<extended>>"",""ReadAmount <<extended>>"",""ReleaseCard <<extended>>"",""SelectAmount <<extended>>""]","[""Confiscating"",""Dispensing Cash and Printing Receipt"",""Ejecting"",""Idle"",""Processing Withdrawal"",""Returning Card"",""Validating PIN"",""Waiting for PIN"",""Withdrawal Options""]",4,9,0,4,9,0.0,0.0,0.0
Qwen_2.5_7B,baseline_repair,case_59_atm_1,results/plantuml_pipeline_run2/runs/open_source__qwen25_7b_instruct__rag_validation_generator_critic_repair/case_59_atm_1/run_01.puml,dataset/case_59_atm_1/diagram.puml,sentence-transformers/all-MiniLM-L6-v2,0.800000,,"[""EnterAmount <<extended>>"",""ReadAmount <<extended>>"",""ReleaseCard <<extended>>"",""SelectAmount <<extended>>""]","[""Confiscating"",""Ejecting"",""Idle"",""Processing Withdrawal"",""Validating PIN"",""Waiting for PIN"",""Withdrawal Options""]",[],"[""EnterAmount <<extended>>"",""ReadAmount <<extended>>"",""ReleaseCard <<extended>>"",""SelectAmount <<extended>>""]","[""Confiscating"",""Ejecting"",""Idle"",""Processing Withdrawal"",""Validating PIN"",""Waiting for PIN"",""Withdrawal Options""]",4,7,0,4,7,0.0,0.0,0.0
DeepSeek_R1_14B,baseline_repair,case_60_atm_2,results/plantuml_pipeline_run2/runs/open_source__deepseek_r1_14b__few_shot_validation_generator_critic_repair/case_60_atm_2/run_01.puml,dataset/case_60_atm_2/diagram.puml,sentence-transformers/all-MiniLM-L6-v2,0.800000,,"[""EnterAmount"",""ReadAmount <<extended>>"",""SelectAmount <<extended>>"",""VerifyTransaction <<extended>>""]","[""Final"",""Initial"",""Re-enter Amount"",""Select Amount"",""Verify Transaction""]","[{""ground_truth_state"":""EnterAmount"",""candidate_state"":""Re-enter Amount"",""ground_truth_normalized"":""enter amount"",""candidate_normalized"":""re enter amount"",""similarity"":0.848469,""match_type"":""strict""},{""ground_truth_state"":""SelectAmount <<extended>>"",""candidate_state"":""Select Amount"",""ground_truth_normalized"":""select amount <<extended>>"",""candidate_normalized"":""select amount"",""similarity"":0.824091,""match_type"":""strict""},{""ground_truth_state"":""VerifyTransaction <<extended>>"",""candidate_state"":""Verify Transaction"",""ground_truth_normalized"":""verify transaction <<extended>>"",""candidate_normalized"":""verify transaction"",""similarity"":0.802673,""match_type"":""strict""}]","[""ReadAmount <<extended>>""]","[""Final"",""Initial""]",4,5,3,1,2,0.6,0.75,0.666667
Llama_3.1_8B,baseline_repair,case_60_atm_2,results/plantuml_pipeline_run2/runs/open_source__llama31_8b_instruct__few_shot_validation_generator_critic_repair/case_60_atm_2/run_01.puml,dataset/case_60_atm_2/diagram.puml,sentence-transformers/all-MiniLM-L6-v2,0.800000,,"[""EnterAmount"",""ReadAmount <<extended>>"",""SelectAmount <<extended>>"",""VerifyTransaction <<extended>>""]","[""Enter Custom Value"",""Idle"",""Select Amount"",""Transaction Rejected"",""Transaction Successful""]","[{""ground_truth_state"":""SelectAmount <<extended>>"",""candidate_state"":""Select Amount"",""ground_truth_normalized"":""select amount <<extended>>"",""candidate_normalized"":""select amount"",""similarity"":0.824091,""match_type"":""strict""}]","[""EnterAmount"",""ReadAmount <<extended>>"",""VerifyTransaction <<extended>>""]","[""Enter Custom Value"",""Idle"",""Transaction Rejected"",""Transaction Successful""]",4,5,1,3,4,0.2,0.25,0.222222
Mistral,baseline_repair,case_60_atm_2,results/plantuml_pipeline_run2/runs/open_source__mistral__rag_validation_generator_critic_repair/case_60_atm_2/run_01.puml,dataset/case_60_atm_2/diagram.puml,sentence-transformers/all-MiniLM-L6-v2,0.800000,,"[""EnterAmount"",""ReadAmount <<extended>>"",""SelectAmount <<extended>>"",""VerifyTransaction <<extended>>""]","[""AcceptDeclineRequest"",""Idle"",""MakePayment"",""ProceedRejectProject"",""QualityCheck"",""RestartProcess"",""SaveProjectDetails"",""SearchProjectCategory"",""TrackProjectProgress"",""UpdateProjectProgress"",""UpdateProjectStatus"",""UploadFinalProject"",""UploadRequest""]",[],"[""EnterAmount"",""ReadAmount <<extended>>"",""SelectAmount <<extended>>"",""VerifyTransaction <<extended>>""]","[""AcceptDeclineRequest"",""Idle"",""MakePayment"",""ProceedRejectProject"",""QualityCheck"",""RestartProcess"",""SaveProjectDetails"",""SearchProjectCategory"",""TrackProjectProgress"",""UpdateProjectProgress"",""UpdateProjectStatus"",""UploadFinalProject"",""UploadRequest""]",4,13,0,4,13,0.0,0.0,0.0
Qwen_2.5_7B,baseline_repair,case_60_atm_2,results/plantuml_pipeline_run2/runs/open_source__qwen25_7b_instruct__rag_validation_generator_critic_repair/case_60_atm_2/run_01.puml,dataset/case_60_atm_2/diagram.puml,sentence-transformers/all-MiniLM-L6-v2,0.800000,,"[""EnterAmount"",""ReadAmount <<extended>>"",""SelectAmount <<extended>>"",""VerifyTransaction <<extended>>""]","[""EnterCustomValue"",""OutOfService"",""ReadAmount"",""ReleaseCard"",""SelectAmount"",""VerifyCard <<final>>"",""VerifyTransaction <<final>>""]","[{""ground_truth_state"":""ReadAmount <<extended>>"",""candidate_state"":""ReadAmount"",""ground_truth_normalized"":""read amount <<extended>>"",""candidate_normalized"":""read amount"",""similarity"":0.828014,""match_type"":""strict""},{""ground_truth_state"":""SelectAmount <<extended>>"",""candidate_state"":""SelectAmount"",""ground_truth_normalized"":""select amount <<extended>>"",""candidate_normalized"":""select amount"",""similarity"":0.824091,""match_type"":""strict""},{""ground_truth_state"":""VerifyTransaction <<extended>>"",""candidate_state"":""VerifyTransaction <<final>>"",""ground_truth_normalized"":""verify transaction <<extended>>"",""candidate_normalized"":""verify transaction <<final>>"",""similarity"":0.853373,""match_type"":""strict""}]","[""EnterAmount""]","[""EnterCustomValue"",""OutOfService"",""ReleaseCard"",""VerifyCard <<final>>""]",4,7,3,1,4,0.428571,0.75,0.545455
DeepSeek_R1_14B,baseline_repair,case_65_plane,results/plantuml_pipeline_run2/runs/open_source__deepseek_r1_14b__few_shot_validation_generator_critic_repair/case_65_plane/run_01.puml,dataset/case_65_plane/diagram.puml,sentence-transformers/all-MiniLM-L6-v2,0.800000,,"[""In Maintenance"",""Ordered"",""Ready for Use"",""Scheduled for Maintenance""]","[""Arrival"",""Removed From Service"",""Maintenance"",""Operations"",""Order"",""OutOf Service"",""Preparation""]","[{""ground_truth_state"":""In Maintenance"",""candidate_state"":""Maintenance"",""ground_truth_normalized"":""in maintenance"",""candidate_normalized"":""maintenance"",""similarity"":0.854492,""match_type"":""strict""},{""ground_truth_state"":""Ordered"",""candidate_state"":""Order"",""ground_truth_normalized"":""ordered"",""candidate_normalized"":""order"",""similarity"":0.914529,""match_type"":""strict""}]","[""Ready for Use"",""Scheduled for Maintenance""]","[""Arrival"",""Removed From Service"",""Operations"",""OutOf Service"",""Preparation""]",4,7,2,2,5,0.285714,0.5,0.363636
Llama_3.1_8B,baseline_repair,case_65_plane,results/plantuml_pipeline_run2/runs/open_source__llama31_8b_instruct__few_shot_validation_generator_critic_repair/case_65_plane/run_01.puml,dataset/case_65_plane/diagram.puml,sentence-transformers/all-MiniLM-L6-v2,0.800000,,"[""In Maintenance"",""Ordered"",""Ready for Use"",""Scheduled for Maintenance""]","[""Arrival"",""Maintenance"",""Operations"",""Order"",""Preparation"",""Withdrawn""]","[{""ground_truth_state"":""In Maintenance"",""candidate_state"":""Maintenance"",""ground_truth_normalized"":""in maintenance"",""candidate_normalized"":""maintenance"",""similarity"":0.854492,""match_type"":""strict""},{""ground_truth_state"":""Ordered"",""candidate_state"":""Order"",""ground_truth_normalized"":""ordered"",""candidate_normalized"":""order"",""similarity"":0.914529,""match_type"":""strict""}]","[""Ready for Use"",""Scheduled for Maintenance""]","[""Arrival"",""Operations"",""Preparation"",""Withdrawn""]",4,6,2,2,4,0.333333,0.5,0.4
Mistral,baseline_repair,case_65_plane,results/plantuml_pipeline_run2/runs/open_source__mistral__rag_validation_generator_critic_repair/case_65_plane/run_01.puml,dataset/case_65_plane/diagram.puml,sentence-transformers/all-MiniLM-L6-v2,0.800000,,"[""In Maintenance"",""Ordered"",""Ready for Use"",""Scheduled for Maintenance""]","[""Arrival"",""Maintenance"",""Operations"",""Order"",""OutOfService"",""PermanentlyWithdrawn"",""Preparation""]","[{""ground_truth_state"":""In Maintenance"",""candidate_state"":""Maintenance"",""ground_truth_normalized"":""in maintenance"",""candidate_normalized"":""maintenance"",""similarity"":0.854492,""match_type"":""strict""},{""ground_truth_state"":""Ordered"",""candidate_state"":""Order"",""ground_truth_normalized"":""ordered"",""candidate_normalized"":""order"",""similarity"":0.914529,""match_type"":""strict""}]","[""Ready for Use"",""Scheduled for Maintenance""]","[""Arrival"",""Operations"",""OutOfService"",""PermanentlyWithdrawn"",""Preparation""]",4,7,2,2,5,0.285714,0.5,0.363636
Qwen_2.5_7B,baseline_repair,case_65_plane,results/plantuml_pipeline_run2/runs/open_source__qwen25_7b_instruct__rag_validation_generator_critic_repair/case_65_plane/run_01.puml,dataset/case_65_plane/diagram.puml,sentence-transformers/all-MiniLM-L6-v2,0.800000,,"[""In Maintenance"",""Ordered"",""Ready for Use"",""Scheduled for Maintenance""]","[""Arrival"",""Maintenance"",""Operations"",""Order"",""OutOfService"",""Preparation"",""WithdrawnFromService""]","[{""ground_truth_state"":""In Maintenance"",""candidate_state"":""Maintenance"",""ground_truth_normalized"":""in maintenance"",""candidate_normalized"":""maintenance"",""similarity"":0.854492,""match_type"":""strict""},{""ground_truth_state"":""Ordered"",""candidate_state"":""Order"",""ground_truth_normalized"":""ordered"",""candidate_normalized"":""order"",""similarity"":0.914529,""match_type"":""strict""}]","[""Ready for Use"",""Scheduled for Maintenance""]","[""Arrival"",""Operations"",""OutOfService"",""Preparation"",""WithdrawnFromService""]",4,7,2,2,5,0.285714,0.5,0.363636
DeepSeek_R1_14B,baseline_repair,case_67_atm_many_scenarios_1,results/plantuml_pipeline_run2/runs/open_source__deepseek_r1_14b__few_shot_validation_generator_critic_repair/case_67_atm_many_scenarios_1/run_01.puml,dataset/case_67_atm_many_scenarios_1/diagram.puml,sentence-transformers/all-MiniLM-L6-v2,0.800000,,"[""Dispensing"",""Ejecting"",""Idle"",""Printing"",""Processing Withdrawal"",""Terminating"",""Validating PIN"",""Waiting for Customer Choice"",""Waiting for PIN""]","[""CardInserted"",""CardReturned"",""DispensingCash"",""PINEntered"",""PINVerified"",""ProcessingWithdrawal"",""Ready"",""TransactionComplete""]","[{""ground_truth_state"":""Processing Withdrawal"",""candidate_state"":""ProcessingWithdrawal"",""ground_truth_normalized"":""processing withdrawal"",""candidate_normalized"":""processing withdrawal"",""similarity"":1.0,""match_type"":""exact_normalized""}]","[""Dispensing"",""Ejecting"",""Idle"",""Printing"",""Terminating"",""Validating PIN"",""Waiting for Customer Choice"",""Waiting for PIN""]","[""CardInserted"",""CardReturned"",""DispensingCash"",""PINEntered"",""PINVerified"",""Ready"",""TransactionComplete""]",9,8,1,8,7,0.125,0.111111,0.117647
Llama_3.1_8B,baseline_repair,case_67_atm_many_scenarios_1,results/plantuml_pipeline_run2/runs/open_source__llama31_8b_instruct__few_shot_validation_generator_critic_repair/case_67_atm_many_scenarios_1/run_01.puml,dataset/case_67_atm_many_scenarios_1/diagram.puml,sentence-transformers/all-MiniLM-L6-v2,0.800000,,"[""Dispensing"",""Ejecting"",""Idle"",""Printing"",""Processing Withdrawal"",""Terminating"",""Validating PIN"",""Waiting for Customer Choice"",""Waiting for PIN""]","[""ApproveWithdrawal"",""DispenseCash"",""Enter PIN"",""InsertCard"",""Invalid PIN"",""PrintReceipt"",""Ready for Next User"",""Reset"",""ResetATM"",""ReturnCard"",""Successful Login"",""Verify PIN""]","[{""ground_truth_state"":""Validating PIN"",""candidate_state"":""Verify PIN"",""ground_truth_normalized"":""validating pin"",""candidate_normalized"":""verify pin"",""similarity"":0.872471,""match_type"":""strict""}]","[""Dispensing"",""Ejecting"",""Idle"",""Printing"",""Processing Withdrawal"",""Terminating"",""Waiting for Customer Choice"",""Waiting for PIN""]","[""ApproveWithdrawal"",""DispenseCash"",""Enter PIN"",""InsertCard"",""Invalid PIN"",""PrintReceipt"",""Ready for Next User"",""Reset"",""ResetATM"",""ReturnCard"",""Successful Login""]",9,12,1,8,11,0.083333,0.111111,0.095238
Mistral,baseline_repair,case_67_atm_many_scenarios_1,results/plantuml_pipeline_run2/runs/open_source__mistral__rag_validation_generator_critic_repair/case_67_atm_many_scenarios_1/run_01.puml,dataset/case_67_atm_many_scenarios_1/diagram.puml,sentence-transformers/all-MiniLM-L6-v2,0.800000,,"[""Dispensing"",""Ejecting"",""Idle"",""Printing"",""Processing Withdrawal"",""Terminating"",""Validating PIN"",""Waiting for Customer Choice"",""Waiting for PIN""]","[""Check Information"",""Ending Phase"",""Enter PIN"",""Idle"",""Process Transaction"",""Transfer Money"",""Display Options""]","[{""ground_truth_state"":""Idle"",""candidate_state"":""Idle"",""ground_truth_normalized"":""idle"",""candidate_normalized"":""idle"",""similarity"":1.0,""match_type"":""exact_normalized""}]","[""Dispensing"",""Ejecting"",""Printing"",""Processing Withdrawal"",""Terminating"",""Validating PIN"",""Waiting for Customer Choice"",""Waiting for PIN""]","[""Check Information"",""Ending Phase"",""Enter PIN"",""Process Transaction"",""Transfer Money"",""Display Options""]",9,7,1,8,6,0.142857,0.111111,0.125
Qwen_2.5_7B,baseline_repair,case_67_atm_many_scenarios_1,results/plantuml_pipeline_run2/runs/open_source__qwen25_7b_instruct__rag_validation_generator_critic_repair/case_67_atm_many_scenarios_1/run_01.puml,dataset/case_67_atm_many_scenarios_1/diagram.puml,sentence-transformers/all-MiniLM-L6-v2,0.800000,,"[""Dispensing"",""Ejecting"",""Idle"",""Printing"",""Processing Withdrawal"",""Terminating"",""Validating PIN"",""Waiting for Customer Choice"",""Waiting for PIN""]","[""Checking PIN"",""Correct PIN"",""Dispensing Cash and Printing Receipt"",""Idle"",""Incorrect PIN"",""Processing Transaction""]","[{""ground_truth_state"":""Idle"",""candidate_state"":""Idle"",""ground_truth_normalized"":""idle"",""candidate_normalized"":""idle"",""similarity"":1.0,""match_type"":""exact_normalized""},{""ground_truth_state"":""Validating PIN"",""candidate_state"":""Checking PIN"",""ground_truth_normalized"":""validating pin"",""candidate_normalized"":""checking pin"",""similarity"":0.801416,""match_type"":""strict""}]","[""Dispensing"",""Ejecting"",""Printing"",""Processing Withdrawal"",""Terminating"",""Waiting for Customer Choice"",""Waiting for PIN""]","[""Correct PIN"",""Dispensing Cash and Printing Receipt"",""Incorrect PIN"",""Processing Transaction""]",9,6,2,7,4,0.333333,0.222222,0.266667
DeepSeek_R1_14B,baseline_repair,case_70_atm_many_scenarios_7,results/plantuml_pipeline_run2/runs/open_source__deepseek_r1_14b__few_shot_validation_generator_critic_repair/case_70_atm_many_scenarios_7/run_01.puml,dataset/case_70_atm_many_scenarios_7/diagram.puml,sentence-transformers/all-MiniLM-L6-v2,0.800000,,"[""Confiscating"",""Ejecting"",""Idle"",""Processing Customer Input"",""Processing Transaction"",""Validating PIN"",""Waiting for Customer Choice"",""Waiting for PIN""]","[""Card Inserted"",""Card Retained"",""Card Returned"",""Incorrect PIN"",""Invalid Card"",""Menu Options"",""PIN Check"",""Processing Information"",""Processing Transfer"",""Processing Withdraw"",""User Arrives""]",[],"[""Confiscating"",""Ejecting"",""Idle"",""Processing Customer Input"",""Processing Transaction"",""Validating PIN"",""Waiting for Customer Choice"",""Waiting for PIN""]","[""Card Inserted"",""Card Retained"",""Card Returned"",""Incorrect PIN"",""Invalid Card"",""Menu Options"",""PIN Check"",""Processing Information"",""Processing Transfer"",""Processing Withdraw"",""User Arrives""]",8,11,0,8,11,0.0,0.0,0.0
Llama_3.1_8B,baseline_repair,case_70_atm_many_scenarios_7,results/plantuml_pipeline_run2/runs/open_source__llama31_8b_instruct__few_shot_validation_generator_critic_repair/case_70_atm_many_scenarios_7/run_01.puml,dataset/case_70_atm_many_scenarios_7/diagram.puml,sentence-transformers/all-MiniLM-L6-v2,0.800000,,"[""Confiscating"",""Ejecting"",""Idle"",""Processing Customer Input"",""Processing Transaction"",""Validating PIN"",""Waiting for Customer Choice"",""Waiting for PIN""]","[""Confiscating card"",""idle"",""Processing request"",""Validating PIN"",""Displaying options"",""Waiting for PIN""]","[{""ground_truth_state"":""Idle"",""candidate_state"":""idle"",""ground_truth_normalized"":""idle"",""candidate_normalized"":""idle"",""similarity"":1.0,""match_type"":""exact_normalized""},{""ground_truth_state"":""Validating PIN"",""candidate_state"":""Validating PIN"",""ground_truth_normalized"":""validating pin"",""candidate_normalized"":""validating pin"",""similarity"":1.0,""match_type"":""exact_normalized""},{""ground_truth_state"":""Waiting for PIN"",""candidate_state"":""Waiting for PIN"",""ground_truth_normalized"":""waiting for pin"",""candidate_normalized"":""waiting for pin"",""similarity"":1.0,""match_type"":""exact_normalized""}]","[""Confiscating"",""Ejecting"",""Processing Customer Input"",""Processing Transaction"",""Waiting for Customer Choice""]","[""Confiscating card"",""Processing request"",""Displaying options""]",8,6,3,5,3,0.5,0.375,0.428571
Mistral,baseline_repair,case_70_atm_many_scenarios_7,results/plantuml_pipeline_run2/runs/open_source__mistral__rag_validation_generator_critic_repair/case_70_atm_many_scenarios_7/run_01.puml,dataset/case_70_atm_many_scenarios_7/diagram.puml,sentence-transformers/all-MiniLM-L6-v2,0.800000,,"[""Confiscating"",""Ejecting"",""Idle"",""Processing Customer Input"",""Processing Transaction"",""Validating PIN"",""Waiting for Customer Choice"",""Waiting for PIN""]","[""ClosedDown"",""Confiscating"",""Ejecting"",""Idle"",""LoggedOut"",""ProcessingTransaction"",""Validating PIN"",""Waiting for Customer Choice"",""Waiting for PIN""]","[{""ground_truth_state"":""Confiscating"",""candidate_state"":""Confiscating"",""ground_truth_normalized"":""confiscating"",""candidate_normalized"":""confiscating"",""similarity"":1.0,""match_type"":""exact_normalized""},{""ground_truth_state"":""Ejecting"",""candidate_state"":""Ejecting"",""ground_truth_normalized"":""ejecting"",""candidate_normalized"":""ejecting"",""similarity"":1.0,""match_type"":""exact_normalized""},{""ground_truth_state"":""Idle"",""candidate_state"":""Idle"",""ground_truth_normalized"":""idle"",""candidate_normalized"":""idle"",""similarity"":1.0,""match_type"":""exact_normalized""},{""ground_truth_state"":""Processing Transaction"",""candidate_state"":""ProcessingTransaction"",""ground_truth_normalized"":""processing transaction"",""candidate_normalized"":""processing transaction"",""similarity"":1.0,""match_type"":""exact_normalized""},{""ground_truth_state"":""Validating PIN"",""candidate_state"":""Validating PIN"",""ground_truth_normalized"":""validating pin"",""candidate_normalized"":""validating pin"",""similarity"":1.0,""match_type"":""exact_normalized""},{""ground_truth_state"":""Waiting for Customer Choice"",""candidate_state"":""Waiting for Customer Choice"",""ground_truth_normalized"":""waiting for customer choice"",""candidate_normalized"":""waiting for customer choice"",""similarity"":1.0,""match_type"":""exact_normalized""},{""ground_truth_state"":""Waiting for PIN"",""candidate_state"":""Waiting for PIN"",""ground_truth_normalized"":""waiting for pin"",""candidate_normalized"":""waiting for pin"",""similarity"":1.0,""match_type"":""exact_normalized""}]","[""Processing Customer Input""]","[""ClosedDown"",""LoggedOut""]",8,9,7,1,2,0.777778,0.875,0.823529
Qwen_2.5_7B,baseline_repair,case_70_atm_many_scenarios_7,results/plantuml_pipeline_run2/runs/open_source__qwen25_7b_instruct__rag_validation_generator_critic_repair/case_70_atm_many_scenarios_7/run_01.puml,dataset/case_70_atm_many_scenarios_7/diagram.puml,sentence-transformers/all-MiniLM-L6-v2,0.800000,,"[""Confiscating"",""Ejecting"",""Idle"",""Processing Customer Input"",""Processing Transaction"",""Validating PIN"",""Waiting for Customer Choice"",""Waiting for PIN""]","[""Confiscating"",""Ejecting"",""Idle"",""ValidatingPIN"",""WaitingForChoice"",""WaitingForPIN""]","[{""ground_truth_state"":""Confiscating"",""candidate_state"":""Confiscating"",""ground_truth_normalized"":""confiscating"",""candidate_normalized"":""confiscating"",""similarity"":1.0,""match_type"":""exact_normalized""},{""ground_truth_state"":""Ejecting"",""candidate_state"":""Ejecting"",""ground_truth_normalized"":""ejecting"",""candidate_normalized"":""ejecting"",""similarity"":1.0,""match_type"":""exact_normalized""},{""ground_truth_state"":""Idle"",""candidate_state"":""Idle"",""ground_truth_normalized"":""idle"",""candidate_normalized"":""idle"",""similarity"":1.0,""match_type"":""exact_normalized""},{""ground_truth_state"":""Validating PIN"",""candidate_state"":""ValidatingPIN"",""ground_truth_normalized"":""validating pin"",""candidate_normalized"":""validating pin"",""similarity"":1.0,""match_type"":""exact_normalized""},{""ground_truth_state"":""Waiting for PIN"",""candidate_state"":""WaitingForPIN"",""ground_truth_normalized"":""waiting for pin"",""candidate_normalized"":""waiting for pin"",""similarity"":1.0,""match_type"":""exact_normalized""}]","[""Processing Customer Input"",""Processing Transaction"",""Waiting for Customer Choice""]","[""WaitingForChoice""]",8,6,5,3,1,0.833333,0.625,0.714286
DeepSeek_R1_14B,baseline_repair,case_75_graderate,results/plantuml_pipeline_run2/runs/open_source__deepseek_r1_14b__few_shot_validation_generator_critic_repair/case_75_graderate/run_01.puml,dataset/case_75_graderate/diagram.puml,sentence-transformers/all-MiniLM-L6-v2,0.800000,,"[""Active"",""Lapsed"",""Pending""]","[""Active"",""Archived"",""Expired"",""Waiting""]","[{""ground_truth_state"":""Active"",""candidate_state"":""Active"",""ground_truth_normalized"":""active"",""candidate_normalized"":""active"",""similarity"":1.0,""match_type"":""exact_normalized""}]","[""Lapsed"",""Pending""]","[""Archived"",""Expired"",""Waiting""]",3,4,1,2,3,0.25,0.333333,0.285714
Llama_3.1_8B,baseline_repair,case_75_graderate,results/plantuml_pipeline_run2/runs/open_source__llama31_8b_instruct__few_shot_validation_generator_critic_repair/case_75_graderate/run_01.puml,dataset/case_75_graderate/diagram.puml,sentence-transformers/all-MiniLM-L6-v2,0.800000,,"[""Active"",""Lapsed"",""Pending""]","[""ActivateRate"",""Active state"",""Archived state"",""RemoveRate"",""ExpireRate"",""Expired state"",""MaintainActiveState"",""Waiting state""]",[],"[""Active"",""Lapsed"",""Pending""]","[""ActivateRate"",""Active state"",""Archived state"",""RemoveRate"",""ExpireRate"",""Expired state"",""MaintainActiveState"",""Waiting state""]",3,8,0,3,8,0.0,0.0,0.0
Mistral,baseline_repair,case_75_graderate,results/plantuml_pipeline_run2/runs/open_source__mistral__rag_validation_generator_critic_repair/case_75_graderate/run_01.puml,dataset/case_75_graderate/diagram.puml,sentence-transformers/all-MiniLM-L6-v2,0.800000,,"[""Active"",""Lapsed"",""Pending""]","[""Active"",""AwaitingApproval"",""BookReceived"",""Cancelled"",""CheckingDetails"",""Completed"",""ControllingStreetLights"",""Creation"",""FineAmountRequired"",""FinePaid"",""GetBook"",""IncorrectDetails"",""Login"",""MaintainActive"",""ManagingSignals"",""MemberIDIssued"",""MembershipActive"",""Monitoring"",""Registration"",""Satisfied"",""SearchForBook"",""SearchForSession"",""VerifyingRules"",""ViolationIssued"",""WaitingEnrolment"",""WarningSent""]","[{""ground_truth_state"":""Active"",""candidate_state"":""Active"",""ground_truth_normalized"":""active"",""candidate_normalized"":""active"",""similarity"":1.0,""match_type"":""exact_normalized""}]","[""Lapsed"",""Pending""]","[""AwaitingApproval"",""BookReceived"",""Cancelled"",""CheckingDetails"",""Completed"",""ControllingStreetLights"",""Creation"",""FineAmountRequired"",""FinePaid"",""GetBook"",""IncorrectDetails"",""Login"",""MaintainActive"",""ManagingSignals"",""MemberIDIssued"",""MembershipActive"",""Monitoring"",""Registration"",""Satisfied"",""SearchForBook"",""SearchForSession"",""VerifyingRules"",""ViolationIssued"",""WaitingEnrolment"",""WarningSent""]",3,26,1,2,25,0.038462,0.333333,0.068966
Qwen_2.5_7B,baseline_repair,case_75_graderate,results/plantuml_pipeline_run2/runs/open_source__qwen25_7b_instruct__rag_validation_generator_critic_repair/case_75_graderate/run_01.puml,dataset/case_75_graderate/diagram.puml,sentence-transformers/all-MiniLM-L6-v2,0.800000,,"[""Active"",""Lapsed"",""Pending""]","[""a"",""ar"",""e"",""ws""]",[],"[""Active"",""Lapsed"",""Pending""]","[""a"",""ar"",""e"",""ws""]",3,4,0,3,4,0.0,0.0,0.0
DeepSeek_R1_14B,baseline_repair,case_78_class_campaign_version_2,results/plantuml_pipeline_run2/runs/open_source__deepseek_r1_14b__few_shot_validation_generator_critic_repair/case_78_class_campaign_version_2/run_01.puml,dataset/case_78_class_campaign_version_2/diagram.puml,sentence-transformers/all-MiniLM-L6-v2,0.800000,,"[""Active"",""AdvertPreparation"",""Commissioned"",""Completed"",""Paid"",""Running Adverts"",""Scheduling""]","[""Activated"",""Approved"",""Archived"",""Campaign Initialized"",""Completed"",""HandlingPayment"",""PreparingAdverts"",""Running""]","[{""ground_truth_state"":""AdvertPreparation"",""candidate_state"":""PreparingAdverts"",""ground_truth_normalized"":""advert preparation"",""candidate_normalized"":""preparing adverts"",""similarity"":0.917959,""match_type"":""strict""},{""ground_truth_state"":""Completed"",""candidate_state"":""Completed"",""ground_truth_normalized"":""completed"",""candidate_normalized"":""completed"",""similarity"":1.0,""match_type"":""exact_normalized""}]","[""Active"",""Commissioned"",""Paid"",""Running Adverts"",""Scheduling""]","[""Activated"",""Approved"",""Archived"",""Campaign Initialized"",""HandlingPayment"",""Running""]",7,8,2,5,6,0.25,0.285714,0.266667
Llama_3.1_8B,baseline_repair,case_78_class_campaign_version_2,results/plantuml_pipeline_run2/runs/open_source__llama31_8b_instruct__few_shot_validation_generator_critic_repair/case_78_class_campaign_version_2/run_01.puml,dataset/case_78_class_campaign_version_2/diagram.puml,sentence-transformers/all-MiniLM-L6-v2,0.800000,,"[""Active"",""AdvertPreparation"",""Commissioned"",""Completed"",""Paid"",""Running Adverts"",""Scheduling""]","[""Approve Contract"",""ApproveContract"",""Archive Campaign"",""ArchiveCampaign"",""Assign Manager Staff"",""AssignManagerStaff"",""Complete Campaign"",""CompleteCampaign"",""ExtendAdjustCampaign"",""Extend/Adjust Campaign"",""Handle Payment"",""HandlePayment"",""LJ"",""Prepare Adverts"",""PrepareAdverts"",""Run Adverts"",""RunAdverts""]","[{""ground_truth_state"":""AdvertPreparation"",""candidate_state"":""Prepare Adverts"",""ground_truth_normalized"":""advert preparation"",""candidate_normalized"":""prepare adverts"",""similarity"":0.921139,""match_type"":""strict""},{""ground_truth_state"":""Running Adverts"",""candidate_state"":""Run Adverts"",""ground_truth_normalized"":""running adverts"",""candidate_normalized"":""run adverts"",""similarity"":0.934507,""match_type"":""strict""}]","[""Active"",""Commissioned"",""Completed"",""Paid"",""Scheduling""]","[""Approve Contract"",""ApproveContract"",""Archive Campaign"",""ArchiveCampaign"",""Assign Manager Staff"",""AssignManagerStaff"",""Complete Campaign"",""CompleteCampaign"",""ExtendAdjustCampaign"",""Extend/Adjust Campaign"",""Handle Payment"",""HandlePayment"",""LJ"",""PrepareAdverts"",""RunAdverts""]",7,17,2,5,15,0.117647,0.285714,0.166667
Mistral,baseline_repair,case_78_class_campaign_version_2,results/plantuml_pipeline_run2/runs/open_source__mistral__rag_validation_generator_critic_repair/case_78_class_campaign_version_2/run_01.puml,dataset/case_78_class_campaign_version_2/diagram.puml,sentence-transformers/all-MiniLM-L6-v2,0.800000,,"[""Active"",""AdvertPreparation"",""Commissioned"",""Completed"",""Paid"",""Running Adverts"",""Scheduling""]","[""Active"",""Adjusting"",""Billing"",""Cancelled"",""CancelledStatement"",""Commissioned"",""Completed"",""CustomerRegistration"",""DefectCheck"",""Delivery"",""MaterialChecking"",""OrderPlaced"",""Paused"",""Paid"",""Processing"",""ProductionStarted"",""Purchasing"",""ReportGenerated"",""Resuming"",""SampleRequested""]","[{""ground_truth_state"":""Active"",""candidate_state"":""Active"",""ground_truth_normalized"":""active"",""candidate_normalized"":""active"",""similarity"":1.0,""match_type"":""exact_normalized""},{""ground_truth_state"":""Commissioned"",""candidate_state"":""Commissioned"",""ground_truth_normalized"":""commissioned"",""candidate_normalized"":""commissioned"",""similarity"":1.0,""match_type"":""exact_normalized""},{""ground_truth_state"":""Completed"",""candidate_state"":""Completed"",""ground_truth_normalized"":""completed"",""candidate_normalized"":""completed"",""similarity"":1.0,""match_type"":""exact_normalized""},{""ground_truth_state"":""Paid"",""candidate_state"":""Paid"",""ground_truth_normalized"":""payment"",""candidate_normalized"":""payment"",""similarity"":1.0,""match_type"":""exact_normalized""}]","[""AdvertPreparation"",""Running Adverts"",""Scheduling""]","[""Adjusting"",""Billing"",""Cancelled"",""CancelledStatement"",""CustomerRegistration"",""DefectCheck"",""Delivery"",""MaterialChecking"",""OrderPlaced"",""Paused"",""Processing"",""ProductionStarted"",""Purchasing"",""ReportGenerated"",""Resuming"",""SampleRequested""]",7,20,4,3,16,0.2,0.571429,0.296296
Qwen_2.5_7B,baseline_repair,case_78_class_campaign_version_2,results/plantuml_pipeline_run2/runs/open_source__qwen25_7b_instruct__rag_validation_generator_critic_repair/case_78_class_campaign_version_2/run_01.puml,dataset/case_78_class_campaign_version_2/diagram.puml,sentence-transformers/all-MiniLM-L6-v2,0.800000,,"[""Active"",""AdvertPreparation"",""Commissioned"",""Completed"",""Paid"",""Running Adverts"",""Scheduling""]","[""Active"",""Adjusted"",""Commissioned"",""Completed"",""Finalized"",""Paid""]","[{""ground_truth_state"":""Active"",""candidate_state"":""Active"",""ground_truth_normalized"":""active"",""candidate_normalized"":""active"",""similarity"":1.0,""match_type"":""exact_normalized""},{""ground_truth_state"":""Commissioned"",""candidate_state"":""Commissioned"",""ground_truth_normalized"":""commissioned"",""candidate_normalized"":""commissioned"",""similarity"":1.0,""match_type"":""exact_normalized""},{""ground_truth_state"":""Completed"",""candidate_state"":""Completed"",""ground_truth_normalized"":""completed"",""candidate_normalized"":""completed"",""similarity"":1.0,""match_type"":""exact_normalized""},{""ground_truth_state"":""Paid"",""candidate_state"":""Paid"",""ground_truth_normalized"":""payment"",""candidate_normalized"":""payment"",""similarity"":1.0,""match_type"":""exact_normalized""}]","[""AdvertPreparation"",""Running Adverts"",""Scheduling""]","[""Adjusted"",""Finalized""]",7,6,4,3,2,0.666667,0.571429,0.615385
DeepSeek_R1_14B,baseline_repair,case_80_staff_member_class,results/plantuml_pipeline_run2/runs/open_source__deepseek_r1_14b__few_shot_validation_generator_critic_repair/case_80_staff_member_class/run_01.puml,dataset/case_80_staff_member_class/diagram.puml,sentence-transformers/all-MiniLM-L6-v2,0.800000,,"[""AssignedCampaign"",""Campaign Staff"",""CampaignStaff"",""Employed"",""Ex-employee"",""NotAssigned"",""NotCampaignStaff"",""Staff Contact""]","[""Employed""]","[{""ground_truth_state"":""Employed"",""candidate_state"":""Employed"",""ground_truth_normalized"":""employed"",""candidate_normalized"":""employed"",""similarity"":1.0,""match_type"":""exact_normalized""}]","[""AssignedCampaign"",""Campaign Staff"",""CampaignStaff"",""Ex-employee"",""NotAssigned"",""NotCampaignStaff"",""Staff Contact""]",[],8,1,1,7,0,1.0,0.125,0.222222
Llama_3.1_8B,baseline_repair,case_80_staff_member_class,results/plantuml_pipeline_run2/runs/open_source__llama31_8b_instruct__few_shot_validation_generator_critic_repair/case_80_staff_member_class/run_01.puml,dataset/case_80_staff_member_class/diagram.puml,sentence-transformers/all-MiniLM-L6-v2,0.800000,,"[""AssignedCampaign"",""Campaign Staff"",""CampaignStaff"",""Employed"",""Ex-employee"",""NotAssigned"",""NotCampaignStaff"",""Staff Contact""]","[""Added to Campaign"",""Archived"",""Assigned to Client"",""Marked as Unemployed"",""Unassigned""]",[],"[""AssignedCampaign"",""Campaign Staff"",""CampaignStaff"",""Employed"",""Ex-employee"",""NotAssigned"",""NotCampaignStaff"",""Staff Contact""]","[""Added to Campaign"",""Archived"",""Assigned to Client"",""Marked as Unemployed"",""Unassigned""]",8,5,0,8,5,0.0,0.0,0.0
Mistral,baseline_repair,case_80_staff_member_class,results/plantuml_pipeline_run2/runs/open_source__mistral__rag_validation_generator_critic_repair/case_80_staff_member_class/run_01.puml,dataset/case_80_staff_member_class/diagram.puml,sentence-transformers/all-MiniLM-L6-v2,0.800000,,"[""AssignedCampaign"",""Campaign Staff"",""CampaignStaff"",""Employed"",""Ex-employee"",""NotAssigned"",""NotCampaignStaff"",""Staff Contact""]","[""Active"",""AddingCase"",""Archived"",""AssignedToCampaign"",""AssignedToClient"",""Cancelled"",""Commissioned"",""Completed"",""DocumentUploaded"",""Guest"",""LoggedIn"",""Paused"",""Paid"",""Registered"",""ReminderSet"",""SwitchingAssignments"",""Unemployed""]","[{""ground_truth_state"":""AssignedCampaign"",""candidate_state"":""AssignedToCampaign"",""ground_truth_normalized"":""assigned campaign"",""candidate_normalized"":""assigned to campaign"",""similarity"":0.949934,""match_type"":""strict""}]","[""Campaign Staff"",""CampaignStaff"",""Employed"",""Ex-employee"",""NotAssigned"",""NotCampaignStaff"",""Staff Contact""]","[""Active"",""AddingCase"",""Archived"",""AssignedToClient"",""Cancelled"",""Commissioned"",""Completed"",""DocumentUploaded"",""Guest"",""LoggedIn"",""Paused"",""Paid"",""Registered"",""ReminderSet"",""SwitchingAssignments"",""Unemployed""]",8,17,1,7,16,0.058824,0.125,0.08
Qwen_2.5_7B,baseline_repair,case_80_staff_member_class,results/plantuml_pipeline_run2/runs/open_source__qwen25_7b_instruct__rag_validation_generator_critic_repair/case_80_staff_member_class/run_01.puml,dataset/case_80_staff_member_class/diagram.puml,sentence-transformers/all-MiniLM-L6-v2,0.800000,,"[""AssignedCampaign"",""Campaign Staff"",""CampaignStaff"",""Employed"",""Ex-employee"",""NotAssigned"",""NotCampaignStaff"",""Staff Contact""]","[""Archived"",""Assigned"",""Switching"",""Unassigned""]","[{""ground_truth_state"":""NotAssigned"",""candidate_state"":""Assigned"",""ground_truth_normalized"":""not assigned"",""candidate_normalized"":""assigned"",""similarity"":0.857469,""match_type"":""strict""}]","[""AssignedCampaign"",""Campaign Staff"",""CampaignStaff"",""Employed"",""Ex-employee"",""NotCampaignStaff"",""Staff Contact""]","[""Archived"",""Switching"",""Unassigned""]",8,4,1,7,3,0.25,0.125,0.166667
