diagram_id,case_id,requirement_id,generation_model,generation_method,source_run_id,judge_model,judge_type,ollama_digest,prompt_version,status,completeness_score,correctness_score,understandability_score,terminological_alignment_score,completeness_feedback,correctness_feedback,understandability_feedback,terminological_alignment_feedback
diagram_028e8ca09bd3,case_80_staff_member_class,case_80_staff_member_class,Mistral,few_shot,open_source__mistral__few_shot,deepseek-r1:14b,general_purpose,c333b7232bdb521236694ffbb5f5a6b11cc45d98e9142c73123b670fca400b09,human_rubric_general_v1,ok,5,5,5,5,Fully fulfilled.,Fully fulfilled.,Fully fulfilled.,Fully fulfilled.
diagram_028e8ca09bd3,case_80_staff_member_class,case_80_staff_member_class,Mistral,few_shot,open_source__mistral__few_shot,ggozad/prometheus2,specialized_evaluation,a35c2d3191de6693e87dc2d07609ca9643eab74bfa36fee3582b8cfc63753762,human_rubric_prometheus_reference_free_v1,ok,3,5,4,4,"The response provided a clear state diagram for the Staff Member class, covering most of the functional requirements specified in the instruction. It successfully represented the main elements such as Unassigned, AssignedToClient or Campaign, Working, Unemployed, and Archived states. However, it missed out on explicitly stating the transitions between these states, which are crucial to understanding how the system operates. For instance, there is no mention of how a staff member switches between different assignments during their work period. Additionally, while the response did include the final state of Archived, it failed to specify that this state should be reached after some time has passed since the staff member left the job. These omissions prevent the response from being fully complete according to the score rubric. Therefore, based on the completeness criterion, the response is partially fulfilled as it represents most of the required elements but lacks in detailing the transitions and events that are essential for a comprehensive understanding of the system's operation.","The response provided a clear and concise diagram that accurately represents the behavior of the Staff Member class as per the requirements specified in the instruction. The diagram logically progresses from an unassigned state to assigned states, then to working, unemployed, and finally archived. Each transition is correctly associated with the corresponding action or event, such as assigning a staff member to a client or campaign, removing assignments, leaving the job, and archiving records after some time has passed. The diagram does not contain any contradictions or logical errors, thus fulfilling all aspects of the requirements. Therefore, based on the score rubric, the response is completely fulfilled as it correctly matches the behavior with the requirement without contradiction.","The response provided a clear and understandable PlantUML diagram that aligns with the functional requirements specified in the instruction. The diagram effectively represents the state transitions of a staff member, from being unassigned to working, unemployed, and finally archived. Each transition is clearly defined, making it easy for readers to follow the flow of the system.

However, there are minor issues that prevent the response from achieving a perfect score. The diagram could be improved by providing more context or explanation for each state, which would enhance its readability and comprehensibility. For example, adding brief descriptions of what happens in each state would help readers understand the purpose and implications of each transition.

Despite these minor issues, the response is still largely successful in creating a clear and concise diagram that effectively communicates the functional requirements of the Staff Member class. Therefore, based on the score rubric's criteria for understandability, the response is mainly fulfilled with only minor issues.","The response demonstrates a good understanding of the requirements by using terminology that is closely aligned with the instruction. The states are named in a way that reflects the different stages of a staff member's life cycle within the system, such as ""Unassigned,"" ""AssignedToClient,"" and ""Archived."" However, there are minor wording differences that prevent it from achieving a perfect score. For instance, the transition labels could be more precise to better reflect the actions described in the requirements. For example, instead of saying ""Assign to Client or Campaign,"" it would be more accurate to say ""Assign to Client or Campaign (either/or)."" Additionally, the phrase ""After some time has passed"" is less specific than the requirement's ""after some time has passed."" These small discrepancies in terminology and phrasing are what differentiate a score of 4 from a perfect score of 5. So the overall score is 4."
diagram_028e8ca09bd3,case_80_staff_member_class,case_80_staff_member_class,Mistral,few_shot,open_source__mistral__few_shot,llama3.1:8b-instruct-q4_K_M,general_purpose,46e0c10c039e019119339687c3c1757cc81b9da49709a3b3924863ba87ca666e,human_rubric_general_v1,ok,4,2,5,4,Missing transition from 'AssignedToClient' to 'Unemployed',Transition from 'Working' to 'Unassigned' is not explicitly allowed by requirement 3,Fully fulfilled,State name 'Archived' does not exactly match the term used in requirement 5
diagram_0c68eaef4a08,case_41_video_suggestion_system,case_41_video_suggestion_system,Llama_3.1_8B,baseline_repair,open_source__llama31_8b_instruct__few_shot_validation_generator_critic_repair,deepseek-r1:14b,general_purpose,c333b7232bdb521236694ffbb5f5a6b11cc45d98e9142c73123b670fca400b09,human_rubric_general_v1,ok,5,5,5,5,Fully fulfilled.,Fully fulfilled.,Fully fulfilled.,Fully fulfilled.
diagram_0c68eaef4a08,case_41_video_suggestion_system,case_41_video_suggestion_system,Llama_3.1_8B,baseline_repair,open_source__llama31_8b_instruct__few_shot_validation_generator_critic_repair,ggozad/prometheus2,specialized_evaluation,a35c2d3191de6693e87dc2d07609ca9643eab74bfa36fee3582b8cfc63753762,human_rubric_prometheus_reference_free_v1,failed,5,3,,4,"The response provided a complete representation of the Video Suggestion System's functional requirements using PlantUML. It successfully depicted the system's state transitions from receiving a request to sending video suggestions. Each state was clearly defined, and the transitions between them were accurately represented. The inclusion of user profile, user preferences, trending videos, similar videos, and promoted videos in the gathering process shows an understanding of the system's requirements for video selection. Additionally, the response demonstrated the system's ability to add details such as thumbnails and view counts before sending suggestions. This attention to detail aligns with the requirement specification provided. The final state of the system returning to idle after completing the suggestion process was also correctly depicted. Therefore, based on the score rubric, this response fulfills all required states, transitions, events, guards, initial states, and final states, making it a complete representation of the system's functional requirements.","The response provided a diagram that represents the behavior of the Video Suggestion System. The diagram shows a sequence of states, which corresponds to the functional requirements specified in the instruction. However, there are some logical issues present in the diagram. For instance, the transition from ""Gathering Videos"" to ""Adding Details"" is not clearly defined, and it's unclear how these two processes interact with each other. Additionally, the transition from ""Sending Suggestions"" to ""End of Suggestion Process"" lacks clarity on what happens after the suggestions are sent. These issues indicate that while the main behavior is partly correct, important logical problems remain. Therefore, based on the score rubric, the response is partially fulfilled.",Judge response could not be parsed after two attempts.,"The response aligns well with the instruction by using similar terminology to describe the system's functionality. The states are named in a way that reflects the actions of the system, such as ""Receiving Request"" and ""Identifying User"". However, there are minor discrepancies in wording, for example, ""Gathering Videos"" instead of ""Gathering Videos Simultaneously"", which slightly deviates from the requirement text. Additionally, the transition labels could be more precise to better reflect the actions between states. For instance, ""Add Details"" could be more specific by mentioning ""thumbnails and view counts"". Despite these minor issues, the response is largely successful in using terminology that aligns with the instruction. Therefore, based on the rubric's criteria for terminological alignment, the response is mainly fulfilled."
diagram_0c68eaef4a08,case_41_video_suggestion_system,case_41_video_suggestion_system,Llama_3.1_8B,baseline_repair,open_source__llama31_8b_instruct__few_shot_validation_generator_critic_repair,llama3.1:8b-instruct-q4_K_M,general_purpose,46e0c10c039e019119339687c3c1757cc81b9da49709a3b3924863ba87ca666e,human_rubric_general_v1,ok,4,2,5,4,"Missing initial state for the 'User Profile', 'User Preferences', 'Trending Videos', 'Similar Videos', and 'Promoted Videos' states.",The diagram does not logically match the requirement as it does not account for the user's profile or preferences in the gathering of videos.,Fully fulfilled.,"State names and transition labels mostly use the exact same terms as the requirement text, but some states (e.g., 'UserProfile') are not directly mentioned in the requirements."
diagram_12ca9187a47c,case_39_website_development,case_39_website_development,DeepSeek_R1_14B,baseline_repair,open_source__deepseek_r1_14b__few_shot_validation_generator_critic_repair,deepseek-r1:14b,general_purpose,c333b7232bdb521236694ffbb5f5a6b11cc45d98e9142c73123b670fca400b09,human_rubric_general_v1,ok,4,4,3,4,"Missing Contact state and transitions, as well as the final application handling.",Flows are logical but lacks guards and some missing requirements.,Includes unnecessary Contact state and ends abruptly at ApplicationChecked.,Most terms align but 'Apply' instead of 'Submit Application Form' and extra Contact state.
diagram_12ca9187a47c,case_39_website_development,case_39_website_development,DeepSeek_R1_14B,baseline_repair,open_source__deepseek_r1_14b__few_shot_validation_generator_critic_repair,ggozad/prometheus2,specialized_evaluation,a35c2d3191de6693e87dc2d07609ca9643eab74bfa36fee3582b8cfc63753762,human_rubric_prometheus_reference_free_v1,ok,3,3,3,4,"The response provided a UML State Chart Diagram that captures the essence of the instruction but lacks some important details. The diagram includes all the main elements such as Homepage, Projects, View Photos, View Videos, Career Info, View Updates, and Apply. However, it misses out on the transitions between states like ""Contact"" which is not explicitly mentioned in the instruction. Additionally, the response does not include the final state of ""Application Checked"", which is a critical part of the system's functionality as per the instruction. The omission of these elements results in a partially fulfilled diagram that captures most but not all required states and transitions. Therefore, based on the score rubric, this response would receive a score of 3.","The response provided a UML State Chart Diagram that captures the main functional requirements of the website development project. However, there are some logical issues present in the diagram. For instance, the transition from ""Homepage"" to ""Projects"" is not clearly defined as it lacks an explicit action such as ""Select Projects"". Additionally, the transitions between ""View Photos"", ""View Videos"", and ""Career Info"" are not explicitly connected to the user's choice of viewing photos or videos. The diagram also fails to include a transition from ""Job Application"" back to ""Projects"" after the application is submitted, which could lead to confusion about how users navigate back to project information. Despite these issues, the main behaviour of navigating between different sections of the website and making choices about what to view or apply for is mostly correct. Therefore, based on the score rubric, the response is partially fulfilled with important logical problems remaining.","The response provided a UML State Chart Diagram that was generally understandable and followed the instruction's requirements. However, there were some issues with clarity and complexity. The use of abbreviations like ""Homepage"" instead of ""Homepage Navigation"" could potentially confuse readers who are not familiar with UML notation. Additionally, the transitions between states were not clearly defined, which might lead to misunderstandings about the flow of user interactions on the website.

The diagram also included unnecessary states such as ""Contact"", which was not mentioned in the instruction and does not contribute to understanding the functional requirements of the website. This inclusion adds complexity without providing additional clarity or insight into the system's functionality.

Despite these issues, the response still managed to convey the main functionalities of the website, making it partially fulfilled according to the score rubric. The diagram was readable and mostly clear, but there were several areas where clarity could be improved. So the overall score is 3.","The response provided a UML State Chart Diagram that aligns well with the given instruction. The terminology used in the diagram is mostly aligned with the requirement text, which is crucial for understanding and implementing the requirements. However, there are minor wording differences such as ""Select Photos"" instead of ""View Photos"" and ""Select Videos"" instead of ""View Videos"". These slight deviations from the exact terms used in the instruction do not significantly impact the overall alignment with the requirement text. The diagram also includes additional states like ""Contact"", which are not explicitly mentioned in the instruction but could be considered as part of a comprehensive website development. Despite these minor discrepancies, the response demonstrates a good understanding and application of the requirements. Therefore, based on the score rubric, the response is mainly fulfilled with only minor wording differences."
diagram_12ca9187a47c,case_39_website_development,case_39_website_development,DeepSeek_R1_14B,baseline_repair,open_source__deepseek_r1_14b__few_shot_validation_generator_critic_repair,llama3.1:8b-instruct-q4_K_M,general_purpose,46e0c10c039e019119339687c3c1757cc81b9da49709a3b3924863ba87ca666e,human_rubric_general_v1,ok,4,3,4,2,Missing transition from ViewUpdates to CareerInfo,"No contradiction found, but the behavior does not fully match requirement 6 as it only checks submitted job applications after they are submitted, implying a single check, whereas the system should continuously monitor and check submitted job applications.","The diagram is clear and readable, but some transitions could be labeled more explicitly to improve understandability","State names do not exactly match the requirement text; e.g., 'Contact' instead of 'Career Opportunities'"
diagram_136d3daacc57,case_15_e_ticketing_for_bus,case_15_e_ticketing_for_bus,Mistral,few_shot,open_source__mistral__few_shot,deepseek-r1:14b,general_purpose,c333b7232bdb521236694ffbb5f5a6b11cc45d98e9142c73123b670fca400b09,human_rubric_general_v1,ok,5,5,5,5,Fully fulfilled.,Fully fulfilled.,Fully fulfilled.,Fully fulfilled.
diagram_136d3daacc57,case_15_e_ticketing_for_bus,case_15_e_ticketing_for_bus,Mistral,few_shot,open_source__mistral__few_shot,ggozad/prometheus2,specialized_evaluation,a35c2d3191de6693e87dc2d07609ca9643eab74bfa36fee3582b8cfc63753762,human_rubric_prometheus_reference_free_v1,ok,5,5,4,4,"The response provided a complete state diagram for the E Ticketing For Bus system, covering all the functional requirements specified in the instruction. Each state was clearly defined, and the transitions between them were accurately represented. The actions that could be performed within each state were also well-articulated, ensuring that the user's journey through the system is comprehensively captured.

The response effectively demonstrated how a user would interact with the system, from account creation to ticket booking and management of personal details. It also included the necessary steps for logging in and out, which are crucial for user experience. The inclusion of both successful and failed transactions within the booking process adds depth to the diagram, illustrating potential scenarios that users might encounter.

The response adhered strictly to the instruction by not assuming any additional behavior or requirements. It also avoided generating new PlantUML, instead focusing on providing a clear and concise representation of the existing functional requirements.

In conclusion, the response fulfilled all the criteria outlined in the score rubric, demonstrating a complete understanding of the system's requirements and effectively communicating this through a well-structured state diagram. Therefore, based on the completeness criterion, the response is rated as 5.","The response provided a PlantUML diagram that aligns well with the functional requirements specified in the instruction. The diagram logically represents the sequence of actions a user would take when using the E Ticketing For Bus system, from creating an account to logging out after completing any action. Each state and transition is clearly defined, ensuring that the behaviour of the system is accurately depicted.

The response also correctly identifies the need for validation during registration and the importance of confirming a ticket before making payment. It also includes the ability for users to manage their account details, which is an essential feature of the system. The transitions between states are well-defined, indicating that the user's actions will lead to the correct outcomes in each scenario.

The diagram does not contain any contradictions or incorrect behaviour, and it successfully captures the main functionalities required by the instruction. Therefore, based on the score rubric, the response is completely fulfilled as it accurately represents the system's behaviour without contradiction.","The response provided a PlantUML diagram that aligns with the instruction given. The diagram effectively represents the functional requirements of the E Ticketing For Bus system. However, there are minor issues in terms of clarity and readability. Specifically, the transitions between states could be more clearly defined to enhance understanding. Additionally, some of the actions within the states could be better articulated for greater clarity. Despite these minor issues, the diagram is largely clear and well-structured, making it easy to follow and understand the system's functional requirements. Therefore, based on the score rubric, the response is mainly fulfilled with only minor issues.","The response aligns well with the instruction's functional requirements. The terminology used in the PlantUML diagram is mostly consistent with the requirement text, which demonstrates a good understanding of the task at hand. However, there are minor discrepancies that prevent it from achieving a perfect score. For instance, the term ""NotRegistered"" could be more accurately represented as ""Unregistered,"" and ""CheckingTicketStatus"" might be better phrased as ""Checking Ticket Status."" These slight variations in wording do not significantly detract from the overall alignment with the instruction's requirements. Therefore, based on the rubric's criteria for terminological alignment, the response is mainly fulfilled, with only minor wording differences."
diagram_136d3daacc57,case_15_e_ticketing_for_bus,case_15_e_ticketing_for_bus,Mistral,few_shot,open_source__mistral__few_shot,llama3.1:8b-instruct-q4_K_M,general_purpose,46e0c10c039e019119339687c3c1757cc81b9da49709a3b3924863ba87ca666e,human_rubric_general_v1,ok,4,3,5,4,Missing transition from CheckingTicketStatus back to LoggedIn,No clear indication of what happens after a failed transaction in BookingTicket state,Fully fulfilled,Some state names and transition labels do not exactly match the requirement text
diagram_18069852ccc5,case_51_process_sale,case_51_process_sale,Llama_3.1_8B,syntax_grounded_repair,open_source__llama31_8b_instruct__few_shot_validation_generator_critic_repair__syntax_grounded,deepseek-r1:14b,general_purpose,c333b7232bdb521236694ffbb5f5a6b11cc45d98e9142c73123b670fca400b09,human_rubric_general_v1,ok,4,5,5,5,Missing transition for returning to waiting after payment without completing sale.,Fully fulfilled.,Fully fulfilled.,Fully fulfilled.
diagram_18069852ccc5,case_51_process_sale,case_51_process_sale,Llama_3.1_8B,syntax_grounded_repair,open_source__llama31_8b_instruct__few_shot_validation_generator_critic_repair__syntax_grounded,ggozad/prometheus2,specialized_evaluation,a35c2d3191de6693e87dc2d07609ca9643eab74bfa36fee3582b8cfc63753762,human_rubric_prometheus_reference_free_v1,failed,,,4,4,Judge response could not be parsed after two attempts.,Judge response could not be parsed after two attempts.,"The response provided a clear and understandable state machine for the process of sale. It effectively represented the functional requirements in a concise manner. However, there was a minor issue with the final transition from Completed to WaitingForSale. The transition was repeated, which could be seen as redundant. This slight repetition does not significantly impact the overall clarity and readability of the diagram but is worth noting for completeness. Despite this, the response still fulfills the criteria of being clear, readable, and well structured. Therefore, based on the score rubric, the response is mainly fulfilled with only minor issues.","The response aligns well with the instruction's requirements, using terminology that closely matches the original text. The state machine is clearly defined, with each state corresponding to a specific step in the sales process. However, there are minor discrepancies in wording, such as ""WaitingForSale"" instead of ""Waiting for a new sale,"" and ""AddingItems"" instead of ""Enter items one by one."" These slight deviations from the original text do not significantly impact the overall alignment with the instruction. The transitions between states are also well-defined, maintaining the essence of the sales process. Despite these minor differences, the response effectively captures the main functional requirements outlined in the instruction. Therefore, based on the score rubric's criteria for terminological alignment, the response is mainly fulfilled, with only minor wording differences."
diagram_18069852ccc5,case_51_process_sale,case_51_process_sale,Llama_3.1_8B,syntax_grounded_repair,open_source__llama31_8b_instruct__few_shot_validation_generator_critic_repair__syntax_grounded,llama3.1:8b-instruct-q4_K_M,general_purpose,46e0c10c039e019119339687c3c1757cc81b9da49709a3b3924863ba87ca666e,human_rubric_general_v1,ok,4,3,4,5,Missing initial state for 'AddingItems',"Transition from 'Payment' to 'Completed' when paying with cash is correct, but transition from 'Payment' to 'VerifyingPayment' when paying by card or check should be conditional on the customer's choice","State names and transitions are clear, but some transitions could be more descriptive",Fully fulfilled
diagram_1a821b57b6dd,case_33_farm_management_system,case_33_farm_management_system,DeepSeek_R1_14B,few_shot,open_source__deepseek_r1_14b__few_shot,deepseek-r1:14b,general_purpose,c333b7232bdb521236694ffbb5f5a6b11cc45d98e9142c73123b670fca400b09,human_rubric_general_v1,ok,4,3,5,5,Missing transitions allowing continued use after viewing results.,Fails to capture continuous usage without returning to MainMenu.,Fully fulfilled.,Fully fulfilled.
diagram_1a821b57b6dd,case_33_farm_management_system,case_33_farm_management_system,DeepSeek_R1_14B,few_shot,open_source__deepseek_r1_14b__few_shot,ggozad/prometheus2,specialized_evaluation,a35c2d3191de6693e87dc2d07609ca9643eab74bfa36fee3582b8cfc63753762,human_rubric_prometheus_reference_free_v1,ok,4,5,4,4,"The response provided a UML State Machine Diagram that captures the essence of the Farm Management System's functional requirements. It includes all the necessary states such as ""Idle"", ""LoggedIn MainMenu"", ""MarketConditions"", ""PestControl"", ""SoilSuggestions"", ""WeatherInsights"", ""LabourAvailability"", and ""Logout"". The transitions between these states are also well-defined, indicating how a user would navigate through the system.

However, there is a minor omission in the response. It does not explicitly mention that users will be required to provide a photo when they choose pest control help. This detail is crucial as it directly relates to one of the functional requirements stated in the instruction. The absence of this requirement makes the response slightly less complete than it could be.

Despite this, the response still manages to cover most of the required elements and transitions within the system's workflow. Therefore, based on the score rubric, the response is mainly fulfilled with only minor omissions.","The response provided a UML State Machine Diagram that aligns well with the functional requirements specified in the instruction. The diagram accurately represents the system's behavior, from user login to logout, including all the required features such as market conditions, pest control techniques, soil-related suggestions, weather insights, and labour availability details. Each state is correctly connected to its next state, indicating a logical flow of user interaction within the system. The diagram also ensures that users can continue using the service after viewing any of these results, which is an important aspect of the system's functionality.

The response does not contain any contradictions or incorrect behavior, and it fulfills all the requirements specified in the instruction. Therefore, based on the score rubric, the diagram is completely correct and matches the requirement without contradiction. This makes the response a perfect fit for the task at hand.","The response provided a UML State Machine Diagram that was mostly understandable and readable. The states were clearly defined, and the transitions between them were logical and easy to follow. However, there were minor issues with clarity and complexity. For instance, the transitions from ""MarketConditions"" to ""MainMenu"" and ""PestControl"" to ""MainMenu"" could have been more explicitly stated as ""Back to MainMenu,"" which would have made it clearer that these are back-to-main-menu actions. Additionally, the transition from ""Logout"" to ""[*]"" was not clearly defined, potentially causing confusion about what happens after a user logs out. Despite these minor issues, the overall structure and readability of the diagram were commendable. So the overall score is 4.","The response provided a UML State Machine Diagram that aligns well with the functional requirements specified in the instruction. The terminology used in the diagram is mostly aligned with the requirement text, which includes state names and transition labels. However, there are minor wording differences such as ""LoggedIn MainMenu"" instead of ""User Logged In"", and ""Select Market Conditions"" instead of ""Show market conditions when the user selects this option"". These slight deviations do not significantly impact the overall alignment with the requirement text. The response also successfully demonstrates the flow of the system, from login to logout, which is a key aspect of the instruction. Therefore, based on the score rubric, the response is mainly fulfilled and aligns well with the requirements, but there are minor discrepancies in terminology."
diagram_1a821b57b6dd,case_33_farm_management_system,case_33_farm_management_system,DeepSeek_R1_14B,few_shot,open_source__deepseek_r1_14b__few_shot,llama3.1:8b-instruct-q4_K_M,general_purpose,46e0c10c039e019119339687c3c1757cc81b9da49709a3b3924863ba87ca666e,human_rubric_general_v1,ok,4,2,5,4,Missing state for 'PestControl' showing pest control techniques,Contradiction: user can select multiple options from MainMenu without being directed to a specific state for each option,Fully fulfilled,"State names and transition labels mostly match the requirement text, but 'LoggedIn MainMenu' is not exactly as specified"
diagram_1b1b9b3fc6a3,case_39_website_development,case_39_website_development,Mistral,syntax_grounded_repair,open_source__mistral__rag_validation_generator_critic_repair__syntax_grounded,deepseek-r1:14b,general_purpose,c333b7232bdb521236694ffbb5f5a6b11cc45d98e9142c73123b670fca400b09,human_rubric_general_v1,ok,5,5,5,5,Fully fulfilled.,Fully fulfilled.,Fully fulfilled.,Fully fulfilled.
diagram_1b1b9b3fc6a3,case_39_website_development,case_39_website_development,Mistral,syntax_grounded_repair,open_source__mistral__rag_validation_generator_critic_repair__syntax_grounded,ggozad/prometheus2,specialized_evaluation,a35c2d3191de6693e87dc2d07609ca9643eab74bfa36fee3582b8cfc63753762,human_rubric_prometheus_reference_free_v1,ok,5,3,3,4,"The response provided a complete representation of the functional requirements specified in the instruction. It included all necessary states, transitions, events, guards, initial states, and final states as required by the score rubric. The diagram effectively depicted the navigation flow from the homepage to various sections such as projects, career opportunities, updates, and application forms. Additionally, it also incorporated the functionality of checking submitted job applications after they are submitted. This response not only fulfilled all the requirements but also did so in a clear and concise manner, making it easy to understand the system's operation. Therefore, based on the score rubric, this response is completely fulfilled.","The response provided a diagram that generally aligns with the requirements specified in the instruction. However, there are some logical inconsistencies present in the diagram. For instance, the transition from Projects to Homepage is not clearly defined and could potentially lead to confusion about how users navigate back to the homepage after viewing projects or career opportunities. Additionally, the transitions between different states such as Photos, Videos, Updates, and ApplicationForm are not explicitly connected to the corresponding user actions, which might cause some ambiguity in understanding the flow of the system.

Moreover, the diagram does not clearly indicate how the system checks submitted job applications after they are submitted. The transition from JobApplications to Homepage is abrupt and lacks a clear connection to the action of checking the applications. This could lead to misunderstandings about the process of application submission and review.

Despite these issues, the response does manage to capture the main functionalities required by the instruction, such as navigating from the homepage using a navigation bar, displaying information about projects and career opportunities, and allowing users to choose between viewing photos or watching videos when viewing projects. However, the logical problems mentioned above prevent the diagram from being completely accurate and correct in representing the system's behavior.

In conclusion, while the response does provide a diagram that partially fulfills the requirements, it contains important logical issues that need to be addressed for the diagram to fully match the instruction's requirements. Therefore, based on the score rubric, the response is not completely fulfilled and has significant room for improvement in terms of correctness and logical consistency.","The response provided a PlantUML diagram that was largely understandable and readable. However, there were several issues that affected its clarity and structure. The use of multiple states for each feature made the diagram more complex than necessary. Additionally, the transitions between states were not clearly defined, which could lead to confusion about the flow of user interactions. Furthermore, the response included redundant elements such as ""backToProjects"" and ""backToHomepage,"" which did not contribute to a clear understanding of the system's functionality. The diagram also lacked conciseness, with some states being unnecessarily detailed. These issues resulted in a diagram that was partially fulfilled according to the rubric. Therefore, while the response demonstrated an attempt to create a functional requirement specification using PlantUML, it fell short of providing a clear and well-structured diagram.","The response demonstrates a good understanding of the requirements by using terminology that is closely aligned with the instruction. However, there are minor discrepancies in wording which slightly deviate from the original requirement text. For instance, ""Projects : displayInfo"" and ""CareerOpportunities : updateApplicationFormChoice"" could be more accurately represented as ""Projects : display information about projects"" and ""CareerOpportunities : allow users to choose between viewing updates or opening an application form for employment or internship"". These slight deviations do not significantly impact the overall alignment with the instruction. The response also successfully captures the flow of user navigation through the website, which is a key aspect of the requirements. Therefore, based on the rubric's criteria, the response is mainly fulfilled, with only minor wording differences."
diagram_1b1b9b3fc6a3,case_39_website_development,case_39_website_development,Mistral,syntax_grounded_repair,open_source__mistral__rag_validation_generator_critic_repair__syntax_grounded,llama3.1:8b-instruct-q4_K_M,general_purpose,46e0c10c039e019119339687c3c1757cc81b9da49709a3b3924863ba87ca666e,human_rubric_general_v1,ok,4,3,5,4,Missing 'displayInfo' transition from NavigationBar to Projects,Transitions for viewing photos and videos are not explicitly connected to the choice made by the user,Fully fulfilled,"State names match requirement text, but some transition labels use different wording"
diagram_1c2d497b29c0,case_28_ott_based_system_mini_reel,case_28_ott_based_system_mini_reel,Llama_3.1_8B,syntax_grounded_repair,open_source__llama31_8b_instruct__few_shot_validation_generator_critic_repair__syntax_grounded,deepseek-r1:14b,general_purpose,c333b7232bdb521236694ffbb5f5a6b11cc45d98e9142c73123b670fca400b09,human_rubric_general_v1,ok,5,5,5,5,Fully fulfilled.,Fully fulfilled.,Fully fulfilled.,Fully fulfilled.
diagram_1c2d497b29c0,case_28_ott_based_system_mini_reel,case_28_ott_based_system_mini_reel,Llama_3.1_8B,syntax_grounded_repair,open_source__llama31_8b_instruct__few_shot_validation_generator_critic_repair__syntax_grounded,ggozad/prometheus2,specialized_evaluation,a35c2d3191de6693e87dc2d07609ca9643eab74bfa36fee3582b8cfc63753762,human_rubric_prometheus_reference_free_v1,failed,5,4,,4,"The response provided a comprehensive state diagram for the Ott Based System Mini Reel class, covering all the functional requirements specified in the instruction. Each state was clearly defined with its corresponding entry, do, and exit actions, which aligns well with the rubric's requirement for completeness. The transitions between states were also accurately depicted, ensuring that the system's flow from one user action to another is logically represented.

Moreover, the response included all necessary elements such as initial states, final states, and the handling of invalid registration scenarios. This demonstrates a thorough understanding of the system's requirements and how they should be implemented in the state diagram. The inclusion of discussion as an option for users to enter also adds depth to the user experience, which is essential for a complete requirement specification.

In conclusion, the response effectively fulfills all the criteria outlined in the score rubric by providing a detailed and accurate state diagram that covers all required elements. Therefore, it can be concluded that the response is completely fulfilled according to the rubric's standards.","The response provided a state diagram for the Ott Based System Mini Reel class, which aligns with the instruction to create a polished requirement specification. The diagram logically represents the functional requirements of the system, such as creating an account, watching videos, uploading videos, saving videos in a likes list, viewing saved videos, and entering the discussion option. 

However, there are minor logical issues that prevent the response from achieving a perfect score. For instance, the diagram does not explicitly state how the user enters the discussion option after viewing their saved videos. Additionally, the transition between the ""Save Video"" and ""View Saved Videos"" states that the user can view their saved videos, but it doesn't specify that this action is taken from the likes list during video viewing. 

Despite these minor issues, the response still provides a mostly correct representation of the system's behaviour, with only minor logical problems remaining. Therefore, based on the score rubric, the response is mainly fulfilled and has only minor logical issues.",Judge response could not be parsed after two attempts.,"The response provided a detailed state diagram for the Ott Based System Mini Reel class, which aligns with the instruction given. The terminology used in the response is mostly aligned with the requirement text, but there are minor wording differences that prevent it from being completely fulfilled. For example, ""entry/To action"" and ""do/Remain in same state"" could be more closely aligned with the original requirements such as ""entry/Create Account"" and ""do/Create account after validating"". Additionally, some of the transition labels like ""exit/Watch Video / Invalid registration"" could have been more specific to match the requirement text. Despite these minor discrepancies, the response does a good job in capturing the essence of the functional requirements specified in the instruction. Therefore, based on the score rubric, the response is mainly fulfilled with only minor wording differences."
diagram_1c2d497b29c0,case_28_ott_based_system_mini_reel,case_28_ott_based_system_mini_reel,Llama_3.1_8B,syntax_grounded_repair,open_source__llama31_8b_instruct__few_shot_validation_generator_critic_repair__syntax_grounded,llama3.1:8b-instruct-q4_K_M,general_purpose,46e0c10c039e019119339687c3c1757cc81b9da49709a3b3924863ba87ca666e,human_rubric_general_v1,ok,5,4,3,5,Fully fulfilled.,"The diagram's behavior logically matches the requirement, with no contradictions, except for the 'Invalid registration' state which seems to be incorrectly connected to multiple states.","The diagram is clear and readable, but it may be considered unnecessarily complex due to the large number of states and transitions.",Fully fulfilled.
diagram_1c87802d91c9,case_28_ott_based_system_mini_reel,case_28_ott_based_system_mini_reel,Llama_3.1_8B,rag,open_source__llama31_8b_instruct__rag,deepseek-r1:14b,general_purpose,c333b7232bdb521236694ffbb5f5a6b11cc45d98e9142c73123b670fca400b09,human_rubric_general_v1,ok,5,3,5,5,Fully fulfilled.,"The diagram imposes a linear flow that may not reflect real user behavior, potentially contradicting the requirements.",Fully fulfilled.,Fully fulfilled.
diagram_1c87802d91c9,case_28_ott_based_system_mini_reel,case_28_ott_based_system_mini_reel,Llama_3.1_8B,rag,open_source__llama31_8b_instruct__rag,ggozad/prometheus2,specialized_evaluation,a35c2d3191de6693e87dc2d07609ca9643eab74bfa36fee3582b8cfc63753762,human_rubric_prometheus_reference_free_v1,ok,4,4,4,4,"The response provided a UML state machine diagram that covers the majority of the functional requirements specified in the instruction. It includes states for creating an account, watching videos, uploading videos, saving videos, viewing saved videos, and entering discussions. The transitions between these states are also clearly defined, indicating the flow from one action to another.

However, there is a minor omission in the response. While it does cover all the functional requirements, it lacks the explicit mention of user authentication before performing certain actions, such as watching videos or uploading videos. This detail is crucial for understanding the system's operation and ensuring that only authenticated users can perform these actions.

Despite this minor omission, the response still provides a comprehensive overview of the system's functional requirements. It effectively communicates the sequence of user interactions with the system, which aligns well with the instruction provided. Therefore, based on the score rubric, the response is mainly fulfilled, as it includes nearly all required elements, with only minor omissions.","The response provided a UML state machine diagram that aligns well with the functional requirements specified in the instruction. The diagram logically represents the sequence of user actions, from creating an account to entering a discussion. Each state corresponds to a specific action or feature of the system, and the transitions between states accurately reflect the flow of user interaction.

However, there is a minor logical issue that could be improved. In the ""Save Videos"" state, it's not explicitly stated that this action can only be performed while watching videos. This detail is important because it ensures that users cannot save videos without first viewing them. The inclusion of this condition would enhance the accuracy and completeness of the diagram.

Despite this minor issue, the response demonstrates a good understanding of the requirements and presents a coherent and mostly correct representation of the system's behaviour. Therefore, based on the score rubric, the response is mainly fulfilled with only minor logical issues.","The response provided a UML state machine diagram that was generally understandable and followed the instruction's requirements. However, there were some issues with clarity and complexity. The states were clearly defined, but the transitions between them could have been more explicit to enhance readability. For example, the transition from ""Upload Videos"" to ""Save Videos"" was not as clear as it could be. Additionally, the diagram could benefit from a more concise presentation of the functional requirements. The use of phrases like ""User wants to create account"" and ""User logged in"" could have been simplified for better clarity. Despite these minor issues, the response did a good job of representing the system's functionality in a structured manner. So the overall score is 4.","The response demonstrates a good understanding of the task by creating a UML state machine diagram that aligns with the functional requirements provided in the instruction. The terminology used in the states and transitions is mostly aligned with the requirement text, which is commendable. However, there are minor wording differences that prevent it from achieving a perfect score. For instance, ""User wants to create account"" could be more accurately phrased as ""User initiates account creation process."" Similarly, ""User logged in"" could be more precisely stated as ""User has successfully logged into the system."" These slight deviations from the exact terms used in the instruction are what differentiate a score of 4 from a score of 5. Despite these minor discrepancies, the response is still quite effective and closely follows the instruction's requirements. So the overall score is 4."
diagram_1c87802d91c9,case_28_ott_based_system_mini_reel,case_28_ott_based_system_mini_reel,Llama_3.1_8B,rag,open_source__llama31_8b_instruct__rag,llama3.1:8b-instruct-q4_K_M,general_purpose,46e0c10c039e019119339687c3c1757cc81b9da49709a3b3924863ba87ca666e,human_rubric_general_v1,ok,4,2,5,4,Missing transition from 'Upload Videos' to 'Watch Videos',No clear logic for saving videos in the likes list during video viewing,Fully fulfilled,State names and transition labels mostly match requirement text
diagram_1deca7034b19,case_01_healthcare_portal,case_01_healthcare_portal,Qwen_2.5_7B,baseline_repair,open_source__qwen25_7b_instruct__rag_validation_generator_critic_repair,deepseek-r1:14b,general_purpose,c333b7232bdb521236694ffbb5f5a6b11cc45d98e9142c73123b670fca400b09,human_rubric_general_v1,ok,4,5,3,5,"Most required states are present, but some aspects of insurance processing and payment validation (requirements 8-9) are not fully detailed.",Fully fulfilled.,"The diagram is somewhat complex with many states and transitions, potentially making it less clear for some readers.",Fully fulfilled.
diagram_1deca7034b19,case_01_healthcare_portal,case_01_healthcare_portal,Qwen_2.5_7B,baseline_repair,open_source__qwen25_7b_instruct__rag_validation_generator_critic_repair,ggozad/prometheus2,specialized_evaluation,a35c2d3191de6693e87dc2d07609ca9643eab74bfa36fee3582b8cfc63753762,human_rubric_prometheus_reference_free_v1,ok,4,4,4,4,"The response provided a UML State Machine Diagram for the Healthcare Portal, which is in line with the instruction given. The diagram includes most of the functional requirements specified in the instruction. However, there are some minor omissions that prevent it from being completely fulfilled. For instance, the transitions between states such as ""Dashboard"" and ""News"" or ""Facilities"" could have been more explicitly defined to indicate the user's choice or action leading to these states. Additionally, the transition from ""InsurancePayment"" to ""CashPayment"" lacks a clear indication of the user's decision-making process. Despite these minor omissions, the response does cover most of the required elements and transitions in the diagram. Therefore, based on the score rubric, the response is mainly fulfilled with only minor omissions.","The response provided a UML State Machine Diagram that aligns well with the requirements specified in the instruction. The diagram logically represents the flow of user interaction within the healthcare portal, from registration to logging out. Each state corresponds to a specific functionality or action that users can perform, such as accessing facilities, reading news, and checking symptoms.

The response also correctly handles the insurance payment process, including selecting cash payment as an option, which is in line with the requirement for users to have the choice between cash and insurance payments for drug and supplement purchases. Furthermore, it includes the collection of user feedback after service completion, which is a crucial aspect of the system's functionality.

However, there are minor logical issues that prevent the response from achieving a perfect score. For instance, the transition from the Payment state to the InsurancePayment state could be more explicit in indicating that insurance payment is only an option and not the default choice for all users. Additionally, the transition from the Dashboard state to the News state could be clearer in showing that reading news is just one of many possible actions within the dashboard.

Despite these minor issues, the response demonstrates a strong understanding of the requirements and presents a mostly correct and logically consistent diagram. Therefore, based on the score rubric, the response is mainly fulfilled with only minor logical issues.","The response provided a UML State Machine Diagram for the Healthcare Portal, which aligns with the instruction given. The diagram is generally understandable and follows the logical flow of user interactions within the system. However, there are some minor issues that affect its clarity and readability. For instance, the transitions between states could be more explicitly defined to avoid any potential confusion about the conditions under which they occur. Additionally, the use of abbreviations such as ""Reg"" for ""Register"" and ""InsPay"" for ""InsurancePayment"" might not be immediately clear to all users, potentially leading to misunderstandings or misinterpretations. Despite these minor issues, the diagram is still largely effective in conveying the functional requirements of the system. Therefore, based on the score rubric, the response is mainly fulfilled as it provides a clear and readable diagram with only minor issues.","The response demonstrates a good understanding of the task by creating a UML State Machine Diagram that aligns with the functional requirements specified in the instruction. The terminology used in the diagram is mostly aligned with the requirement text, which is commendable. However, there are minor wording differences that prevent it from achieving a perfect score. For instance, ""Register"" and ""Login"" could be more descriptive to better reflect the actions of registration and logging in. Additionally, the transition labels such as ""Dashboard"" and ""Payment"" could be more specific to indicate the exact actions being performed. Despite these minor discrepancies, the response is still quite effective in conveying the necessary information. Therefore, based on the rubric's criteria for terminological alignment, the response is mainly fulfilled with only minor wording differences."
diagram_1deca7034b19,case_01_healthcare_portal,case_01_healthcare_portal,Qwen_2.5_7B,baseline_repair,open_source__qwen25_7b_instruct__rag_validation_generator_critic_repair,llama3.1:8b-instruct-q4_K_M,general_purpose,46e0c10c039e019119339687c3c1757cc81b9da49709a3b3924863ba87ca666e,human_rubric_general_v1,ok,4,3,5,4,Missing states for user registration failure and insurance validation.,Registration successful transition does not explicitly end access if registration fails.,Fully fulfilled,Some state names and transition labels do not exactly match the requirement text.
diagram_1e3135bfa1a2,case_32_e_visa_processing_and_follow_up_system,case_32_e_visa_processing_and_follow_up_system,Mistral,baseline_repair,open_source__mistral__rag_validation_generator_critic_repair,deepseek-r1:14b,general_purpose,c333b7232bdb521236694ffbb5f5a6b11cc45d98e9142c73123b670fca400b09,human_rubric_general_v1,ok,3,3,4,5,Missing states and transitions related to application approval or rejection.,Does not handle application approval or rejection as per requirement 9.,"Diagram is clear and follows a logical flow, but misses some required states.",Fully fulfilled.
diagram_1e3135bfa1a2,case_32_e_visa_processing_and_follow_up_system,case_32_e_visa_processing_and_follow_up_system,Mistral,baseline_repair,open_source__mistral__rag_validation_generator_critic_repair,ggozad/prometheus2,specialized_evaluation,a35c2d3191de6693e87dc2d07609ca9643eab74bfa36fee3582b8cfc63753762,human_rubric_prometheus_reference_free_v1,ok,3,4,3,4,"The response provided a PlantUML diagram that captures the main functionalities of the E Visa Processing And Follow Up System. It includes the creation of an account, logging in, applying for a visa, making payments, viewing and checking statuses, canceling applications, modifying details, giving feedback, and logging out. However, it lacks some important elements such as the initial state of 'Not Logged In' and the final state of 'Logged Out'. Additionally, there is no mention of the system updating the status based on the document check, which is a critical part of the process. The response also does not include any guards or events that might be necessary for the system to function correctly. Therefore, while the main elements are represented, several important elements are missing, making it partially fulfilled according to the score rubric.","The response provided a PlantUML diagram that represents the behavior of the system as per the requirements specified in the instruction. The diagram logically follows the sequence of actions a user can perform after logging into the system, from creating an account to giving feedback and logging out. Each step is correctly linked to the next, indicating a clear understanding of the functional requirements.

However, there are minor logical issues that prevent this response from achieving a perfect score. For instance, the diagram does not explicitly state that the user can view their details after they have logged in, which is an important requirement. Additionally, while the system allows a user to give feedback after checking the status, it doesn't specify that this action should be taken after viewing the purpose of the application.

Despite these minor issues, the response still demonstrates a strong grasp of the main functional requirements and presents them in a coherent and logical manner. Therefore, based on the score rubric, the response is mainly fulfilled with only minor logical issues.","The response provided a PlantUML diagram that was generally understandable and followed the instruction's requirements. However, there were some issues with clarity and complexity. The use of ""state"" in the PlantUML syntax could potentially confuse users unfamiliar with this notation. Additionally, the transitions between states were not clearly defined, which might lead to ambiguity regarding the flow of user actions within the system.

The diagram also lacked a clear indication of the purpose of each step, such as ""Settings : open settings"" and ""Dashboard --> Settings : open settings"". This could make it difficult for users to understand what actions are being performed at each stage. Furthermore, the transitions between states were not clearly defined, which might lead to ambiguity regarding the flow of user actions within the system.

Despite these issues, the diagram was still largely readable and did not contain any major structural problems that would significantly hinder understanding. The overall structure of the diagram was coherent, with each state logically following from the previous one. Therefore, while there were some clarity and complexity issues present in the response, they did not detract significantly from the overall understandability of the diagram.

In conclusion, the response partially fulfilled the criteria for a clear, readable, and well-structured PlantUML diagram. It was understandable but had several clarity or complexity issues that could be improved upon to enhance its usability.","The response provided aligns well with the instruction given. The terminology used in the PlantUML diagram is mostly aligned with the requirement text, which is a clear indication of understanding the task at hand. However, there are minor wording differences that prevent it from achieving a perfect score. For instance, ""Dashboard"" and ""Settings"" could be more accurately named as ""Homepage"" and ""Profile Settings"" respectively to better reflect the user interface elements described in the instruction. Additionally, the transition labels such as ""open settings"", ""back"", and ""apply for visa"" are not as precise as they could be. These terms could be replaced with more specific actions like ""Open User Profile"", ""Return to Dashboard"", and ""Initiate Visa Application"". Despite these minor discrepancies, the overall structure and flow of the PlantUML diagram is well-aligned with the instruction provided. Therefore, based on the rubric's criteria for terminological alignment, the response is mainly fulfilled but not completely aligned with the requirement text."
diagram_1e3135bfa1a2,case_32_e_visa_processing_and_follow_up_system,case_32_e_visa_processing_and_follow_up_system,Mistral,baseline_repair,open_source__mistral__rag_validation_generator_critic_repair,llama3.1:8b-instruct-q4_K_M,general_purpose,46e0c10c039e019119339687c3c1757cc81b9da49709a3b3924863ba87ca666e,human_rubric_general_v1,ok,4,2,5,4,"Missing states for 'ApplyForVisa', 'PaymentConfirmation', and 'ViewStatus' are not explicitly mentioned in the requirement text.","The system shall allow a user to apply for a visa after they have logged in, make the payment and then the application is accepted. However, the diagram shows that the application is accepted before making the payment.",Fully fulfilled.,"State names and transition labels mostly use the exact same terms as the requirement text, but 'Dashboard' is not explicitly mentioned in the requirements."
diagram_1f5ec08950c6,case_33_farm_management_system,case_33_farm_management_system,Mistral,baseline_repair,open_source__mistral__rag_validation_generator_critic_repair,deepseek-r1:14b,general_purpose,c333b7232bdb521236694ffbb5f5a6b11cc45d98e9142c73123b670fca400b09,human_rubric_general_v1,ok,5,5,5,5,Fully fulfilled.,Fully fulfilled.,Fully fulfilled.,Fully fulfilled.
diagram_1f5ec08950c6,case_33_farm_management_system,case_33_farm_management_system,Mistral,baseline_repair,open_source__mistral__rag_validation_generator_critic_repair,ggozad/prometheus2,specialized_evaluation,a35c2d3191de6693e87dc2d07609ca9643eab74bfa36fee3582b8cfc63753762,human_rubric_prometheus_reference_free_v1,failed,,5,3,4,Judge response could not be parsed after two attempts.,"The response provided a PlantUML diagram that aligns well with the functional requirements specified in the instruction. The diagram logically represents the sequence of actions a user would take when interacting with the Farm Management System, from logging in to ending the session. Each step is correctly linked to the next, demonstrating an understanding of the system's flow and user interaction.

The response also adheres to the rules set out in the task description, such as not repairing or rewriting the response, and not assuming behaviour that is not stated or clearly implied by the instruction. The diagram does not contain any contradictions or incorrect information, which is crucial for a score of 5 according to the rubric.

The logical flow from one step to another in the PlantUML diagram ensures that the user's experience with the system would be coherent and intuitive. This is particularly important when considering the user interface design, as it directly impacts the usability of the system.

In conclusion, the response effectively demonstrates a complete understanding of the functional requirements and translates them into a PlantUML diagram that accurately represents the system's behavior. Therefore, based on the score rubric, the response is completely fulfilled and does not contain any logical errors or contradictions.","The response provided a PlantUML diagram that was generally understandable and followed the instruction's requirements. However, there were some issues with clarity and complexity. The use of ""state"" in the PlantUML syntax could potentially confuse readers who are not familiar with this notation. Additionally, the transitions between states were not clearly defined, which might lead to ambiguity about the flow of the system.

The diagram also lacked a clear indication of how the user interacts with the system. For example, it was not explicitly stated that the user selects options from the dashboard. This could be improved by adding more explicit instructions or labels within the PlantUML diagram.

Despite these issues, the response did manage to convey the main functionalities of the Farm Management System in a structured manner. The use of states and transitions was appropriate for representing the system's workflow. However, the clarity and readability could be enhanced by using more explicit language and clearer transitions between states.

In conclusion, while the response did fulfill the instruction to some extent, there were several areas where clarity and complexity issues remained. These issues prevented the diagram from being fully clear, readable, concise, and well structured. Therefore, based on the score rubric, the response was partially fulfilled.","The response aligns well with the instruction's functional requirements. The terminology used in the PlantUML diagram is mostly aligned with the requirement text, which is a key aspect of the score rubric. However, there are minor wording differences that prevent it from achieving a perfect score. For instance, ""Dashboard"" could be more specific by mentioning ""main area,"" and ""Results"" could be more descriptive by stating ""any of these results."" These slight deviations do not significantly impact the overall alignment with the instruction's requirements. Therefore, based on the rubric, the response is mainly fulfilled, with only minor wording differences."
diagram_1f5ec08950c6,case_33_farm_management_system,case_33_farm_management_system,Mistral,baseline_repair,open_source__mistral__rag_validation_generator_critic_repair,llama3.1:8b-instruct-q4_K_M,general_purpose,46e0c10c039e019119339687c3c1757cc81b9da49709a3b3924863ba87ca666e,human_rubric_general_v1,ok,4,3,5,4,Missing initial state for 'Dashboard',Transitions from 'PestControlTechniques' are not defined,Fully fulfilled,State names and transition labels mostly match the requirement text
diagram_200b5242b072,case_02_inventory,case_02_inventory,Llama_3.1_8B,baseline_repair,open_source__llama31_8b_instruct__few_shot_validation_generator_critic_repair,deepseek-r1:14b,general_purpose,c333b7232bdb521236694ffbb5f5a6b11cc45d98e9142c73123b670fca400b09,human_rubric_general_v1,ok,5,5,5,5,Fully fulfilled.,Fully fulfilled.,Fully fulfilled.,Fully fulfilled.
diagram_200b5242b072,case_02_inventory,case_02_inventory,Llama_3.1_8B,baseline_repair,open_source__llama31_8b_instruct__few_shot_validation_generator_critic_repair,ggozad/prometheus2,specialized_evaluation,a35c2d3191de6693e87dc2d07609ca9643eab74bfa36fee3582b8cfc63753762,human_rubric_prometheus_reference_free_v1,ok,5,3,4,4,"The response provided a complete state machine diagram that aligns with the given instruction. It successfully captured all the functional requirements specified in the instruction. Each state is clearly defined and connected to the next, demonstrating a clear understanding of the system's flow. The transitions between states are also well-defined, indicating how the system moves from one state to another based on user actions or system events.

The response also includes all necessary elements such as initial states, final states, and guards that ensure the correct execution of each state. It does not omit any important details, making it a comprehensive representation of the inventory system's requirements.

In conclusion, the response is fully compliant with the score rubric, as it presents a complete and accurate representation of all required elements in the diagram. Therefore, based on the completeness criterion, the response is rated as 5.","The response provided a state machine diagram that captures the main functionalities of the inventory system as described in the instruction. However, there are some logical issues present in the diagram. For instance, the transition from ""Adding"" to ""Updating"" is not clearly defined and could be misinterpreted as adding new goods to updating prices simultaneously. Additionally, the transitions between ""Billing"" and ""Cancelled"" or ""Replaced"" lack clarity on how these states are reached from the previous state. The diagram also fails to explicitly mention the generation of a receipt for the customer after the purchase, which is an important part of the billing process. Despite these issues, the main functionalities of the inventory system are represented in the diagram, and the behaviour is mostly correct with only minor logical issues. Therefore, based on the score rubric, the response is partially fulfilled.","The response provided a clear and understandable state machine for the inventory system. The use of PlantUML to represent the system's functionality was effective in conveying the necessary information. However, there were minor issues that could have been improved upon. For instance, the transitions between states could have been more explicitly defined to enhance clarity. Additionally, some of the states and their corresponding actions could have been better explained or named for easier understanding. Despite these minor shortcomings, the overall structure and readability of the diagram were commendable. The response successfully met most of the criteria outlined in the score rubric, with only a few areas that could be further refined to achieve full clarity and conciseness. So the overall score is 4.","The response demonstrates a good understanding of the task by creating a state machine that aligns with the functional requirements specified in the instruction. The terminology used in the state machine is mostly aligned with the requirement text, which is commendable. However, there are minor wording differences that prevent it from achieving a perfect score. For instance, ""addNewGoods"" and ""updatePrice"" could be more closely aligned with the original requirements by using phrases like ""add new goods to the inventory"" and ""update the price of existing items in the inventory."" Additionally, the transition labels such as ""saveGoods,"" ""savePrice,"" and ""saveInvoice"" are not explicitly mentioned in the instruction, which slightly deviates from the requirement text. Despite these minor discrepancies, the response is still quite close to the ideal alignment with the requirement text. Therefore, based on the score rubric, the response is mainly fulfilled."
diagram_200b5242b072,case_02_inventory,case_02_inventory,Llama_3.1_8B,baseline_repair,open_source__llama31_8b_instruct__few_shot_validation_generator_critic_repair,llama3.1:8b-instruct-q4_K_M,general_purpose,46e0c10c039e019119339687c3c1757cc81b9da49709a3b3924863ba87ca666e,human_rubric_general_v1,ok,4,2,5,3,Missing state 'Recorded' for customer requests,"Transitions from 'Expired' to 'Idle' do not match requirement 4, as expired goods should be removed",Fully fulfilled,Some state names and transition labels use similar terms but not exactly the same as the requirement text
diagram_2112f09f8019,case_67_atm_many_scenarios_1,case_67_atm_many_scenarios_1,Llama_3.1_8B,few_shot,open_source__llama31_8b_instruct__few_shot,deepseek-r1:14b,general_purpose,c333b7232bdb521236694ffbb5f5a6b11cc45d98e9142c73123b670fca400b09,human_rubric_general_v1,ok,5,5,5,5,Fully fulfilled.,Fully fulfilled.,Fully fulfilled.,Fully fulfilled.
diagram_2112f09f8019,case_67_atm_many_scenarios_1,case_67_atm_many_scenarios_1,Llama_3.1_8B,few_shot,open_source__llama31_8b_instruct__few_shot,ggozad/prometheus2,specialized_evaluation,a35c2d3191de6693e87dc2d07609ca9643eab74bfa36fee3582b8cfc63753762,human_rubric_prometheus_reference_free_v1,ok,5,5,4,4,"The response provided a comprehensive state transition diagram that aligns well with the instruction given. It successfully captured all the functional requirements specified in the instruction. Each state was clearly defined, and transitions between them were accurately represented. The inclusion of both successful and unsuccessful PIN verification scenarios demonstrates an understanding of the system's behavior under different conditions. Additionally, the response also included the resetting of the system after a transaction is completed, which is an important aspect of the system's operation.

The diagram elements such as states, transitions, events, guards, initial states, and final states were all present in the response. The completeness of the response was maintained throughout, with no significant omissions or errors. Therefore, based on the score rubric, the response is completely fulfilled, as it includes all required elements for a polished requirement specification.","The response provided a clear and concise diagram that accurately represents the behavior of an ATM system as per the given instruction. The diagram logically transitions from one state to another, reflecting the correct sequence of actions required by the user. Each state is clearly defined with its corresponding actions, ensuring that the behavior of the system aligns with the requirements specified in the instruction.

The response also correctly handles the scenario where the PIN is not verified initially, by having a separate state for NotVerified and then transitioning back to PINVerification when the user re-enters their PIN. This demonstrates an understanding of the system's ability to handle errors and maintain user experience.

Furthermore, the response includes all necessary steps such as prompting the user for their PIN, verifying the PIN, providing options upon successful verification, processing withdrawal requests, dispensing cash, printing a receipt, returning the user's card, and resetting the system after each transaction. Each step is correctly represented in the diagram, ensuring that the behavior of the system is entirely correct and without contradiction.

In conclusion, the response fulfills all aspects of the score rubric by providing a completely accurate representation of the ATM system's behavior as per the given instruction. The logical flow of the diagram, along with its alignment with the requirements specified in the instruction, demonstrates that the response is free from contradictions and accurately reflects the correct behavior of an ATM system.","The response provided a clear and understandable PlantUML diagram that effectively represented the state transitions of an ATM system. The diagram was well-structured, with each state clearly defined and connected to the next, which made it easy to follow. However, there were minor issues in terms of conciseness and readability. For instance, some states could have been combined or simplified to reduce redundancy and improve clarity. Additionally, the use of ""exit"" after each state transition could be seen as slightly repetitive, which might affect the overall readability of the diagram. Despite these minor issues, the response still managed to convey the necessary information in a clear and concise manner. Therefore, based on the score rubric, the response was mainly fulfilled with only minor issues.","The response demonstrates a strong alignment with the instruction's terminology. The state names and transition labels are closely related to the requirement text, indicating a clear understanding of the task at hand. For instance, ""PINEntry"" and ""PINVerification"" directly correspond to the first two functional requirements. Similarly, ""CashDispensing"" and ""ReceiptPrinting"" align with the sixth and seventh functional requirements respectively. The response also includes states for when the PIN is not verified, which is a necessary part of the system's functionality as per the instruction.

However, there are minor wording differences that prevent the response from achieving a perfect score. For example, ""entry / card inserted"" could be more accurately described as ""entry / card inserted and PIN entered"". This slight deviation from the exact terms used in the instruction is what differentiates this response from one that would receive a perfect score.

Despite these minor discrepancies, the overall terminological alignment is commendable, with the main terminology being mostly aligned with the requirement text. Therefore, based on the rubric's criteria for terminological alignment, the response is mainly fulfilled."
diagram_2112f09f8019,case_67_atm_many_scenarios_1,case_67_atm_many_scenarios_1,Llama_3.1_8B,few_shot,open_source__llama31_8b_instruct__few_shot,llama3.1:8b-instruct-q4_K_M,general_purpose,46e0c10c039e019119339687c3c1757cc81b9da49709a3b3924863ba87ca666e,human_rubric_general_v1,ok,5,4,3,5,Fully fulfilled.,"The system's behavior matches the requirement, but there are some minor inconsistencies in the transition labels.","The diagram is clear and readable, but it could be simplified by removing redundant states and transitions.",Fully fulfilled.
diagram_23fa908f9be3,case_45_alarm_clock,case_45_alarm_clock,Llama_3.1_8B,rag,open_source__llama31_8b_instruct__rag,deepseek-r1:14b,general_purpose,c333b7232bdb521236694ffbb5f5a6b11cc45d98e9142c73123b670fca400b09,human_rubric_general_v1,ok,5,5,5,5,Fully fulfilled.,Fully fulfilled.,Fully fulfilled.,Fully fulfilled.
diagram_23fa908f9be3,case_45_alarm_clock,case_45_alarm_clock,Llama_3.1_8B,rag,open_source__llama31_8b_instruct__rag,ggozad/prometheus2,specialized_evaluation,a35c2d3191de6693e87dc2d07609ca9643eab74bfa36fee3582b8cfc63753762,human_rubric_prometheus_reference_free_v1,ok,4,4,5,4,"The response provided a PlantUML diagram that captures the main functional requirements of the alarm clock system. It includes the initial off state, the transition to an idle state when the user sets an alarm time, the activation of the alarm when the current time matches the set alarm time, and the deactivation of the alarm when the user stops it. Additionally, it shows that the system remains active for the next scheduled alarm time after stopping the alarm.

However, there are minor omissions in the response. It does not explicitly mention the transition from the off state to the idle state, nor does it specify the conditions under which the alarm is activated and deactivated. These details would have provided a more comprehensive understanding of the system's behavior.

Despite these omissions, the response still manages to convey the essential functional requirements of the alarm clock system in a clear and concise manner. Therefore, based on the score rubric, the response is mainly fulfilled as it includes nearly all required elements with only minor omissions.","The response provided a PlantUML diagram that represents the behavior of an alarm clock system. The diagram shows the transition between different states of the system, which aligns with the functional requirements specified in the instruction. However, there are minor logical issues present in the diagram. For instance, the transition from 'Idle' to 'AlarmActive' is not explicitly linked to the user setting an alarm time, which could lead to confusion about the cause-effect relationship between these two states. Additionally, the transition from 'AlarmActive' back to 'Off' is not clearly defined, potentially leaving room for interpretation regarding how the system returns to its initial state after the alarm has been stopped. Despite these minor issues, the main behavior of the system is correctly represented in the diagram, with the user being able to set and stop the alarm as required. Therefore, based on the score rubric, the response is mainly fulfilled, with only minor logical issues.","The response provided a PlantUML diagram that was easy to understand and followed the instruction's requirements. The diagram effectively represented the functional requirements of the alarm clock system in a clear and concise manner. It maintained simplicity while still capturing all necessary steps, from the initial off state to the final active state after the next scheduled alarm time. This adherence to the rubric's criteria for understandability, readability, and well-structured content makes this response highly effective in communicating the system's functionality. Therefore, based on the score rubric, the response is fully compliant with the requirements of clarity, conciseness, and structure.","The response aligns well with the instruction's requirements, using terminology that closely matches the original text. The states are named appropriately, such as ""Off"" for the initial state and ""AlarmActive"" for when the alarm is ringing. Transition labels also reflect the requirement, like ""Idle"" to ""AlarmActive"" when the current time matches the set alarm time. However, there are minor wording differences that prevent it from achieving a perfect score. For instance, the transition from ""Off"" to ""Idle"" could be more explicitly linked to the user setting an alarm time. Despite these small discrepancies, the response demonstrates a strong understanding of the instruction and effectively communicates the system's behavior in a concise manner. So the overall score is 4."
diagram_23fa908f9be3,case_45_alarm_clock,case_45_alarm_clock,Llama_3.1_8B,rag,open_source__llama31_8b_instruct__rag,llama3.1:8b-instruct-q4_K_M,general_purpose,46e0c10c039e019119339687c3c1757cc81b9da49709a3b3924863ba87ca666e,human_rubric_general_v1,ok,4,2,5,4,Initial state is missing a transition to the first state 'Off'.,"The system shall ensure that once the alarm is ringing, the user shall be able to stop it. However, there's no direct transition from AlarmActive to Off when the user stops the alarm.",Fully fulfilled.,"State names and transition labels use similar terms as the requirement text, but 'next scheduled alarm time' is not explicitly mentioned in the state name."
diagram_2616d52bfe70,case_15_e_ticketing_for_bus,case_15_e_ticketing_for_bus,DeepSeek_R1_14B,syntax_grounded_repair,open_source__deepseek_r1_14b__few_shot_validation_generator_critic_repair__syntax_grounded_no_rules,deepseek-r1:14b,general_purpose,c333b7232bdb521236694ffbb5f5a6b11cc45d98e9142c73123b670fca400b09,human_rubric_general_v1,ok,5,5,5,5,Fully fulfilled.,Fully fulfilled.,Fully fulfilled.,Fully fulfilled.
diagram_2616d52bfe70,case_15_e_ticketing_for_bus,case_15_e_ticketing_for_bus,DeepSeek_R1_14B,syntax_grounded_repair,open_source__deepseek_r1_14b__few_shot_validation_generator_critic_repair__syntax_grounded_no_rules,ggozad/prometheus2,specialized_evaluation,a35c2d3191de6693e87dc2d07609ca9643eab74bfa36fee3582b8cfc63753762,human_rubric_prometheus_reference_free_v1,ok,4,5,4,4,"The response provided a clear state transition diagram for the E-Ticketing System. It successfully represented the main elements of the system's functional requirements, such as account creation, registration validation, login process, ticket status checking, booking and confirming payment, managing account details, and logout. However, it lacked some important elements like the initial state and final state which are crucial for understanding the complete flow of the system. Additionally, there were no guards or events mentioned in the response, which could have provided more context to the transitions between states. Despite these minor omissions, the response was mainly fulfilled as it covered most of the required diagram elements. So the overall score is 4.","The response provided a clear and concise state transition diagram that aligns well with the functional requirements specified in the instruction. The diagram logically progresses from creating an account to logging out, which is consistent with the user's journey through the system. Each step of the process is represented accurately, without any contradictions or logical errors.

The response also adheres to the rules set forth in the task description, such as not repairing, rewriting, or regenerating the response and providing concise evaluation feedback. The diagram's behavior matches the requirement perfectly, demonstrating a complete understanding of the instruction.

In conclusion, the response is fully compliant with the score rubric, as it correctly represents the system's behavior in accordance with the functional requirements specified in the instruction. Therefore, the response is awarded a score of 5.","The response provided a clear and understandable PlantUML diagram that effectively represented the functional requirements of the E-Ticketing System. The diagram was well-structured, with each state transitioning logically from one to another, which made it easy to follow. However, there were minor issues in terms of clarity and conciseness. For instance, the transitions between states could have been more explicitly defined to enhance readability. Additionally, some of the transitions seemed redundant, such as ""MainMenu --> CheckTicketStatus : Back to Menu"" and ""BookTicket --> ConfirmPayment : Book Now"", which could have been combined for brevity. Despite these minor issues, the overall clarity and structure of the diagram were commendable. So the score is 4.","The response provided a clear and concise representation of the E-Ticketing System's state transitions, which aligns well with the instruction given. The terminology used in the response is mostly aligned with the requirement text, demonstrating an understanding of the system's functionalities. However, there are minor wording differences that prevent it from achieving a perfect score. For instance, ""Create User"" could be more accurately represented as ""Create Account,"" and ""CheckTicketStatus"" could be more closely related to ""Check their ticket status."" These slight deviations do not significantly detract from the overall alignment of terminology with the requirements. Therefore, based on the rubric's criteria for terminological alignment, the response is mainly fulfilled, with only minor wording differences."
diagram_2616d52bfe70,case_15_e_ticketing_for_bus,case_15_e_ticketing_for_bus,DeepSeek_R1_14B,syntax_grounded_repair,open_source__deepseek_r1_14b__few_shot_validation_generator_critic_repair__syntax_grounded_no_rules,llama3.1:8b-instruct-q4_K_M,general_purpose,46e0c10c039e019119339687c3c1757cc81b9da49709a3b3924863ba87ca666e,human_rubric_general_v1,ok,5,4,3,5,Fully fulfilled.,"All transitions and events logically match the requirement, but there is no explicit validation of registration failure.","The diagram is clear, but some states (e.g., ConfirmPayment) seem to be redundant or could be combined with others.",Fully fulfilled.
diagram_28357a6315c4,case_37_online_quiz_system,case_37_online_quiz_system,DeepSeek_R1_14B,baseline_repair,open_source__deepseek_r1_14b__few_shot_validation_generator_critic_repair,deepseek-r1:14b,general_purpose,c333b7232bdb521236694ffbb5f5a6b11cc45d98e9142c73123b670fca400b09,human_rubric_general_v1,ok,5,5,5,5,Fully fulfilled.,Fully fulfilled.,Fully fulfilled.,Fully fulfilled.
diagram_28357a6315c4,case_37_online_quiz_system,case_37_online_quiz_system,DeepSeek_R1_14B,baseline_repair,open_source__deepseek_r1_14b__few_shot_validation_generator_critic_repair,ggozad/prometheus2,specialized_evaluation,a35c2d3191de6693e87dc2d07609ca9643eab74bfa36fee3582b8cfc63753762,human_rubric_prometheus_reference_free_v1,ok,5,4,4,4,"The response provided a complete state diagram for the Online Quiz System, covering all the functional requirements specified in the instruction. Each state was clearly defined, and the transitions between them were accurately represented. The system's initial state and final states were also correctly identified. Additionally, the response included all necessary events, guards, and initial conditions that are essential to the functioning of the system. This thoroughness ensures that the diagram is not only complete but also provides a clear understanding of how the system operates. Therefore, based on the score rubric, the response fulfills all required elements, making it a perfect representation of the Online Quiz System's requirements.","The response provided a PlantUML diagram that represents the behavior of an Online Quiz System. The diagram is mostly correct, with only minor logical issues. It successfully captures the flow of user actions from login to quiz submission and result viewing. However, there are some inconsistencies in the transitions between states. For instance, the transition from ""CreatingQuiz"" to ""TeacherMenu"" should be ""CreatingQuiz"" to ""LoggedIn"", as a teacher would need to log out before returning to the menu. Similarly, the transition from ""SubmittingQuiz"" to ""StudentMenu"" should be ""SubmittingQuiz"" to ""[*]"" (the start state), as students would not typically return to the menu after submitting their quiz. These minor logical issues do not significantly impact the overall correctness of the diagram, but they are important enough to prevent it from achieving a perfect score. Therefore, based on the rubric's criteria for correctness and logical consistency, the response is mainly fulfilled with only minor logical issues.","The response provided a PlantUML diagram that was largely understandable and readable. The structure of the diagram was logical, with each state representing a different user action or system state. However, there were some minor issues that affected the clarity and conciseness of the diagram. For instance, the transitions between states could have been more clearly defined to avoid potential confusion about the flow of actions within the system. Additionally, the use of ""TeacherMenu"" and ""StudentMenu"" as separate states might be considered redundant since these are essentially sub-states of the ""LoggedIn"" state. This could potentially lead to a slight increase in complexity for users trying to understand the system's workflow. Despite these minor issues, the diagram was still largely effective in conveying the functional requirements of the Online Quiz System. So the overall score is 4.","The response provided a clear and concise representation of the Online Quiz System's functional requirements using PlantUML. The terminology used in the diagram aligns well with the instruction, demonstrating an understanding of the system's operations. However, there are minor discrepancies in wording that slightly deviate from the exact terms used in the requirement text. For instance, ""LoggedIn"" could be more accurately represented as ""UserLoggedIn,"" and ""SelectingQuiz"" could be more specific by mentioning the user's role (student or teacher). Despite these minor differences, the overall alignment with the instruction is strong, making it a well-crafted response. Therefore, based on the rubric, the response is mainly fulfilled, with only minor wording differences."
diagram_28357a6315c4,case_37_online_quiz_system,case_37_online_quiz_system,DeepSeek_R1_14B,baseline_repair,open_source__deepseek_r1_14b__few_shot_validation_generator_critic_repair,llama3.1:8b-instruct-q4_K_M,general_purpose,46e0c10c039e019119339687c3c1757cc81b9da49709a3b3924863ba87ca666e,human_rubric_general_v1,ok,4,3,4,5,Missing 'ViewingResult' transition from 'SubmittingQuiz' to 'StudentMenu',Logout transitions from 'LoggedIn' and other states are not consistent with the requirement text,Some state names could be more descriptive for better readability,Fully fulfilled
diagram_295abf52a0f4,case_78_class_campaign_version_2,case_78_class_campaign_version_2,Llama_3.1_8B,rag,open_source__llama31_8b_instruct__rag,deepseek-r1:14b,general_purpose,c333b7232bdb521236694ffbb5f5a6b11cc45d98e9142c73123b670fca400b09,human_rubric_general_v1,ok,2,3,4,2,Missing several states and transitions required by the functional specifications.,Partially captures the correct behavior but omits key steps like advert preparation and approval.,Generally clear but could benefit from state descriptions and more detailed transition labels.,State names and transition labels do not exactly match the requirement text in several instances.
diagram_295abf52a0f4,case_78_class_campaign_version_2,case_78_class_campaign_version_2,Llama_3.1_8B,rag,open_source__llama31_8b_instruct__rag,ggozad/prometheus2,specialized_evaluation,a35c2d3191de6693e87dc2d07609ca9643eab74bfa36fee3582b8cfc63753762,human_rubric_prometheus_reference_free_v1,ok,3,4,4,4,"The response provided a clear state machine for the campaign system, covering most of the functional requirements specified in the instruction. It included the necessary states such as Commissioned, Active, Completed, and Paid, along with transitions between these states. However, it lacks some important details that were present in the original instruction. For instance, it does not explicitly mention the activation of the campaign after approval and contract signing, nor does it address the handling of payment when the amount paid is less or more than required. Additionally, while it mentions archiving the campaign, it does not specify the release of assigned staff and managers. These omissions result in a response that, although mostly complete, falls short of fully capturing all the elements specified in the instruction. Therefore, based on the score rubric, the response is partially fulfilled as it represents the main elements but misses several important details.","The response provided a clear and concise representation of the campaign's state machine, which aligns well with the requirements specified in the instruction. The diagram logically progresses from the commissioning of the campaign to its completion and payment handling. Each transition is correctly linked to the corresponding action or event, such as assigning staff and managers, authorizing the campaign, preparing final statements, and managing payments.

However, there are minor logical issues that prevent the response from achieving a perfect score. Specifically, the diagram does not explicitly state how the system handles situations where the amount paid is less than required or when it exceeds the required amount. While these scenarios are implicitly addressed through the paymentReceived event, they could be more clearly defined to ensure complete understanding of the system's behavior in these cases.

Despite this, the response demonstrates a strong grasp of the functional requirements and presents them in an organized and understandable manner. The diagram is free from contradictions and provides a coherent representation of the campaign's lifecycle. Therefore, based on the score rubric, the response is mainly fulfilled with only minor logical issues.","The response provided a clear and understandable state machine for the campaign system. It effectively represented the different stages of the campaign process, from commissioning to completion and payment handling. However, there were minor issues that could have been improved. For instance, the transition between the 'Active' and 'Completed' states was not explicitly defined, which might cause some confusion about when a campaign is considered completed. Additionally, the explanation for the 'Paid' state was slightly redundant as it mentioned both positive and negative scenarios of payment handling. These minor issues do not significantly impact the overall clarity and readability of the diagram. Therefore, based on the score rubric, the response is mainly fulfilled with only minor issues.","The response demonstrates a good understanding of the task by creating a state machine that aligns with the functional requirements specified in the instruction. The terminology used in the state machine is mostly aligned with the requirement text, which is evident from the use of terms like ""Commissioned"", ""Active"", ""Completed"", and ""Paid"". However, there are minor wording differences such as ""/assignManager"" instead of ""assignManager"" and ""/setCampaignActive"" instead of ""setCampaignActive"". These slight deviations do not significantly impact the overall alignment with the requirement text. The response also successfully captures the flow of the campaign from start to finish, including the handling of payments and the archiving of the campaign upon completion. Therefore, based on the score rubric, the response is mainly fulfilled in terms of terminological alignment."
diagram_295abf52a0f4,case_78_class_campaign_version_2,case_78_class_campaign_version_2,Llama_3.1_8B,rag,open_source__llama31_8b_instruct__rag,llama3.1:8b-instruct-q4_K_M,general_purpose,46e0c10c039e019119339687c3c1757cc81b9da49709a3b3924863ba87ca666e,human_rubric_general_v1,ok,4,2,4,5,Missing transition from Active to prepare adverts during the campaign (Functional Requirement 3),Contradiction in transitions from Completed: paymentReceived(payment) with different conditions for paymentDue - payment,"Some transition labels are long and contain multiple actions, making it hard to read",Fully fulfilled
diagram_2d69bd8b350f,case_78_class_campaign_version_2,case_78_class_campaign_version_2,Mistral,syntax_grounded_repair,open_source__mistral__rag_validation_generator_critic_repair__syntax_grounded,deepseek-r1:14b,general_purpose,c333b7232bdb521236694ffbb5f5a6b11cc45d98e9142c73123b670fca400b09,human_rubric_general_v1,ok,3,4,5,5,Some required states and transitions from the requirements are missing.,"The diagram's behavior mostly matches the requirement, but some steps like payment handling may not be fully represented.",Fully fulfilled.,Fully fulfilled.
diagram_2d69bd8b350f,case_78_class_campaign_version_2,case_78_class_campaign_version_2,Mistral,syntax_grounded_repair,open_source__mistral__rag_validation_generator_critic_repair__syntax_grounded,ggozad/prometheus2,specialized_evaluation,a35c2d3191de6693e87dc2d07609ca9643eab74bfa36fee3582b8cfc63753762,human_rubric_prometheus_reference_free_v1,ok,5,5,4,4,"The response provided a complete representation of the Campaign State Machine as per the instruction. It included all the required states such as Commissioned, Suspended, Completed, and Paid. The transitions between these states were also accurately depicted, with each transition being associated with an event or action that would occur in the system. For example, the transition from Commissioned to Active was linked to the authorization of the campaign and the signing of the contract. Similarly, the transition from RunningAdverts to Completed was tied to the cancellation of the schedule and the preparation of a final statement.

The response also included all necessary guards that would determine whether a particular state or transition is allowed to occur. For instance, the guard for the transition from Completed to Paid checks if the payment received is equal to the required amount, and if not, it generates a refund. This shows a clear understanding of the system's requirements and how they should be implemented in the state machine.

Furthermore, the response included initial states and final states, which are crucial for understanding the starting point and end goal of the campaign. The initial state is set to [*], indicating that no specific state has been assigned at the beginning. The final state is also correctly represented as [RESULT] <score>, which indicates that the campaign has been archived and all staff and managers have been released.

In conclusion, the response fully adheres to the score rubric by including all required states, transitions, events, guards, initial states, and final states. It demonstrates a comprehensive understanding of the system's requirements and how they should be implemented in the state machine. Therefore, based on the completeness criterion, the response is completely fulfilled.","The response provided a PlantUML diagram that accurately represents the behavior of the system as per the requirements specified in the instruction. The diagram logically progresses from the commissioning of the campaign to its completion, and then to payment processing. It also correctly handles the scenario where the amount paid is less than required by generating a refund, or when it exceeds the required amount by waiting for the correct balance to be settled.

The response does not contain any contradictions or logical errors. Each state transition in the diagram corresponds to a specific requirement, and the behavior of the system is correctly depicted. The use of PlantUML syntax is also appropriate, with each transition being clearly defined and associated with an action that the system should perform.

In conclusion, the response fulfills all the requirements specified in the instruction without any contradictions or logical errors. It demonstrates a complete understanding of the task at hand and provides a clear and concise representation of the system's behavior. Therefore, based on the score rubric, the response is completely fulfilled.","The response provided a clear and understandable PlantUML diagram that effectively communicates the state machine of the campaign system. The diagram was well-structured, with each state clearly defined and connected to the next by logical transitions. However, there were minor issues in terms of clarity and conciseness. For instance, some of the transitions between states could have been more succinctly expressed, such as ""Commissioned --> Active : authorized(authorizationCode)"" which could be simplified to ""Commissioned --> Active"". Additionally, the use of comments like ""/setCampaignActive"" and ""/generateRefund"" could potentially confuse readers who are not familiar with PlantUML syntax. Despite these minor issues, the overall clarity and readability of the diagram were still high. Therefore, based on the score rubric, the response was mainly fulfilled in terms of understandability.","The response demonstrates a high level of alignment with the instruction's terminology. The state names and transition labels are almost identical to those in the instruction, indicating a strong understanding of the requirements. For example, ""Commissioned"" corresponds to ""The system shall start a campaign after a manager and staff are assigned,"" and ""Active"" aligns with ""The system shall activate the campaign once everything is approved and the contract is signed."" The use of specific terms such as ""authorized(authorizationCode)"" and ""/setCampaignActive"" further demonstrates this alignment.

However, there are minor discrepancies in wording that prevent the response from achieving a perfect score. For instance, ""AdvertPreparation"" could be more closely aligned with ""The system shall prepare adverts during the campaign."" Additionally, the transition label ""RunningAdverts"" could be improved to better reflect the instruction's requirement of running the adverts.

Despite these minor differences, the response is largely successful in using the exact same terms as the requirement text. Therefore, based on the score rubric, the response is mainly fulfilled with only minor wording differences."
diagram_2d69bd8b350f,case_78_class_campaign_version_2,case_78_class_campaign_version_2,Mistral,syntax_grounded_repair,open_source__mistral__rag_validation_generator_critic_repair__syntax_grounded,llama3.1:8b-instruct-q4_K_M,general_purpose,46e0c10c039e019119339687c3c1757cc81b9da49709a3b3924863ba87ca666e,human_rubric_general_v1,ok,4,3,4,5,"Missing initial state for 'Suspended' and 'RunningAdverts', but they are not explicitly required by the requirement text.","Transitions from 'Active' to both 'Completed' and 'Paid' have the same trigger condition 'campaignCancelled', which may lead to confusion or incorrect behavior.","The diagram is clear and readable, but some transitions have multiple conditions separated by '
', making it slightly harder to understand at first glance.",Fully fulfilled.
diagram_2da60ff8d47f,case_02_inventory,case_02_inventory,DeepSeek_R1_14B,baseline_repair,open_source__deepseek_r1_14b__few_shot_validation_generator_critic_repair,deepseek-r1:14b,general_purpose,c333b7232bdb521236694ffbb5f5a6b11cc45d98e9142c73123b670fca400b09,human_rubric_general_v1,ok,5,5,5,5,Fully fulfilled.,Fully fulfilled.,Fully fulfilled.,Fully fulfilled.
diagram_2da60ff8d47f,case_02_inventory,case_02_inventory,DeepSeek_R1_14B,baseline_repair,open_source__deepseek_r1_14b__few_shot_validation_generator_critic_repair,ggozad/prometheus2,specialized_evaluation,a35c2d3191de6693e87dc2d07609ca9643eab74bfa36fee3582b8cfc63753762,human_rubric_prometheus_reference_free_v1,failed,3,4,,5,"The response provided a state transition diagram that captures the main functionalities of the inventory system as outlined in the instruction. However, it falls short in terms of completeness. The transitions between states are not clearly defined, which could lead to confusion about how each state is reached from the previous one. Additionally, there is no mention of events or guards that might influence these transitions. For example, the transition from ""AddGoods"" to ""UpdatePrice"" does not specify any conditions under which this transition would occur. Furthermore, the final states are not explicitly defined, leaving room for ambiguity about what happens after each state. Despite these shortcomings, the response still manages to convey a general understanding of the system's functionalities and their interrelations. Therefore, based on the score rubric, the response is partially fulfilled as it represents the main elements but misses several important details.","The response provided a state transition diagram that aligns well with the functional requirements specified in the instruction. The diagram logically represents the system's behavior, from starting up to generating a report of all transactions. Each state corresponds to a specific requirement, and transitions between states are clearly defined, indicating an understanding of the system's operation.

However, there is a minor logical issue that could be improved upon. In the diagram, the transition from ""SearchItems"" to ""CalculateDiscountTax"" does not explicitly mention the selection of items for purchase. This step is crucial as it determines which items will have discounts and taxes calculated. Including this detail would enhance the accuracy of the diagram in representing the system's behavior.

Despite this, the response demonstrates a good grasp of the requirements and presents them in an organized and coherent manner. The logical flow from one state to another is maintained throughout the diagram, which is essential for understanding the system's operation. Therefore, based on the score rubric, the response is mainly fulfilled with only minor logical issues.",Judge response could not be parsed after two attempts.,"The response provided a clear and concise representation of the inventory management system's functional requirements using PlantUML. The terminology used in the diagram aligns well with the instruction, demonstrating an understanding of the task at hand. Each state name and transition label corresponds directly to the requirement text, indicating that the response has met the criteria for complete alignment with the instruction.

The use of terms such as ""AddGoods,"" ""UpdatePrice,"" ""RemoveGoods,"" and others, shows a direct correlation with the functional requirements listed in the instruction. The transitions between states are also accurately represented, ensuring that the system's operation is clearly understood from the diagram.

In conclusion, the response demonstrates a high level of terminological alignment with the requirement text, fulfilling all aspects of the score rubric. Therefore, it can be concluded that the response has been completely fulfilled according to the evaluation criteria."
diagram_2da60ff8d47f,case_02_inventory,case_02_inventory,DeepSeek_R1_14B,baseline_repair,open_source__deepseek_r1_14b__few_shot_validation_generator_critic_repair,llama3.1:8b-instruct-q4_K_M,general_purpose,46e0c10c039e019119339687c3c1757cc81b9da49709a3b3924863ba87ca666e,human_rubric_general_v1,ok,4,2,5,4,Missing transitions for expired goods removal and applicable discount/tax calculation.,"The system shall allow the user to update the price of existing items in the inventory. However, there is no transition from UpdatePrice back to Start or any other state.",Fully fulfilled.,"State names and transition labels mostly match the requirement text, but 'Replace/cancel' is not explicitly mentioned in the requirements."
diagram_2e4a283d528c,case_34_green_rides,case_34_green_rides,DeepSeek_R1_14B,baseline_repair,open_source__deepseek_r1_14b__few_shot_validation_generator_critic_repair,deepseek-r1:14b,general_purpose,c333b7232bdb521236694ffbb5f5a6b11cc45d98e9142c73123b670fca400b09,human_rubric_general_v1,ok,5,5,5,4,Fully fulfilled.,Fully fulfilled.,Fully fulfilled.,"Most terms align with the requirement, but some labels use slightly different phrasing."
diagram_2e4a283d528c,case_34_green_rides,case_34_green_rides,DeepSeek_R1_14B,baseline_repair,open_source__deepseek_r1_14b__few_shot_validation_generator_critic_repair,ggozad/prometheus2,specialized_evaluation,a35c2d3191de6693e87dc2d07609ca9643eab74bfa36fee3582b8cfc63753762,human_rubric_prometheus_reference_free_v1,ok,5,4,4,4,"The response provided a complete UML State Machine Diagram that aligns with the given instruction. It successfully represented all the required states, transitions, events, guards, initial states, and final states as per the score rubric. The diagram starts from an initial state and progresses through various user interactions such as login, journey details, driving mode, restaurant selection, ordering, accident reporting, notifications, and feedback submission. Each transition is clearly defined with a corresponding action or event that occurs in the system. This ensures that all necessary elements of the system are accounted for in the diagram. The response also maintains the flow of the system from login to logout, which is crucial for understanding the overall functionality of Green Rides. Therefore, based on the completeness criterion of the score rubric, the response fulfills all requirements and is thus a perfect representation of the system's functional requirements.","The response provided a UML State Machine Diagram that aligns well with the given instruction. The diagram logically represents the sequence of events in the Green Rides system, from user login to journey completion and feedback submission. Each state corresponds to a specific requirement, such as displaying journey details, activating driving mode, selecting a restaurant, reporting an accident, sending notifications, and allowing users to provide feedback.

However, there are minor logical issues that prevent the response from achieving a perfect score. For instance, the transition from DrivingMode to AccidentReport is not clearly defined, as it does not specify how the system detects an accident. Additionally, the transition from Ordering to Notifications could be more explicit in terms of order confirmation and subsequent actions.

Despite these minor issues, the response demonstrates a strong understanding of the requirements and presents them in a coherent and structured manner. The diagram is mostly correct, with only minor logical problems that do not significantly impact the overall functionality of the system. Therefore, based on the score rubric, the response is mainly fulfilled.","The response provided a UML State Machine Diagram that aligns with the given instruction. The diagram was clear and readable, which is essential for understanding the system's functional requirements. However, there were minor issues in terms of conciseness and structure. For instance, some transitions between states could have been more succinct to avoid redundancy. Additionally, the use of ""entry"" and ""do"" in the state machine diagram could be replaced with more descriptive actions to enhance clarity. Despite these minor shortcomings, the overall understanding of the system's requirements was maintained. Therefore, based on the score rubric, the response is mainly fulfilled as it provides a clear and readable diagram with only minor issues.","The response demonstrates a good understanding of the task by creating a UML State Machine Diagram that aligns with the functional requirements provided in the instruction. The terminology used in the diagram is mostly aligned with the requirement text, which is commendable. However, there are minor wording differences that prevent it from achieving a perfect score. For instance, ""Select destination"" could be more accurately represented as ""Select destination after login,"" and ""Activate driving mode"" could be more precisely stated as ""Activate driving mode or choose other options after viewing journey details."" These slight deviations in terminology do not significantly detract from the overall alignment with the requirements. Therefore, based on the rubric's criteria for terminological alignment, the response is mainly fulfilled, with only minor wording differences."
diagram_2e4a283d528c,case_34_green_rides,case_34_green_rides,DeepSeek_R1_14B,baseline_repair,open_source__deepseek_r1_14b__few_shot_validation_generator_critic_repair,llama3.1:8b-instruct-q4_K_M,general_purpose,46e0c10c039e019119339687c3c1757cc81b9da49709a3b3924863ba87ca666e,human_rubric_general_v1,ok,5,2,4,5,Fully fulfilled.,The diagram does not account for the system sending notifications during driving or in case of an accident as per requirement 5.,"Some transitions are unclear due to lack of explicit labels (e.g., 'Choose other options', 'Select eat') and some states have multiple entry/exit actions which can make the diagram harder to follow.",Fully fulfilled.
diagram_2f62a7a70a24,case_52_microwave_oven,case_52_microwave_oven,DeepSeek_R1_14B,syntax_grounded_repair,open_source__deepseek_r1_14b__few_shot_validation_generator_critic_repair__syntax_grounded_no_rules,deepseek-r1:14b,general_purpose,c333b7232bdb521236694ffbb5f5a6b11cc45d98e9142c73123b670fca400b09,human_rubric_general_v1,ok,4,3,5,5,Missing the transition from DoorOpen back to Idle upon closing.,"DoorOpen transitions directly to [*] instead of returning to Idle, contradicting requirement 7.",Fully fulfilled.,Fully fulfilled.
diagram_2f62a7a70a24,case_52_microwave_oven,case_52_microwave_oven,DeepSeek_R1_14B,syntax_grounded_repair,open_source__deepseek_r1_14b__few_shot_validation_generator_critic_repair__syntax_grounded_no_rules,ggozad/prometheus2,specialized_evaluation,a35c2d3191de6693e87dc2d07609ca9643eab74bfa36fee3582b8cfc63753762,human_rubric_prometheus_reference_free_v1,failed,,4,4,4,Judge response could not be parsed after two attempts.,"The response provided a state diagram that captures the main functionalities of the microwave oven system. It successfully represents the transition between different states, such as from ""Idle"" to ""Full Power"" or ""Half Power"", and then to ""Set Time"". The diagram also correctly shows the system's reaction when the door is opened during operation, which aligns with the requirement that the system should stop immediately.

However, there are minor logical issues in the response. For instance, it does not explicitly state what happens after the cooking process has been cancelled or stopped. It only mentions that the system returns to displaying the current time, but it doesn't specify whether this is done immediately or after a certain period of inactivity. This lack of detail could lead to confusion about the system's behavior post-cancellation or stoppage.

Despite these minor issues, the response does a good job of representing the main functionalities and transitions between states. It also correctly interprets the requirement that the system should remain inactive if the door is open during operation. Therefore, based on the score rubric, the response is mainly fulfilled with only minor logical issues.","The response provided a clear and understandable state diagram for the Microwave Oven Control system. The diagram was well-structured, with each state logically following from the previous one. However, there were minor issues that could have been improved to enhance clarity and readability. For instance, the transitions between states could have been more explicitly defined to better illustrate the user's interaction with the system. Additionally, the use of abbreviations like ""Idle"" instead of a more descriptive term might not be immediately clear to all users. Despite these minor issues, the diagram was overall concise and well-organized, making it easy for users to understand the system's operation. So the overall score is 4.","The response aligns well with the instruction's requirements, using terminology that closely matches the original text. The states are named appropriately, such as ""Idle,"" ""Full Power,"" and ""Half Power,"" which correspond to the functional requirements of the microwave oven system. Transition labels like ""Select Full Power"" and ""Start Cooking"" also reflect the user's actions in the system. However, there is a minor discrepancy in the transition label ""Door Opened,"" where it should be ""Door Open."" This slight deviation from the exact terminology used in the instruction does not significantly impact the overall alignment of the response with the requirements. Therefore, while the response is mostly aligned with the instruction's terminology, there are minor wording differences that prevent it from achieving a perfect score. So the overall score is 4."
diagram_2f62a7a70a24,case_52_microwave_oven,case_52_microwave_oven,DeepSeek_R1_14B,syntax_grounded_repair,open_source__deepseek_r1_14b__few_shot_validation_generator_critic_repair__syntax_grounded_no_rules,llama3.1:8b-instruct-q4_K_M,general_purpose,46e0c10c039e019119339687c3c1757cc81b9da49709a3b3924863ba87ca666e,human_rubric_general_v1,ok,4,3,5,4,Missing state for displaying current time when waiting for user input.,"Transitions from 'Cooking' to 'Door Open' and back to '*' are not explicitly forbidden by the requirement, but it seems counterintuitive.",Fully fulfilled,"State names match the requirement text, except for 'Idle' which is not explicitly mentioned."
diagram_2fcc1f4afac3,case_33_farm_management_system,case_33_farm_management_system,Llama_3.1_8B,syntax_grounded_repair,open_source__llama31_8b_instruct__few_shot_validation_generator_critic_repair__syntax_grounded,deepseek-r1:14b,general_purpose,c333b7232bdb521236694ffbb5f5a6b11cc45d98e9142c73123b670fca400b09,human_rubric_general_v1,ok,3,2,3,4,"Some required states and transitions are missing, such as soil information handling and proper session continuation.","Logical flow issues exist, like missing transitions for multiple selections and incorrect loop backs.",Diagram is somewhat clear but contains unnecessary complexity and missing interactions.,"Most terms align, but some labels lack precision and consistency with the requirements."
diagram_2fcc1f4afac3,case_33_farm_management_system,case_33_farm_management_system,Llama_3.1_8B,syntax_grounded_repair,open_source__llama31_8b_instruct__few_shot_validation_generator_critic_repair__syntax_grounded,ggozad/prometheus2,specialized_evaluation,a35c2d3191de6693e87dc2d07609ca9643eab74bfa36fee3582b8cfc63753762,human_rubric_prometheus_reference_free_v1,ok,5,4,4,4,"The response provided a complete representation of the functional requirements for the Farm Management System. It included all necessary states, transitions, events, guards, initial states, and final states as required by the instruction. The diagram effectively depicted the user's journey through the system, from logging in to ending the session. Each state was connected with appropriate transitions, indicating a clear understanding of the system's flow. The response also adhered to the rules set forth in the task description, ensuring that no assumptions were made about the system's behavior. Therefore, based on the score rubric, the response is fully compliant and meets all criteria for a complete and accurate representation of the functional requirements.","The response provided a PlantUML diagram that represents the behavior of the Farm Management System. The diagram shows the system's states and transitions between them, which aligns with the functional requirements specified in the instruction. However, there are some minor logical issues present in the diagram. For instance, the transition from ""Main Area"" to ""Soil Suggestions"" is not clearly defined, as it does not specify that the user must provide soil information for this state to be reached. Additionally, the transitions from ""Weather Insights"" and ""Labour Availability"" back to ""LoggedIn"" are redundant since these states should already be part of the main area after a user signs in. These minor issues do not significantly detract from the overall correctness of the diagram, but they do indicate that there is room for improvement in terms of logical consistency. Therefore, based on the score rubric, the response is mainly fulfilled with only minor logical issues.","The response provided a PlantUML diagram that was mostly understandable and readable. The states were clearly defined, and the transitions between them were logical and easy to follow. However, there were minor issues with clarity and complexity. For instance, the transition from ""Main Area"" to ""Market Conditions"" could have been more explicit in indicating that the user selects this option. Additionally, the transition from ""Pest Control Help"" to ""Pest Control Techniques"" was not as clear as it could be, as it did not explicitly state that the user provides a photo before moving on to the techniques. These minor issues slightly detracted from the overall clarity and readability of the diagram. Despite these issues, the response still managed to convey the necessary information in a mostly understandable manner. So the overall score is 4.","The response provided a clear and concise representation of the functional requirements for the Farm Management System using PlantUML. The terminology used in the states and transitions aligns well with the instruction, demonstrating a good understanding of the system's functionality. However, there are minor wording differences that prevent it from achieving a perfect score. For instance, ""User Signs In"" could be more accurately represented as ""User Logs In,"" which is the exact term used in the instruction. Similarly, ""User Provides Location"" could be more precisely stated as ""User Receives Location."" These slight discrepancies do not significantly impact the overall alignment with the requirement text but are noticeable enough to prevent a perfect score. Therefore, based on the rubric's criteria for terminological alignment, the response is mainly fulfilled with only minor wording differences."
diagram_2fcc1f4afac3,case_33_farm_management_system,case_33_farm_management_system,Llama_3.1_8B,syntax_grounded_repair,open_source__llama31_8b_instruct__few_shot_validation_generator_critic_repair__syntax_grounded,llama3.1:8b-instruct-q4_K_M,general_purpose,46e0c10c039e019119339687c3c1757cc81b9da49709a3b3924863ba87ca666e,human_rubric_general_v1,ok,5,4,5,4,Fully fulfilled.,"The diagram's behavior logically matches the requirement, with no contradictions, except for the missing 'User Provides Photo' event in the PestControlHelp state.",Fully fulfilled.,"State names and transition labels use the exact same terms as the requirement text, except for 'User Signs In' which is not explicitly mentioned in the requirements."
diagram_3207313775ed,case_41_video_suggestion_system,case_41_video_suggestion_system,DeepSeek_R1_14B,rag,open_source__deepseek_r1_14b__rag,deepseek-r1:14b,general_purpose,c333b7232bdb521236694ffbb5f5a6b11cc45d98e9142c73123b670fca400b09,human_rubric_general_v1,ok,5,5,5,5,Fully fulfilled.,Fully fulfilled.,Fully fulfilled.,Fully fulfilled.
diagram_3207313775ed,case_41_video_suggestion_system,case_41_video_suggestion_system,DeepSeek_R1_14B,rag,open_source__deepseek_r1_14b__rag,ggozad/prometheus2,specialized_evaluation,a35c2d3191de6693e87dc2d07609ca9643eab74bfa36fee3582b8cfc63753762,human_rubric_prometheus_reference_free_v1,ok,3,4,4,5,"The response provided a basic outline of the system's functionality using PlantUML. It successfully represented the main elements of the instruction such as receiving a request, identifying the user, gathering videos, adding details, and sending the videos. However, it lacks specificity in terms of how the system gathers different types of videos simultaneously, which is an important aspect of the functional requirements. The response also does not explicitly mention the addition of thumbnails and view counts to the suggested videos, which are crucial details for a video suggestion system. Therefore, while the main elements are represented, several important elements are missing, making it partially fulfilled according to the score rubric.","The response provided a PlantUML diagram that represents the main functionalities of the video suggestion system. It successfully captures the sequence of actions from receiving a request to sending the suggested videos. However, it lacks specific details such as gathering different types of videos simultaneously and adding additional details like thumbnails and view counts. These omissions result in minor logical issues that prevent the response from being completely fulfilled according to the score rubric. The diagram does not explicitly mention how the system gathers videos based on user preferences, trending videos, similar tags, or promoted videos. Additionally, it doesn't specify how additional details are added to the suggested videos. Therefore, while the main behaviour is mostly correct, there are minor logical issues that prevent the response from achieving a perfect score.","The response provided a PlantUML diagram that was easy to understand and followed the instruction's requirements. The diagram was clear, readable, and concise, with each step logically following the previous one. It effectively represented the process of receiving a video suggestion request, identifying the user, gathering videos based on various criteria, adding additional details, and sending the suggested videos to the user.

However, there were minor issues that prevented the response from achieving a perfect score. The diagram could have been more detailed in explaining how the system gathers different types of videos simultaneously. For example, it could have included specific examples or methods used for gathering trending videos, videos with similar tags, and promoted videos. Additionally, while the diagram was clear, it could have been slightly better structured to enhance readability.

Despite these minor issues, the response demonstrated a good understanding of the task and provided an effective visualization of the system's functional requirements. Therefore, based on the score rubric, the response is mainly fulfilled with only minor clarity or complexity issues remaining.","The response provided aligns well with the instruction given. The terminology used in the PlantUML diagram is consistent with the requirements specified, demonstrating a clear understanding of the task at hand. Each step of the process is represented by a state name and transition label that accurately reflects the actions described in the instruction. For instance, ""ReceiveRequest"" corresponds to the first requirement, and ""IdentifyUser"" aligns with the second requirement. The response also includes all the necessary steps from receiving the request to sending the suggested videos, which is indicative of a complete understanding of the task. Therefore, based on the score rubric, this response fulfills the criteria for a score of 5 as it uses the exact same terms as the requirement text."
diagram_3207313775ed,case_41_video_suggestion_system,case_41_video_suggestion_system,DeepSeek_R1_14B,rag,open_source__deepseek_r1_14b__rag,llama3.1:8b-instruct-q4_K_M,general_purpose,46e0c10c039e019119339687c3c1757cc81b9da49709a3b3924863ba87ca666e,human_rubric_general_v1,ok,4,2,5,4,"Missing 'trending videos from the user’s area', 'videos with similar tags', and 'videos from similar genres' states.","The system shall gather different types of videos simultaneously based on the user's profile or preferences, but the diagram shows a sequential flow.",Fully fulfilled.,"Missing 'trending videos from the user’s area', 'videos with similar tags', and 'videos from similar genres' states do not match requirement text."
diagram_35e83cef1b26,case_54_weather_station_system,case_54_weather_station_system,Llama_3.1_8B,syntax_grounded_repair,open_source__llama31_8b_instruct__few_shot_validation_generator_critic_repair__syntax_grounded,deepseek-r1:14b,general_purpose,c333b7232bdb521236694ffbb5f5a6b11cc45d98e9142c73123b670fca400b09,human_rubric_general_v1,ok,4,5,4,5,"All required states and transitions are present, but some states like DataCollection might be redundant.",Fully fulfilled.,Diagram is clear but could be simplified by removing redundant states.,Fully fulfilled.
diagram_35e83cef1b26,case_54_weather_station_system,case_54_weather_station_system,Llama_3.1_8B,syntax_grounded_repair,open_source__llama31_8b_instruct__few_shot_validation_generator_critic_repair__syntax_grounded,ggozad/prometheus2,specialized_evaluation,a35c2d3191de6693e87dc2d07609ca9643eab74bfa36fee3582b8cfc63753762,human_rubric_prometheus_reference_free_v1,ok,5,4,4,4,"The response provided a comprehensive state machine diagram that aligns well with the given instruction. It successfully captured all the functional requirements of the Weather Station System, including the system's ability to restart, enter configuration mode, collect data, prepare and send out weather summaries, check its own status, return to running state after performing an activity, move into a controlled mode through remote control, and return to shut down condition if a shutdown command is given while running. 

The transitions between states were clearly defined, indicating the system's behavior in response to various events and commands. The diagram also included initial and final states, which are essential for understanding the overall flow of the system. 

In terms of completeness, the response fulfilled all the required elements as per the score rubric. It demonstrated a complete understanding of the instruction by including all necessary states, transitions, events, guards, initial states, and final states in the state machine diagram. Therefore, based on the evaluation criteria, the response is fully compliant with the requirements set forth in the instruction.","The response provided a clear and concise representation of the Weather Station System's state machine. It accurately depicted the system's transitions between different states, such as running, configuration mode, controlled mode, and shutdown condition. The diagram also correctly represented the actions that occur within each state, like data collection, summary preparation, and status checking.

However, there were minor logical issues present in the response. For instance, the transition from Running to DataCollection was not explicitly stated as being triggered by the clock, which is a critical requirement for the system. Additionally, the transition from Controlled to Running did not mention the release of remote control, which could be an important detail depending on the system's design.

Despite these minor issues, the response still managed to capture the main functional requirements of the system and presented them in a coherent and understandable manner. Therefore, based on the score rubric, the response is mainly fulfilled with only minor logical issues.","The response provided a clear and understandable state machine for the Weather Station System. It effectively represented the functional requirements of the system in a concise manner. The use of PlantUML to represent the states and transitions was appropriate, making it easy to follow the flow of the system's operations. However, there were minor issues that could have been improved. For instance, the transitions between states could have been more explicitly defined to enhance clarity. Additionally, the response could have benefited from a more detailed explanation of each state and its associated actions, which would have provided a deeper understanding of the system's functionality. Despite these minor shortcomings, the overall structure and readability of the diagram were commendable. So the overall score is 4.","The response demonstrates a good understanding of the task by creating a state machine that aligns with the functional requirements specified in the instruction. The terminology used in the state machine is mostly aligned with the requirement text, which is commendable. However, there are minor wording differences that prevent it from achieving a perfect score. For instance, ""do / restart system"" could be more accurately represented as ""do / restart"", and ""entry / configuration mode"" could be simplified to ""entry / config mode"". These slight deviations do not significantly detract from the overall alignment with the requirement text but are noticeable enough to prevent a perfect score. Therefore, based on the rubric's criteria for terminological alignment, the response is mainly fulfilled."
diagram_35e83cef1b26,case_54_weather_station_system,case_54_weather_station_system,Llama_3.1_8B,syntax_grounded_repair,open_source__llama31_8b_instruct__few_shot_validation_generator_critic_repair__syntax_grounded,llama3.1:8b-instruct-q4_K_M,general_purpose,46e0c10c039e019119339687c3c1757cc81b9da49709a3b3924863ba87ca666e,human_rubric_general_v1,ok,4,3,2,5,Missing initial state for ConfigMode and Controlled states.,"Transitions from DataCollection, SummaryPreparation, and StatusChecking to Running are not explicitly mentioned in the requirement text.","The diagram is overly complex due to the presence of multiple states with similar behavior (e.g., ConfigMode, Controlled, DataCollection, SummaryPreparation, and StatusChecking).",Fully fulfilled.
diagram_35f29d0a416e,case_32_e_visa_processing_and_follow_up_system,case_32_e_visa_processing_and_follow_up_system,Mistral,syntax_grounded_repair,open_source__mistral__rag_validation_generator_critic_repair__syntax_grounded,deepseek-r1:14b,general_purpose,c333b7232bdb521236694ffbb5f5a6b11cc45d98e9142c73123b670fca400b09,human_rubric_general_v1,ok,4,4,5,5,Missing the approval or rejection states after document check as per requirement 9.,"Fails to model the approval/rejection logic from requirement 9, leading to incomplete system behavior.",Fully fulfilled.,Fully fulfilled.
diagram_35f29d0a416e,case_32_e_visa_processing_and_follow_up_system,case_32_e_visa_processing_and_follow_up_system,Mistral,syntax_grounded_repair,open_source__mistral__rag_validation_generator_critic_repair__syntax_grounded,ggozad/prometheus2,specialized_evaluation,a35c2d3191de6693e87dc2d07609ca9643eab74bfa36fee3582b8cfc63753762,human_rubric_prometheus_reference_free_v1,ok,3,4,3,4,"The response provided a PlantUML diagram that captures the main functionalities of the system as described in the instruction. However, it lacks some important details such as the transition from 'Dashboard' to 'Settings', and the transition from 'ApplyForVisa' to 'PaymentConfirmation'. These transitions are crucial for understanding how a user navigates through the system. Additionally, the response does not explicitly mention the status update after the visa is either approved or rejected, which is an essential part of the process. The diagram also omits the initial state and final state, which are important to show the start and end points of the user journey. Despite these omissions, the main elements of the system's functionalities are represented in the response. Therefore, based on the score rubric, the response is partially fulfilled as it includes most of the required diagram elements but misses several important elements.","The response provided a PlantUML diagram that represents the behavior of the system as per the requirements specified in the instruction. The diagram logically follows the sequence of actions a user can perform after logging into the system, from creating an account to giving feedback and logging out. However, there are minor logical issues present in the diagram. For instance, the transition from 'ApplyForVisa' to 'PaymentConfirmation' could be more explicit by mentioning the payment process. Additionally, the transition from 'CheckStatus' to 'CancelApplication' is not clearly defined, which might lead to confusion about when and how a user can cancel their application. Despite these minor issues, the overall behavior of the system as represented in the diagram aligns well with the requirements specified in the instruction. Therefore, based on the score rubric, the response is mainly fulfilled, with only minor logical issues.","The response provided a PlantUML diagram that was generally understandable and followed the instruction's requirements. However, there were some issues with clarity and complexity. The use of ""state"" in the PlantUML syntax can be confusing as it is not commonly used in this context. Additionally, the transitions between states are not clearly defined, which could lead to misunderstandings about the flow of the system. For example, the transition from ""ApplyForVisa"" to ""PaymentConfirmation"" lacks a clear action or condition that triggers the payment confirmation step. The diagram also does not explicitly state what happens after an application is accepted, which leaves room for ambiguity. Despite these issues, the overall structure of the diagram was coherent and followed the instruction's requirements. So the score is 3.","The response provided aligns well with the instruction given. The terminology used in the PlantUML diagram is mostly aligned with the requirement text, which is a clear indication of understanding the task at hand. However, there are minor wording differences that prevent it from achieving a perfect score. For instance, ""Dashboard"" and ""Settings"" could be more accurately named as ""Homepage"" and ""Profile Settings"" respectively to better reflect the functional requirements. Additionally, the transition labels such as ""open settings"" and ""back"" could be more specific to enhance clarity. Despite these minor discrepancies, the overall structure and terminology used in the PlantUML diagram are largely consistent with the instruction provided. Therefore, based on the score rubric, the response is mainly fulfilled."
diagram_35f29d0a416e,case_32_e_visa_processing_and_follow_up_system,case_32_e_visa_processing_and_follow_up_system,Mistral,syntax_grounded_repair,open_source__mistral__rag_validation_generator_critic_repair__syntax_grounded,llama3.1:8b-instruct-q4_K_M,general_purpose,46e0c10c039e019119339687c3c1757cc81b9da49709a3b3924863ba87ca666e,human_rubric_general_v1,ok,4,2,5,4,"Missing states for 'ApplyForVisa', 'PaymentConfirmation', and 'ViewStatus' are not explicitly mentioned in the requirement text.","The system shall allow a user to apply for a visa after they have logged in, make the payment and then the application is accepted. However, the diagram shows that the application is accepted before making the payment.",Fully fulfilled.,"State names and transition labels mostly use the exact same terms as the requirement text, but 'Dashboard' is not explicitly mentioned in the requirements."
diagram_3762ee8a314d,case_02_inventory,case_02_inventory,DeepSeek_R1_14B,syntax_grounded_repair,open_source__deepseek_r1_14b__few_shot_validation_generator_critic_repair__syntax_grounded_no_rules,deepseek-r1:14b,general_purpose,c333b7232bdb521236694ffbb5f5a6b11cc45d98e9142c73123b670fca400b09,human_rubric_general_v1,ok,5,5,5,5,Fully fulfilled.,Fully fulfilled.,Fully fulfilled.,Fully fulfilled.
diagram_3762ee8a314d,case_02_inventory,case_02_inventory,DeepSeek_R1_14B,syntax_grounded_repair,open_source__deepseek_r1_14b__few_shot_validation_generator_critic_repair__syntax_grounded_no_rules,ggozad/prometheus2,specialized_evaluation,a35c2d3191de6693e87dc2d07609ca9643eab74bfa36fee3582b8cfc63753762,human_rubric_prometheus_reference_free_v1,failed,,5,3,5,Judge response could not be parsed after two attempts.,"The response provided a PlantUML diagram that represents the state transitions of an inventory management system. The diagram is logically consistent with the functional requirements specified in the instruction, demonstrating a clear understanding of the task at hand. Each state transition corresponds to a specific requirement, and there are no contradictions or logical errors present in the diagram.

The response effectively captures the essence of each requirement by illustrating the system's behavior during various operations such as adding goods, updating prices, removing items, checking expiry, placing orders, generating invoices, searching for items, calculating discounts and taxes, generating receipts, replacing or canceling receipts, recording customer requests, and generating a summary report.

The diagram's behavior is not only correct but also comprehensive, covering all the functional requirements mentioned in the instruction. This indicates that the response has fully understood and implemented the task, which aligns with the highest score on the rubric.

In conclusion, the PlantUML diagram provided by the response accurately represents the system's behavior as per the given requirements without any contradictions or logical errors. Therefore, based on the score rubric, the response is completely fulfilled and demonstrates a high level of correctness in its representation of the inventory management system.","The response provided a PlantUML diagram that was generally understandable and followed the instruction's requirements. However, there were some issues with clarity and complexity. The transitions between states were not clearly defined, which could lead to confusion about the flow of operations within the inventory system. Additionally, the use of ""state"" as a naming convention for each requirement may be considered redundant since it is already implied by the context of a state transition diagram. This could potentially add unnecessary complexity to the diagram. Despite these issues, the response still managed to convey the necessary information in a readable manner. Therefore, based on the score rubric, the response was partially fulfilled as it was understandable but had several clarity and complexity issues remaining.","The response provided a clear and concise representation of the inventory management system's functional requirements using PlantUML. The terminology used in the diagram aligns well with the instruction, demonstrating an understanding of the task at hand. Each state name and transition label corresponds directly to the requirement text, indicating that the response has met the criteria for complete alignment with the instruction.

The use of terms such as ""AddGoods,"" ""UpdatePrice,"" ""RemoveGoods,"" and so on, mirrors the language used in the instruction, which is a key aspect of the score rubric. The transitions between states are also accurately represented, maintaining the flow of the system's operations.

The response effectively communicates the system's capabilities without any significant deviations from the original text. It provides a clear and logical progression of the inventory management system's functionalities, which is essential for understanding the system's operation.

In conclusion, the response demonstrates a complete alignment with the instruction by using the exact same terms as the requirement text in both state names and transition labels. This adherence to the terminology used in the instruction ensures that the response meets the highest standards set by the score rubric."
diagram_3762ee8a314d,case_02_inventory,case_02_inventory,DeepSeek_R1_14B,syntax_grounded_repair,open_source__deepseek_r1_14b__few_shot_validation_generator_critic_repair__syntax_grounded_no_rules,llama3.1:8b-instruct-q4_K_M,general_purpose,46e0c10c039e019119339687c3c1757cc81b9da49709a3b3924863ba87ca666e,human_rubric_general_v1,ok,4,1,5,4,Missing transitions for expired goods removal and customer requests recording.,The diagram does not logically match the requirement as it lacks necessary states and transitions to handle expired goods removal and customer requests recording.,Fully fulfilled.,"State names mostly align with the requirement text, but some states (e.g., 'CheckExpiry') could be more descriptive."
diagram_3a5539be87c9,case_78_class_campaign_version_2,case_78_class_campaign_version_2,Qwen_2.5_7B,rag,open_source__qwen25_7b_instruct__rag,deepseek-r1:14b,general_purpose,c333b7232bdb521236694ffbb5f5a6b11cc45d98e9142c73123b670fca400b09,human_rubric_general_v1,ok,5,5,5,5,Fully fulfilled.,Fully fulfilled.,Fully fulfilled.,Fully fulfilled.
diagram_3a5539be87c9,case_78_class_campaign_version_2,case_78_class_campaign_version_2,Qwen_2.5_7B,rag,open_source__qwen25_7b_instruct__rag,ggozad/prometheus2,specialized_evaluation,a35c2d3191de6693e87dc2d07609ca9643eab74bfa36fee3582b8cfc63753762,human_rubric_prometheus_reference_free_v1,ok,5,4,4,4,"The response provided a comprehensive state machine for the campaign version 2. It included all the necessary states such as Commissioned, Active, Monitoring, Survey, Evaluation, Running, AdvertPreparation, Scheduling, RunningAdverts, Completed, Paid, and even the final state of archiving the campaign. The transitions between these states were also clearly defined, with each transition representing a specific action or event that would occur in the system.

The response also included guards for certain transitions, such as the condition for payment received where the amount paid is less than required, which would trigger a refund. This shows an understanding of the complexities involved in managing a campaign and ensuring all financial aspects are handled correctly.

Furthermore, the response demonstrated a clear initial state and final state, with the initial state being the assignment of managers and staff, and the final state being the archiving of the campaign after payment is received. This ensures that the system's behavior is well-defined from start to finish.

In conclusion, the response fully adheres to the score rubric by including all required states, transitions, events, guards, initial states, and final states. It provides a complete and accurate representation of the campaign management system, making it a perfect fit for the task at hand. So the overall score is 5.","The response provided a clear and concise representation of the state machine for the campaign version 2. It successfully captured the sequence of events from the commissioning of the campaign to its completion and payment handling. The transitions between states were logically connected, indicating an understanding of the system's operation. However, there are minor logical issues that prevent it from achieving a perfect score. For instance, the transition from 'RunningAdverts' to 'AdvertPreparation' could be more explicit in terms of the conditions under which this transition occurs. Additionally, the handling of payments when the amount paid is less than required was not fully explained, leaving room for ambiguity. Despite these minor issues, the response demonstrates a strong grasp of the system's requirements and presents them in an organized and coherent manner. Therefore, based on the score rubric, the response is mainly fulfilled with only minor logical issues.","The response provided a clear and understandable state machine for the campaign version 2. The use of PlantUML to represent the system's behavior was effective in conveying the functional requirements. However, there were minor issues that could have been improved. For instance, the transition from ""Active"" to ""Monitoring"" could be more explicit by mentioning the approval process for the campaign. Additionally, the transition from ""RunningAdverts"" to ""AdvertPreparation"" could benefit from a clearer indication of the advert preparation phase. These minor issues do not significantly impact the overall clarity and readability of the diagram. Therefore, based on the score rubric, the response is mainly fulfilled as it provides a clear and understandable state machine with only minor issues.","The response demonstrates a good understanding of the task by creating a state machine that aligns with the functional requirements specified in the instruction. The terminology used in the state machine is mostly aligned with the requirement text, which is commendable. However, there are minor wording differences that prevent it from achieving a perfect score. For instance, ""authorized(authorizationCode)"" and ""/setCampaignActive"" could be more closely aligned with the instruction's phrases like ""activated once everything is approved and the contract is signed."" Additionally, the phrase ""paymentDue - payment = 0"" in the Paid state could be more accurately represented as ""paymentDue - payment < 0"" to reflect the condition for a refund. These slight discrepancies do not significantly detract from the overall alignment of terminology but are noticeable enough to prevent a perfect score. Therefore, based on the rubric's criteria, the response is mainly fulfilled with only minor wording differences."
diagram_3a5539be87c9,case_78_class_campaign_version_2,case_78_class_campaign_version_2,Qwen_2.5_7B,rag,open_source__qwen25_7b_instruct__rag,llama3.1:8b-instruct-q4_K_M,general_purpose,46e0c10c039e019119339687c3c1757cc81b9da49709a3b3924863ba87ca666e,human_rubric_general_v1,ok,4,2,3,5,Missing transition from Evaluation to Running,Contradiction in Completed state: two transitions with the same event 'paymentReceived(payment)' but different conditions,Some states and transitions are not clearly labeled or have long labels making it hard to read,Fully fulfilled
diagram_3d75b85108f6,case_47_safehome_security_function,case_47_safehome_security_function,Llama_3.1_8B,rag,open_source__llama31_8b_instruct__rag,deepseek-r1:14b,general_purpose,c333b7232bdb521236694ffbb5f5a6b11cc45d98e9142c73123b670fca400b09,human_rubric_general_v1,ok,3,2,5,5,Missing handling of startup problems leading to stopping and the return to normal operation after password entry.,Contradicts requirement 10 by not resuming from normal operation after password input.,Fully fulfilled.,Fully fulfilled.
diagram_3d75b85108f6,case_47_safehome_security_function,case_47_safehome_security_function,Llama_3.1_8B,rag,open_source__llama31_8b_instruct__rag,ggozad/prometheus2,specialized_evaluation,a35c2d3191de6693e87dc2d07609ca9643eab74bfa36fee3582b8cfc63753762,human_rubric_prometheus_reference_free_v1,failed,4,,,5,"The response provided a PlantUML diagram that captures the main functionalities of the Safehome Security Function. It includes the power-on state, startup checks, readiness to use, resetting, activation, deactivation, monitoring, alarm triggering, and power off. However, it lacks some important details such as the system's behavior when there is a problem during startup, the system's response to false alarms or the end of the monitoring time, and the user entering the password at any time. These omissions prevent the response from being fully complete according to the score rubric. Therefore, while the main elements are represented, several important elements are missing, which is why it does not achieve a perfect score.",Judge response could not be parsed after two attempts.,Judge response could not be parsed after two attempts.,"The response provided aligns well with the instruction given. The terminology used in the PlantUML diagram is consistent with the requirement specification, demonstrating a clear understanding of the task at hand. Each state and transition label corresponds directly to the functional requirements listed in the instruction. For example, ""PowerOn"" corresponds to the system checking if everything is working upon power-on, and ""Startup"" corresponds to the system stopping if there is a problem during startup. The use of terms like ""Reset"", ""Activate"", ""Deactivate"", ""Monitoring"", ""Alarm"", and ""PowerOff"" are all in line with the instruction's requirements. This shows that the response has been crafted with careful attention to detail, ensuring that every aspect of the requirement is accurately represented in the PlantUML diagram. Therefore, based on the score rubric, this response fulfills the criteria for a score of 5 as it demonstrates complete alignment with the instruction's terminology."
diagram_3d75b85108f6,case_47_safehome_security_function,case_47_safehome_security_function,Llama_3.1_8B,rag,open_source__llama31_8b_instruct__rag,llama3.1:8b-instruct-q4_K_M,general_purpose,46e0c10c039e019119339687c3c1757cc81b9da49709a3b3924863ba87ca666e,human_rubric_general_v1,ok,4,3,5,4,Missing transition from Alarm to Ready when it's a false alarm or time ended,Transitions from PowerOff and Deactivate in Monitoring don't match requirement 10,Fully fulfilled,"Using 'PowerOn' instead of 'power-on', but all other terms align"
diagram_3f89f70c8b5d,case_60_atm_2,case_60_atm_2,Mistral,rag,open_source__mistral__rag,deepseek-r1:14b,general_purpose,c333b7232bdb521236694ffbb5f5a6b11cc45d98e9142c73123b670fca400b09,human_rubric_general_v1,ok,4,5,5,5,The diagram includes all required states and transitions but does not explicitly show the selection of options versus entering a custom value.,Fully fulfilled.,Fully fulfilled.,Fully fulfilled.
diagram_3f89f70c8b5d,case_60_atm_2,case_60_atm_2,Mistral,rag,open_source__mistral__rag,ggozad/prometheus2,specialized_evaluation,a35c2d3191de6693e87dc2d07609ca9643eab74bfa36fee3582b8cfc63753762,human_rubric_prometheus_reference_free_v1,failed,,,4,4,Judge response could not be parsed after two attempts.,Judge response could not be parsed after two attempts.,"The response provided a clear and understandable PlantUML diagram that aligns with the given instruction. The diagram effectively represents the state machine for an ATM withdrawal scenario, making it easy to follow the flow of actions from selecting an amount to returning the card after a transaction. However, there are minor issues in terms of conciseness and structure. For instance, the transition between ""SelectAmount"" and ""VerifyTransaction"" could be more explicit by stating the action that leads to verification. Additionally, the transitions between states could be better structured for improved readability. Despite these minor shortcomings, the diagram remains clear and well-structured overall. Therefore, based on the score rubric, the response is mainly fulfilled with only minor issues.","The response aligns well with the instruction provided. The state machine diagram is a clear representation of the functional requirements specified in the instruction. Each state corresponds to a specific requirement, such as ""SelectAmount"" for selecting an amount and ""VerifyTransaction"" for verifying the transaction. The transitions between states are also accurately represented by the instruction's text, with labels like ""validAmount"" and ""invalidAmount"" reflecting the conditions under which these transitions occur.

However, there is a minor discrepancy in the terminology used to describe the state of the system when the user returns their card after a transaction. The instruction specifies that the system shall allow the user to return their card if the transaction is rejected or approved. In contrast, the response uses the term ""ReturnCard"" as a final state, which could be interpreted as the user returning their card regardless of whether the transaction was approved or rejected. This slight misalignment in terminology does not significantly detract from the overall alignment with the instruction's text.

Despite this minor issue, the response demonstrates a strong understanding of the requirements and effectively translates them into a PlantUML diagram. The main terminology is aligned with the requirement text, and only minor wording differences exist. Therefore, based on the score rubric, the response is mainly fulfilled in terms of terminological alignment."
diagram_3f89f70c8b5d,case_60_atm_2,case_60_atm_2,Mistral,rag,open_source__mistral__rag,llama3.1:8b-instruct-q4_K_M,general_purpose,46e0c10c039e019119339687c3c1757cc81b9da49709a3b3924863ba87ca666e,human_rubric_general_v1,ok,4,3,5,4,Missing state for custom value entry,"Transition from SelectAmount to VerifyTransaction is correct, but transition from SelectAmount to RejectedAmount should be conditional on invalid amount entered by user",Fully fulfilled,"State names and transition labels match the requirement text, but 'validAmount' and 'invalidAmount' could be more descriptive"
diagram_42be28923308,case_16_weather_monitoring_system,case_16_weather_monitoring_system,Qwen_2.5_7B,baseline_repair,open_source__qwen25_7b_instruct__rag_validation_generator_critic_repair,deepseek-r1:14b,general_purpose,c333b7232bdb521236694ffbb5f5a6b11cc45d98e9142c73123b670fca400b09,human_rubric_general_v1,ok,3,4,3,4,Missing states for ending session upon logout and handling invalid selections.,Logical flow but missing transitions for invalid selections and proper session termination.,States could be more clearly defined with concise labels.,State names mostly align but some transitions don't exactly match requirement terms.
diagram_42be28923308,case_16_weather_monitoring_system,case_16_weather_monitoring_system,Qwen_2.5_7B,baseline_repair,open_source__qwen25_7b_instruct__rag_validation_generator_critic_repair,ggozad/prometheus2,specialized_evaluation,a35c2d3191de6693e87dc2d07609ca9643eab74bfa36fee3582b8cfc63753762,human_rubric_prometheus_reference_free_v1,ok,3,4,3,4,"The response provided a PlantUML diagram that captures the main functionalities of the Weather Monitoring System. It includes the user registration, login process, checking weather information, and viewing additional details. However, it lacks some important elements such as the end of the session when the user logs out, which is an essential part of the system's functionality. Additionally, while the response does mention the system ending the process if the registration or location entered is not successful, it doesn't explicitly state that the system should end the process if a new location entered is not valid. These omissions result in a partially fulfilled requirement specification. Therefore, based on the score rubric, the response is not completely fulfilled as it misses some critical elements of the system's functionalities.","The response provided a PlantUML diagram that represents the behavior of the Weather Monitoring System. The diagram is mostly correct, with only minor logical issues. It successfully captures the main functionalities of the system such as account creation, login, location checking, weather information selection, and session ending. However, there are some areas where the response could be improved. For instance, it does not explicitly state that the process should end if a new location entered is not valid, which is an important requirement. Additionally, while the diagram shows the system updating and showing the selected weather information to the user, it doesn't clearly indicate that this update includes additional weather details like alerts, a weekly analysis, a future prediction, or a graph. These are crucial elements of the system's functionality. Despite these minor issues, the response does a good job in representing the behavior of the Weather Monitoring System according to the requirements provided. So the overall score is 4.","The response provided a PlantUML diagram that was generally understandable and followed the instruction's requirements. However, there were some issues with clarity and complexity. The use of ""state"" to represent different stages of the process could be confusing for someone unfamiliar with UML notation. Additionally, the transitions between states were not clearly defined, which might lead to misunderstandings about the flow of the system.

The diagram also lacked a clear representation of how the user interacts with the system. For example, it did not explicitly show that the user can choose what weather information to check after logging in. This could be improved by adding more detail on the user's choices and actions within the system.

Despite these issues, the diagram was still largely clear and readable, and it managed to convey the main functionalities of the Weather Monitoring System. The response did not assume any behavior that was not stated or clearly implied by the instruction, which is in line with the rules provided.

In conclusion, while there were some clarity and complexity issues, the diagram was still understandable and mostly followed the instruction's requirements. Therefore, based on the score rubric, the response would receive a score of 3.","The response aligns well with the instruction's functional requirements. The terminology used in the PlantUML diagram is mostly aligned with the requirement text, which is a key aspect of the score rubric. However, there are minor wording differences that prevent it from achieving a perfect score. For instance, ""CheckLocation"" could be more accurately named as ""CheckCurrentLocation"" to better reflect the instruction's emphasis on the user's current location. Similarly, ""ChooseInfo"" could be improved by specifying what information is being chosen, such as temperature or humidity. These small adjustments would enhance the terminological alignment with the requirement text. Despite these minor discrepancies, the response does a commendable job of capturing the essence of the instruction's functional requirements. So the overall score is 4."
diagram_42be28923308,case_16_weather_monitoring_system,case_16_weather_monitoring_system,Qwen_2.5_7B,baseline_repair,open_source__qwen25_7b_instruct__rag_validation_generator_critic_repair,llama3.1:8b-instruct-q4_K_M,general_purpose,46e0c10c039e019119339687c3c1757cc81b9da49709a3b3924863ba87ca666e,human_rubric_general_v1,ok,3,2,4,5,Missing states for 'ChooseInfo' and 'ShowInfo' when user logs out,"Contradiction: in state 'ViewDetails', the transition to '*' is also present from 'ShowInfo'","Clear and readable diagram, but some states could be combined for better clarity",Fully fulfilled
diagram_437f136ca60d,case_41_video_suggestion_system,case_41_video_suggestion_system,Llama_3.1_8B,rag,open_source__llama31_8b_instruct__rag,deepseek-r1:14b,general_purpose,c333b7232bdb521236694ffbb5f5a6b11cc45d98e9142c73123b670fca400b09,human_rubric_general_v1,ok,5,5,4,5,Fully fulfilled.,Fully fulfilled.,The diagram is clear but could be improved by labeling transitions with events and actions for better readability.,Fully fulfilled.
diagram_437f136ca60d,case_41_video_suggestion_system,case_41_video_suggestion_system,Llama_3.1_8B,rag,open_source__llama31_8b_instruct__rag,ggozad/prometheus2,specialized_evaluation,a35c2d3191de6693e87dc2d07609ca9643eab74bfa36fee3582b8cfc63753762,human_rubric_prometheus_reference_free_v1,ok,3,3,2,1,"The response provided a basic outline of the system's operation but lacked several important elements that were explicitly mentioned in the instruction. The diagram does not include any specific details such as gathering videos based on user profile or preferences, trending videos from the user’s area, videos with similar tags, videos from similar genres, and promoted videos. Additionally, it fails to mention adding additional details like thumbnails and view counts to the suggested videos. These omissions result in a partial fulfillment of the instruction's requirements. Therefore, based on the score rubric, the response is not fully compliant with the instruction provided.","The response provided a basic outline of the system's behavior but lacked depth in explaining how each step is executed. The diagram does not clearly show the simultaneous gathering of different types of videos, which is an essential part of the requirement. Additionally, it fails to mention the inclusion of trending videos from the user’s area and promoted videos, which are critical components of the system's functionality. While the response correctly identifies the main steps of the system, it does not fully capture the complexity and specificity of the requirements. Therefore, based on the score rubric, the response is partially fulfilled as it only partially captures the logical flow of the system's behavior.","The response provided a basic outline of the system's operation but lacked clarity in its presentation. The use of an unstructured flow with no clear distinction between states or processes made it difficult to follow the sequence of operations within the system. Additionally, the absence of any specific details such as the types of videos gathered or how they are categorized resulted in a vague representation of the system's functionality. This lack of detail and structure could lead to confusion for those trying to understand the system's operation. Therefore, while the response did touch upon all the required functionalities, it failed to present them in a clear, readable, and well-structured manner. So the overall score is 2.","The response provided does not align well with the instruction given. The terminology used in the response is quite different from the requirement text, which leads to a lack of clarity and understanding. For instance, the term ""Idle"" is used instead of ""Receiving a video suggestion request,"" and ""Processing"" is used instead of ""Gathering different types of videos."" This indicates that the response does not fulfill the requirements as stated in the instruction. The use of state names such as ""Idle"" and transition labels like ""Processing"" do not reflect the specific actions required by the system, which are crucial for understanding the functionalities of the Video Suggestion System. Therefore, based on the score rubric, this response does not meet the criteria for terminological alignment with the requirement text."
diagram_437f136ca60d,case_41_video_suggestion_system,case_41_video_suggestion_system,Llama_3.1_8B,rag,open_source__llama31_8b_instruct__rag,llama3.1:8b-instruct-q4_K_M,general_purpose,46e0c10c039e019119339687c3c1757cc81b9da49709a3b3924863ba87ca666e,human_rubric_general_v1,ok,2,1,3,2,"Missing states for gathering trending videos from the user’s area, videos with similar tags, and promoted videos.",The diagram does not logically match the requirement as it lacks transitions between states that represent different types of video gathering.,The diagram is somewhat clear but could be improved by adding more descriptive labels and possibly breaking down complex states into smaller ones.,"State names do not exactly match the requirement text, e.g., 'Processing' instead of specific steps like 'gather different types of videos'."
diagram_49b96a09314d,case_37_online_quiz_system,case_37_online_quiz_system,Qwen_2.5_7B,baseline_repair,open_source__qwen25_7b_instruct__rag_validation_generator_critic_repair,deepseek-r1:14b,general_purpose,c333b7232bdb521236694ffbb5f5a6b11cc45d98e9142c73123b670fca400b09,human_rubric_general_v1,ok,5,5,5,5,Fully fulfilled.,Fully fulfilled.,Fully fulfilled.,Fully fulfilled.
diagram_49b96a09314d,case_37_online_quiz_system,case_37_online_quiz_system,Qwen_2.5_7B,baseline_repair,open_source__qwen25_7b_instruct__rag_validation_generator_critic_repair,ggozad/prometheus2,specialized_evaluation,a35c2d3191de6693e87dc2d07609ca9643eab74bfa36fee3582b8cfc63753762,human_rubric_prometheus_reference_free_v1,ok,3,4,4,4,"The response provided a UML State Machine Diagram for the Online Quiz System, which is in line with the instruction given. However, it falls short of fully capturing all required elements as per the score rubric. The diagram does not include transitions between states, such as ""Student"" to ""Select Quiz"", or ""Teacher"" to ""Create Quiz"". It also lacks the representation of events and guards that would be necessary for a complete state machine. For instance, it doesn't specify what triggers the transition from ""Login/Register"" to ""Teacher"" or ""Student"". Additionally, there is no mention of initial states or final states in the response. These omissions result in a partial fulfillment of the requirements as per the score rubric. Therefore, while the main elements are represented, several important elements are missing, which leads to a lower score.","The response provided a UML State Machine Diagram that aligns well with the functional requirements of the Online Quiz System. The diagram logically represents the flow of user actions, from login to quiz submission and result viewing. Each state corresponds to a specific action or role within the system, such as ""Login/Register"" for initial user interaction, ""Teacher"" for creating and editing quizzes, and ""Student"" for selecting, answering, and submitting quizzes. The transitions between states are clear and correctly reflect the sequential nature of the system's operations.

However, there is a minor logical issue in the diagram. The transition from ""Select Quiz"" to ""Answer Quiz"" should be followed by a transition to ""Submit Quiz,"" but this sequence is not explicitly shown. This omission could potentially lead to confusion about the order of these actions within the system. Despite this, the overall structure and functionality of the diagram are well-represented and largely correct.

In conclusion, while the response does an excellent job in capturing the main functionalities of the Online Quiz System, it falls slightly short in terms of logical completeness. The omission of a transition between ""Answer Quiz"" and ""Submit Quiz"" is a minor oversight that could be improved upon for clarity and accuracy. Therefore, based on the score rubric, the response is mainly fulfilled with only minor logical issues.","The response provided a UML State Machine Diagram for the Online Quiz System. The diagram was clear and readable, with each state representing a specific function of the system. However, there were minor issues that could have been improved to enhance clarity and conciseness. For instance, the transitions between states could have been more explicitly defined to better illustrate the flow of user actions within the system. Additionally, some states could have been combined or simplified to reduce redundancy and improve readability. Despite these minor shortcomings, the diagram was overall well-structured and easy to understand. So the overall score is 4.","The response provided a UML State Machine Diagram that aligns well with the functional requirements of the Online Quiz System. The terminology used in the diagram is mostly aligned with the requirement text, which includes state names and transition labels. However, there are minor wording differences such as ""Select Quiz"" instead of ""Select a quiz"" and ""Submit Quiz"" instead of ""Submit their quiz"". These slight deviations do not significantly impact the overall alignment with the requirements. The response effectively demonstrates the system's functionality through the use of state names and transition labels, which are crucial for understanding the flow of the system. Therefore, based on the score rubric, the response is mainly fulfilled, as it uses mostly aligned terminology with only minor wording differences."
diagram_49b96a09314d,case_37_online_quiz_system,case_37_online_quiz_system,Qwen_2.5_7B,baseline_repair,open_source__qwen25_7b_instruct__rag_validation_generator_critic_repair,llama3.1:8b-instruct-q4_K_M,general_purpose,46e0c10c039e019119339687c3c1757cc81b9da49709a3b3924863ba87ca666e,human_rubric_general_v1,ok,4,2,5,4,Missing 'Register' state transitions and some states are not explicitly mentioned in the requirement text.,"The system allows students to view results after submitting a quiz, but this contradicts requirement 10 which only mentions viewing results after submitting is allowed for students.",Fully fulfilled,"Some state names and transition labels do not exactly match the requirement text (e.g., 'View Result' instead of 'View Results')."
diagram_4cbb66801f45,case_70_atm_many_scenarios_7,case_70_atm_many_scenarios_7,Qwen_2.5_7B,syntax_grounded_repair,open_source__qwen25_7b_instruct__rag_validation_generator_critic_repair__syntax_grounded_original_rag,deepseek-r1:14b,general_purpose,c333b7232bdb521236694ffbb5f5a6b11cc45d98e9142c73123b670fca400b09,human_rubric_general_v1,ok,4,4,4,4,Missing transition for returning the card if the user cancels.,Lacks explicit handling of returning the card upon cancellation after confiscation.,Some transition labels are unclear and could be more intuitive.,State names align but some transition labels do not exactly match requirement terms.
diagram_4cbb66801f45,case_70_atm_many_scenarios_7,case_70_atm_many_scenarios_7,Qwen_2.5_7B,syntax_grounded_repair,open_source__qwen25_7b_instruct__rag_validation_generator_critic_repair__syntax_grounded_original_rag,ggozad/prometheus2,specialized_evaluation,a35c2d3191de6693e87dc2d07609ca9643eab74bfa36fee3582b8cfc63753762,human_rubric_prometheus_reference_free_v1,ok,4,5,4,4,"The response provided a comprehensive diagram that covers the main functional requirements of the ATM system. It includes all the necessary states such as ""Idle"", ""Waiting for PIN"", ""ValidatingPIN"", ""Waiting for Customer Choice"", ""Confiscating"", and ""Ejecting"". The transitions between these states are also well-defined, indicating the flow of operations within the system.

However, there is a minor omission in the response. It does not explicitly mention the event that triggers the confiscation of the card, which is an important detail in the functional requirements. This event should be clearly defined as ""Third Invalid PIN, Card Stolen, Card Expired / Confiscate, Update Status"".

Despite this minor omission, the response still manages to capture the essence of the system's operation and provides a clear representation of the user interaction with the ATM. Therefore, based on the score rubric, the response is mainly fulfilled as it includes nearly all required elements, with only minor omissions.","The response provided a clear and concise representation of the functional requirements for the ATM system. It successfully depicted the sequence of events from the user's arrival to the completion of their transaction, which aligns with the instruction given. The diagram logically matches the requirement without contradiction, demonstrating an understanding of the system's operation.

The response also effectively communicated the various states and transitions within the system, such as waiting for a PIN, validating the PIN, and confiscating the card if necessary. This shows that the diagram is not only correct but also comprehensive in covering all aspects of the user interaction with the ATM system.

Furthermore, the response maintained consistency throughout the diagram, ensuring that each state transitioned logically to the next, which is crucial for a functional requirement specification. The absence of contradictions and the logical flow of events further supports the correctness of the diagram.

In conclusion, the response fulfills all aspects of the score rubric by demonstrating complete and correct matching of the system's behaviour with the requirements without any contradictions. Therefore, based on the evaluation criteria, the response is awarded a score of 5.","The response provided a clear and understandable PlantUML diagram that aligns with the given instruction. The diagram effectively represents the various states of an ATM system, from idle to terminating, and it clearly outlines the user interaction process. Each state is well-defined, and the transitions between them are logically structured, making the flow of the system easy to follow.

However, there are minor issues that prevent this response from achieving a perfect score. The diagram could be improved by providing more context or explanation for certain states, such as ""Waiting for Customer Choice"" and ""Confiscating"". While these states are correctly identified, they lack the detail necessary to fully understand their purpose within the system.

Additionally, the transitions between states could be made clearer with the use of more descriptive language or additional details about the conditions under which each transition occurs. For example, the transition from ""Waiting for PIN"" to ""ValidatingPIN"" could be enhanced by specifying that this transition occurs when a valid PIN is entered.

Despite these minor issues, the response still provides a largely clear and readable diagram that effectively communicates the functional requirements of the ATM system. Therefore, based on the score rubric, the response is mainly fulfilled with only minor clarity or complexity issues remaining.","The response demonstrates a good understanding of the requirements by using terminology that is closely aligned with the instruction. The states and transitions are named in a way that reflects the functionalities described in the instruction, such as ""Waiting for PIN"" and ""ValidatingPIN"". However, there are minor wording differences, like ""Card Inserted / Get PIN"" instead of ""The system shall greet the user when they arrive"", which is not directly related to the PIN process. Additionally, the term ""Ejecting"" could be more specific by mentioning the card being returned if the operation is canceled. Despite these minor discrepancies, the response effectively communicates the sequence of events in an ATM scenario and aligns well with the instruction's terminology. Therefore, based on the rubric, the response is mainly fulfilled, with only minor wording differences."
diagram_4cbb66801f45,case_70_atm_many_scenarios_7,case_70_atm_many_scenarios_7,Qwen_2.5_7B,syntax_grounded_repair,open_source__qwen25_7b_instruct__rag_validation_generator_critic_repair__syntax_grounded_original_rag,llama3.1:8b-instruct-q4_K_M,general_purpose,46e0c10c039e019119339687c3c1757cc81b9da49709a3b3924863ba87ca666e,human_rubric_general_v1,ok,4,3,5,4,Missing 'return card' transition for valid PIN,"Confiscating state triggered by multiple conditions, unclear behavior when user cancels after third invalid PIN",Fully fulfilled,"State names and transition labels mostly match requirement text, but some minor discrepancies"
diagram_4df9e5c58a70,case_01_healthcare_portal,case_01_healthcare_portal,DeepSeek_R1_14B,baseline_repair,open_source__deepseek_r1_14b__few_shot_validation_generator_critic_repair,deepseek-r1:14b,general_purpose,c333b7232bdb521236694ffbb5f5a6b11cc45d98e9142c73123b670fca400b09,human_rubric_general_v1,ok,2,3,4,5,"Only covers registration, sign-in, main menu, and logout; missing other functionalities.",Behavior is logically consistent but incomplete compared to requirements.,Clear and readable but lacks depth in representing all system functionalities.,Fully fulfilled.
diagram_4df9e5c58a70,case_01_healthcare_portal,case_01_healthcare_portal,DeepSeek_R1_14B,baseline_repair,open_source__deepseek_r1_14b__few_shot_validation_generator_critic_repair,ggozad/prometheus2,specialized_evaluation,a35c2d3191de6693e87dc2d07609ca9643eab74bfa36fee3582b8cfc63753762,human_rubric_prometheus_reference_free_v1,ok,3,2,2,2,"The response provided a basic outline of the system's functionality using PlantUML. However, it lacks several important elements that were specified in the instruction. For instance, there is no mention of how the system handles insurance processing or payment methods for drug and supplement purchases. Additionally, the response does not include any details about the system's ability to provide health-related information or check symptoms. Furthermore, the user feedback collection process was omitted from the diagram. These omissions result in a partial fulfillment of the instruction's requirements. Therefore, based on the score rubric, the response is only partially fulfilled as it does not include all required states, transitions, events, guards, initial states, and final states.","The response provided a PlantUML diagram that represents the system's behavior in relation to user registration and sign-in processes. However, it fails to capture the full scope of functional requirements as outlined in the instruction. The diagram only includes a few steps such as Registration, SignIn, MainMenu, Logout, and AccessDenied. It does not address other important aspects like reading news and expert content, checking symptoms or fitness options, processing insurance for finance-related services, selecting payment methods, informing users about cash payment details, and collecting user feedback. These omissions result in a diagram that is only partially correct and fails to logically match the requirement as stated in the instruction. Therefore, based on the score rubric, this response would receive a score of 2 because it fulfills the requirements to a minimal extent with major logical errors remaining.","The response provided a PlantUML diagram that was not entirely clear or readable. The use of ""AccessDenied"" as a state could be confusing to some users, as it does not explicitly indicate that the user's access has been terminated due to failed registration. Additionally, the transition from ""SignIn"" to ""MainMenu"" is abrupt and lacks context, which may lead to misunderstandings about the flow of the system. The diagram also fails to provide a clear path for users who choose cash payment, as it does not specify how this choice affects their interaction with the system. Furthermore, the absence of any indication that the system processes and validates insurance is a significant omission, which could lead to misconceptions about the system's capabilities. Overall, while the diagram is understandable to some extent, it contains several clarity or complexity issues that make it difficult for users to fully grasp the functionality of the healthcare portal. So the overall score is 2.","The response provided does not align well with the instruction's terminology. While it attempts to represent the flow of user interaction, it fails to accurately reflect the specific functional requirements outlined in the instruction. For instance, the term ""AccessDenied"" is used instead of more precise terms such as ""End Access if registration fails."" Additionally, the response does not include important aspects like processing and validating insurance or informing users about cash payment details. The terminology used in the response is too general and lacks the specificity required to fully represent the instruction's requirements. Therefore, based on the score rubric, this response only partially fulfills the criteria of terminological alignment with the requirement text."
diagram_4df9e5c58a70,case_01_healthcare_portal,case_01_healthcare_portal,DeepSeek_R1_14B,baseline_repair,open_source__deepseek_r1_14b__few_shot_validation_generator_critic_repair,llama3.1:8b-instruct-q4_K_M,general_purpose,46e0c10c039e019119339687c3c1757cc81b9da49709a3b3924863ba87ca666e,human_rubric_general_v1,ok,3,2,4,5,"Missing states for reading news and expert content, health-related information, insurance processing, payment with insurance, selecting payment methods, informing users about cash payment details, completing the payment process for insurance-based payments, collecting user feedback","Registration fails but does not end access; instead, it transitions to AccessDenied which loops back to the start state. This contradicts requirement 2.","The diagram is clear and readable, but some states (e.g., Registration) could be more descriptive",Fully fulfilled
diagram_4e897edb01c1,case_80_staff_member_class,case_80_staff_member_class,DeepSeek_R1_14B,baseline_repair,open_source__deepseek_r1_14b__few_shot_validation_generator_critic_repair,deepseek-r1:14b,general_purpose,c333b7232bdb521236694ffbb5f5a6b11cc45d98e9142c73123b670fca400b09,human_rubric_general_v1,ok,5,5,5,5,Fully fulfilled.,Fully fulfilled.,Fully fulfilled.,Fully fulfilled.
diagram_4e897edb01c1,case_80_staff_member_class,case_80_staff_member_class,DeepSeek_R1_14B,baseline_repair,open_source__deepseek_r1_14b__few_shot_validation_generator_critic_repair,ggozad/prometheus2,specialized_evaluation,a35c2d3191de6693e87dc2d07609ca9643eab74bfa36fee3582b8cfc63753762,human_rubric_prometheus_reference_free_v1,ok,4,5,4,4,"The response provided a UML State Machine Diagram that captures the essence of the staff member assignment process. It includes the main states such as Unassigned, Assigned, Unemployed, and Archived, which align with the functional requirements specified in the instruction. The transitions between these states are also represented, including Assign, Remove Assignment, Leave Job, and Archive Record after some time. However, there is a minor omission in that the response does not explicitly mention the initial state of [*] or the final state of <<final>>, which are important elements to indicate the start and end points of the diagram. Despite this, the response still manages to convey the majority of the required states, transitions, events, guards, initial states, and final states. Therefore, based on the score rubric, the response is mainly fulfilled with only minor omissions.","The response provided a UML State Machine Diagram that aligns well with the requirements specified in the instruction. The diagram accurately represents the different states of staff members, from being unassigned to being archived after leaving the job. Each transition between states corresponds to one of the functional requirements, demonstrating a clear understanding and application of the task.

The response does not contain any contradictions or logical errors, which is crucial for achieving a high score according to the rubric. The transitions between states are correctly defined, ensuring that the behaviour of the system as described in the instruction is logically consistent with the diagram.

Furthermore, the response adheres to the rules provided in the task description, such as not repairing or rewriting the response and not assuming any unstated behaviour. The concise evaluation feedback also meets the requirement of being less than 20 sentences long.

In conclusion, the response is completely fulfilled according to the score rubric, as it correctly represents the system's behavior in relation to staff member assignments without contradiction. Therefore, the score is 5.","The response provided a clear and understandable UML State Machine Diagram that aligns with the functional requirements specified in the instruction. The diagram effectively represents the different states of staff members, from being unassigned to being archived after leaving the job. Each transition between states is clearly defined, making it easy for readers to follow the flow of operations within the system.

However, there are minor issues that prevent the response from achieving a perfect score. The diagram could be improved by providing more context or explanation for each state and transition, which would enhance its readability and comprehensibility. Additionally, the use of ""Unassigned"" as a starting point might not be immediately clear to all readers without further elaboration.

Despite these minor issues, the response is still largely successful in creating a concise and well-structured diagram that effectively communicates the functional requirements of the Staff Member Class. Therefore, based on the score rubric's criteria for understandability, clarity, and structural simplicity, the response is mainly fulfilled with only minor issues.","The response aligns well with the instruction's requirements, using terminology that closely matches the original text. The states are named appropriately, such as ""Unassigned,"" ""Assigned,"" and ""Unemployed,"" which correspond to the requirement of assigning staff members to clients or campaigns. The transitions between these states also reflect the instructions accurately, with labels like ""Assign,"" ""Remove Assignment,"" and ""Leave Job.""

However, there is a minor discrepancy in the terminology used for the archiving process. While the instruction specifies that the system should archive the record of a former employee ""after some time has passed,"" the response uses the term ""Archive Record after some time."" This slight variation does not significantly detract from the overall alignment with the requirement text, but it is worth noting as a minor point of divergence.

In conclusion, while the response demonstrates a high degree of terminological alignment with the instruction's requirements, there are minor wording differences that prevent it from achieving a perfect score. Therefore, based on the rubric, the response is mainly fulfilled but not completely aligned with the requirement text."
diagram_4e897edb01c1,case_80_staff_member_class,case_80_staff_member_class,DeepSeek_R1_14B,baseline_repair,open_source__deepseek_r1_14b__few_shot_validation_generator_critic_repair,llama3.1:8b-instruct-q4_K_M,general_purpose,46e0c10c039e019119339687c3c1757cc81b9da49709a3b3924863ba87ca666e,human_rubric_general_v1,ok,4,3,5,4,Missing transition from Assigned to another assignment is not explicitly mentioned in the requirement text.,"The system shall enable staff members to switch between different assignments during their work period. This behavior is partially represented by the 'Assign' and 'Remove Assignment' transitions, but it's unclear if a staff member can be reassigned from one client or campaign to another.",Fully fulfilled,"The state names and transition labels generally match the requirement text, but 'Assign' is used instead of 'assign a staff member to a client or adding them to a campaign'. Also, 'Archive Record after some time' could be more specific."
diagram_503a41627b3d,case_60_atm_2,case_60_atm_2,DeepSeek_R1_14B,few_shot,open_source__deepseek_r1_14b__few_shot,deepseek-r1:14b,general_purpose,c333b7232bdb521236694ffbb5f5a6b11cc45d98e9142c73123b670fca400b09,human_rubric_general_v1,ok,5,5,5,5,Fully fulfilled.,Fully fulfilled.,Fully fulfilled.,Fully fulfilled.
diagram_503a41627b3d,case_60_atm_2,case_60_atm_2,DeepSeek_R1_14B,few_shot,open_source__deepseek_r1_14b__few_shot,ggozad/prometheus2,specialized_evaluation,a35c2d3191de6693e87dc2d07609ca9643eab74bfa36fee3582b8cfc63753762,human_rubric_prometheus_reference_free_v1,ok,3,4,3,4,"The response provided a basic outline of the ATM scenario but lacks some important details that were explicitly mentioned in the instruction. The diagram does not include any specific actions or conditions that should be met during the transitions between states, such as verifying the transaction after the user enters an amount. Additionally, it fails to mention the possibility for the system to reject a transaction and allow the user to re-enter the amount. These omissions result in a less comprehensive representation of the scenario compared to what was expected based on the instruction. Therefore, while the main elements are represented, several important elements are missing, which is why this response would receive a score of 3 according to the rubric.","The response provided a PlantUML diagram that represents the behavior of an ATM system in accordance with the given requirements. The diagram logically follows the sequence of user actions, from selecting an amount to verifying the transaction and re-entering if necessary. However, there is a minor logical issue present in the diagram. Specifically, the transitions between states are not clearly defined, which could lead to confusion about the exact flow of events within the system. Despite this, the main behavior of the system is correctly represented, with the user being able to select an amount or enter a custom value, and the system verifying the transaction before allowing the user to re-enter if necessary. Therefore, while there are minor logical issues, the response largely fulfills the requirements set forth in the instruction. So the overall score is 4.","The response provided a PlantUML diagram that was generally understandable and followed the instruction's requirements. However, there were some issues with clarity and complexity. The transitions between states were not clearly defined, which could lead to confusion about the flow of the system. Additionally, the use of abbreviations like ""select amount"" and ""enter custom amount"" without further explanation might be confusing for someone unfamiliar with these terms.

The diagram also lacked some details that would have made it more informative. For example, it did not explicitly state what happens when the transaction is rejected, other than re-entering the amount. This could leave room for interpretation about how the system handles such situations.

Despite these issues, the response was still able to convey the main functional requirements of the ATM system in a readable format. The diagram was not overly complex or redundant, and it managed to cover all the necessary points without being excessively detailed. Therefore, while there were some areas for improvement, the response did meet the criteria set out in the score rubric to a reasonable extent.","The response aligns well with the instruction provided. The state names and transition labels are mostly aligned with the requirement text, which is a clear indication of understanding the task at hand. However, there are minor wording differences that prevent it from achieving a perfect score. For instance, ""select amount"" could be more accurately represented as ""allow the user to select an amount,"" and ""enter custom amount"" could be more closely aligned with ""permit the user to enter a custom value."" These slight deviations in terminology do not significantly detract from the overall alignment of the response with the instruction. Therefore, based on the rubric's criteria for terminological alignment, the response is mainly fulfilled but not completely so."
diagram_503a41627b3d,case_60_atm_2,case_60_atm_2,DeepSeek_R1_14B,few_shot,open_source__deepseek_r1_14b__few_shot,llama3.1:8b-instruct-q4_K_M,general_purpose,46e0c10c039e019119339687c3c1757cc81b9da49709a3b3924863ba87ca666e,human_rubric_general_v1,ok,4,3,5,4,Missing 'rejected' state for the final transaction outcome,The diagram does not account for the case where a custom amount is entered and then rejected,Fully fulfilled,"State names match requirement text, but transition labels could be more descriptive"
diagram_51f7c1bf596d,case_45_alarm_clock,case_45_alarm_clock,Qwen_2.5_7B,few_shot,open_source__qwen25_7b_instruct__few_shot,deepseek-r1:14b,general_purpose,c333b7232bdb521236694ffbb5f5a6b11cc45d98e9142c73123b670fca400b09,human_rubric_general_v1,ok,5,5,5,5,Fully fulfilled.,Fully fulfilled.,Fully fulfilled.,Fully fulfilled.
diagram_51f7c1bf596d,case_45_alarm_clock,case_45_alarm_clock,Qwen_2.5_7B,few_shot,open_source__qwen25_7b_instruct__few_shot,ggozad/prometheus2,specialized_evaluation,a35c2d3191de6693e87dc2d07609ca9643eab74bfa36fee3582b8cfc63753762,human_rubric_prometheus_reference_free_v1,failed,,4,5,4,Judge response could not be parsed after two attempts.,"The response provided a PlantUML diagram that represents the state machine of an alarm clock system. The diagram is mostly correct, with only minor logical issues. It accurately depicts the initial off state, the process of setting an alarm, and the subsequent activation and deactivation of the alarm. However, there are some minor discrepancies in the transitions between states. For instance, the transition from ""AlarmRinging"" to ""Off"" should be ""AlarmRinging"" to ""AlarmSet"", as the system remains active for the next scheduled alarm time after stopping the alarm. This is a small but significant detail that affects the overall correctness of the diagram. Despite this, the main behaviour of the system is correctly represented in the majority of the transitions. Therefore, based on the score rubric, the response is mainly fulfilled with only minor logical issues.","The response provided a PlantUML diagram that effectively communicates the state machine of an alarm clock system. The diagram was clear, readable, and well-structured, making it easy to understand the functional requirements of the system. Each state in the diagram corresponds directly with the functional requirements listed in the instruction, ensuring that the user can follow the flow of the system from its initial off state to the final active state after stopping the alarm. The transitions between states were also clearly defined, which helps to visualize how the system responds to different user actions and time events. Therefore, based on the score rubric's criteria for understandability, the diagram was fully clear, readable, concise, and well-structured. So the overall score is 5.","The response demonstrates a good understanding of the task by creating a PlantUML diagram that aligns with the functional requirements specified in the instruction. The terminology used in the diagram is mostly aligned with the requirement text, which is crucial for clear communication and understanding. However, there are minor wording differences, such as ""Wait for alarm set"" instead of ""Wait for alarm time"", and ""Ring the alarm"" instead of ""Start ringing the alarm"". These slight deviations from the exact terms used in the instruction do not significantly impact the overall alignment with the requirement text. Therefore, based on the score rubric, the response is mainly fulfilled, as it uses mostly aligned terminology with only minor wording differences."
diagram_51f7c1bf596d,case_45_alarm_clock,case_45_alarm_clock,Qwen_2.5_7B,few_shot,open_source__qwen25_7b_instruct__few_shot,llama3.1:8b-instruct-q4_K_M,general_purpose,46e0c10c039e019119339687c3c1757cc81b9da49709a3b3924863ba87ca666e,human_rubric_general_v1,ok,4,3,5,4,Missing transition from 'Alarm Set' to 'Alarm Ringing' when the current time matches the set alarm time.,The system does not remain active for the next scheduled alarm time after stopping the alarm.,Fully fulfilled.,"State names and transition labels generally match the requirement text, but 'Alarm Set' could be more accurately named 'Alarm Activated'."
diagram_53e984131ff8,case_41_video_suggestion_system,case_41_video_suggestion_system,Qwen_2.5_7B,rag,open_source__qwen25_7b_instruct__rag,deepseek-r1:14b,general_purpose,c333b7232bdb521236694ffbb5f5a6b11cc45d98e9142c73123b670fca400b09,human_rubric_general_v1,ok,5,5,5,5,Fully fulfilled.,Fully fulfilled.,Fully fulfilled.,Fully fulfilled.
diagram_53e984131ff8,case_41_video_suggestion_system,case_41_video_suggestion_system,Qwen_2.5_7B,rag,open_source__qwen25_7b_instruct__rag,ggozad/prometheus2,specialized_evaluation,a35c2d3191de6693e87dc2d07609ca9643eab74bfa36fee3582b8cfc63753762,human_rubric_prometheus_reference_free_v1,failed,,4,4,5,Judge response could not be parsed after two attempts.,"The response provided a PlantUML diagram that captures the main functionalities of the video suggestion system. It successfully represents the process from receiving a user request to sending suggested videos. However, it lacks some details such as gathering different types of videos simultaneously and adding additional details like thumbnails and view counts to the suggested videos. These omissions result in minor logical issues that prevent the response from being completely fulfilled according to the score rubric. The diagram does not explicitly mention the simultaneous gathering of various video types, which is a key requirement. Additionally, while it mentions adding details, it doesn't specify what those details are. Therefore, although the main behaviour is mostly correct, there are minor logical issues that prevent the response from achieving a perfect score.","The response provided a PlantUML diagram that was easy to understand and followed the instruction's requirements. The diagram effectively represented the process of receiving a video suggestion request from a user, identifying the user, gathering different types of videos, adding additional details such as thumbnails and view counts, and sending the suggested videos to the user. However, there were minor issues with the clarity and structure of the diagram. For instance, the transition between ""GatherVideos"" and ""AddDetails"" could have been more explicit to better illustrate the sequential nature of these steps. Additionally, the use of a single state for ""UserRequest"" might be considered slightly redundant as it does not add significant value to the understanding of the process. Despite these minor issues, the diagram was overall clear and readable, with only minor clarity or complexity issues remaining. So the overall score is 4.","The response provided aligns well with the instruction given. The terminology used in the PlantUML diagram is consistent with the requirements specified, demonstrating a clear understanding of the task at hand. Each state and transition label corresponds directly to the functional requirements outlined in the instruction. For instance, ""UserRequest"" accurately represents the user's request for video suggestions, while ""GatherVideos"" and ""AddDetails"" reflect the system's actions of gathering videos and adding details such as thumbnails and view counts. The final transition, ""SendSuggestions,"" corresponds to the system sending the suggested videos to the user. This alignment with the instruction is indicative of a complete fulfillment of the rubric criteria. Therefore, based on the score rubric, this response demonstrates a perfect alignment in terminology, making it a top-tier evaluation."
diagram_53e984131ff8,case_41_video_suggestion_system,case_41_video_suggestion_system,Qwen_2.5_7B,rag,open_source__qwen25_7b_instruct__rag,llama3.1:8b-instruct-q4_K_M,general_purpose,46e0c10c039e019119339687c3c1757cc81b9da49709a3b3924863ba87ca666e,human_rubric_general_v1,ok,2,1,3,4,Missing states for gathering different types of videos and adding additional details,The diagram does not logically match the requirement as it lacks a clear sequence of events for each type of video gathering and detail addition,The diagram is somewhat readable but could be improved with more descriptive state names and transition labels,State names and transition labels generally align with the requirement text
diagram_584115cefc97,case_45_alarm_clock,case_45_alarm_clock,Llama_3.1_8B,syntax_grounded_repair,open_source__llama31_8b_instruct__few_shot_validation_generator_critic_repair__syntax_grounded,deepseek-r1:14b,general_purpose,c333b7232bdb521236694ffbb5f5a6b11cc45d98e9142c73123b670fca400b09,human_rubric_general_v1,ok,5,5,5,5,Fully fulfilled.,Fully fulfilled.,Fully fulfilled.,Fully fulfilled.
diagram_584115cefc97,case_45_alarm_clock,case_45_alarm_clock,Llama_3.1_8B,syntax_grounded_repair,open_source__llama31_8b_instruct__few_shot_validation_generator_critic_repair__syntax_grounded,ggozad/prometheus2,specialized_evaluation,a35c2d3191de6693e87dc2d07609ca9643eab74bfa36fee3582b8cfc63753762,human_rubric_prometheus_reference_free_v1,ok,4,4,5,4,"The response provided a clear and concise representation of the Alarm Clock system's state machine. It successfully captured the main functional requirements such as the initial off state, the activation and deactivation of the alarm, and the transition between these states based on user actions and time matching. However, it lacked some details that were present in the instruction, like the specific event that triggers the system to remain active for the next scheduled alarm time after stopping the alarm. This omission is a minor one but it does not fully align with the instruction's requirement of supporting the system to remain active for the next scheduled alarm time after stopping the alarm. Therefore, while the response is largely complete and fulfills most of the required elements, it falls short in capturing all aspects of the instruction. So the overall score is 4.","The response provided a clear and concise representation of the Alarm Clock system's state machine. It accurately depicted the initial off state, the activation of the alarm upon setting an alarm time, the ability to turn off the alarm, and the subsequent ringing of the alarm when the current time matches the set alarm time. Furthermore, it correctly represented the system's capability to remain active for the next scheduled alarm time after stopping the alarm.

However, there is a minor logical issue in the response. The transition from Activated to Stopped does not explicitly state that the user can stop the alarm. This could potentially lead to confusion about whether the user has control over the alarm's activation and deactivation. Despite this, the overall behaviour of the system is correctly represented, with only a minor logical issue.

Therefore, based on the score rubric, the response is mainly fulfilled as it accurately represents the main behaviour of the Alarm Clock system, but there are minor logical issues that could be improved upon.","The response provided a PlantUML diagram that effectively communicates the state machine of an alarm clock system. The diagram was clear, readable, and well-structured, making it easy to understand the functional requirements of the system. Each state in the diagram corresponds directly with the functional requirements listed in the instruction, ensuring that the user can follow the flow of the system from off to active and back again.

The use of PlantUML syntax was appropriate and did not introduce any unnecessary complexity or redundancy. The transitions between states were clearly defined, indicating when the alarm is activated, when it is stopped, and how the system remains active for the next scheduled alarm time. This level of detail in the diagram aligns with the instruction's requirement for a polished specification.

The response did not assume any behavior that was not stated or implied by the instruction, adhering to the rules provided. The concise evaluation feedback also reflects the clarity and readability of the diagram, as well as its alignment with the functional requirements specified in the instruction.

In conclusion, the PlantUML diagram presented in the response is fully clear, readable, concise, and well-structured, fulfilling all aspects of the score rubric. Therefore, it can be concluded that the response meets the highest standards set for performance according to the evaluation criteria.","The response aligns well with the instruction's requirements, using terminology that closely matches the original text. The state machine is clearly defined, with each state corresponding to a specific requirement. For example, ""Activated"" corresponds to the system being in an off state initially and supporting when the user sets an alarm time. Similarly, ""Stopped"" aligns with the system's ability to turn off the activated alarm and remain active for the next scheduled alarm time.

However, there are minor wording differences that prevent the response from achieving a perfect score. For instance, the transition label ""Activated : do / Alarm ringing"" could be more precise by stating ""Alarm activated"" instead of ""Alarm ringing."" This slight deviation from the exact terms used in the instruction is what differentiates this response from a perfect score.

Despite these minor discrepancies, the overall terminological alignment is strong, with most state names and transition labels closely mirroring the requirement text. Therefore, based on the rubric's criteria for terminological alignment, the response is mainly fulfilled."
diagram_584115cefc97,case_45_alarm_clock,case_45_alarm_clock,Llama_3.1_8B,syntax_grounded_repair,open_source__llama31_8b_instruct__few_shot_validation_generator_critic_repair__syntax_grounded,llama3.1:8b-instruct-q4_K_M,general_purpose,46e0c10c039e019119339687c3c1757cc81b9da49709a3b3924863ba87ca666e,human_rubric_general_v1,ok,4,2,4,3,Missing initial state for 'Off' is not explicitly mentioned in the requirement text.,"Transition from 'Activated' to 'Stopped' does not match requirement 5, which states that once the alarm is ringing, the user shall be able to stop it.","State names and transition labels are clear, but some transitions could be more descriptive.","Some state names ('Activated', 'Stopped') do not exactly match the requirement text."
diagram_59e92adae6ca,case_75_graderate,case_75_graderate,Llama_3.1_8B,few_shot,open_source__llama31_8b_instruct__few_shot,deepseek-r1:14b,general_purpose,c333b7232bdb521236694ffbb5f5a6b11cc45d98e9142c73123b670fca400b09,human_rubric_general_v1,ok,4,5,5,5,"The diagram includes all required states (Waiting, Active, Expired, Archived) but lacks an explicit initial state transition.",Fully fulfilled.,Fully fulfilled.,Fully fulfilled.
diagram_59e92adae6ca,case_75_graderate,case_75_graderate,Llama_3.1_8B,few_shot,open_source__llama31_8b_instruct__few_shot,ggozad/prometheus2,specialized_evaluation,a35c2d3191de6693e87dc2d07609ca9643eab74bfa36fee3582b8cfc63753762,human_rubric_prometheus_reference_free_v1,ok,5,4,4,4,"The response provided a complete UML State Machine Diagram that aligns with the given instruction. It successfully represented all the required states, transitions, events, guards, initial states, and final states. The diagram starts from the 'Waiting' state and progresses through 'Active', 'Expired', and finally to 'Archived'. Each state is clearly defined, and the transitions between them are well-explained with appropriate conditions. This ensures that all necessary elements of the instruction are captured in the response. Therefore, based on the score rubric, the response fulfills all criteria for a complete and accurate representation of the required diagram elements. So the overall score is 5.","The response provided a UML State Machine Diagram that aligns well with the given requirements. The diagram accurately represents the system's behavior in relation to the rate's lifecycle, from waiting for the start date to archiving the rate after one year from its expiration date. Each state is clearly defined and transitions between states are logically connected to the corresponding requirement.

However, there is a minor logical issue that could be improved. The transition from Active to Expired does not explicitly mention the end of the validity period as the trigger for marking the rate as expired. This detail is crucial in ensuring that the system's behavior matches the requirements without contradiction.

Despite this, the overall diagram is correct and fulfills the main requirement of the task. The logical flow from one state to another is clear and follows the instruction closely. Therefore, based on the score rubric, the response is mainly fulfilled with only minor logical issues.","The response provided a clear and understandable UML State Machine Diagram that aligns with the given instruction. The diagram effectively communicates the functional requirements of Graderate in a concise manner. Each state is clearly defined, and the transitions between states are logically structured, making it easy to follow the system's behavior.

However, there are minor issues that prevent the response from achieving a perfect score. For instance, the use of ""Waiting"" as a state name could be misleading, as it does not explicitly indicate that the rate is in a waiting state for the start date. Additionally, the phrase ""entry / waiting for start date"" might be more accurately described as ""entry / awaiting start date.""

Despite these minor issues, the response still provides a clear and readable diagram that effectively communicates the system's behavior. The clarity of the diagram is not compromised by these small details, and the overall structure remains well-organized. Therefore, based on the score rubric, the response is mainly fulfilled, with only minor issues affecting its clarity and conciseness.","The response demonstrates a good understanding of the task by creating a UML State Machine Diagram that aligns with the given requirements. The terminology used in the diagram is mostly aligned with the instruction, but there are minor wording differences. For instance, ""Waiting"" and ""Active"" could be more descriptive to better reflect the states described in the instruction. Additionally, the transition labels such as ""entry"", ""do"", and ""exit"" are not explicitly mentioned in the instruction, which slightly deviates from the requirement text. However, these minor discrepancies do not significantly impact the overall alignment of the terminology with the requirements. Therefore, based on the rubric's criteria for a score of 4, the response is mainly fulfilled as it uses mostly aligned terminology with only minor wording differences."
diagram_59e92adae6ca,case_75_graderate,case_75_graderate,Llama_3.1_8B,few_shot,open_source__llama31_8b_instruct__few_shot,llama3.1:8b-instruct-q4_K_M,general_purpose,46e0c10c039e019119339687c3c1757cc81b9da49709a3b3924863ba87ca666e,human_rubric_general_v1,ok,4,2,5,4,Missing transition from Waiting to Active when current date equals start date.,"Contradiction: the system activates the rate once the current date equals or surpasses its start date, but there is no direct transition for this case.",Fully fulfilled.,"State names and transition labels generally match the requirement text, but 'choice' in Waiting state does not align with any specific requirement."
diagram_5ab4518d7115,case_80_staff_member_class,case_80_staff_member_class,Mistral,syntax_grounded_repair,open_source__mistral__rag_validation_generator_critic_repair__syntax_grounded,deepseek-r1:14b,general_purpose,c333b7232bdb521236694ffbb5f5a6b11cc45d98e9142c73123b670fca400b09,human_rubric_general_v1,ok,5,5,5,5,Fully fulfilled.,Fully fulfilled.,Fully fulfilled.,Fully fulfilled.
diagram_5ab4518d7115,case_80_staff_member_class,case_80_staff_member_class,Mistral,syntax_grounded_repair,open_source__mistral__rag_validation_generator_critic_repair__syntax_grounded,ggozad/prometheus2,specialized_evaluation,a35c2d3191de6693e87dc2d07609ca9643eab74bfa36fee3582b8cfc63753762,human_rubric_prometheus_reference_free_v1,ok,5,5,4,4,"The response provided a complete representation of the Staff Member Class State Machine Diagram as per the instruction. It included all the required states such as Unassigned, AssignedToClient, AssignedToCampaign, Unemployed, and Archived. The transitions between these states were also accurately depicted, including the assignment of staff members to clients or campaigns, switching assignments during work periods, marking a staff member as unemployed upon leaving the job, and archiving records after some time has passed.

The response also included the necessary events and guards that are essential for understanding the behavior of the system. The initial state was correctly identified as LoggedIn, which is where the process begins. Furthermore, the final state was accurately represented as Archived, indicating the completion of the process.

Overall, the response fulfilled all the criteria set out in the score rubric by including all required states, transitions, events, guards, initial states, and final states. Therefore, it can be concluded that the response is completely fulfilled according to the evaluation criterion.","The response provided a clear and concise diagram that aligns well with the functional requirements specified in the instruction. The state machine diagram accurately represents the behavior of assigning, removing, and switching assignments for staff members, as well as marking them as unemployed when they leave the job, and archiving their records after some time has passed.

The response demonstrates a complete understanding of the task by correctly mapping each requirement to a corresponding state in the diagram. The transitions between states are logically consistent with the requirements, ensuring that there are no contradictions or errors in the behavior represented.

Furthermore, the use of PlantUML syntax is correct and appropriate for the task at hand. This demonstrates an understanding of the tool's capabilities and how to effectively utilize it to represent complex systems.

In conclusion, the response fulfills all aspects of the score rubric by providing a diagram that completely and correctly matches the requirements without contradiction. Therefore, based on the evaluation criteria, the response is awarded a score of 5.","The response provided a clear and understandable PlantUML diagram that aligns with the functional requirements specified in the instruction. The diagram effectively represents the state machine of the staff member class, making it easy to follow the flow of actions from one state to another. Each state is clearly defined, and the transitions between states are well-explained, ensuring that the reader can easily understand the system's behavior.

However, there are minor issues with the diagram that prevent it from being fully clear and concise. For example, the use of ""Assign"" as a transition could be more descriptive to indicate that a staff member is being assigned to either a client or a campaign. Additionally, the term ""SwitchAssignment"" might be confusing without further explanation of what this action entails.

Despite these minor issues, the diagram remains largely clear and readable, with only minor clarity or complexity problems remaining. Therefore, based on the score rubric's criteria for understandability, the response is mainly fulfilled.","The response demonstrates a good understanding of the requirements by using terminology that is closely aligned with the instruction. The state machine diagram effectively captures the essence of each functional requirement, such as ""Assign"" for assigning staff members to clients or campaigns, and ""SwitchAssignment"" for switching between different assignments. However, there are minor wording differences in some transition labels, like ""RemoveAssignment"" instead of ""ReturnToUnassignedState,"" which slightly deviates from the exact terms used in the instruction. Despite these small discrepancies, the response still maintains a high level of terminological alignment with the requirements. Therefore, based on the rubric's criteria for score 4, the response is mainly fulfilled, with only minor wording differences."
diagram_5ab4518d7115,case_80_staff_member_class,case_80_staff_member_class,Mistral,syntax_grounded_repair,open_source__mistral__rag_validation_generator_critic_repair__syntax_grounded,llama3.1:8b-instruct-q4_K_M,general_purpose,46e0c10c039e019119339687c3c1757cc81b9da49709a3b3924863ba87ca666e,human_rubric_general_v1,ok,4,3,4,5,Missing 'Logged In' to 'Assigned To Client/Campaign' transitions.,Transitions from 'Switch Assignment' do not correctly implement the requirement for staff members to switch between assignments during their work period.,"The diagram is clear and readable, but could benefit from more descriptive labels on transitions.",Fully fulfilled.
diagram_5c657605103c,case_28_ott_based_system_mini_reel,case_28_ott_based_system_mini_reel,DeepSeek_R1_14B,syntax_grounded_repair,open_source__deepseek_r1_14b__few_shot_validation_generator_critic_repair__syntax_grounded_no_rules,deepseek-r1:14b,general_purpose,c333b7232bdb521236694ffbb5f5a6b11cc45d98e9142c73123b670fca400b09,human_rubric_general_v1,ok,5,5,5,5,Fully fulfilled.,Fully fulfilled.,Fully fulfilled.,Fully fulfilled.
diagram_5c657605103c,case_28_ott_based_system_mini_reel,case_28_ott_based_system_mini_reel,DeepSeek_R1_14B,syntax_grounded_repair,open_source__deepseek_r1_14b__few_shot_validation_generator_critic_repair__syntax_grounded_no_rules,ggozad/prometheus2,specialized_evaluation,a35c2d3191de6693e87dc2d07609ca9643eab74bfa36fee3582b8cfc63753762,human_rubric_prometheus_reference_free_v1,ok,3,4,4,4,"The response provided a UML State Machine Diagram that captures the main functionalities of the Ott Based System Mini Reel. It includes the creation of an account, watching videos, uploading videos, saving videos to a likes list, viewing saved videos, and entering discussion options. However, it lacks some important details such as the transitions between states and the specific events that trigger these transitions. For example, there is no explicit mention of how a user enters the discussion option or how they save a video to their likes list during video viewing. Additionally, the response does not include any guards or initial states which are crucial for understanding the system's behavior under different conditions. Despite these omissions, the main elements required by the instruction are represented in the diagram. Therefore, based on the score rubric, the response is partially fulfilled as it includes most of the required diagram elements but misses some important details.","The response provided a UML State Machine Diagram that aligns well with the functional requirements specified in the instruction. The diagram logically represents the sequence of user actions, from creating an account to watching videos, uploading videos, saving them in the likes list, viewing the saved videos, and entering the discussion option. Each state is connected to the next, indicating a clear flow of user interaction with the system.

However, there are minor logical issues that prevent this response from achieving a perfect score. For instance, the transition from ""Uploaded Video"" to ""Watching Video"" could be more explicit in stating that the user returns to watching videos after uploading one. Additionally, the transition from ""Viewing Likes"" to ""End"" is abrupt and does not clearly indicate that the user has finished their session with the system.

Despite these minor issues, the response demonstrates a strong understanding of the functional requirements and presents them in a coherent and logical manner. The diagram effectively communicates the main behaviour of the system without contradiction, which is why it scores 4 according to the rubric. So the overall score is 4.","The response provided a UML State Machine Diagram that aligns with the functional requirements of the Ott Based System Mini Reel. The diagram is clear and readable, effectively illustrating the flow of user actions within the system. However, there are minor issues that prevent it from achieving a perfect score. Specifically, the transitions between states could be more explicitly defined to enhance clarity. For example, the transition ""Uploaded Video"" to ""Watching Video"" is not clearly connected to the action of watching videos after uploading them. Additionally, the transition ""Discussing"" to ""End"" could be more explicit in indicating that the discussion option leads to the end of the user's interaction with the system. These minor issues do not significantly hinder understanding but are noticeable and could be improved for better clarity. Therefore, while the diagram is largely clear and well-structured, there is room for improvement in terms of transition clarity. So the overall score is 4.","The response provided a UML State Machine Diagram that aligns well with the functional requirements specified in the instruction. The terminology used in the diagram is mostly aligned with the requirement text, which is indicative of a score of 4 according to the rubric. However, there are minor wording differences such as ""Account Created"" instead of ""User has created an account,"" and ""Discussing"" instead of ""User can enter the discussion option."" These slight deviations from the exact terms used in the instruction do not significantly impact the overall alignment with the requirements. Therefore, while the response is strong, it does not fully meet the criteria for a score of 5 as it contains minor discrepancies in terminology. So the overall score is 4."
diagram_5c657605103c,case_28_ott_based_system_mini_reel,case_28_ott_based_system_mini_reel,DeepSeek_R1_14B,syntax_grounded_repair,open_source__deepseek_r1_14b__few_shot_validation_generator_critic_repair__syntax_grounded_no_rules,llama3.1:8b-instruct-q4_K_M,general_purpose,46e0c10c039e019119339687c3c1757cc81b9da49709a3b3924863ba87ca666e,human_rubric_general_v1,ok,4,3,5,4,Missing 'Save Video' state for requirement 5,Transitions from WatchingVideo to UploadedVideo and LikedVideo are not mutually exclusive,Fully fulfilled,State names match requirement text except for 'Save Video' state
diagram_5cdb884d9bae,case_80_staff_member_class,case_80_staff_member_class,Mistral,baseline_repair,open_source__mistral__rag_validation_generator_critic_repair,deepseek-r1:14b,general_purpose,c333b7232bdb521236694ffbb5f5a6b11cc45d98e9142c73123b670fca400b09,human_rubric_general_v1,ok,5,5,5,5,Fully fulfilled.,Fully fulfilled.,Fully fulfilled.,Fully fulfilled.
diagram_5cdb884d9bae,case_80_staff_member_class,case_80_staff_member_class,Mistral,baseline_repair,open_source__mistral__rag_validation_generator_critic_repair,ggozad/prometheus2,specialized_evaluation,a35c2d3191de6693e87dc2d07609ca9643eab74bfa36fee3582b8cfc63753762,human_rubric_prometheus_reference_free_v1,ok,5,4,4,4,"The response provided a complete representation of the Staff Member Class State Machine Diagram as per the instruction. It included all the required states such as Unassigned, AssignedToClient, AssignedToCampaign, Unemployed, and Archived. The transitions between these states were also accurately depicted, including the assignment of staff members to clients or campaigns, switching assignments during work hours, marking a staff member as unemployed upon leaving the job, and archiving records after some time has passed.

The response also included initial and final states, which are crucial for understanding the flow of the system. The events and guards were not explicitly mentioned in the diagram but could be inferred from the transitions. This indicates a thorough understanding of the requirements and their implementation in the PlantUML diagram.

In conclusion, the response fulfills all the criteria set out in the score rubric by presenting a complete and accurate representation of the Staff Member Class State Machine Diagram. Therefore, it is clear that the response meets the highest standard of completeness as per the evaluation criterion.","The response provided a diagram that captures the essence of the Staff Member Class requirements. It successfully outlines the different states a staff member can be in, from being unassigned to being archived. However, there are minor logical issues present in the diagram. For instance, the transition from Unemployed to Archive is not clearly defined and could potentially lead to confusion about when exactly an employee's record should be archived. Additionally, the transition from LoggedIn to Assign is missing, which is a crucial step in assigning staff members to clients or campaigns. Despite these minor issues, the overall diagram aligns well with the requirements specified. Therefore, based on the rubric, the response is mainly fulfilled, with only minor logical issues.","The response provided a clear and understandable diagram that aligns with the functional requirements specified in the instruction. The state machine diagram effectively represents the various states of staff members within the system, from being unassigned to being archived. Each transition between states is clearly defined, making it easy for readers to follow the flow of operations within the system.

However, there are minor issues that prevent this response from achieving a perfect score. The diagram could be improved by providing more context or explanation for each state and transition. For example, the transitions between ""Unassigned"" and ""Assign"" states could be better explained to clarify when and how staff members can be assigned to clients or campaigns. Additionally, the transitions between ""Unemployed"" and ""Archive"" states could be further elaborated to indicate the time frame for archiving records of former employees.

Despite these minor issues, the response is still largely clear, readable, and well-structured. It effectively communicates the functional requirements in a concise manner without being overly complex or redundant. Therefore, based on the score rubric, this response is mainly fulfilled with only minor clarity or complexity issues remaining.","The response demonstrates a good understanding of the requirements by using terminology that is closely aligned with the instruction. The state machine diagram effectively captures the essence of each functional requirement, such as ""Assign"" for assigning staff members to clients or campaigns, and ""SwitchAssignment"" for switching between different assignments. However, there are minor wording differences in some transitions, like ""RemoveAssignment"" instead of ""ReturnToUnassignedState,"" which slightly deviates from the exact terms used in the instruction. Despite these small discrepancies, the response is largely successful in maintaining terminological alignment with the requirements. Therefore, based on the rubric's criteria for a score of 4, the response is mainly fulfilled, with only minor wording differences."
diagram_5cdb884d9bae,case_80_staff_member_class,case_80_staff_member_class,Mistral,baseline_repair,open_source__mistral__rag_validation_generator_critic_repair,llama3.1:8b-instruct-q4_K_M,general_purpose,46e0c10c039e019119339687c3c1757cc81b9da49709a3b3924863ba87ca666e,human_rubric_general_v1,ok,4,3,2,5,Missing 'AssignedToCampaign' transition from 'SwitchAssignment' to 'Unassigned'.,Transitions for switching between assignments are not clearly defined.,Too many states and transitions make the diagram complex and hard to read.,Fully fulfilled.
diagram_5d3d7dd2a7e1,case_46_digital_watch,case_46_digital_watch,Qwen_2.5_7B,syntax_grounded_repair,open_source__qwen25_7b_instruct__rag_validation_generator_critic_repair__syntax_grounded_original_rag,deepseek-r1:14b,general_purpose,c333b7232bdb521236694ffbb5f5a6b11cc45d98e9142c73123b670fca400b09,human_rubric_general_v1,ok,5,5,5,5,Fully fulfilled.,Fully fulfilled.,Fully fulfilled.,Fully fulfilled.
diagram_5d3d7dd2a7e1,case_46_digital_watch,case_46_digital_watch,Qwen_2.5_7B,syntax_grounded_repair,open_source__qwen25_7b_instruct__rag_validation_generator_critic_repair__syntax_grounded_original_rag,ggozad/prometheus2,specialized_evaluation,a35c2d3191de6693e87dc2d07609ca9643eab74bfa36fee3582b8cfc63753762,human_rubric_prometheus_reference_free_v1,ok,4,4,3,4,"The response provided a state diagram that captures the main functionalities of the Digital Watch system. It includes the transition from an idle state to adjusting time or alarm settings, as well as the triggering of the alarm when the set time matches the current time. The light feature is also represented in the diagram. However, there are some minor omissions that prevent it from being fully complete. For instance, the transitions between states are not explicitly defined with events or guards, which could lead to ambiguity in understanding the system's behavior. Additionally, the final state of the system after all actions have been completed is not clearly indicated. These elements are crucial for a comprehensive understanding of the system's operation and thus their absence results in a less complete representation of the Digital Watch system. Therefore, while the response does cover most of the required states and transitions, it falls short of fully capturing all aspects of the system as outlined in the instruction. So the overall score is 4.","The response provided a state diagram that captures the main functionalities of the Digital Watch system. It successfully represents the user's interaction with the system, such as adjusting time settings, triggering an alarm, and turning on the light feature. However, there are minor logical issues present in the diagram. For instance, the transition from ""Adjusting Time"" to ""Alarm Triggered"" is not clearly defined, which could lead to confusion about when exactly the alarm is triggered. Additionally, the transitions between states are somewhat abrupt and lack detailed explanations of the user's actions that lead to these state changes. Despite these minor issues, the overall behaviour of the system is mostly correct and aligns well with the requirements specified in the instruction. Therefore, based on the score rubric, the response is mainly fulfilled, with only minor logical issues.","The response provided a state diagram that was generally understandable and followed the instruction's requirements. However, there were some issues with clarity and complexity. The transitions between states were not clearly defined, which could lead to confusion about how the system moves from one state to another. Additionally, the use of ""Press Button"" as a transition for multiple states made it difficult to distinguish between different user actions.

The diagram also lacked specificity in some areas, such as the exact process of adjusting time settings and the mechanism by which the alarm is triggered. This could leave room for interpretation and potential misalignment with the instruction's requirements.

Despite these issues, the response did manage to capture the essence of the system's functionality and provided a basic framework that could be expanded upon for further clarity. The diagram was also concise and well-structured, which is commendable.

In conclusion, while the response had some shortcomings in terms of clarity and complexity, it still managed to convey the main functionalities of the system. Therefore, based on the score rubric's criteria for understandability, the response was partially fulfilled.","The response aligns well with the instruction provided. The state names and transition labels are mostly aligned with the requirement text, which is a clear indication of understanding the task at hand. However, there are minor wording differences that prevent it from achieving a perfect score. For instance, ""Adjusting Time"" could be more accurately represented as ""Time Adjustment,"" and ""Alarm Settings"" could be more precisely described as ""Alarm Feature."" These slight deviations do not significantly impact the overall alignment with the instruction but are noticeable enough to prevent a full score. Therefore, based on the rubric's criteria for terminological alignment, the response is mainly fulfilled, with only minor wording differences."
diagram_5d3d7dd2a7e1,case_46_digital_watch,case_46_digital_watch,Qwen_2.5_7B,syntax_grounded_repair,open_source__qwen25_7b_instruct__rag_validation_generator_critic_repair__syntax_grounded_original_rag,llama3.1:8b-instruct-q4_K_M,general_purpose,46e0c10c039e019119339687c3c1757cc81b9da49709a3b3924863ba87ca666e,human_rubric_general_v1,ok,4,3,5,4,Missing transition from AdjustingTime to AlarmSettings when user switches between changing hour and minutes.,"The system shall trigger the alarm to ring when set alarm time matches current time, but this is not explicitly modeled in the diagram.",Fully fulfilled.,"State names and transition labels generally match the requirement text, but 'Alarm Triggered' could be more accurately named 'Alarm Triggered State'."
diagram_5dd2b56768b6,case_18_digidoclocker,case_18_digidoclocker,Llama_3.1_8B,baseline_repair,open_source__llama31_8b_instruct__few_shot_validation_generator_critic_repair,deepseek-r1:14b,general_purpose,c333b7232bdb521236694ffbb5f5a6b11cc45d98e9142c73123b670fca400b09,human_rubric_general_v1,ok,5,5,5,5,Fully fulfilled.,Fully fulfilled.,Fully fulfilled.,Fully fulfilled.
diagram_5dd2b56768b6,case_18_digidoclocker,case_18_digidoclocker,Llama_3.1_8B,baseline_repair,open_source__llama31_8b_instruct__few_shot_validation_generator_critic_repair,ggozad/prometheus2,specialized_evaluation,a35c2d3191de6693e87dc2d07609ca9643eab74bfa36fee3582b8cfc63753762,human_rubric_prometheus_reference_free_v1,ok,5,4,4,4,"The response provided a complete representation of the functional requirements for the Digidoclocker system. It included all necessary states, transitions, events, guards, initial states, and final states as required by the instruction. The diagram effectively depicted the flow of user actions from registration to document uploads, certificate applications, reapplications, and session endings. Additionally, it also accounted for the roles of citizens and registrars in the system. This comprehensive coverage of all aspects of the functional requirements makes the response fully compliant with the score rubric's criteria for a score of 5. Therefore, based on the completeness criterion, the response is deemed to be completely fulfilled.","The response provided a clear and concise representation of the system's states and transitions between them. It successfully captured the main functionalities of the Digidoclocker system, such as registration, login, document upload, profile view, certificate application, reapplication for certificates, requesting certificates by registrars, and ending the session. However, there are minor logical issues that prevent it from achieving a perfect score. For instance, the transition from ""DocumentUpload"" to ""CertificateApplication"" could be more explicit in indicating that the user is allowed to continue uploading documents if needed after initial uploads. Additionally, the transition from ""RequestCertificate"" to ""EndSession"" could be clearer in stating that the session ends once the user is done with their actions. These minor issues do not significantly impact the overall correctness of the diagram but are worth noting for a more comprehensive understanding of the system's behavior. Therefore, based on the score rubric, the response is mainly fulfilled, with only minor logical issues.","The response provided a clear and understandable PlantUML diagram that effectively communicates the functional requirements of the Digidoclocker system. The diagram was well-structured, with each state representing a specific action or requirement within the system. Each state transitioned logically from one to another, demonstrating an understanding of the system's flow and user interactions.

However, there were minor issues that prevented the response from achieving a perfect score. For instance, some transitions between states could have been more explicitly defined to enhance clarity. Additionally, while the diagram was concise, it could have benefited from slightly more detailed descriptions of each state's actions and outcomes.

Despite these minor shortcomings, the overall clarity and readability of the PlantUML diagram were commendable. The response effectively translated the functional requirements into a visual format that is easy to understand and follow. Therefore, based on the score rubric, the response was mainly fulfilled in terms of understandability, with only minor issues.","The response demonstrates a good understanding of the task by creating a PlantUML diagram that aligns with the functional requirements specified in the instruction. The terminology used in the states and transitions is mostly aligned with the requirement text, which is commendable. However, there are minor wording differences that prevent it from achieving a perfect score. For instance, ""entry"" and ""exit"" could be replaced with more specific terms like ""login"" and ""logout"", respectively, to better reflect the actions being performed. Additionally, the phrase ""do / validate login details"" could be more accurately described as ""validate login credentials"". These small adjustments would make the terminology even more aligned with the requirement text. Despite these minor discrepancies, the response is still quite effective in conveying the system's functionalities. So the overall score is 4."
diagram_5dd2b56768b6,case_18_digidoclocker,case_18_digidoclocker,Llama_3.1_8B,baseline_repair,open_source__llama31_8b_instruct__few_shot_validation_generator_critic_repair,llama3.1:8b-instruct-q4_K_M,general_purpose,46e0c10c039e019119339687c3c1757cc81b9da49709a3b3924863ba87ca666e,human_rubric_general_v1,ok,4,3,5,4,"All required states, transitions, events, guards, initial and final states are present, but the 'ReapplyCertificate' state has an unnecessary transition back to 'CertificateApplication'.","The diagram's behavior logically matches the requirement, with some minor contradictions: a citizen can reapply for a certificate without first applying for it, and a registrar can request multiple certificates without any restrictions.",Fully fulfilled.,"State names and transition labels use the exact same terms as the requirement text, but some transitions have additional labels that are not present in the requirements."
diagram_631975827c02,case_65_plane,case_65_plane,Qwen_2.5_7B,rag,open_source__qwen25_7b_instruct__rag,deepseek-r1:14b,general_purpose,c333b7232bdb521236694ffbb5f5a6b11cc45d98e9142c73123b670fca400b09,human_rubric_general_v1,ok,5,4,5,5,Fully fulfilled.,Missing transitions from Preparation to Maintenance and Operations to itself based on schedule.,Fully fulfilled.,Fully fulfilled.
diagram_631975827c02,case_65_plane,case_65_plane,Qwen_2.5_7B,rag,open_source__qwen25_7b_instruct__rag,ggozad/prometheus2,specialized_evaluation,a35c2d3191de6693e87dc2d07609ca9643eab74bfa36fee3582b8cfc63753762,human_rubric_prometheus_reference_free_v1,ok,5,5,4,4,"The response provided a complete representation of the plane lifecycle as per the instruction. It included all the required states such as 'Order', 'Arrival', 'Preparation', 'Operations', 'Maintenance', and 'Out of Service'. The transitions between these states were also accurately depicted, showing how a plane moves from one state to another based on various conditions and events.

The response also included initial and final states, which are crucial for understanding the entire lifecycle of a plane. It demonstrated an understanding of the system's behavior by including guards that determine when a plane should be sent to 'Maintenance', or when it should be taken out of service.

Furthermore, the response was concise and well-structured, making it easy to follow and understand. The use of PlantUML made the diagram clear and visually appealing, which is beneficial for communicating complex systems.

In conclusion, the response fulfilled all the criteria set out in the score rubric by including all required states, transitions, events, guards, initial states, and final states. It was also concise and well-structured, making it easy to understand. Therefore, based on the evaluation criteria, the response is completely fulfilled.","The response provided a clear and concise diagram that accurately represents the lifecycle of a plane as per the requirements specified in the instruction. The transitions between states are logically consistent with the functional requirements, such as moving from 'Arrival' to 'Preparation' upon arrival, or transitioning from 'Maintenance' to 'Preparation' after servicing. There is no contradiction or incorrect behaviour depicted in the diagram.

The response also correctly identifies the states of a plane, including 'Order', 'Arrival', 'Preparation', 'Operations', 'Maintenance', and 'Out of Service'. Each state transition is clearly defined with an action that triggers the change, such as ""plane arrived"" or ""plane serviced"". This ensures that the behaviour of the system is logically consistent with the requirements.

Furthermore, the response includes a 'Historic' state to represent planes that are no longer in service, which aligns with the requirement for the system to remove a plane from its operations when it is permanently withdrawn from service. This additional detail demonstrates a thorough understanding of the requirements and their implementation in the diagram.

In conclusion, the response effectively captures all aspects of the functional requirements without any contradictions or logical errors. It provides a comprehensive and accurate representation of the plane lifecycle, fulfilling the criteria set out in the score rubric. Therefore, based on the evaluation criteria, the response is completely fulfilled.","The response provided a clear and understandable statechart diagram that effectively communicates the lifecycle of a plane. The use of PlantUML to represent the functional requirements was appropriate and made the information accessible. However, there were minor issues with the clarity and conciseness of the diagram. For instance, the transitions between states could have been more explicitly defined to enhance readability. Additionally, the state 'Historic' was introduced without a clear explanation of its purpose or how it relates to the other states in the lifecycle. These small improvements would have made the diagram even more effective in conveying the required information. Despite these minor issues, the overall clarity and structure of the response were commendable. So the overall score is 4.","The response demonstrates a good understanding of the task by creating a statechart diagram that aligns with the functional requirements provided in the instruction. The terminology used in the diagram is mostly aligned with the requirement text, which includes terms like 'Order', 'Arrival', 'Preparation', 'Operations', 'Maintenance', and 'Out of Service'. However, there are minor wording differences such as ""plane arrived"" instead of ""plane acquired"", and ""plane serviced"" instead of ""plane prepared"". These slight deviations from the exact terms used in the instruction do not significantly impact the overall alignment. The response also includes a state named 'Historic', which is not explicitly mentioned in the instruction but could be interpreted as a representation of the plane's past states. Despite this, the response still maintains a high level of terminological alignment with the requirement text. Therefore, based on the score rubric, the response is mainly fulfilled and aligns well with the instruction provided."
diagram_631975827c02,case_65_plane,case_65_plane,Qwen_2.5_7B,rag,open_source__qwen25_7b_instruct__rag,llama3.1:8b-instruct-q4_K_M,general_purpose,46e0c10c039e019119339687c3c1757cc81b9da49709a3b3924863ba87ca666e,human_rubric_general_v1,ok,4,3,4,2,Missing transition from 'Arrival' to 'Order' state.,Transition from 'Operations' to 'Maintenance' is not explicitly stated in requirement 5.,Some states and transitions are not clearly labeled or connected.,"State names do not exactly match the requirement text (e.g., 'Order' instead of 'Acquired')."
diagram_64e4c4c9a9ea,case_51_process_sale,case_51_process_sale,Mistral,rag,open_source__mistral__rag,deepseek-r1:14b,general_purpose,c333b7232bdb521236694ffbb5f5a6b11cc45d98e9142c73123b670fca400b09,human_rubric_general_v1,ok,5,5,5,5,Fully fulfilled.,Fully fulfilled.,Fully fulfilled.,Fully fulfilled.
diagram_64e4c4c9a9ea,case_51_process_sale,case_51_process_sale,Mistral,rag,open_source__mistral__rag,ggozad/prometheus2,specialized_evaluation,a35c2d3191de6693e87dc2d07609ca9643eab74bfa36fee3582b8cfc63753762,human_rubric_prometheus_reference_free_v1,ok,4,4,5,4,"The response provided a UML State Chart Diagram that captures the main elements of the process sale system. It includes the necessary states such as ""WaitingForSale"", ""WaitingCustomer"", ""RecordingItems"", ""Waiting for Payment"", ""PaymentVerification"", and ""PaymentCompleted"". The transitions between these states are also correctly represented, showing the progression from waiting for a new sale to returning to waiting after the payment has been finished.

However, there are minor omissions in the response that prevent it from being completely fulfilled according to the score rubric. For instance, the response does not explicitly mention the event of an item being selected by the customer or the guard that checks if all items have been added before moving to payment verification. Additionally, the final state ""ReturnToWaiting"" is not clearly connected back to the initial state ""WaitingForSale"".

Despite these minor omissions, the response still provides a clear and concise representation of the process sale system, with only a few elements missing. Therefore, based on the score rubric, the response is mainly fulfilled, as it includes nearly all required elements, with only minor omissions.","The response provided a UML State Chart Diagram that aligns well with the requirements specified in the instruction. The diagram accurately represents the process of waiting for a new sale, entering items one by one, moving to payment after all items have been added, and completing the sale based on the customer's payment method. It also correctly depicts the system returning to waiting for the next customer once the payment has been finished.

However, there is a minor logical issue in the diagram. The transition from ""Waiting for Payment"" to ""Payment Verification"" should be triggered by the completion of all items added, not just when the payment method is chosen. This slight discrepancy does not significantly impact the overall correctness of the response but is worth noting.

Despite this minor issue, the diagram's behaviour logically matches the requirement and does not contain any contradictions. Therefore, based on the score rubric, the response is mainly fulfilled with only minor logical issues.","The response provided a UML State Chart Diagram that effectively communicates the process of a sale. The diagram was clear, readable, and well-structured, making it easy to understand the flow of the system. Each state in the diagram corresponds directly with the functional requirements listed in the instruction, ensuring that all necessary steps are accounted for.

The transitions between states were also clearly defined, indicating the conditions under which each state is entered or exited. This clarity helps to avoid any confusion about the sequence of events within the system. Additionally, the use of a title and the inclusion of comments within the diagram further enhance its readability and comprehensibility.

Overall, the response successfully fulfills all aspects of the score rubric by providing a clear, concise, and well-structured UML State Chart Diagram that accurately represents the functional requirements for processing a sale. Therefore, based on the criteria outlined in the score rubric, the response is fully compliant with the requirements for a high score.","The response demonstrates a good understanding of the task by creating a UML State Chart Diagram that aligns with the given requirements. The terminology used in the diagram is mostly aligned with the instruction, which is crucial for the score rubric. However, there are minor wording differences such as ""WaitingForSale"" instead of ""The system shall wait for a new sale,"" and ""Payment Verification"" instead of ""The system shall verify the payment."" These slight deviations from the exact terms used in the instruction do not significantly impact the overall alignment. The response also successfully captures the flow of the sales process, from waiting for a customer to returning to waiting after the sale is completed. Therefore, based on the rubric's criteria, the response is mainly fulfilled with only minor wording differences."
diagram_64e4c4c9a9ea,case_51_process_sale,case_51_process_sale,Mistral,rag,open_source__mistral__rag,llama3.1:8b-instruct-q4_K_M,general_purpose,46e0c10c039e019119339687c3c1757cc81b9da49709a3b3924863ba87ca666e,human_rubric_general_v1,ok,4,3,5,4,Missing 'Initial' and 'Final' keywords for the initial state,Transitions from PaymentVerification to both PaymentCompleted and ReturnToWaiting are not explicitly forbidden by the requirement text,Fully fulfilled,"State names do not exactly match the requirement text (e.g., 'Waiting for Customer' instead of 'waiting for a new sale')"
diagram_66d9252ba6de,case_59_atm_1,case_59_atm_1,Llama_3.1_8B,syntax_grounded_repair,open_source__llama31_8b_instruct__few_shot_validation_generator_critic_repair__syntax_grounded,deepseek-r1:14b,general_purpose,c333b7232bdb521236694ffbb5f5a6b11cc45d98e9142c73123b670fca400b09,human_rubric_general_v1,ok,5,5,5,5,Fully fulfilled.,Fully fulfilled.,Fully fulfilled.,Fully fulfilled.
diagram_66d9252ba6de,case_59_atm_1,case_59_atm_1,Llama_3.1_8B,syntax_grounded_repair,open_source__llama31_8b_instruct__few_shot_validation_generator_critic_repair__syntax_grounded,ggozad/prometheus2,specialized_evaluation,a35c2d3191de6693e87dc2d07609ca9643eab74bfa36fee3582b8cfc63753762,human_rubric_prometheus_reference_free_v1,failed,,3,4,4,Judge response could not be parsed after two attempts.,"The response provided a diagram that captures the main functionalities of the ATM system as described in the instruction. However, there are some logical issues present in the diagram. For instance, the transition from ""Select Amount"" to ""Custom Amount"" is not clearly defined and could be misinterpreted. Additionally, the connection between ""Idle"" and ""Cancel Transaction"" is not explicitly stated, which might lead to confusion about how these states interact with each other.

Despite these issues, the response does manage to convey the overall flow of the system, from selecting an amount to completing a transaction or canceling it. The diagram also correctly identifies the need for user input and system responses to various actions. However, the lack of clarity in certain transitions and the absence of explicit connections between states could potentially lead to misunderstandings about the system's behavior.

In conclusion, while the response does a fair job at representing the main functionalities of the ATM system, it falls short in providing a clear and unambiguous representation of the system's behavior. The logical issues present in the diagram prevent it from being fully accurate or comprehensive. Therefore, based on the score rubric, the response is partially fulfilled with important logical problems remaining.","The response provided a clear and understandable PlantUML diagram that aligns with the given instruction. The diagram effectively represents the state machine of an ATM system, detailing the various states and transitions between them. Each state is clearly defined, and the transitions are logically connected to user actions or system events. This makes it easy for readers to follow the flow of the system.

However, there are minor issues that prevent the response from achieving a perfect score. The diagram could be improved by providing more context around each transition, such as specifying what happens when a predefined amount is selected or when a custom withdrawal amount is entered. Additionally, while the diagram does show the option to cancel the transaction, it could further clarify how this affects the system's behavior.

Despite these minor shortcomings, the response still provides a largely clear and readable diagram that effectively communicates the functional requirements of the ATM system. Therefore, based on the score rubric, the response is mainly fulfilled in terms of understandability.","The response demonstrates a good understanding of the requirements by using terminology that is closely aligned with the instruction. The states are named in a way that reflects the functionalities described, such as ""Select Amount"" and ""Custom Amount"". However, there are minor discrepancies in wording, for example, ""selectAmountButtonClicked()"" instead of ""select amount button clicked"", which slightly deviates from the exact terms used in the instruction. Additionally, the transition labels could be more precise to match the requirement text exactly. For instance, ""cancelTransactionButtonClicked()"" could be improved to ""cancel transaction button clicked"". Despite these minor differences, the response is largely successful in aligning with the terminology of the requirements. Therefore, based on the rubric, the response is mainly fulfilled and would receive a score of 4."
diagram_66d9252ba6de,case_59_atm_1,case_59_atm_1,Llama_3.1_8B,syntax_grounded_repair,open_source__llama31_8b_instruct__few_shot_validation_generator_critic_repair__syntax_grounded,llama3.1:8b-instruct-q4_K_M,general_purpose,46e0c10c039e019119339687c3c1757cc81b9da49709a3b3924863ba87ca666e,human_rubric_general_v1,ok,4,3,4,5,"Missing initial state for 'Select Amount' and 'Custom Amount', but they are still reachable from the entry point.",The diagram does not enforce that a custom amount must be confirmed before proceeding to transaction completion.,"The state names and transition labels are clear and follow the requirement text, but some transitions could be more explicit.",Fully fulfilled.
diagram_66e6f5424b74,case_59_atm_1,case_59_atm_1,DeepSeek_R1_14B,baseline_repair,open_source__deepseek_r1_14b__few_shot_validation_generator_critic_repair,deepseek-r1:14b,general_purpose,c333b7232bdb521236694ffbb5f5a6b11cc45d98e9142c73123b670fca400b09,human_rubric_general_v1,ok,5,5,5,5,Fully fulfilled.,Fully fulfilled.,Fully fulfilled.,Fully fulfilled.
diagram_66e6f5424b74,case_59_atm_1,case_59_atm_1,DeepSeek_R1_14B,baseline_repair,open_source__deepseek_r1_14b__few_shot_validation_generator_critic_repair,ggozad/prometheus2,specialized_evaluation,a35c2d3191de6693e87dc2d07609ca9643eab74bfa36fee3582b8cfc63753762,human_rubric_prometheus_reference_free_v1,ok,5,5,4,4,"The response provided a comprehensive UML State Chart Diagram that aligns well with the instruction given. It successfully captured all the functional requirements specified in the instruction. Each state is clearly defined, and transitions between states are logically structured to reflect the flow of the transaction process. The inclusion of initial states and final states ensures that the system's behavior from start to finish is accurately represented.

The response also demonstrates a clear understanding of the task by providing detailed descriptions for each state and transition. This level of detail not only fulfills the requirement but also enhances the clarity and comprehensibility of the diagram. The ability to handle different scenarios, such as selecting predefined amounts or entering custom amounts, is well-articulated in the response.

Furthermore, the response effectively incorporates the option for users to cancel the transaction at any point, which is a critical requirement mentioned in the instruction. It also addresses what happens if the user cancels the transaction, ensuring that all possible outcomes are considered.

In conclusion, the response fully meets the criteria set out in the score rubric by presenting a complete and accurate representation of the system's behavior as described in the instruction. Therefore, it is clear that the response has been completely fulfilled according to the evaluation criterion.","The response provided a comprehensive UML State Chart Diagram that aligns well with the given instruction. The diagram logically represents the sequence of actions in an atm scenario, from inserting the card to returning the card after a transaction. Each state is clearly defined and transitions between states are accurately depicted, ensuring that the behaviour matches the requirement without contradiction.

The response also correctly implements the functional requirements specified in the instruction. It includes options for selecting predefined amounts or entering custom withdrawal amounts, as well as the ability to cancel the transaction at any point. Furthermore, it ensures that if a user cancels the transaction, the system stops the transaction and returns the card, which is an essential requirement.

The logical flow of the diagram from one state to another is consistent with the instruction's requirements. The transitions between states are correctly defined, ensuring that the behaviour of the system is accurately represented in the UML diagram.

In conclusion, the response demonstrates a complete and correct understanding of the functional requirements specified in the instruction. It provides an accurate representation of the atm scenario using a UML State Chart Diagram, which fulfills all aspects of the score rubric. Therefore, based on the evaluation criteria, the response is fully compliant with the instruction's requirements.","The response provided a comprehensive UML State Chart Diagram that aligns closely with the instruction given. The diagram effectively captures all the functional requirements specified in the instruction. It demonstrates an understanding of the system's flow from inserting the card to returning the card after a transaction, including the option for users to cancel the transaction at any point.

The clarity and readability of the diagram are commendable. The use of distinct states and transitions between them makes it easy to follow the process. However, there is room for improvement in terms of conciseness. Some transitions could be more succinctly expressed to avoid redundancy. For example, the transition from ""Select Amount"" to ""Check Balance"" could be simplified by directly stating that the balance is checked after selecting an amount.

Despite this minor issue, the diagram remains well-structured and easy to understand. It successfully conveys the necessary information without being overly complex or redundant. Therefore, based on the score rubric, the response fulfills the criteria of clarity, readability, and conciseness to a large extent, with only minor issues. So the overall score is 4.","The response demonstrates a strong alignment with the instruction's terminology. The state names and transition labels are closely related to the functional requirements specified in the instruction. For example, ""Select Amount"" corresponds directly to the requirement of allowing users to choose or enter a withdrawal amount. Similarly, ""Check Balance"" aligns well with the system's need to verify if the user has sufficient funds for the transaction.

However, there are minor discrepancies in wording that prevent the response from achieving a perfect score. For instance, ""Select Predefined"" and ""Enter Custom Amount"" could be more closely aligned with the original instruction by using terms like ""Select predefined amounts"" and ""Enter custom withdrawal amount."" These slight deviations do not significantly detract from the overall alignment but are noticeable enough to prevent a perfect score.

In conclusion, while the response is largely successful in aligning its terminology with the instruction's requirements, there are minor wording differences that prevent it from being completely aligned. Therefore, based on the rubric, the response is mainly fulfilled."
diagram_66e6f5424b74,case_59_atm_1,case_59_atm_1,DeepSeek_R1_14B,baseline_repair,open_source__deepseek_r1_14b__few_shot_validation_generator_critic_repair,llama3.1:8b-instruct-q4_K_M,general_purpose,46e0c10c039e019119339687c3c1757cc81b9da49709a3b3924863ba87ca666e,human_rubric_general_v1,ok,5,4,5,5,Fully fulfilled.,"The diagram's behavior logically matches the requirement, with no major contradictions. However, there is a minor issue in the CheckBalance state where it loops back to itself when balance is insufficient.",Fully fulfilled.,Fully fulfilled.
diagram_6ab9a734586e,case_47_safehome_security_function,case_47_safehome_security_function,DeepSeek_R1_14B,baseline_repair,open_source__deepseek_r1_14b__few_shot_validation_generator_critic_repair,deepseek-r1:14b,general_purpose,c333b7232bdb521236694ffbb5f5a6b11cc45d98e9142c73123b670fca400b09,human_rubric_general_v1,ok,5,5,5,5,Fully fulfilled.,Fully fulfilled.,Fully fulfilled.,Fully fulfilled.
diagram_6ab9a734586e,case_47_safehome_security_function,case_47_safehome_security_function,DeepSeek_R1_14B,baseline_repair,open_source__deepseek_r1_14b__few_shot_validation_generator_critic_repair,ggozad/prometheus2,specialized_evaluation,a35c2d3191de6693e87dc2d07609ca9643eab74bfa36fee3582b8cfc63753762,human_rubric_prometheus_reference_free_v1,ok,4,4,4,4,"The response provided a clear and concise representation of the Safehome Security Function State Machine. It successfully captured the main elements such as the power-on check, startup problem, ready to use state, monitoring state, normal state, user actions like resetting, activating, and turning off the system, as well as the alarm activation and deactivation. However, it missed out on explicitly stating the conditions under which certain transitions occur, such as the system stopping if there is a problem during startup or the system continuing to monitor if it turns out to be a false alarm. These omissions are minor but significant in terms of completeness. Therefore, while the response was largely complete, it did not fully meet all the requirements set forth by the instruction. So the overall score is 4.","The response provided a clear and concise representation of the Safehome Security Function's state machine. It accurately depicted the system's behavior upon power-on, during startup, when ready to use, and its monitoring and alarm functions. The transitions between states were logically consistent with the requirements specified in the instruction.

However, there was a minor logical issue that could be improved. In the ""StartupProblem"" state, the transition to ""Normal"" should have been labeled as ""System stops,"" which is more precise than simply stating ""system stops."" This would better reflect the system's behavior when it encounters a problem during startup.

Despite this minor issue, the response effectively communicated the main functionalities of the system and their interrelations. The diagram was well-structured and easy to follow, which is essential for understanding complex systems like the Safehome Security Function.

In conclusion, while the response was mostly correct, it could have been improved by providing a more precise description of the system's behavior in certain states. Nevertheless, the overall representation of the system's functionalities was accurate and logically consistent with the requirements specified in the instruction. So the score is 4.","The response provided a clear and understandable state machine diagram that aligns with the functional requirements specified in the instruction. The diagram effectively communicates the sequence of events and the conditions under which each state is reached or left. However, there are minor issues that prevent it from achieving a perfect score. Specifically, the transitions between states could be more explicitly defined to enhance clarity. For example, the transition from ""PowerOnCheck"" to ""StartupProblem"" could be more clearly articulated as ""problem detected."" Additionally, the diagram could benefit from a more detailed explanation of each state and its associated actions or conditions. Despite these minor shortcomings, the response is largely successful in providing a clear and concise representation of the system's functionality. So the overall score is 4.","The response aligns well with the instruction's requirements, using terminology that closely matches the original text. The states are named in a way that reflects the system's functionality, such as ""PowerOnCheck"" and ""StartupProblem"". Transition labels also follow the requirement's logic, indicating actions like ""user resets"" or ""system stops"". However, there is a minor discrepancy in the transition from ""Monitoring"" to ""Normal"", where it should be ""user enters password"" instead of just ""user enters password"". This slight deviation from the exact terminology used in the instruction results in a score of 4. The response demonstrates a strong understanding of the requirements and effectively communicates them through PlantUML, but there is room for improvement in maintaining complete alignment with the original text. So the overall score is 4."
diagram_6ab9a734586e,case_47_safehome_security_function,case_47_safehome_security_function,DeepSeek_R1_14B,baseline_repair,open_source__deepseek_r1_14b__few_shot_validation_generator_critic_repair,llama3.1:8b-instruct-q4_K_M,general_purpose,46e0c10c039e019119339687c3c1757cc81b9da49709a3b3924863ba87ca666e,human_rubric_general_v1,ok,4,3,5,4,Missing transition from RTU to SP when a problem is detected during startup.,The system does not stop if there is a problem during startup (contradicts requirement 2).,Fully fulfilled.,"State names and transition labels mostly match the requirement text, but 'PowerOnCheck' is not explicitly mentioned in the requirements."
diagram_6ad5433c387a,case_39_website_development,case_39_website_development,DeepSeek_R1_14B,rag,open_source__deepseek_r1_14b__rag,deepseek-r1:14b,general_purpose,c333b7232bdb521236694ffbb5f5a6b11cc45d98e9142c73123b670fca400b09,human_rubric_general_v1,ok,5,5,5,5,Fully fulfilled.,Fully fulfilled.,Fully fulfilled.,Fully fulfilled.
diagram_6ad5433c387a,case_39_website_development,case_39_website_development,DeepSeek_R1_14B,rag,open_source__deepseek_r1_14b__rag,ggozad/prometheus2,specialized_evaluation,a35c2d3191de6693e87dc2d07609ca9643eab74bfa36fee3582b8cfc63753762,human_rubric_prometheus_reference_free_v1,failed,,4,3,4,Judge response could not be parsed after two attempts.,"The response provided a PlantUML diagram that captures the essence of the requirements specified in the instruction. The diagram logically represents the flow from the homepage to project selection, then to project information where users can choose between viewing photos or videos. Similarly, it moves from career selection to career information, allowing users to view updates or open an application form for employment or internship. Finally, it shows the system checking submitted job applications after they are submitted.

However, there is a minor logical issue in the diagram. The transition from ProjectInfo to PhotoViewing and VideoViewing should be represented as separate paths rather than being combined into one path. This would more accurately reflect the user's choice between viewing photos or videos. Additionally, the transition from CareerInfo to Updates and ApplicationForm could also benefit from being separated into two distinct paths.

Despite these minor issues, the diagram is largely correct and aligns well with the requirements specified in the instruction. The main behaviour of navigating through different pages and making choices between viewing photos or videos, and between viewing updates or opening an application form for employment or internship, is correctly represented. Therefore, based on the score rubric, the response is mainly fulfilled with only minor logical issues.","The response provided a PlantUML diagram that was generally understandable and followed the instruction's requirements. However, there were some issues with clarity and complexity. The use of ""Homepage"" as a starting point could be confusing, as it does not explicitly state that this is where the user begins their journey. Additionally, the transitions between the different functionalities are not clearly defined, which may lead to ambiguity in understanding the flow of the system.

The diagram also lacks some details that would enhance its clarity and readability. For example, it does not specify how users navigate from the homepage to the project selection or career selection pages. It also fails to mention the process of checking submitted job applications after they are submitted. These omissions could potentially lead to misunderstandings about the system's functionality.

Despite these issues, the diagram is still relatively clear and readable, with only minor clarity or complexity problems remaining. Therefore, based on the score rubric, the response is partially fulfilled as it meets most of the criteria for understandability but falls short in a few areas.","The response aligns well with the instruction's functional requirements. The terminology used in the PlantUML diagram is mostly aligned with the requirement text, which is a key aspect of the score rubric. However, there are minor wording differences that prevent it from achieving a perfect score. For instance, ""Homepage"" and ""ProjectSelection"" could be more descriptive to better reflect the instruction's terms. Additionally, the transition labels such as ""ProjectInfo"" and ""CareerInfo"" could have been named more explicitly to match the requirement text. Despite these minor discrepancies, the response does a commendable job of capturing the essence of the requirements in a concise manner. Therefore, based on the rubric's criteria for terminological alignment, the response is mainly fulfilled with only minor wording differences."
diagram_6ad5433c387a,case_39_website_development,case_39_website_development,DeepSeek_R1_14B,rag,open_source__deepseek_r1_14b__rag,llama3.1:8b-instruct-q4_K_M,general_purpose,46e0c10c039e019119339687c3c1757cc81b9da49709a3b3924863ba87ca666e,human_rubric_general_v1,ok,4,3,5,4,Missing transition from ProjectSelection to CareerSelection,"No contradiction found, but the behavior does not fully match requirement 6 (checking submitted job applications)",Fully fulfilled,"State names and transition labels generally align with the requirement text, but 'ApplicationChecked' does not match the requirement's phrasing"
diagram_6c6606dca036,case_32_e_visa_processing_and_follow_up_system,case_32_e_visa_processing_and_follow_up_system,DeepSeek_R1_14B,syntax_grounded_repair,open_source__deepseek_r1_14b__few_shot_validation_generator_critic_repair__syntax_grounded_no_rules,deepseek-r1:14b,general_purpose,c333b7232bdb521236694ffbb5f5a6b11cc45d98e9142c73123b670fca400b09,human_rubric_general_v1,ok,4,3,4,4,"Most required states and transitions are present, but some details like viewing status or giving feedback might be missing.","Logical flow is mostly correct, but some transitions may not accurately represent all requirements.","Generally clear with appropriate labels, though could be less cluttered.",State names and transitions align well with requirements but could be more detailed.
diagram_6c6606dca036,case_32_e_visa_processing_and_follow_up_system,case_32_e_visa_processing_and_follow_up_system,DeepSeek_R1_14B,syntax_grounded_repair,open_source__deepseek_r1_14b__few_shot_validation_generator_critic_repair__syntax_grounded_no_rules,ggozad/prometheus2,specialized_evaluation,a35c2d3191de6693e87dc2d07609ca9643eab74bfa36fee3582b8cfc63753762,human_rubric_prometheus_reference_free_v1,failed,,4,4,4,Judge response could not be parsed after two attempts.,"The response provided a PlantUML diagram that represents the behavior of the E Visa Processing and Follow-Up System. The diagram is mostly correct, with only minor logical issues. It captures the main functionalities such as account creation, login, application submission, status checking, cancellation, detail modification, and feedback provision. However, there are a few areas where the diagram could be improved to better match the requirements.

Firstly, the transition from ""ApplicationSubmitted"" to ""ApplicationProcessing"" is not clearly defined in terms of what triggers this transition. It would be beneficial to specify that the application processing begins after the payment has been made. This detail is crucial for understanding the flow of the system.

Secondly, the transitions between ""ApplicationApproved"" and ""ApplicationRejected"" are not explicitly connected to the status update process. The diagram could have been improved by showing a direct connection from these states to the status update, which would clarify that the visa is either approved or rejected based on the document check.

Lastly, the transition from ""LoggedIn"" to ""ApplicationSubmitted"" should be more specific in terms of what actions the user can take before submitting their application. The diagram could have been improved by explicitly stating that the user must log in and make a payment before they can submit their application.

Despite these minor issues, the response does a good job of representing the behavior of the system in a logical manner without contradiction. Therefore, based on the score rubric, the response is mainly fulfilled with only minor logical issues.","The response provided a clear and understandable state diagram for the E Visa Processing and Follow-Up System. The diagram was well-structured, with each state logically following from the previous one, which made it easy to follow. However, there were minor issues that prevented the diagram from being fully clear and concise. For instance, the transitions between states could have been more explicitly defined to avoid any potential confusion about the flow of user actions. Additionally, the purpose of each state was not clearly stated, which might leave some ambiguity for users trying to understand the system's functionality. Despite these minor issues, the diagram was still largely clear and readable, making it a strong response overall. So the score is 4.","The response provided a clear and concise diagram that aligns well with the functional requirements specified in the instruction. The terminology used in the diagram is mostly aligned with the requirement text, which demonstrates a good understanding of the task at hand. However, there are minor wording differences, such as ""ApplicationSubmitted"" instead of ""Applied for a visa,"" and ""LoggedIn"" instead of ""Logged in after they have created an account."" These slight deviations from the exact terms used in the instruction do not significantly impact the overall alignment. The response also successfully captures the flow of user actions within the system, which is crucial for understanding the functional requirements. Therefore, based on the score rubric, the response is mainly fulfilled with only minor wording differences."
diagram_6c6606dca036,case_32_e_visa_processing_and_follow_up_system,case_32_e_visa_processing_and_follow_up_system,DeepSeek_R1_14B,syntax_grounded_repair,open_source__deepseek_r1_14b__few_shot_validation_generator_critic_repair__syntax_grounded_no_rules,llama3.1:8b-instruct-q4_K_M,general_purpose,46e0c10c039e019119339687c3c1757cc81b9da49709a3b3924863ba87ca666e,human_rubric_general_v1,ok,4,2,3,5,Missing 'User creates account' state and transition,"Contradiction: User can submit application after login and payment, but also after modifying details, viewing details, giving feedback, or viewing purpose of application","Some transitions are unclear (e.g., 'User successfully logs in' to 'LoggedIn')",Fully fulfilled
diagram_6edb38062916,case_01_healthcare_portal,case_01_healthcare_portal,Qwen_2.5_7B,syntax_grounded_repair,open_source__qwen25_7b_instruct__rag_validation_generator_critic_repair__syntax_grounded_original_rag,deepseek-r1:14b,general_purpose,c333b7232bdb521236694ffbb5f5a6b11cc45d98e9142c73123b670fca400b09,human_rubric_general_v1,ok,4,5,4,5,All required states are present except for explicit handling of cash payment details.,Fully fulfilled.,States like News and Facilities could be simplified but overall clear.,Fully fulfilled.
diagram_6edb38062916,case_01_healthcare_portal,case_01_healthcare_portal,Qwen_2.5_7B,syntax_grounded_repair,open_source__qwen25_7b_instruct__rag_validation_generator_critic_repair__syntax_grounded_original_rag,ggozad/prometheus2,specialized_evaluation,a35c2d3191de6693e87dc2d07609ca9643eab74bfa36fee3582b8cfc63753762,human_rubric_prometheus_reference_free_v1,failed,,5,4,4,Judge response could not be parsed after two attempts.,"The response provided a UML State Machine Diagram that aligns well with the functional requirements specified in the instruction. The diagram logically represents the flow of user interaction within the healthcare portal, from registration to logging out. Each state corresponds to a specific requirement, and transitions between states are clearly defined, indicating successful completion of tasks or actions.

The response demonstrates an understanding of the system's functionality and how it should operate. It correctly identifies the need for user registration, login, access to facilities, reading news and expert content, symptom checking, fitness checking, payment processing, and user feedback collection. The transitions between states are also accurately depicted, ensuring that the behaviour of the system is consistent with the requirements.

The response does not contain any contradictions or logical errors, which is crucial for a score of 5 according to the rubric. It successfully captures the essence of the healthcare portal's functionalities and presents them in an organized and understandable manner. Therefore, based on the criteria outlined in the score rubric, the response is completely fulfilled and demonstrates a comprehensive understanding of the system's requirements.","The response provided a UML State Machine Diagram for the Healthcare Portal, which aligns with the instruction given. The diagram is generally understandable and follows a logical flow from registration to logout. However, there are some minor issues that affect its clarity and readability. For instance, the transitions between states could be more explicitly defined to avoid any ambiguity about what triggers each state change. Additionally, the use of abbreviations like ""Reg"" for ""Register"" and ""InsurancePayment"" for ""Insurance Payment"" might not be immediately clear to all readers, which could potentially lead to confusion. Despite these minor issues, the diagram is still largely understandable and well-structured. Therefore, based on the score rubric, the response is mainly fulfilled as it provides a clear and readable diagram with only minor issues.","The response demonstrates a good understanding of the task by creating a UML State Machine Diagram that aligns with the functional requirements specified in the instruction. The terminology used in the diagram is mostly aligned with the requirement text, which is commendable. However, there are minor wording differences that prevent it from achieving a perfect score. For instance, ""End"" could be more accurately represented as ""Fail"", and ""InsurancePayment"" could be more precisely named as ""Validate Insurance"". These slight deviations do not significantly detract from the overall alignment of terminology with the requirements. Therefore, based on the rubric's criteria for terminological alignment, the response is mainly fulfilled, with only minor wording differences."
diagram_6edb38062916,case_01_healthcare_portal,case_01_healthcare_portal,Qwen_2.5_7B,syntax_grounded_repair,open_source__qwen25_7b_instruct__rag_validation_generator_critic_repair__syntax_grounded_original_rag,llama3.1:8b-instruct-q4_K_M,general_purpose,46e0c10c039e019119339687c3c1757cc81b9da49709a3b3924863ba87ca666e,human_rubric_general_v1,ok,4,3,5,4,Missing states for user registration and payment process validation,Registration failure transition is not explicitly handled in the login state,Fully fulfilled,"Some states and transitions do not exactly match requirement text (e.g., 'Payment' instead of 'select payment method')"
diagram_6f538ea0047b,case_46_digital_watch,case_46_digital_watch,Qwen_2.5_7B,baseline_repair,open_source__qwen25_7b_instruct__rag_validation_generator_critic_repair,deepseek-r1:14b,general_purpose,c333b7232bdb521236694ffbb5f5a6b11cc45d98e9142c73123b670fca400b09,human_rubric_general_v1,ok,5,5,5,5,Fully fulfilled.,Fully fulfilled.,Fully fulfilled.,Fully fulfilled.
diagram_6f538ea0047b,case_46_digital_watch,case_46_digital_watch,Qwen_2.5_7B,baseline_repair,open_source__qwen25_7b_instruct__rag_validation_generator_critic_repair,ggozad/prometheus2,specialized_evaluation,a35c2d3191de6693e87dc2d07609ca9643eab74bfa36fee3582b8cfc63753762,human_rubric_prometheus_reference_free_v1,failed,,3,,4,Judge response could not be parsed after two attempts.,"The response provided a state diagram that captures the main functionalities of the Digital Watch system as described in the instruction. However, there are some logical issues present in the diagram. For instance, the transition from ""Adjusting Time"" to ""Alarm Triggered"" is not clearly defined and could be misinterpreted. The same issue arises with the transition from ""Light On"" to ""Idle"". Additionally, the transitions between states do not explicitly state the user's actions that lead to these changes in state, which could cause confusion about how the system behaves. Despite these issues, the main functionalities are represented and the diagram is mostly correct. Therefore, based on the score rubric, the response is partially fulfilled with important logical problems remaining.",Judge response could not be parsed after two attempts.,"The response provided a clear and concise state diagram that aligns well with the functional requirements specified in the instruction. The terminology used in the state diagram is mostly aligned with the requirement text, which includes terms like ""Idle,"" ""Adjusting Time,"" ""Alarm Settings,"" ""Alarm Triggered,"" and ""Light On."" However, there are minor wording differences that prevent it from being completely fulfilled. For instance, the transition labels such as ""Press Button"" could be more specific to match the exact actions described in the requirements. Additionally, the term ""Increase Value"" is used instead of ""increase values while adjusting time settings,"" which slightly deviates from the original requirement text. Despite these minor discrepancies, the response effectively communicates the system's behavior and aligns well with the instruction's functional requirements. So the overall score is 4."
diagram_6f538ea0047b,case_46_digital_watch,case_46_digital_watch,Qwen_2.5_7B,baseline_repair,open_source__qwen25_7b_instruct__rag_validation_generator_critic_repair,llama3.1:8b-instruct-q4_K_M,general_purpose,46e0c10c039e019119339687c3c1757cc81b9da49709a3b3924863ba87ca666e,human_rubric_general_v1,ok,4,2,3,5,Missing 'Increase Value' transition from AlarmSettings to AdjustingTime,"AlarmTriggered state can be triggered by both AdjustingTime and AlarmSettings states, but it's unclear what happens when the alarm is set in one state and the current time matches in another state","Some transitions are not clearly labeled (e.g., 'Press Button' could be more specific)",Fully fulfilled
diagram_6f7183d4bbbf,case_59_atm_1,case_59_atm_1,Qwen_2.5_7B,baseline_repair,open_source__qwen25_7b_instruct__rag_validation_generator_critic_repair,deepseek-r1:14b,general_purpose,c333b7232bdb521236694ffbb5f5a6b11cc45d98e9142c73123b670fca400b09,human_rubric_general_v1,ok,5,5,5,5,Fully fulfilled.,Fully fulfilled.,Fully fulfilled.,Fully fulfilled.
diagram_6f7183d4bbbf,case_59_atm_1,case_59_atm_1,Qwen_2.5_7B,baseline_repair,open_source__qwen25_7b_instruct__rag_validation_generator_critic_repair,ggozad/prometheus2,specialized_evaluation,a35c2d3191de6693e87dc2d07609ca9643eab74bfa36fee3582b8cfc63753762,human_rubric_prometheus_reference_free_v1,ok,4,3,3,1,"The response provided a comprehensive diagram that covers the majority of the functional requirements specified in the instruction. It includes all the necessary states such as Idle, WaitingForAmount, ValidatingAmount, ProcessingWithdrawal, Dispensing, Printing, Ejecting, Confiscating, and Terminating. The transitions between these states are also well-defined, indicating a clear understanding of the system's operation.

However, there are minor omissions in the response that prevent it from achieving a perfect score. Specifically, the response does not explicitly address the user's ability to cancel the transaction at any point and the system's reaction to such an action. While the diagram includes states for Cancel and Ejecting, it lacks clear transitions or events that would indicate how these actions are triggered by the user.

Furthermore, the response does not include a final state of ClosedDown, which is crucial in ensuring that all transactions have been completed before the system shuts down. This omission could lead to potential issues if the system were to close down prematurely.

Despite these minor shortcomings, the response still provides a largely complete and accurate representation of the ATM withdrawal process as described in the instruction. Therefore, based on the score rubric, the response is mainly fulfilled with only minor omissions.","The response provided a detailed flow of an ATM withdrawal process, which includes all the necessary steps from card insertion to cash dispensation. However, it contains several logical errors that do not align with the requirements specified in the instruction. For instance, the state ""Confiscating"" is introduced without any clear trigger or user action, which contradicts the requirement of providing an option for the user to cancel the transaction at any point. Additionally, the states ""WaitingForAmount"" and ""ValidatingAmount"" are not clearly connected with the user's input of a withdrawal amount, which could lead to confusion about how these steps relate to the user's interaction with the system. Furthermore, the state ""ClosedDown"" is introduced without any clear connection to the user's actions or the system's status, which again introduces a logical contradiction. These issues indicate that while the response does cover some aspects of the withdrawal process, it fails to accurately represent the behaviour required by the instruction. Therefore, based on the score rubric, the response is only partially fulfilled and contains important logical problems.","The response provided a detailed PlantUML diagram that covers all aspects of the Atm Scenario 1. However, it contains several issues that affect its clarity and readability. The use of abbreviations such as ""Idle"", ""WaitingForAmount"", and ""ValidatingAmount"" without clear explanations can lead to confusion for someone unfamiliar with PlantUML notation. Additionally, the diagram includes unnecessary states like ""Confiscating"" and ""Terminating"", which are not directly related to the withdrawal process described in the instruction. These states add complexity without contributing to a better understanding of the system's functionality. Furthermore, the response does not explicitly address the requirement for users to be able to cancel transactions at any point, which is an essential part of the functional requirements. The lack of this feature in the diagram could lead to misunderstandings about the system's capabilities. Overall, while the diagram provides a comprehensive overview of the Atm Scenario 1, it falls short in terms of clarity and adherence to the instruction's requirements. Therefore, based on the score rubric, the response is partially fulfilled as it contains several clarity or complexity issues that affect its readability and understanding.","The response provided does not align well with the instruction given. The terminology used in the response is significantly different from the requirement text, which leads to a lack of clarity and understanding of the system's functionality. For example, terms like ""Idle"", ""WaitingForAmount"", ""ValidatingAmount"", ""ProcessingWithdrawal"", ""Dispensing"", ""Printing"", ""Ejecting"", ""Confiscating"", and ""Terminating"" are not directly related to the functional requirements specified in the instruction. The response also includes states such as ""ClosedDown"" and transitions like ""Card Inserted / Get Amount"" which do not correspond with the requirement text. This indicates a lack of terminological alignment, which is crucial for understanding the system's behavior. Therefore, based on the score rubric, this response does not fulfill the criteria of using the exact same terms as the requirement text."
diagram_6f7183d4bbbf,case_59_atm_1,case_59_atm_1,Qwen_2.5_7B,baseline_repair,open_source__qwen25_7b_instruct__rag_validation_generator_critic_repair,llama3.1:8b-instruct-q4_K_M,general_purpose,46e0c10c039e019119339687c3c1757cc81b9da49709a3b3924863ba87ca666e,human_rubric_general_v1,ok,5,4,3,5,Fully fulfilled.,"All transitions and states seem to logically match the requirement, but there are some unclear cases such as 'Third Invalid Amount' which is not specified in the requirement text.","The diagram is clear, but it has a lot of states and transitions which can make it hard to read and understand without careful examination.",Fully fulfilled.
diagram_77a31441aee9,case_70_atm_many_scenarios_7,case_70_atm_many_scenarios_7,DeepSeek_R1_14B,syntax_grounded_repair,open_source__deepseek_r1_14b__few_shot_validation_generator_critic_repair__syntax_grounded_no_rules,deepseek-r1:14b,general_purpose,c333b7232bdb521236694ffbb5f5a6b11cc45d98e9142c73123b670fca400b09,human_rubric_general_v1,ok,3,2,4,5,Missing states for incorrect PIN attempts and card retention after multiple failures.,Does not handle incorrect PIN retries or card retention correctly.,Clear but misses some required states and transitions.,Fully fulfilled.
diagram_77a31441aee9,case_70_atm_many_scenarios_7,case_70_atm_many_scenarios_7,DeepSeek_R1_14B,syntax_grounded_repair,open_source__deepseek_r1_14b__few_shot_validation_generator_critic_repair__syntax_grounded_no_rules,ggozad/prometheus2,specialized_evaluation,a35c2d3191de6693e87dc2d07609ca9643eab74bfa36fee3582b8cfc63753762,human_rubric_prometheus_reference_free_v1,failed,4,4,,4,"The response provided a clear and concise representation of the functional requirements specified in the instruction. It successfully depicted the sequence of actions that the system should perform, from greeting the user to processing the selected request. The transitions between each state were well-defined, indicating the correct flow of operations within the system. However, there was a minor omission in the response as it did not explicitly mention the security measure of keeping the card if the PIN is entered incorrectly too many times. This detail, while not critical to understanding the overall process, adds an important layer of security to the system's operation. Despite this, the response still managed to capture the essence of the functional requirements and presented them in a structured manner that aligns with the PlantUML format. Therefore, based on the score rubric, the response is mainly fulfilled as it includes nearly all required elements, with only minor omissions.","The response provided a clear and concise representation of the system's behavior in accordance with the given requirements. It successfully depicted the sequence of actions from greeting the user to processing the selected request, which aligns well with the instruction. The diagram also correctly represented the scenario where the card is kept for security if the PIN is entered incorrectly too many times and returned to the user upon cancellation.

However, there are minor logical issues that prevent this response from achieving a perfect score. Specifically, the diagram does not explicitly state what happens when the user enters an incorrect PIN more than once. It only mentions that the card will be kept for security if the PIN is entered incorrectly too many times, without specifying how many times this can occur before the card is returned to the user. This lack of detail could lead to confusion or misinterpretation of the system's behavior in such a scenario.

Despite these minor issues, the response still provides a mostly correct representation of the system's behavior and adheres closely to the instruction provided. Therefore, based on the score rubric, this response is mainly fulfilled with only minor logical issues.",Judge response could not be parsed after two attempts.,"The response demonstrates a good understanding of the requirements by using terminology that is closely aligned with the instruction. The main functionalities are represented in the sequence of states, from greeting to processing the user's request. However, there are minor wording differences that prevent it from achieving a perfect score. For instance, ""Greeting"" could be more specific and use the term ""arrive,"" as stated in the instruction. Similarly, ""OptionsMenu"" could be more precise by mentioning the options available to the user. Despite these small discrepancies, the response effectively communicates the system's behavior in a clear and concise manner. Therefore, based on the rubric, the response is mainly fulfilled with only minor wording differences."
diagram_77a31441aee9,case_70_atm_many_scenarios_7,case_70_atm_many_scenarios_7,DeepSeek_R1_14B,syntax_grounded_repair,open_source__deepseek_r1_14b__few_shot_validation_generator_critic_repair__syntax_grounded_no_rules,llama3.1:8b-instruct-q4_K_M,general_purpose,46e0c10c039e019119339687c3c1757cc81b9da49709a3b3924863ba87ca666e,human_rubric_general_v1,ok,4,2,5,4,Missing state for 'Invalid PIN' and transition from it to 'KeepCard'.,"Transition from 'PINCheck' to 'OptionsMenu' is incorrect; it should be when the PIN is correct, not just after inserting a card.",Fully fulfilled.,"State names and transition labels mostly match the requirement text, but 'ReturnCardEvent' does not exactly match any term in the requirements."
diagram_7856d18ac1f0,case_78_class_campaign_version_2,case_78_class_campaign_version_2,Qwen_2.5_7B,few_shot,open_source__qwen25_7b_instruct__few_shot,deepseek-r1:14b,general_purpose,c333b7232bdb521236694ffbb5f5a6b11cc45d98e9142c73123b670fca400b09,human_rubric_general_v1,ok,5,5,5,5,Fully fulfilled.,Fully fulfilled.,Fully fulfilled.,Fully fulfilled.
diagram_7856d18ac1f0,case_78_class_campaign_version_2,case_78_class_campaign_version_2,Qwen_2.5_7B,few_shot,open_source__qwen25_7b_instruct__few_shot,ggozad/prometheus2,specialized_evaluation,a35c2d3191de6693e87dc2d07609ca9643eab74bfa36fee3582b8cfc63753762,human_rubric_prometheus_reference_free_v1,ok,5,4,4,5,"The response provided a complete UML State Chart Diagram for the Campaign Version 2. It included all the necessary states such as ""Initial"", ""Assign Staff and Manager"", ""Approve and Sign Contract"", ""Prepare Adverts"", ""Approve and Schedule Adverts"", ""Run Adverts"", ""Extend or Adjust Campaign"", ""Complete Campaign"", ""Final Statement"", ""Payment Handling"", ""Payment Completed"", and ""Campaign Archiving"". The transitions between these states were also clearly defined, indicating the flow of events within the system.

Moreover, the response included guards for certain transitions, such as ""Run Adverts"" to ""Extend or Adjust Campaign"" and ""Final Statement"" to ""Payment Handling"", which are essential in ensuring that the system behaves correctly under different conditions. The initial state was set as ""Initial"", and the final state was marked as ""Final"". This structure ensures that all required elements of the diagram were present, fulfilling the criteria for a score of 5 according to the rubric.

The response also adhered to the rules provided in the instruction, such as not repairing or rewriting the response and not generating new PlantUML. It did not assume any behavior that was not clearly implied by the instruction. The feedback is concise and directly addresses the completeness of the diagram elements. Therefore, based on the score rubric, the response is fully compliant with all required states, transitions, events, guards, initial states, and final states.","The response provided a UML State Chart Diagram that aligns well with the requirements specified in the instruction. The diagram logically progresses from one state to another, reflecting the sequence of events in the campaign process. Each state corresponds to a specific requirement, and transitions between states are clearly defined, indicating an understanding of the system's operation.

However, there is a minor logical issue that could be improved. In the ""Run Adverts"" state, the transition to ""Extend or Adjust Campaign"" includes a condition that may not always apply: ""Extension or Adjustment Needed"". This condition introduces an element of uncertainty into the system's behavior, which might not align with the requirement for a straightforward campaign process.

Despite this minor issue, the overall diagram is mostly correct and demonstrates a good understanding of the functional requirements. The response effectively communicates the system's behavior in a clear and concise manner, making it easy to follow and understand. Therefore, based on the score rubric, the response is mainly fulfilled with only minor logical issues.","The response provided a UML State Chart Diagram that was largely understandable and readable. The states were clearly defined and the transitions between them were logically connected to the functional requirements of the system. However, there were minor issues with clarity and complexity. For instance, the transition from ""Run Adverts"" to ""Extend or Adjust Campaign"" could have been more explicitly stated as a conditional action (""Run Adverts"" if ""Extension or Adjustment Needed"") rather than a simple continuation of the state. Additionally, the transitions from ""Payment Handling"" to ""Payment Completed"" and from ""Payment Handling"" to ""Campaign Archiving"" could have been more clearly differentiated based on whether the amount paid exceeds or falls short of the required amount. These minor issues slightly detracted from the overall clarity and conciseness of the diagram. Despite these, the response still managed to convey the necessary information in a structured manner that was easy to follow. So the overall score is 4.","The response demonstrates a strong alignment with the instruction's terminology. The state names and transition labels are closely related to the requirement text, indicating a thorough understanding of the task at hand. For instance, ""Assign Staff and Manager"" corresponds directly to the first functional requirement, and ""Approve and Sign Contract"" aligns well with the second requirement. This pattern continues throughout the response, with each state name and transition label reflecting the corresponding requirement in the instruction. The use of exact terms such as ""Prepare Adverts"", ""Run Adverts"", and ""Final Statement"" further solidifies the alignment between the response and the instruction. Therefore, based on the rubric's criteria for terminological alignment, this response is fully compliant with the requirements set forth in the instruction."
diagram_7856d18ac1f0,case_78_class_campaign_version_2,case_78_class_campaign_version_2,Qwen_2.5_7B,few_shot,open_source__qwen25_7b_instruct__few_shot,llama3.1:8b-instruct-q4_K_M,general_purpose,46e0c10c039e019119339687c3c1757cc81b9da49709a3b3924863ba87ca666e,human_rubric_general_v1,ok,5,4,5,4,Fully fulfilled.,"The transition from 'Run Adverts' to 'Complete Campaign' is correct, but the transition from 'Payment Completed' to 'Final' seems to imply that payment completion is a prerequisite for campaign completion, which contradicts requirement 7.",Fully fulfilled.,"The state names and transition labels generally match the requirement text, but 'Payment Completed' is not explicitly mentioned in the requirements."
diagram_7aab170208b6,case_75_graderate,case_75_graderate,DeepSeek_R1_14B,few_shot,open_source__deepseek_r1_14b__few_shot,deepseek-r1:14b,general_purpose,c333b7232bdb521236694ffbb5f5a6b11cc45d98e9142c73123b670fca400b09,human_rubric_general_v1,ok,5,5,5,5,Fully fulfilled.,Fully fulfilled.,Fully fulfilled.,Fully fulfilled.
diagram_7aab170208b6,case_75_graderate,case_75_graderate,DeepSeek_R1_14B,few_shot,open_source__deepseek_r1_14b__few_shot,ggozad/prometheus2,specialized_evaluation,a35c2d3191de6693e87dc2d07609ca9643eab74bfa36fee3582b8cfc63753762,human_rubric_prometheus_reference_free_v1,ok,4,5,4,5,"The response provided a clear and concise PlantUML diagram that effectively represented the state transition of the Graderate system. It included all the necessary states such as Waiting, Active, Expired, and Archived, along with the transitions between these states. The events that trigger these transitions were also well-defined, including the start date reaching the waiting state, the end date marking the active state as expired, and the one-year period after expiration archiving the rate.

However, there was a minor omission in the response. It did not explicitly mention the initial state of the system, which is an important element to include in a requirement specification. The initial state should be defined as the state that the system is in before any events occur. In this case, it would have been beneficial to specify that the system starts in the Waiting state.

Despite this minor omission, the response still managed to capture the main elements of the Graderate system's requirements and present them in a clear and understandable manner. Therefore, based on the score rubric, the response is mainly fulfilled with only minor omissions.","The response provided a PlantUML diagram that accurately represents the state transitions of the Graderate system as per the requirements specified. The diagram clearly shows the progression from the waiting state to active, then expired, and finally archived. Each transition is correctly linked to the corresponding event: start date reached for active state, end date reached for expired state, and one year after expiration for archived state. This demonstrates a complete understanding of the requirements and their logical sequence. The diagram does not contain any contradictions or errors, thus fulfilling all aspects of the score rubric. Therefore, based on the criteria set forth in the score rubric, the response is completely fulfilled.","The response provided a PlantUML diagram that effectively communicates the state transitions of the Graderate system. The use of states to represent different stages of the rate's lifecycle is clear and logical. However, there are minor issues with the clarity and conciseness of the diagram. For instance, the transition from Active to Expired could be more explicitly defined by stating ""end date reached"" instead of just ""end date."" Additionally, the transition from Expired to Archived could benefit from a more explicit statement such as ""one year after expiration."" These minor improvements would enhance the readability and clarity of the diagram. Despite these small issues, the overall structure and understanding of the system's state transitions are well-presented in the PlantUML diagram. So the overall score is 4.","The response aligns well with the instruction's requirements. The terminology used in the diagram is consistent with the requirement text, demonstrating a clear understanding of the task at hand. Each state and transition label corresponds directly to the functional requirements specified in the instruction. For instance, ""Waiting"" corresponds to the system keeping the rate in a waiting state until the start date arrives, and ""Active"" corresponds to the system activating the rate once the current date equals or surpasses its start date. The transitions between states are also accurately represented by the requirement text, such as moving from ""Waiting"" to ""Active"" when the start date is reached. This demonstrates a complete alignment with the instruction's terminology and requirements. Therefore, based on the score rubric, this response fulfills all criteria for a score of 5."
diagram_7aab170208b6,case_75_graderate,case_75_graderate,DeepSeek_R1_14B,few_shot,open_source__deepseek_r1_14b__few_shot,llama3.1:8b-instruct-q4_K_M,general_purpose,46e0c10c039e019119339687c3c1757cc81b9da49709a3b3924863ba87ca666e,human_rubric_general_v1,ok,4,3,5,4,Missing transition from 'start date reached' to 'Active' state for the initial rate,"Transition from 'Expired' to 'Archived' is correct, but there's no explicit condition for removing/archive after one year",Fully fulfilled,"State names match the requirement text, but 'start date reached' and 'end date reached' are not explicitly mentioned"
diagram_7b2f287f36e2,case_34_green_rides,case_34_green_rides,DeepSeek_R1_14B,syntax_grounded_repair,open_source__deepseek_r1_14b__few_shot_validation_generator_critic_repair__syntax_grounded_no_rules,deepseek-r1:14b,general_purpose,c333b7232bdb521236694ffbb5f5a6b11cc45d98e9142c73123b670fca400b09,human_rubric_general_v1,ok,5,5,5,5,Fully fulfilled.,Fully fulfilled.,Fully fulfilled.,Fully fulfilled.
diagram_7b2f287f36e2,case_34_green_rides,case_34_green_rides,DeepSeek_R1_14B,syntax_grounded_repair,open_source__deepseek_r1_14b__few_shot_validation_generator_critic_repair__syntax_grounded_no_rules,ggozad/prometheus2,specialized_evaluation,a35c2d3191de6693e87dc2d07609ca9643eab74bfa36fee3582b8cfc63753762,human_rubric_prometheus_reference_free_v1,ok,4,4,2,4,"The response provided a UML State Machine Diagram that covers most of the functional requirements specified in the instruction. It includes states such as Initial, LoggedIn, JourneyDetails, DrivingMode, Hungry, RestaurantSelection, Ordering, AccidentReport, Notifications, and Feedback. The transitions between these states are also well-defined, indicating a clear understanding of the system's operation.

However, there are minor omissions in the response that prevent it from achieving a perfect score. For instance, the transition from DrivingMode to AccidentReport is not explicitly defined, which could lead to confusion about how accidents are detected and reported. Additionally, the transitions from Ordering to Notifications and from Notifications to Feedback lack clarity on what triggers these transitions.

Despite these minor issues, the response still provides a comprehensive overview of the system's functionality, aligning closely with the instruction's requirements. Therefore, based on the score rubric, the response is mainly fulfilled, with only minor omissions.","The response provided a UML State Machine Diagram that aligns well with the given instruction. The diagram accurately represents the sequence of events in the Green Rides system, from user login to logout, including journey details, driving mode activation, restaurant selection and ordering, accident reporting, and notifications. Each state is correctly connected to the next, demonstrating a clear understanding of the system's functionality.

However, there are minor logical issues that prevent this response from achieving a perfect score. For instance, the transition from DrivingMode to AccidentReport could be more explicit in terms of the conditions under which an accident would trigger the report. Additionally, the transition from Ordering to Notifications could be improved by specifying that notifications are sent after the order is confirmed.

Despite these minor issues, the response effectively captures the main functionalities of the Green Rides system and presents them in a coherent and logical manner. Therefore, based on the score rubric, this response is mainly fulfilled with only minor logical issues.","The response provided a UML State Machine Diagram that aligns with the given instruction. However, there are several issues that affect its clarity and readability. The use of abbreviations such as ""JourneyDetails"" instead of ""Display journey details"" could lead to confusion for readers who may not be familiar with these terms. Additionally, the transitions between states are not clearly defined, which can make it difficult to follow the flow of the system. For example, the transition from ""DrivingMode"" to ""AccidentReport"" is not explicitly stated, leaving room for ambiguity. Furthermore, the response does not provide a clear explanation of what each state represents or how they interact with one another. This lack of detail could make it challenging for users to understand the system's functionality. Overall, while the diagram is somewhat understandable, there are significant clarity and complexity issues that prevent it from being fully clear and readable. So the overall score is 2.","The response demonstrates a good understanding of the task by creating a UML State Machine Diagram that aligns with the functional requirements provided in the instruction. The terminology used in the diagram is mostly aligned with the requirement text, which is commendable. However, there are minor wording differences that prevent it from achieving a perfect score. For instance, ""Select eat"" could be more accurately represented as ""Select to eat,"" and ""Order confirmed"" might be better phrased as ""Order placed."" These slight deviations do not significantly detract from the overall alignment of terminology with the requirements. Despite these minor discrepancies, the response effectively captures the essence of the functional requirements in a clear and concise manner. Therefore, based on the score rubric, the response is mainly fulfilled, with only minor wording differences."
diagram_7b2f287f36e2,case_34_green_rides,case_34_green_rides,DeepSeek_R1_14B,syntax_grounded_repair,open_source__deepseek_r1_14b__few_shot_validation_generator_critic_repair__syntax_grounded_no_rules,llama3.1:8b-instruct-q4_K_M,general_purpose,46e0c10c039e019119339687c3c1757cc81b9da49709a3b3924863ba87ca666e,human_rubric_general_v1,ok,5,2,4,5,Fully fulfilled.,"The transition from 'JourneyDetails' to 'DrivingMode' is not explicitly forbidden when the user chooses other options, which might lead to a contradiction in behavior.","Some states have multiple transitions with the same label (e.g., 'JourneyDetails --> DrivingMode : Activate driving mode' and 'JourneyDetails --> JourneyDetails : Choose other options'), making it slightly harder to follow the flow of the state machine.",Fully fulfilled.
diagram_7d420e50cbd2,case_01_healthcare_portal,case_01_healthcare_portal,Llama_3.1_8B,few_shot,open_source__llama31_8b_instruct__few_shot,deepseek-r1:14b,general_purpose,c333b7232bdb521236694ffbb5f5a6b11cc45d98e9142c73123b670fca400b09,human_rubric_general_v1,ok,3,4,3,3,Missing some transitions and states related to logging out and session completion.,Logical flow but lacks some required transitions for user actions post-viewing results.,Complex with repetitive labels; could be simplified.,Some state names do not exactly match requirement terms.
diagram_7d420e50cbd2,case_01_healthcare_portal,case_01_healthcare_portal,Llama_3.1_8B,few_shot,open_source__llama31_8b_instruct__few_shot,ggozad/prometheus2,specialized_evaluation,a35c2d3191de6693e87dc2d07609ca9643eab74bfa36fee3582b8cfc63753762,human_rubric_prometheus_reference_free_v1,ok,5,4,4,4,"The response provided a complete UML State Machine Diagram for the Healthcare Portal, covering all the functional requirements specified in the instruction. Each state was clearly defined and connected with appropriate transitions, which indicates that the system's behavior is well-understood and can be accurately represented. The diagram also includes initial states and final states, ensuring that the system's operation from start to finish is comprehensively covered.

The response effectively demonstrates how users interact with the system, from registration to payment processing and user feedback collection. It also shows how the system handles different scenarios such as failed registration or access denial. The inclusion of all these elements in the diagram ensures that the system's operation is fully understood and can be accurately modeled.

The response adheres strictly to the rules provided, not repairing, rewriting, or regenerating the response, and does not assume behavior that is not stated or clearly implied by the instruction. It provides a concise evaluation feedback, which aligns with the score rubric's requirement for a clear and objective assessment.

In conclusion, the response fulfills all the criteria set out in the score rubric, demonstrating completeness in terms of states, transitions, events, guards, initial states, and final states. Therefore, it is evident that the response is completely fulfilled according to the rubric.","The response provided a UML State Machine Diagram that aligns well with the requirements specified in the instruction. The diagram logically represents the flow of user interaction within the healthcare portal, from registration to payment processing and logging out. Each state corresponds to a specific requirement, demonstrating an understanding of the system's functionality.

However, there are minor logical issues present in the response. For instance, the transition from ""Check Symptoms"" to ""Fitness Checking"" could be more explicit in terms of user action or decision-making. Additionally, the transition from ""Select Payment Method"" to ""Cash Payment Details"" is not as clear as it could be, potentially causing confusion about the sequence of actions.

Despite these minor issues, the response effectively captures the main behaviour and requirements of the healthcare portal system. The logical flow of user interaction is mostly correct, with only minor logical problems remaining. Therefore, based on the score rubric, the response is mainly fulfilled.","The response provided a UML State Machine Diagram that effectively communicates the functional requirements of the healthcare portal. The diagram was clear, readable, and well-structured, making it easy to understand the flow of user interactions with the system. Each state represented a specific requirement or action within the system, and transitions between states were clearly defined, indicating the progression of user actions.

However, there were minor issues that could have been improved for better clarity. For example, the transition from ""Check Symptoms"" to ""Fitness Checking"" was not explicitly labeled as a choice or option, which might cause some confusion about the nature of these two states. Additionally, the transitions between ""Select Payment Method"" and ""Cash Payment Details"" could have been more clearly defined to indicate that the user is choosing between cash and insurance payments.

Despite these minor issues, the overall clarity and readability of the diagram were high, making it a strong representation of the system's functional requirements. The response effectively fulfilled the criteria set out in the score rubric, demonstrating an understanding of the task at hand and providing a concise and well-structured solution.

So the overall score is 4.","The response demonstrates a good understanding of the task by creating a UML State Machine Diagram that aligns with the functional requirements specified in the instruction. The terminology used in the diagram is mostly aligned with the requirement text, which is commendable. However, there are minor wording differences that prevent it from achieving a perfect score. For instance, ""Access Denied"" and ""Logged Out"" could have been more closely aligned with the terms ""End Access if registration fails"" and ""Users to finish the session after viewing a result"", respectively. Despite these slight discrepancies, the response effectively communicates the system's functionality through its state machine diagram. Therefore, based on the rubric, the response is mainly fulfilled, with only minor wording differences."
diagram_7d420e50cbd2,case_01_healthcare_portal,case_01_healthcare_portal,Llama_3.1_8B,few_shot,open_source__llama31_8b_instruct__few_shot,llama3.1:8b-instruct-q4_K_M,general_purpose,46e0c10c039e019119339687c3c1757cc81b9da49709a3b3924863ba87ca666e,human_rubric_general_v1,ok,4,2,5,4,Missing states for insurance-related services and drug/supplement purchases.,Registration fails transition does not end access as required by requirement 2.,Fully fulfilled,Some state names and transition labels do not exactly match the requirement text.
diagram_847b6f70f84d,case_39_website_development,case_39_website_development,DeepSeek_R1_14B,syntax_grounded_repair,open_source__deepseek_r1_14b__few_shot_validation_generator_critic_repair__syntax_grounded_no_rules,deepseek-r1:14b,general_purpose,c333b7232bdb521236694ffbb5f5a6b11cc45d98e9142c73123b670fca400b09,human_rubric_general_v1,ok,4,5,5,5,The diagram includes all required states and transitions except for the 'Contact' state which is not mentioned in the requirements.,Fully fulfilled.,Fully fulfilled.,Fully fulfilled.
diagram_847b6f70f84d,case_39_website_development,case_39_website_development,DeepSeek_R1_14B,syntax_grounded_repair,open_source__deepseek_r1_14b__few_shot_validation_generator_critic_repair__syntax_grounded_no_rules,ggozad/prometheus2,specialized_evaluation,a35c2d3191de6693e87dc2d07609ca9643eab74bfa36fee3582b8cfc63753762,human_rubric_prometheus_reference_free_v1,ok,4,3,3,4,"The response provided a UML State Chart Diagram that captures the essence of the instruction given. It includes most of the required states such as Homepage, Projects, View Photos, View Videos, Career Info, View Updates, Apply, Job Application, and Application Checked. The transitions between these states are also well represented, showing how users navigate from one state to another.

However, there are a few minor omissions that prevent the response from achieving a perfect score. For instance, the diagram does not explicitly show the user's choice between viewing photos or watching videos when viewing projects. Additionally, it doesn't clearly depict the system's action of checking submitted job applications after they are submitted.

Despite these minor omissions, the response still provides a comprehensive overview of the functional requirements for the website development project. It effectively communicates the main elements and transitions between them, which aligns with the instruction provided. Therefore, based on the score rubric, the response is mainly fulfilled, with only minor omissions.","The response provided a UML State Chart Diagram that captures the main functional requirements of the website development project. However, there are some logical issues present in the diagram. For instance, the transition from ""Homepage"" to ""Projects"" is not clearly defined and could be misinterpreted as a direct navigation rather than an actionable by the user. Additionally, the transitions between ""View Photos"" and ""View Videos"" with ""Projects"" are not explicitly connected, which might lead to confusion about how these options are accessed within the project view.

Moreover, the diagram does not include a state for viewing updates or opening an application form for employment or internship when viewing career opportunities. This omission is significant as it represents a key functional requirement that was specified in the instruction. The absence of this state could lead to a misunderstanding of how users can interact with the system regarding career opportunities.

Despite these issues, the response does manage to capture the main behaviour of navigating from the homepage using a navigation bar and displaying information about projects when selected by the user. It also correctly represents the system's ability to check submitted job applications after they are submitted. Therefore, while there are important logical problems that remain, the response is partially fulfilled in terms of capturing the main functional requirements of the website development project.","The response provided a UML State Chart Diagram that was generally understandable and followed the instruction's requirements. However, there were some issues with clarity and complexity. The use of abbreviations like ""Homepage"" instead of ""Homepage Navigation"" could potentially confuse readers who are not familiar with UML notation. Additionally, the transitions between states were not clearly defined, which might lead to misunderstandings about the flow of user interactions on the website.

The diagram also included unnecessary elements such as ""Contact"" and ""Application Checked,"" which were not mentioned in the instruction. These additions could be seen as redundant and do not contribute to a clear understanding of the functional requirements specified in the instruction.

Despite these issues, the response did manage to capture the essence of the website's functionality, including navigation between pages, selection of content types (photos or videos), and application submission and checking processes. The diagram was also well-structured, with each state representing a different aspect of the website's user experience.

In conclusion, while the response did fulfill some aspects of the instruction, it fell short in terms of clarity and conciseness. It included unnecessary elements and lacked clear transitions between states, which could lead to confusion for readers unfamiliar with UML notation. Therefore, based on the score rubric's criteria for understandability, the response was only partially fulfilled.","The response provided a UML State Chart Diagram that aligns well with the given instruction. The terminology used in the diagram is mostly aligned with the requirement text, which is crucial for understanding and implementing the requirements. However, there are minor wording differences such as ""Select Photos"" instead of ""View Photos"", and ""Select Updates"" instead of ""View Updates"". These slight deviations from the exact terms used in the instruction do not significantly impact the overall alignment with the requirement text. Therefore, based on the score rubric, the response is mainly fulfilled as it uses mostly aligned terminology, with only minor wording differences."
diagram_847b6f70f84d,case_39_website_development,case_39_website_development,DeepSeek_R1_14B,syntax_grounded_repair,open_source__deepseek_r1_14b__few_shot_validation_generator_critic_repair__syntax_grounded_no_rules,llama3.1:8b-instruct-q4_K_M,general_purpose,46e0c10c039e019119339687c3c1757cc81b9da49709a3b3924863ba87ca666e,human_rubric_general_v1,ok,4,2,3,4,Missing transition from ViewUpdates to CareerInfo,No clear logic for checking submitted job applications after submission,Some states and transitions are not clearly labeled or connected,"Most state names match the requirement text, but 'Contact' is not mentioned"
diagram_8521fdb57250,case_70_atm_many_scenarios_7,case_70_atm_many_scenarios_7,Qwen_2.5_7B,baseline_repair,open_source__qwen25_7b_instruct__rag_validation_generator_critic_repair,deepseek-r1:14b,general_purpose,c333b7232bdb521236694ffbb5f5a6b11cc45d98e9142c73123b670fca400b09,human_rubric_general_v1,ok,4,4,4,4,Missing transition for returning the card if the user cancels.,Lacks explicit handling of returning the card upon cancellation after menu display.,Some transition labels are unclear due to dual descriptions.,Transition labels sometimes do not align with requirement terms.
diagram_8521fdb57250,case_70_atm_many_scenarios_7,case_70_atm_many_scenarios_7,Qwen_2.5_7B,baseline_repair,open_source__qwen25_7b_instruct__rag_validation_generator_critic_repair,ggozad/prometheus2,specialized_evaluation,a35c2d3191de6693e87dc2d07609ca9643eab74bfa36fee3582b8cfc63753762,human_rubric_prometheus_reference_free_v1,ok,4,5,4,4,"The response provided a comprehensive diagram that covers the main functional requirements of the ATM system. It includes all the necessary states such as ""Idle"", ""Waiting for PIN"", ""ValidatingPIN"", ""Waiting for Customer Choice"", ""Confiscating"", and ""Ejecting"". The transitions between these states are also well-defined, indicating the flow of operations within the system.

However, there is a minor omission in the response. It does not explicitly mention the event that triggers the confiscation of the card, which is an important detail in the functional requirements. This event should be clearly defined as ""Third Invalid PIN, Card Stolen, Card Expired / Confiscate, Update Status"".

Despite this minor omission, the response still manages to capture the essence of the system's operation and provides a clear representation of the user interaction with the ATM. Therefore, based on the score rubric, the response is mainly fulfilled as it includes nearly all required elements, with only minor omissions.","The response provided a clear and concise representation of the functional requirements for the ATM system. It successfully depicted the sequence of events from the user's arrival to the completion of their transaction, which aligns with the instruction given. The diagram logically matches the requirement without contradiction, demonstrating an understanding of the system's operation.

The response also effectively communicated the various states and transitions within the system, such as waiting for a PIN, validating the PIN, and confiscating the card if necessary. This shows that the diagram is not only correct but also comprehensive in covering all aspects of the user interaction with the ATM system.

Furthermore, the response maintained consistency throughout the diagram, ensuring that each state transitioned logically to the next, which is crucial for a functional requirement specification. The absence of contradictions and the logical flow of events further supports the correctness of the diagram.

In conclusion, the response fulfills all aspects of the score rubric by demonstrating complete and correct matching of the system's behaviour with the requirements without any contradictions. Therefore, based on the evaluation criteria, the response is awarded a score of 5.","The response provided a clear and understandable PlantUML diagram that aligns with the given instruction. The diagram effectively represents the various states of an ATM system, from idle to terminating, and it clearly outlines the user interaction process. Each state is well-defined, and the transitions between them are logically structured, making the flow of the system easy to follow.

However, there are minor issues that prevent this response from achieving a perfect score. The diagram could be improved by providing more context or explanation for certain states, such as ""Waiting for Customer Choice"" and ""Confiscating"". While these states are correctly identified, they lack the detail necessary to fully understand their purpose within the system.

Additionally, the transitions between states could be made clearer with the use of more descriptive language or additional details about the conditions under which each transition occurs. For example, the transition from ""Waiting for PIN"" to ""ValidatingPIN"" could be enhanced by specifying that this transition occurs when a valid PIN is entered.

Despite these minor issues, the response still provides a largely clear and readable diagram that effectively communicates the functional requirements of the ATM system. Therefore, based on the score rubric, the response is mainly fulfilled with only minor clarity or complexity issues remaining.","The response demonstrates a good understanding of the requirements by using terminology that is closely aligned with the instruction. The states and transitions are named in a way that reflects the functionalities described in the instruction, such as ""Waiting for PIN"" and ""ValidatingPIN"". However, there are minor wording differences, like ""Card Inserted / Get PIN"" instead of ""The system shall greet the user when they arrive"", which is not directly related to the PIN process. Additionally, the term ""Ejecting"" could be more specific by mentioning the card being returned if the operation is canceled. Despite these minor discrepancies, the response effectively communicates the sequence of events in an ATM scenario and aligns well with the instruction's terminology. Therefore, based on the rubric, the response is mainly fulfilled, with only minor wording differences."
diagram_8521fdb57250,case_70_atm_many_scenarios_7,case_70_atm_many_scenarios_7,Qwen_2.5_7B,baseline_repair,open_source__qwen25_7b_instruct__rag_validation_generator_critic_repair,llama3.1:8b-instruct-q4_K_M,general_purpose,46e0c10c039e019119339687c3c1757cc81b9da49709a3b3924863ba87ca666e,human_rubric_general_v1,ok,4,3,5,4,Missing 'return card' transition for valid PIN,"Confiscating state not triggered by third invalid PIN only, but also by other conditions (Card Stolen, Card Expired)",Fully fulfilled,"State names and transition labels mostly match the requirement text, but some minor discrepancies"
diagram_86393c03a20a,case_32_e_visa_processing_and_follow_up_system,case_32_e_visa_processing_and_follow_up_system,DeepSeek_R1_14B,baseline_repair,open_source__deepseek_r1_14b__few_shot_validation_generator_critic_repair,deepseek-r1:14b,general_purpose,c333b7232bdb521236694ffbb5f5a6b11cc45d98e9142c73123b670fca400b09,human_rubric_general_v1,ok,1,1,1,1,The diagram only shows an initial state with a loop and does not include any other states or transitions related to the system's functionality.,"The diagram does not represent any of the required states, transitions, or events described in the functional requirements.",The diagram is too simplistic and does not convey any meaningful information about the system's behavior or processes.,"The diagram uses the term 'Initial' which is not mentioned in the requirements, and it lacks all other terms specified in the functional requirements."
diagram_86393c03a20a,case_32_e_visa_processing_and_follow_up_system,case_32_e_visa_processing_and_follow_up_system,DeepSeek_R1_14B,baseline_repair,open_source__deepseek_r1_14b__few_shot_validation_generator_critic_repair,ggozad/prometheus2,specialized_evaluation,a35c2d3191de6693e87dc2d07609ca9643eab74bfa36fee3582b8cfc63753762,human_rubric_prometheus_reference_free_v1,failed,,1,,1,Judge response could not be parsed after two attempts.,"The provided response does not fulfill any of the requirements specified in the instruction. The diagram presented is a simple state transition diagram, which does not represent the functionalities required for an E Visa Processing and Follow-Up System. It lacks any representation of user account creation, login, visa application, payment processing, status updates, cancellation, detail modification, or feedback mechanisms. This response fails to demonstrate any understanding of the system's requirements and thus does not meet the criteria set out in the score rubric. Therefore, it is clear that this response is entirely incorrect and contradictory with the instruction provided.",Judge response could not be parsed after two attempts.,"The response does not fulfill the requirements of the instruction at all. It provides a PlantUML diagram that is completely unrelated to the E Visa Processing and Follow-Up System. The terminology used in the diagram does not align with any of the functional requirements specified in the instruction. There are no terms related to account creation, login, visa application, status updates, or feedback mechanisms. Therefore, it fails to meet the criteria set out in the score rubric for terminological alignment."
diagram_86393c03a20a,case_32_e_visa_processing_and_follow_up_system,case_32_e_visa_processing_and_follow_up_system,DeepSeek_R1_14B,baseline_repair,open_source__deepseek_r1_14b__few_shot_validation_generator_critic_repair,llama3.1:8b-instruct-q4_K_M,general_purpose,46e0c10c039e019119339687c3c1757cc81b9da49709a3b3924863ba87ca666e,human_rubric_general_v1,ok,1,1,5,1,"No states, transitions, events, guards, initial or final states are present.",The diagram's behavior is undefined due to the absence of any states and transitions.,Fully fulfilled.,No state names or transition labels match the requirement text.
diagram_89bcfcb84aa1,case_51_process_sale,case_51_process_sale,DeepSeek_R1_14B,few_shot,open_source__deepseek_r1_14b__few_shot,deepseek-r1:14b,general_purpose,c333b7232bdb521236694ffbb5f5a6b11cc45d98e9142c73123b670fca400b09,human_rubric_general_v1,ok,5,5,5,5,Fully fulfilled.,Fully fulfilled.,Fully fulfilled.,Fully fulfilled.
diagram_89bcfcb84aa1,case_51_process_sale,case_51_process_sale,DeepSeek_R1_14B,few_shot,open_source__deepseek_r1_14b__few_shot,ggozad/prometheus2,specialized_evaluation,a35c2d3191de6693e87dc2d07609ca9643eab74bfa36fee3582b8cfc63753762,human_rubric_prometheus_reference_free_v1,ok,4,5,4,4,"The response provided a clear state diagram that aligns well with the functional requirements specified in the instruction. It successfully represented the main elements of the process such as waiting for a sale, selecting items, moving to payment, and completing the sale. However, it lacks some important details like the transition from ""Selecting Items"" to ""Payment"" when all items have been added, which is crucial for understanding the flow of the system. Additionally, the response does not explicitly mention the verification of payment if the customer chooses to pay by card or check, which is a key part of the process. Despite these minor omissions, the response still provides a comprehensive overview of the system's operation and effectively communicates the main functionalities required for the sale processing system. Therefore, based on the score rubric, the response is mainly fulfilled with only minor omissions.","The response provided a clear and concise state diagram that aligns well with the requirements specified in the instruction. The states are logically ordered, reflecting the process of waiting for a sale, selecting items, moving to payment, verifying payment, completing the sale, and returning to wait for the next customer. Each transition between states is correctly linked to the corresponding action or decision made by the system, such as waiting for a new sale, entering items one by one, moving to payment after all items have been added, and so on.

The response also accurately represents the different scenarios that may occur during the sales process, including paying with cash, verifying payment if the customer chooses to pay by card or check, and handling situations where the payment is declined. This demonstrates a thorough understanding of the requirements and ensures that all logical aspects are covered without contradiction.

In conclusion, the response effectively captures the main functionalities required for the sales process, with no significant logical errors or contradictions present in the diagram. Therefore, based on the score rubric, the response is completely fulfilled as it correctly matches the requirement without contradiction.","The response provided a clear and understandable state diagram for the process of sale. It effectively represented the sequence of events from waiting for a new sale to returning to wait for the next customer after the payment has been finished. The use of states and transitions was appropriate, making it easy to follow the flow of the system. However, there were minor issues that could have improved the clarity and readability of the diagram. For instance, the transition from ""Selecting Items"" to ""Payment"" could have been more explicit by stating ""customer pays with cash or card or check"". This would have made it clearer when the payment process begins. Additionally, the transition from ""Verifying Payment"" to ""Sale Completed"" could have been more detailed by specifying that the sale is completed once the payment is approved. These minor improvements would have enhanced the overall clarity and readability of the diagram. So the overall score is 4.","The response aligns well with the instruction's requirements, using terminology that closely matches the original text. The states are named in a way that reflects the process of sale, such as ""Waiting for Sale"" and ""Selecting Items"". Transition labels also follow the requirement, indicating actions like ""customerSelectsItems"" and ""payWithCash"". However, there is a minor discrepancy in the transition label ""paymentDeclined"", which could be more accurately described as ""paymentNotApproved"". This slight deviation from the exact terminology used in the instruction results in a score of 4. The response demonstrates a strong understanding of the requirements and effectively communicates them through PlantUML, but it falls short of perfect alignment with the original text. So the overall score is 4."
diagram_89bcfcb84aa1,case_51_process_sale,case_51_process_sale,DeepSeek_R1_14B,few_shot,open_source__deepseek_r1_14b__few_shot,llama3.1:8b-instruct-q4_K_M,general_purpose,46e0c10c039e019119339687c3c1757cc81b9da49709a3b3924863ba87ca666e,human_rubric_general_v1,ok,4,3,4,5,Missing 'paymentVerified' state for requirement 5.,"Transition from Payment to SaleCompleted when paying with cash is correct, but the transition from VerifyingPayment to SaleCompleted when payment is approved is missing a guard condition.","The diagram is clear and readable, but some state names could be more descriptive.",Fully fulfilled.
diagram_8afd8fc972f9,case_52_microwave_oven,case_52_microwave_oven,DeepSeek_R1_14B,baseline_repair,open_source__deepseek_r1_14b__few_shot_validation_generator_critic_repair,deepseek-r1:14b,general_purpose,c333b7232bdb521236694ffbb5f5a6b11cc45d98e9142c73123b670fca400b09,human_rubric_general_v1,ok,4,5,5,5,Missing the transition back to displaying current time after stopping or cancelling.,Fully fulfilled.,Fully fulfilled.,Fully fulfilled.
diagram_8afd8fc972f9,case_52_microwave_oven,case_52_microwave_oven,DeepSeek_R1_14B,baseline_repair,open_source__deepseek_r1_14b__few_shot_validation_generator_critic_repair,ggozad/prometheus2,specialized_evaluation,a35c2d3191de6693e87dc2d07609ca9643eab74bfa36fee3582b8cfc63753762,human_rubric_prometheus_reference_free_v1,failed,,4,4,4,Judge response could not be parsed after two attempts.,"The response provided a state diagram that captures most of the functional requirements specified in the instruction. The diagram shows the system's states and transitions between them, which aligns with the requirement for the system to display the current time when waiting for user input, allow the user to choose power levels, set cooking times, remain inactive if the door is open during operation, stop immediately when the door is opened during the cooking process, and allow the user to cancel the cooking process.

However, there are minor logical issues that prevent the response from achieving a perfect score. Specifically, the diagram does not explicitly state what happens after the system stops or cancels the cooking process. It simply returns to displaying the current time without specifying whether it waits for the next use. This omission is a minor logical issue because it doesn't fully capture the requirement that the system should return to displaying the current time after stopping or cancelling and wait for the next use.

Despite this, the response still demonstrates a good understanding of the requirements and presents a mostly correct state diagram. Therefore, based on the score rubric, the response is mainly fulfilled with only minor logical issues.","The response provided a clear and understandable state diagram for the Microwave Oven Control system. The diagram was well-structured, with each state logically following from the previous one, which made it easy to follow. However, there were minor issues that prevented the diagram from being fully clear and concise. For instance, the transitions between states could have been more explicitly defined to enhance clarity. Additionally, the use of abbreviations like ""Idle"" instead of a more descriptive term might cause some confusion for users unfamiliar with state diagrams. Despite these minor issues, the overall structure and readability of the diagram were commendable. So the overall score is 4.","The response aligns well with the instruction's requirements, using terminology that closely matches the original text. The states are named appropriately, such as ""Idle,"" ""Full Power,"" and ""Half Power,"" which correspond to the functional requirements of the microwave oven system. Transition labels like ""Select Full Power"" and ""Set Time"" also reflect the user's interaction with the system. However, there is a minor discrepancy in the transition label ""Door Opened,"" where it should be ""Door Open."" This slight deviation from the exact terminology used in the instruction does not significantly impact the overall alignment of the response. Therefore, while the response is mostly aligned with the instruction's requirements, there are minor wording differences that prevent it from achieving a perfect score. So the overall score is 4."
diagram_8afd8fc972f9,case_52_microwave_oven,case_52_microwave_oven,DeepSeek_R1_14B,baseline_repair,open_source__deepseek_r1_14b__few_shot_validation_generator_critic_repair,llama3.1:8b-instruct-q4_K_M,general_purpose,46e0c10c039e019119339687c3c1757cc81b9da49709a3b3924863ba87ca666e,human_rubric_general_v1,ok,4,3,5,4,Missing transition from HalfPower to Cooking when user selects half power and sets time,Door Open state does not prevent system from being active during operation,Fully fulfilled,"State names match requirement text, but transition labels could be more explicit"
diagram_8c644d6dc059,case_34_green_rides,case_34_green_rides,Llama_3.1_8B,few_shot,open_source__llama31_8b_instruct__few_shot,deepseek-r1:14b,general_purpose,c333b7232bdb521236694ffbb5f5a6b11cc45d98e9142c73123b670fca400b09,human_rubric_general_v1,ok,4,4,5,5,All required states are present except the continuous notification during driving.,Transitions are logical but miss notifications during regular driving.,Fully fulfilled.,Fully fulfilled.
diagram_8c644d6dc059,case_34_green_rides,case_34_green_rides,Llama_3.1_8B,few_shot,open_source__llama31_8b_instruct__few_shot,ggozad/prometheus2,specialized_evaluation,a35c2d3191de6693e87dc2d07609ca9643eab74bfa36fee3582b8cfc63753762,human_rubric_prometheus_reference_free_v1,ok,4,4,4,4,"The response provided a comprehensive diagram that covers the majority of the functional requirements specified in the instruction. It includes all the necessary states such as Login, JourneyDetails, DrivingMode, OtherOptions, EatPlace, Accident, and Feedback. The transitions between these states are also well-defined, indicating how users interact with the system. However, there is a minor omission in the diagram where it does not explicitly state that the user needs to view journey details again after choosing driving mode or other options. This detail is crucial as it ensures that the user has access to all necessary information before making their choice. Despite this, the response still manages to capture the essence of the system's functionality and provides a clear representation of how users would interact with the Green Rides system. Therefore, based on the score rubric, the response is mainly fulfilled, with only minor omissions.","The response provided a clear and concise representation of the Green Rides system's states and transitions. It successfully captured the main functionalities as outlined in the instruction, such as displaying journey details, activating driving mode, selecting a place to eat, informing authorities in case of an accident, sending notifications during driving or in case of an accident, and allowing users to provide feedback upon completion of their journey.

However, there are minor logical issues that prevent the response from achieving a perfect score. For instance, the transitions between states do not explicitly state the conditions under which they occur, such as ""user is hungry"" for moving from JourneyDetails to EatPlace or ""accident occurs"" for moving from JourneyDetails to Accident. These conditions are implied but could be made more explicit to enhance clarity and understanding of the system's behavior.

Additionally, while the response does a good job of showing the flow of user actions within the system, it could have provided more detail on how these actions lead to the subsequent states, such as explaining why the user might need to view journey details again after choosing driving mode or other options.

Despite these minor issues, the response is largely correct and aligns well with the requirements specified in the instruction. Therefore, based on the score rubric, the response is mainly fulfilled, with only minor logical issues.","The response provided a clear and understandable PlantUML diagram that aligns with the given instruction. The diagram effectively breaks down the system's states and transitions between them, which makes it easy to follow. However, there are minor issues that prevent the response from achieving a perfect score. For instance, some of the transitions between states could be more explicitly defined to enhance clarity. Additionally, while the diagram is concise, it might benefit from further elaboration on certain aspects, such as how the system informs authorities in case of an accident or how users provide feedback upon completion of their journey. These details would add depth to the understanding of the system's functionalities. Despite these minor shortcomings, the response still provides a well-structured and readable diagram that effectively communicates the system's requirements. So the overall score is 4.","The response demonstrates a good understanding of the task by creating a PlantUML diagram that aligns with the functional requirements specified in the instruction. The terminology used in the states and transitions is mostly aligned with the requirement text, which is commendable. However, there are minor wording differences that prevent it from achieving a perfect score. For instance, ""entry"" and ""exit"" could be replaced with more specific terms like ""login success"" or ""accident occurs"", to better reflect the conditions under which each state transitions. Additionally, the phrase ""User has chosen driving mode"" could be more precise by stating ""User has selected driving mode"". These small adjustments would make the terminology even more aligned with the requirement text. Despite these minor discrepancies, the response is still quite effective in conveying the system's functionalities. So the overall score is 4."
diagram_8c644d6dc059,case_34_green_rides,case_34_green_rides,Llama_3.1_8B,few_shot,open_source__llama31_8b_instruct__few_shot,llama3.1:8b-instruct-q4_K_M,general_purpose,46e0c10c039e019119339687c3c1757cc81b9da49709a3b3924863ba87ca666e,human_rubric_general_v1,ok,4,3,5,4,Missing transition from Accident back to initial state,Transition from DrivingMode back to JourneyDetails is not clear why the user needs to view details again,Fully fulfilled,"State names and transition labels generally match requirement text, but some transitions could be more descriptive"
diagram_9258e53efe32,case_12_business_process_outsourcing_bpo_management_system_2,case_12_business_process_outsourcing_bpo_management_system_2,Qwen_2.5_7B,syntax_grounded_repair,open_source__qwen25_7b_instruct__rag_validation_generator_critic_repair__syntax_grounded_original_rag,deepseek-r1:14b,general_purpose,c333b7232bdb521236694ffbb5f5a6b11cc45d98e9142c73123b670fca400b09,human_rubric_general_v1,ok,4,5,5,5,"All required states and transitions are present, but the initial state is not explicitly named.",Fully fulfilled.,Fully fulfilled.,Fully fulfilled.
diagram_9258e53efe32,case_12_business_process_outsourcing_bpo_management_system_2,case_12_business_process_outsourcing_bpo_management_system_2,Qwen_2.5_7B,syntax_grounded_repair,open_source__qwen25_7b_instruct__rag_validation_generator_critic_repair__syntax_grounded_original_rag,ggozad/prometheus2,specialized_evaluation,a35c2d3191de6693e87dc2d07609ca9643eab74bfa36fee3582b8cfc63753762,human_rubric_prometheus_reference_free_v1,ok,3,5,4,4,"The response provided a UML State Machine Diagram that captures the essence of the BPO Management System's functional requirements. It includes the main elements such as SearchCriteria, FilterCategory, PriceRange, and DisplayResults. However, it lacks some important details like the transitions between states and the specific events or guards that would make the diagram more complete. For instance, there is no mention of how the system will determine if the criteria are met before displaying results. Additionally, the initial state and final state are not explicitly defined in the response. These omissions prevent the response from being fully compliant with the score rubric's requirements for completeness. Therefore, while the main elements are represented, several important elements are missing, which is why the response would receive a score of 3 according to the rubric.","The response provided a UML State Machine Diagram that aligns well with the requirements specified in the instruction. The diagram accurately represents the process of searching for users based on filter categories and price ranges, which is the core functionality required by the BPO Management System. It also correctly depicts the system's behavior after the user selects a filter, displaying matching users.

The response does not contain any contradictions or logical errors, thus fulfilling all aspects of the score rubric. The diagram's behavior is consistent with the requirements and there are no discrepancies between the instruction and the response. Therefore, based on the evaluation criteria, the response is completely fulfilled.","The response provided a UML State Machine Diagram that aligns with the functional requirements specified in the instruction. The diagram is clear and readable, effectively illustrating the process of searching for users based on filter categories and price ranges. However, there are minor issues that prevent it from achieving a perfect score. Specifically, the response could have been more concise by eliminating redundant elements such as the explicit mention of ""SearchCriteria"" in the initial state transition. Additionally, the use of ""DisplayResults"" as a separate state could be seen as slightly unnecessary since this action is already implied by the completion of the filtering process. Despite these minor issues, the response still provides a well-structured and understandable diagram that effectively communicates the system's functionality. So the overall score is 4.","The response demonstrates a good understanding of the task by creating a UML State Machine Diagram that aligns with the functional requirements provided in the instruction. The terminology used in the diagram is mostly aligned with the requirement text, which includes terms like ""SearchCriteria,"" ""FilterCategory,"" and ""PriceRange."" However, there are minor wording differences, such as using ""Select category"" instead of ""Select a filter category"" and ""Select price range"" instead of ""Select a price range as a filter."" These slight deviations from the exact terminology used in the instruction do not significantly impact the overall alignment. Therefore, based on the score rubric, the response is mainly fulfilled with only minor wording differences."
diagram_9258e53efe32,case_12_business_process_outsourcing_bpo_management_system_2,case_12_business_process_outsourcing_bpo_management_system_2,Qwen_2.5_7B,syntax_grounded_repair,open_source__qwen25_7b_instruct__rag_validation_generator_critic_repair__syntax_grounded_original_rag,llama3.1:8b-instruct-q4_K_M,general_purpose,46e0c10c039e019119339687c3c1757cc81b9da49709a3b3924863ba87ca666e,human_rubric_general_v1,ok,4,3,5,4,Missing initial state for FilterCategory and PriceRange states,Transitions from SearchCriteria to FilterCategory and PriceRange are not conditional on user selection,Fully fulfilled,"State names match requirement text, but transition labels do not use exact same terms"
diagram_946fec4cb2ad,case_16_weather_monitoring_system,case_16_weather_monitoring_system,DeepSeek_R1_14B,syntax_grounded_repair,open_source__deepseek_r1_14b__few_shot_validation_generator_critic_repair__syntax_grounded_no_rules,deepseek-r1:14b,general_purpose,c333b7232bdb521236694ffbb5f5a6b11cc45d98e9142c73123b670fca400b09,human_rubric_general_v1,ok,2,3,4,2,"Only includes states related to login and logout, missing registration and weather checking.",Handles logout correctly but omits other functionalities like registration validation and weather checks.,"Simple and clear, but lacks representation of key system behaviors beyond logout.","Uses some terms from the requirement (e.g., LOGOUT_EVENT) but misses others like registration and weather checks."
diagram_946fec4cb2ad,case_16_weather_monitoring_system,case_16_weather_monitoring_system,DeepSeek_R1_14B,syntax_grounded_repair,open_source__deepseek_r1_14b__few_shot_validation_generator_critic_repair__syntax_grounded_no_rules,ggozad/prometheus2,specialized_evaluation,a35c2d3191de6693e87dc2d07609ca9643eab74bfa36fee3582b8cfc63753762,human_rubric_prometheus_reference_free_v1,ok,1,1,1,1,"The response provided does not meet the requirements of the instruction. It lacks any representation of the functionalities that were specified in the instruction. The diagram is overly simplistic and does not include any elements related to user account creation, login, weather information checking, or session termination. There are no transitions, events, guards, initial states, or final states mentioned that would be necessary for a complete representation of the system's requirements. Therefore, it fails to fulfill the criteria set out in the score rubric.","The response provided does not align with the requirements specified in the instruction. The diagram represents a very basic flow of states, which is not sufficient to cover all the functionalities required by the system. It lacks details on account creation, login process, weather information checking, and additional weather details viewing. Moreover, it fails to address the end-of-process scenarios for unsuccessful registration or invalid location input. The response does not demonstrate an understanding of the complexity of the system's requirements, nor does it provide a logical flow that matches the instruction. Therefore, based on the score rubric, this response is not fulfilled at all and contains major logical errors.","The response provided does not meet the requirements of the instruction. The instruction asked for a detailed PlantUML diagram that outlines the functional requirements of the Weather Monitoring System. However, the response only provides a very basic and incomplete PlantUML diagram. It lacks the necessary details to represent the functional requirements of the system. There is no mention of account creation, login process, weather information selection, or additional weather details viewing. The diagram does not provide any insight into how the system would operate based on the user's actions. Therefore, it fails to meet the criteria for understandability and completeness as outlined in the score rubric.","The response does not align with the instruction's requirements. It fails to address any of the functional requirements specified in the task description. The terminology used in the response is entirely unrelated to the requirement text, and it does not reflect the system's operations or user interactions. There are no states or transitions that correspond to creating an account, logging into an existing account, checking weather information, or any other of the functional requirements listed. Therefore, based on the score rubric, this response is not fulfilled at all in terms of terminological alignment with the requirement text."
diagram_946fec4cb2ad,case_16_weather_monitoring_system,case_16_weather_monitoring_system,DeepSeek_R1_14B,syntax_grounded_repair,open_source__deepseek_r1_14b__few_shot_validation_generator_critic_repair__syntax_grounded_no_rules,llama3.1:8b-instruct-q4_K_M,general_purpose,46e0c10c039e019119339687c3c1757cc81b9da49709a3b3924863ba87ca666e,human_rubric_general_v1,ok,2,1,5,2,"Missing states for account creation, login, registration success/failure, location entry, and weather selection.","The diagram does not logically match the requirement as it lacks transitions for successful registration, valid location entry, and user actions after logging in.",Fully fulfilled,"State names do not use the exact same terms as the requirement text (e.g., 'INITIAL_STATE' instead of 'create an account', 'MAIN_STATE' instead of 'log in to their existing account')."
diagram_95fa0f880935,case_65_plane,case_65_plane,Mistral,baseline_repair,open_source__mistral__rag_validation_generator_critic_repair,deepseek-r1:14b,general_purpose,c333b7232bdb521236694ffbb5f5a6b11cc45d98e9142c73123b670fca400b09,human_rubric_general_v1,ok,4,2,5,5,Missing transition from Preparation to Maintenance based on condition.,Does not correctly model the branching logic for assigning to Operations or Maintenance.,Fully fulfilled.,Fully fulfilled.
diagram_95fa0f880935,case_65_plane,case_65_plane,Mistral,baseline_repair,open_source__mistral__rag_validation_generator_critic_repair,ggozad/prometheus2,specialized_evaluation,a35c2d3191de6693e87dc2d07609ca9643eab74bfa36fee3582b8cfc63753762,human_rubric_prometheus_reference_free_v1,ok,4,5,4,5,"The response provided a clear and concise representation of the plane lifecycle using PlantUML. It successfully captured the main elements of the instruction, including the states 'Order', 'Arrival', 'Preparation', 'Operations', 'Maintenance', 'OutOfService', and 'Removed'. The transitions between these states were also accurately depicted, such as from 'Arrival' to 'Preparation', and from 'Maintenance' back to 'Preparation'.

However, the response did not explicitly mention the conditions under which a plane would be assigned to 'Operations' or 'Maintenance'. This omission is significant because it affects the completeness of the functional requirements. The instruction specifically states that the system shall assign a prepared plane to either 'Operations' or 'Maintenance' based on its condition and schedule, but this detail was not included in the response.

Additionally, while the response does show the final state of 'Removed', it could have been more explicit about what constitutes a plane being permanently withdrawn from service. This is an important aspect of the lifecycle that should be clearly defined.

Despite these minor omissions, the response still provides a comprehensive overview of the plane lifecycle and its associated states and transitions. Therefore, based on the score rubric, the response is mainly fulfilled with only minor omissions.","The response provided a clear and concise representation of the plane lifecycle as per the instruction. The diagram accurately reflects the sequence of states that a plane goes through, from 'Order' to 'Removed'. Each transition is correctly linked to the corresponding functional requirement, ensuring that the behaviour logically matches the requirements without contradiction.

The response also adheres to the rules set out in the task description, such as not repairing or rewriting the response and not assuming behavior not stated in the instruction. The diagram does not contain any unnecessary elements, which is crucial for maintaining clarity and conciseness.

In conclusion, the response demonstrates a complete understanding of the requirements and presents them in an easily understandable format. It fulfills all aspects of the score rubric by being correct, logically consistent, and free from contradictions. Therefore, based on the evaluation criteria, the response is awarded a score of 5.","The response provided a clear and understandable statechart diagram that effectively communicates the lifecycle of a plane. The transitions between states are logically ordered and easy to follow, which aligns with the instruction's requirement for clarity and readability. However, there is room for improvement in terms of conciseness and structure. For instance, the use of ""state"" could be replaced with more descriptive labels like ""arrival state,"" ""preparation state,"" etc., to enhance the diagram's readability. Additionally, the transitions between states could be further simplified to avoid redundancy. Despite these minor issues, the response successfully fulfills the criteria of being clear, readable, and well-structured. So the overall score is 4.","The response demonstrates a complete alignment with the instruction's terminology. Each state name and transition label is identical to the requirement text, indicating that the system's lifecycle stages are accurately represented in the diagram. The use of terms such as 'Order', 'Arrival', 'Preparation', 'Operations', 'Maintenance', 'OutOfService', and 'Removed' directly corresponds with the functional requirements specified in the instruction. This ensures that the response is not only technically correct but also maintains the original intent of the requirement specification. Therefore, based on the score rubric, the response fulfills all criteria for terminological alignment, making it a perfect match to the instruction provided."
diagram_95fa0f880935,case_65_plane,case_65_plane,Mistral,baseline_repair,open_source__mistral__rag_validation_generator_critic_repair,llama3.1:8b-instruct-q4_K_M,general_purpose,46e0c10c039e019119339687c3c1757cc81b9da49709a3b3924863ba87ca666e,human_rubric_general_v1,ok,4,3,5,4,Missing transition from 'Operations' to 'Maintenance' when maintenance is required.,"Transition from 'Preparation' to 'Operations' assumes assignment based on condition and schedule, but requirement text does not specify this explicitly.",Fully fulfilled.,"State names match the requirement text, except for 'Removed' which is not mentioned in the requirements."
diagram_9644f5a87489,case_16_weather_monitoring_system,case_16_weather_monitoring_system,Qwen_2.5_7B,syntax_grounded_repair,open_source__qwen25_7b_instruct__rag_validation_generator_critic_repair__syntax_grounded_original_rag,deepseek-r1:14b,general_purpose,c333b7232bdb521236694ffbb5f5a6b11cc45d98e9142c73123b670fca400b09,human_rubric_general_v1,ok,5,5,5,5,Fully fulfilled.,Fully fulfilled.,Fully fulfilled.,Fully fulfilled.
diagram_9644f5a87489,case_16_weather_monitoring_system,case_16_weather_monitoring_system,Qwen_2.5_7B,syntax_grounded_repair,open_source__qwen25_7b_instruct__rag_validation_generator_critic_repair__syntax_grounded_original_rag,ggozad/prometheus2,specialized_evaluation,a35c2d3191de6693e87dc2d07609ca9643eab74bfa36fee3582b8cfc63753762,human_rubric_prometheus_reference_free_v1,failed,3,4,,4,"The response provided a PlantUML diagram that captures the main functionalities of the Weather Monitoring System. It includes the user registration, login process, checking location, selecting weather information, and viewing additional details. However, it lacks some important elements such as the end of the process when the registration is not successful or when an invalid location is entered. Additionally, the response does not explicitly mention the system's ability to update and show the selected weather information to the user. These omissions result in a partially fulfilled requirement specification. Therefore, based on the score rubric, the response would receive a score of 3 as it represents the main elements but misses several important aspects.","The response provided a PlantUML diagram that captures the main functionalities of the Weather Monitoring System, such as account registration, login, location checking, weather information selection, and session termination upon logout. However, it lacks some details in the process flow, like the end of the process when the user enters an invalid location or when the system fails to register a new account. The diagram also does not explicitly show how the system would handle the case where the entered location is not valid. These omissions lead to minor logical issues that prevent the response from being completely fulfilled according to the score rubric. Therefore, while the main behaviour of the system is correctly represented in the PlantUML diagram, there are some important aspects that could be improved for a more complete and accurate representation of the system's functionalities.",Judge response could not be parsed after two attempts.,"The response aligns well with the instruction's functional requirements. The terminology used in the states and transitions is mostly aligned with the requirement text, which is a key aspect of the score rubric. However, there are minor wording differences that prevent it from achieving a perfect score. For instance, ""CheckLocation"" could be more accurately named as ""CheckCurrentLocation"" to better reflect the instruction's emphasis on the user's current location. Similarly, ""ChooseInfo"" could be more specific by mentioning the weather parameters (temperature, humidity, etc.) that the user can choose to check. Despite these minor discrepancies, the response effectively captures the essence of the requirements and demonstrates a good understanding of the task at hand. So the overall score is 4."
diagram_9644f5a87489,case_16_weather_monitoring_system,case_16_weather_monitoring_system,Qwen_2.5_7B,syntax_grounded_repair,open_source__qwen25_7b_instruct__rag_validation_generator_critic_repair__syntax_grounded_original_rag,llama3.1:8b-instruct-q4_K_M,general_purpose,46e0c10c039e019119339687c3c1757cc81b9da49709a3b3924863ba87ca666e,human_rubric_general_v1,ok,3,2,4,5,Missing states for 'invalid location' and 'valid selection' in the Login and CheckInfo states respectively.,The system does not end the process if registration is not successful or a new location entered is not valid.,"The diagram is clear and readable, but some transitions could be labeled more explicitly for better clarity.",Fully fulfilled.
diagram_9b0c5621be56,case_41_video_suggestion_system,case_41_video_suggestion_system,Llama_3.1_8B,syntax_grounded_repair,open_source__llama31_8b_instruct__few_shot_validation_generator_critic_repair__syntax_grounded,deepseek-r1:14b,general_purpose,c333b7232bdb521236694ffbb5f5a6b11cc45d98e9142c73123b670fca400b09,human_rubric_general_v1,ok,5,5,5,5,Fully fulfilled.,Fully fulfilled.,Fully fulfilled.,Fully fulfilled.
diagram_9b0c5621be56,case_41_video_suggestion_system,case_41_video_suggestion_system,Llama_3.1_8B,syntax_grounded_repair,open_source__llama31_8b_instruct__few_shot_validation_generator_critic_repair__syntax_grounded,ggozad/prometheus2,specialized_evaluation,a35c2d3191de6693e87dc2d07609ca9643eab74bfa36fee3582b8cfc63753762,human_rubric_prometheus_reference_free_v1,failed,,,3,5,Judge response could not be parsed after two attempts.,Judge response could not be parsed after two attempts.,"The response provided a PlantUML diagram that was generally understandable and followed the instruction's requirements. However, there were some issues with clarity and complexity. The use of states like ""Idle"" and ""ReceivingRequest"" without clear transitions or explanations could potentially confuse users unfamiliar with UML notation. Additionally, the response did not explicitly state how the system would gather different types of videos simultaneously, which is a key requirement in the instruction. This lack of detail may lead to ambiguity about the system's functionality. The diagram also included unnecessary states such as ""User Profile"" and ""User Preferences,"" which were not directly related to the video suggestion process. These additional states could be seen as redundant, adding complexity without contributing to a clearer understanding of the system's operation. Therefore, while the response was partially fulfilled in terms of understandability, it still had several clarity or complexity issues that needed addressing.","The response provided aligns well with the instruction given. The terminology used in the states and transitions of the PlantUML diagram is consistent with the functional requirements specified in the task description. Each state name and transition label corresponds directly to a requirement, demonstrating a clear understanding of the task at hand. For example, ""ReceivingRequest"" aligns with the first requirement, ""Identifying User"" with the second, and so on. The response also maintains the flow of the system's operation from receiving a request to sending suggestions, which is in line with the instruction provided. Therefore, based on the score rubric, this response fulfills all criteria for terminological alignment, making it a complete match to the requirement text."
diagram_9b0c5621be56,case_41_video_suggestion_system,case_41_video_suggestion_system,Llama_3.1_8B,syntax_grounded_repair,open_source__llama31_8b_instruct__few_shot_validation_generator_critic_repair__syntax_grounded,llama3.1:8b-instruct-q4_K_M,general_purpose,46e0c10c039e019119339687c3c1757cc81b9da49709a3b3924863ba87ca666e,human_rubric_general_v1,ok,4,2,3,5,Missing initial state for 'Receiving Request',Transitions from 'Gathering Videos' to multiple states without clear conditions or guards,"State names and transition labels are mostly aligned with the requirement text, but some states (e.g., 'UserProfile', 'UserPreferences') could be more descriptive",Fully fulfilled
diagram_9b7509093e07,case_65_plane,case_65_plane,Mistral,syntax_grounded_repair,open_source__mistral__rag_validation_generator_critic_repair__syntax_grounded,deepseek-r1:14b,general_purpose,c333b7232bdb521236694ffbb5f5a6b11cc45d98e9142c73123b670fca400b09,human_rubric_general_v1,ok,4,3,5,5,"All required states are present, but the transition from Operations lacks a guard condition.",The diagram's behavior does not fully match all requirements due to missing guard conditions.,Fully fulfilled.,Fully fulfilled.
diagram_9b7509093e07,case_65_plane,case_65_plane,Mistral,syntax_grounded_repair,open_source__mistral__rag_validation_generator_critic_repair__syntax_grounded,ggozad/prometheus2,specialized_evaluation,a35c2d3191de6693e87dc2d07609ca9643eab74bfa36fee3582b8cfc63753762,human_rubric_prometheus_reference_free_v1,ok,4,5,4,5,"The response provided a clear and concise representation of the plane lifecycle using PlantUML. It successfully captured the main elements of the instruction, including the states 'Order', 'Arrival', 'Preparation', 'Operations', 'Maintenance', 'OutOfService', and 'Removed'. The transitions between these states were also well-represented, such as from 'Arrival' to 'Preparation', and from 'Maintenance' back to 'Preparation'.

However, the response did not explicitly mention the conditions under which a plane would be assigned to 'Operations' or 'Maintenance'. This omission is significant because it affects the completeness of the functional requirements. Additionally, while the response included an event for the completion of the lifecycle, it did not specify any guards that might influence these transitions.

Despite these minor omissions, the response still managed to convey a comprehensive overview of the plane lifecycle, aligning closely with the instruction's requirements. Therefore, based on the score rubric, the response is mainly fulfilled, as nearly all required elements are present, with only minor omissions.","The response accurately represents the lifecycle of a plane as per the requirements specified in the instruction. It successfully captures the transitions between different states, such as 'Order', 'Arrival', 'Preparation', 'Operations', 'Maintenance', 'OutOfService', and 'Removed'. Each transition is clearly defined with an action that triggers it, which aligns well with the functional requirements of the system.

The response also correctly identifies the conditions under which a plane would be assigned to 'Operations' or 'Maintenance', as well as when it would be taken out of service or removed from operations. This demonstrates a clear understanding of the logical flow and decision-making processes within the system.

Furthermore, the response is free from contradictions and maintains consistency throughout the diagram. It provides a comprehensive view of the plane's lifecycle without any major logical errors.

In conclusion, the response fulfills all aspects of the score rubric by presenting a correct and logically consistent representation of the plane's lifecycle as per the requirements specified in the instruction. Therefore, it is evident that the response is completely fulfilled according to the evaluation criteria.","The response provided a clear and understandable statechart diagram that effectively communicates the lifecycle of a plane. The transitions between states are logically ordered and easy to follow, which aligns with the instruction's requirement for clarity and readability. However, there is room for improvement in terms of conciseness and structure. For instance, the use of ""state"" could be replaced with more descriptive labels like ""arrival state,"" ""preparation state,"" etc., to enhance the diagram's readability. Additionally, the transitions between states could be further simplified to avoid redundancy. Despite these minor issues, the response successfully fulfills the criteria of being clear, readable, and well-structured. So the overall score is 4.","The response demonstrates a complete alignment of terminology with the instruction provided. Each state name and transition label is identical to the corresponding functional requirement, indicating that the system's lifecycle has been accurately represented in the PlantUML diagram. The use of terms such as 'Order', 'Arrival', 'Preparation', 'Operations', 'Maintenance', 'OutOfService', and 'Removed' are all consistent with the instruction, ensuring that the response is fully compliant with the score rubric. Therefore, based on the terminological alignment criterion, the response is rated as a 5."
diagram_9b7509093e07,case_65_plane,case_65_plane,Mistral,syntax_grounded_repair,open_source__mistral__rag_validation_generator_critic_repair__syntax_grounded,llama3.1:8b-instruct-q4_K_M,general_purpose,46e0c10c039e019119339687c3c1757cc81b9da49709a3b3924863ba87ca666e,human_rubric_general_v1,ok,4,3,5,4,Missing transition from 'Operations' to 'Maintenance' when maintenance is required.,"Transition from 'Arrival' to 'Preparation' does not match requirement 2, which states the system shall transition a plane from 'Arrival' to 'Preparation' upon its arrival, but this is already implied by the state machine.",Fully fulfilled.,"State names match requirement text, except for 'Removed', which could be more accurately named 'Withdrawn' to align with requirement 8."
diagram_9d4c78b4ab17,case_70_atm_many_scenarios_7,case_70_atm_many_scenarios_7,DeepSeek_R1_14B,baseline_repair,open_source__deepseek_r1_14b__few_shot_validation_generator_critic_repair,deepseek-r1:14b,general_purpose,c333b7232bdb521236694ffbb5f5a6b11cc45d98e9142c73123b670fca400b09,human_rubric_general_v1,ok,2,3,5,5,Missing states for handling incorrect PINs and card return upon cancellation.,Fails to account for scenarios with incorrect PINs or card retention upon multiple failures.,Fully fulfilled.,Fully fulfilled.
diagram_9d4c78b4ab17,case_70_atm_many_scenarios_7,case_70_atm_many_scenarios_7,DeepSeek_R1_14B,baseline_repair,open_source__deepseek_r1_14b__few_shot_validation_generator_critic_repair,ggozad/prometheus2,specialized_evaluation,a35c2d3191de6693e87dc2d07609ca9643eab74bfa36fee3582b8cfc63753762,human_rubric_prometheus_reference_free_v1,failed,3,,4,5,"The response provided a basic outline of the system's operation but lacked several important elements that were specified in the instruction. The diagram does not include any indication of greeting the user upon arrival or handling the card for security purposes, which are critical functional requirements. Additionally, there is no mention of allowing the user to try again if the entered PIN is incorrect, nor is there a representation of returning the card if the user cancels the operation. These omissions result in a partial fulfillment of the instruction's requirements. The response does include some elements such as checking the PIN and displaying available options, but these are not sufficient to meet the full scope of the instruction. Therefore, based on the score rubric, the response is partially fulfilled with several important elements missing.",Judge response could not be parsed after two attempts.,"The response provided a PlantUML diagram that was quite straightforward and easy to understand. It effectively represented the sequence of actions in the given scenario, from inserting the card to processing the user's request. However, there were minor issues with clarity and structure. The use of ""InsertCard"" as a starting point could be misleading, as it does not explicitly state that this is the first step when the user arrives. Additionally, the term ""DisplayOptions"" might be more accurately described as ""Show available options,"" to better reflect the action being taken. Despite these minor issues, the diagram was overall clear and readable, with only a few areas for improvement in terms of clarity and structure. So the overall score is 4.","The response provided aligns well with the instruction given. The terminology used in the PlantUML diagram is consistent with the functional requirements specified in the instruction. Each step of the process, from inserting the card to processing the request, is represented by a state name or transition label that mirrors the language used in the requirement text. This demonstrates a clear understanding and application of the terminology required for this task. The response does not contain any mismatches or deviations from the instruction's terms, which is why it fulfills the criteria set out in the score rubric to the highest degree. Therefore, based on the evaluation criterion focusing on terminological alignment, the response is completely fulfilled."
diagram_9d4c78b4ab17,case_70_atm_many_scenarios_7,case_70_atm_many_scenarios_7,DeepSeek_R1_14B,baseline_repair,open_source__deepseek_r1_14b__few_shot_validation_generator_critic_repair,llama3.1:8b-instruct-q4_K_M,general_purpose,46e0c10c039e019119339687c3c1757cc81b9da49709a3b3924863ba87ca666e,human_rubric_general_v1,ok,2,1,5,2,Missing states for invalid card and too many incorrect PIN attempts,"Contradiction: the system shall keep the card if it is invalid or the PIN is entered incorrectly too many times, but there's no state to handle this scenario",Fully fulfilled,State names and transition labels do not use the exact same terms as the requirement text
diagram_9e274e239e26,case_02_inventory,case_02_inventory,Llama_3.1_8B,syntax_grounded_repair,open_source__llama31_8b_instruct__few_shot_validation_generator_critic_repair__syntax_grounded,deepseek-r1:14b,general_purpose,c333b7232bdb521236694ffbb5f5a6b11cc45d98e9142c73123b670fca400b09,human_rubric_general_v1,ok,4,4,5,5,"Some requirements are partially covered, such as generating a receipt for the customer and viewing summary reports.","The diagram's behavior is mostly logical but misses some required transitions, like handling receipt generation and removal of expired goods.",Fully fulfilled.,Fully fulfilled.
diagram_9e274e239e26,case_02_inventory,case_02_inventory,Llama_3.1_8B,syntax_grounded_repair,open_source__llama31_8b_instruct__few_shot_validation_generator_critic_repair__syntax_grounded,ggozad/prometheus2,specialized_evaluation,a35c2d3191de6693e87dc2d07609ca9643eab74bfa36fee3582b8cfc63753762,human_rubric_prometheus_reference_free_v1,ok,5,3,4,4,"The response provided a complete state machine diagram that aligns with the given instruction. It successfully captured all the functional requirements specified in the instruction. Each state is clearly defined, and the transitions between them are well-articulated, demonstrating an understanding of the system's flow. The events, guards, initial states, and final states are also appropriately represented, ensuring that the response meets the criteria for completeness as outlined in the score rubric. Therefore, based on the evaluation criteria, this response is fully compliant with the instruction provided.","The response provided a state machine diagram that captures the main functionalities of the inventory system as described in the instruction. However, there are some logical issues present in the diagram. For instance, the transition from ""Adding"" to ""Updating"" is not clearly defined and could be misinterpreted as adding new goods to updating prices simultaneously. Additionally, the transitions between ""Billing"" and ""Cancelled"" or ""Replaced"" lack clarity on how these states are reached from the previous state. The diagram also fails to explicitly mention the generation of a receipt for the customer after the purchase, which is an important part of the billing process. Despite these issues, the main functionalities of the inventory system are represented in the diagram, and the behaviour is mostly correct with only minor logical issues. Therefore, based on the score rubric, the response is partially fulfilled.","The response provided a clear and understandable state machine for the inventory system. The use of PlantUML to represent the system's functionality was effective in conveying the necessary information. However, there were minor issues that could have been improved upon. For instance, the transitions between states could have been more explicitly defined to enhance clarity. Additionally, some of the states and their corresponding actions could have been better explained or named for easier understanding. Despite these minor shortcomings, the overall structure and readability of the diagram were commendable. The response successfully met most of the criteria outlined in the score rubric, with only a few areas that could be further refined to achieve full clarity and conciseness. So the overall score is 4.","The response demonstrates a good understanding of the task by creating a state machine that aligns with the functional requirements specified in the instruction. The terminology used in the state machine is mostly aligned with the requirement text, which is commendable. However, there are minor wording differences that prevent it from achieving a perfect score. For instance, ""addNewGoods"" and ""updatePrice"" could be more closely aligned with the original requirements by using phrases like ""add new goods to the inventory"" and ""update the price of existing items in the inventory."" Additionally, the transition labels such as ""saveGoods,"" ""savePrice,"" and ""saveInvoice"" are not explicitly mentioned in the instruction, which slightly deviates from the requirement text. Despite these minor discrepancies, the response is still quite close to the ideal alignment with the requirement text. Therefore, based on the score rubric, the response is mainly fulfilled."
diagram_9e274e239e26,case_02_inventory,case_02_inventory,Llama_3.1_8B,syntax_grounded_repair,open_source__llama31_8b_instruct__few_shot_validation_generator_critic_repair__syntax_grounded,llama3.1:8b-instruct-q4_K_M,general_purpose,46e0c10c039e019119339687c3c1757cc81b9da49709a3b3924863ba87ca666e,human_rubric_general_v1,ok,4,2,5,3,Missing state 'Recorded' for customer requests,"Transitions from 'Expired' to 'Idle' do not match requirement 4, as expired goods should be removed",Fully fulfilled,Some state names and transition labels use similar terms but not exactly the same as the requirement text
diagram_9f2e5bdfe12c,case_75_graderate,case_75_graderate,Qwen_2.5_7B,rag,open_source__qwen25_7b_instruct__rag,deepseek-r1:14b,general_purpose,c333b7232bdb521236694ffbb5f5a6b11cc45d98e9142c73123b670fca400b09,human_rubric_general_v1,ok,3,4,5,4,Missing the removal or archiving state after one year from expiration.,Transitions are logically correct except for missing the final removal/archival step.,Fully fulfilled.,State names and transition labels align with the requirement text except for missing 'remove or archive' action.
diagram_9f2e5bdfe12c,case_75_graderate,case_75_graderate,Qwen_2.5_7B,rag,open_source__qwen25_7b_instruct__rag,ggozad/prometheus2,specialized_evaluation,a35c2d3191de6693e87dc2d07609ca9643eab74bfa36fee3582b8cfc63753762,human_rubric_prometheus_reference_free_v1,ok,5,5,4,4,"The response provided a PlantUML diagram that captures the essence of the instruction. It successfully represents the functional requirements in a clear and concise manner. The diagram includes all required states, transitions, events, guards, initial states, and final states as per the rubric. Each state is connected to the next with an appropriate transition, indicating the system's behavior over time. The response also adheres to the rules of not repairing or rewriting the original instruction, which ensures that the evaluation remains objective and unbiased. Therefore, based on the score rubric, the response is completely fulfilled as it includes all necessary elements for a polished requirement specification.","The response provided a PlantUML diagram that accurately represents the functional requirements specified in the instruction. The diagram logically progresses from the waiting state to the active state, then to the expired state, and finally to the archived or removed state after one year. This sequence of states aligns with the requirement for the system to keep the rate in a waiting state until the start date arrives, activate the rate once the current date equals or surpasses its start date, maintain the rate's active state until the end of its validity period, mark the rate as expired once the finish date is reached, and remove or archive the rate after one year from its expiration date.

The diagram does not contain any contradictions or logical errors, which ensures that it fulfills the requirements completely and correctly. Therefore, based on the score rubric's criteria for correctness, the response demonstrates a complete understanding of the instruction and provides an accurate representation of the system's behavior.","The response provided a PlantUML diagram that effectively communicates the functional requirements of the system. The use of simple shapes and direct arrows between states makes it easy to follow the flow of the system's behavior. However, there is room for improvement in terms of clarity and conciseness. For instance, the labels ""Waiting"", ""Active"", ""Expired"" could be more descriptive to better reflect the specific conditions under which each state occurs. Additionally, the transition from ""Active"" to ""Expired"" could be more explicitly defined by stating that the rate is marked as expired once the finish date is reached. These minor enhancements would make the diagram even clearer and more concise. So the overall score is 4.","The response aligns well with the instruction's requirements. The terminology used in the PlantUML diagram is mostly consistent with the requirement text, which is a key aspect of the score rubric. For instance, ""Waiting"" corresponds to the system keeping the rate in a waiting state until the start date arrives. Similarly, ""Active"", ""Expired"", and the transitions between these states are all accurately represented from the instruction's requirements.

However, there is a minor discrepancy in the terminology used for the transition from ""Waiting"" to ""Active"". The instruction specifies that the system shall activate the rate once the current date equals or surpasses its start date. In contrast, the PlantUML diagram uses the phrase ""start date reached"", which could be interpreted as either the start date is reached or it has been surpassed. This slight ambiguity in the transition label does not fully align with the instruction's requirement for a clear activation of the rate.

Despite this minor issue, the overall alignment between the PlantUML diagram and the instruction's requirements is quite strong. The main terminology is mostly aligned, with only minor wording differences. Therefore, based on the score rubric, the response is mainly fulfilled in terms of terminological alignment."
diagram_9f2e5bdfe12c,case_75_graderate,case_75_graderate,Qwen_2.5_7B,rag,open_source__qwen25_7b_instruct__rag,llama3.1:8b-instruct-q4_K_M,general_purpose,46e0c10c039e019119339687c3c1757cc81b9da49709a3b3924863ba87ca666e,human_rubric_general_v1,ok,4,2,5,4,Missing transition from Waiting to Active when start date is reached,"The system shall activate the rate once the current date equals or surpasses its start date. However, the diagram does not account for this condition.",Fully fulfilled,"State names and transition labels generally match the requirement text, but 'start date reached' could be more specific"
diagram_a2fd142ede76,case_59_atm_1,case_59_atm_1,Llama_3.1_8B,baseline_repair,open_source__llama31_8b_instruct__few_shot_validation_generator_critic_repair,deepseek-r1:14b,general_purpose,c333b7232bdb521236694ffbb5f5a6b11cc45d98e9142c73123b670fca400b09,human_rubric_general_v1,ok,5,3,4,5,Fully fulfilled.,"The diagram has logical issues, such as the SelectAmount state looping on predefined selection and incorrect transitions from CustomAmount.",The diagram is clear but could be improved by addressing the flow issues.,Fully fulfilled.
diagram_a2fd142ede76,case_59_atm_1,case_59_atm_1,Llama_3.1_8B,baseline_repair,open_source__llama31_8b_instruct__few_shot_validation_generator_critic_repair,ggozad/prometheus2,specialized_evaluation,a35c2d3191de6693e87dc2d07609ca9643eab74bfa36fee3582b8cfc63753762,human_rubric_prometheus_reference_free_v1,ok,4,3,4,4,"The response provided a state machine diagram that captures the main functionalities of the ATM system as described in the instruction. It includes the necessary states such as ""Idle"", ""Select Amount"", ""Custom Amount"", ""Cancel Transaction"", and ""Transaction Completed"". The transitions between these states are also correctly represented, indicating the user's actions like clicking on buttons to select an amount or cancel a transaction.

However, there is a minor omission in the response. It does not explicitly mention the system's support for predefined amounts for selection by the user, which was one of the functional requirements stated in the instruction. This detail is crucial as it directly relates to the user experience and the system's functionality.

Despite this, the response still manages to cover most of the required elements, including the initial state, final states, and transitions that correspond to the user's actions. Therefore, based on the score rubric, the response is mainly fulfilled with only minor omissions.","The response provided a diagram that captures the main functionalities of the ATM system as described in the instruction. However, there are some logical issues present in the diagram. For instance, the transition from ""Select Amount"" to ""Custom Amount"" is incorrect because it should be from ""Select Amount"" to ""Custom Amount"" or vice versa, not both. Additionally, the transition from ""Custom Amount"" to ""Transaction Completed"" is missing, which is a critical part of the process as it represents the completion of the transaction after the user has confirmed their custom withdrawal amount.

Moreover, the diagram does not explicitly show that if the user cancels the transaction, the system shall stop the transaction and return the card. This is an important requirement that should be clearly represented in the diagram. The transition from ""Cancel Transaction"" to ""Idle"" is also incorrect as it should lead to ""Transaction Completed"" instead of ""Idle"".

Despite these issues, the response does manage to capture some correct behaviour such as allowing users to choose or enter a withdrawal amount and providing an option for the user to cancel the transaction at any point. However, due to the significant logical errors present in the diagram, it fails to fully meet the requirements specified in the instruction.

Therefore, based on the score rubric, the response is partially fulfilled as it captures some correct behaviour but also contains important logical problems that prevent it from being completely accurate and aligned with the requirement.","The response provided a PlantUML diagram that was mostly understandable and readable. The states were clearly defined, and the transitions between them were logical and easy to follow. However, there were minor issues with the clarity of the diagram. Specifically, the transition from ""Custom Amount"" to ""Transaction Completed"" was not explicitly stated in the instruction, which could lead to confusion about the flow of the system. Additionally, the transition from ""Cancel Transaction"" back to ""Idle"" was added without clear justification, which may not align with the intended behavior of the system as described in the instruction. These issues slightly detracted from the overall clarity and conciseness of the diagram. Therefore, while the response did a good job of creating a readable and mostly understandable diagram, it could have been improved by ensuring that all transitions were explicitly stated in the instruction and by providing clearer justifications for any additional transitions. So the overall score is 4.","The response demonstrates a good understanding of the requirements by using terminology that is closely aligned with the instruction. The states are named in a way that reflects the functionalities described, such as ""Select Amount"" and ""Custom Amount"". However, there are minor discrepancies in the transition labels. For instance, ""selectAmountButtonClicked()"" and ""customAmountSelected()"" could be more closely aligned with the requirement text by using terms like ""select withdrawal amount"" and ""input custom withdrawal amount"", respectively. Additionally, the transition from ""Custom Amount"" to ""Transaction Completed"" is not explicitly stated in the instruction, which may lead to confusion about the exact flow of the system. Despite these minor issues, the response still maintains a high level of terminological alignment with the requirements. So the overall score is 4."
diagram_a2fd142ede76,case_59_atm_1,case_59_atm_1,Llama_3.1_8B,baseline_repair,open_source__llama31_8b_instruct__few_shot_validation_generator_critic_repair,llama3.1:8b-instruct-q4_K_M,general_purpose,46e0c10c039e019119339687c3c1757cc81b9da49709a3b3924863ba87ca666e,human_rubric_general_v1,ok,4,2,3,5,Missing initial state for 'Select Amount',"Transition from 'Transaction Completed' to 'Cancel Transaction' is incorrect, as the system should stop the transaction and return the card when canceling","Some state names are not descriptive enough (e.g., 'Select Amount', 'Custom Amount')",Fully fulfilled
diagram_a43e73bcd960,case_75_graderate,case_75_graderate,Mistral,rag,open_source__mistral__rag,deepseek-r1:14b,general_purpose,c333b7232bdb521236694ffbb5f5a6b11cc45d98e9142c73123b670fca400b09,human_rubric_general_v1,ok,5,5,5,5,Fully fulfilled.,Fully fulfilled.,Fully fulfilled.,Fully fulfilled.
diagram_a43e73bcd960,case_75_graderate,case_75_graderate,Mistral,rag,open_source__mistral__rag,ggozad/prometheus2,specialized_evaluation,a35c2d3191de6693e87dc2d07609ca9643eab74bfa36fee3582b8cfc63753762,human_rubric_prometheus_reference_free_v1,failed,4,5,5,,"The response provided a clear and concise PlantUML diagram that effectively represents the functional requirements of the system. It successfully captures the main elements such as the initial state (Inactive), the active state (Active), the expired state (Expired), and the final state (Archived). The transitions between these states are also well-defined, with clear conditions for each transition.

However, there is a minor omission in the response. While it does include the condition for the rate to be marked as expired once the finish date is reached, it doesn't explicitly mention that the system shall remove or archive the rate after one year from its expiration date. This detail is important because it ensures that the rate is not left in an active state unnecessarily and that the system maintains a clean and efficient database over time.

Despite this minor omission, the response still provides a comprehensive overview of the required states and transitions for the system's rate management. Therefore, based on the score rubric, the response is mainly fulfilled with only minor omissions.","The response provided a clear and concise diagram that accurately represents the functional requirements of the system. The state machine diagram logically progresses from an inactive state to active, then expired, and finally archived, which aligns with the specified requirements. There are no contradictions or logical errors present in the diagram. Each transition is correctly linked to a specific date condition, ensuring that the rate's status changes only when the conditions are met. The response effectively encapsulates all the necessary functionalities without any superfluous information. Therefore, based on the score rubric, the response fulfills the requirements completely and correctly, making it a perfect match for the instruction provided.","The response provided a clear and concise PlantUML diagram that effectively communicates the functional requirements of the system. The use of state transitions to represent the different stages of rate management (Inactive, Active, Expired, Archived) is an excellent approach for visualizing the system's behavior over time. Furthermore, the response adheres to the instruction by not assuming any additional behavior or generating new PlantUML.

The diagram is well-structured and easy to read, with each state transition clearly defined by the conditions specified in the instruction. The transitions are logical and follow a coherent flow that aligns with the requirements stated. This makes it straightforward for anyone to understand the system's operation.

In terms of clarity, the response does not contain any unnecessary complexity or redundancy. Each element within the diagram serves a purpose and contributes to the overall understanding of the system's functional requirements. The absence of extraneous details ensures that the diagram remains focused on the essential aspects of the system's behavior.

Overall, the response successfully fulfills all criteria outlined in the score rubric by providing a clear, readable, and well-structured PlantUML diagram that accurately represents the functional requirements of the system. Therefore, based on these observations, the response is deemed to be fully compliant with the instruction provided.",Judge response could not be parsed after two attempts.
diagram_a43e73bcd960,case_75_graderate,case_75_graderate,Mistral,rag,open_source__mistral__rag,llama3.1:8b-instruct-q4_K_M,general_purpose,46e0c10c039e019119339687c3c1757cc81b9da49709a3b3924863ba87ca666e,human_rubric_general_v1,ok,4,2,4,5,Missing transition from Inactive to Active when startDate is reached.,"Transition from Expired to Archived has a guard that requires the current date to be one year after expiration, which contradicts requirement 5.","State names and transition labels are clear and readable, but some transitions could be more explicit.",Fully fulfilled.
diagram_a440e269b291,case_12_business_process_outsourcing_bpo_management_system_2,case_12_business_process_outsourcing_bpo_management_system_2,DeepSeek_R1_14B,baseline_repair,open_source__deepseek_r1_14b__few_shot_validation_generator_critic_repair,deepseek-r1:14b,general_purpose,c333b7232bdb521236694ffbb5f5a6b11cc45d98e9142c73123b670fca400b09,human_rubric_general_v1,ok,4,3,4,4,Missing handling of both filter category and price range separately.,Fails to account for separate handling of filter category and price range.,Clear but lacks detail on handling both filters separately.,"State names align, but transition labels are vague."
diagram_a440e269b291,case_12_business_process_outsourcing_bpo_management_system_2,case_12_business_process_outsourcing_bpo_management_system_2,DeepSeek_R1_14B,baseline_repair,open_source__deepseek_r1_14b__few_shot_validation_generator_critic_repair,ggozad/prometheus2,specialized_evaluation,a35c2d3191de6693e87dc2d07609ca9643eab74bfa36fee3582b8cfc63753762,human_rubric_prometheus_reference_free_v1,ok,3,3,4,4,"The response provided a basic outline of the process flow but lacks several important elements that were explicitly mentioned in the instruction. The functional requirements such as allowing users to search by selecting a filter category or price range, and displaying matching users based on the chosen criteria are not clearly represented in the diagram. While the main elements of the process flow are present, the absence of these specific functionalities results in an incomplete representation of the scenario. Therefore, according to the score rubric, this response is partially fulfilled as it does not fully capture all required states and transitions.","The response provided a basic flow of the system's operation, which includes entering search criteria, performing the search, and displaying results. However, it lacks specificity in terms of how the filter categories and price ranges are utilized in the search process. The diagram does not explicitly show how these filters are applied to the search criteria, which is a critical aspect of the functional requirements. Additionally, there is no mention of how the system would handle cases where no matching users are found based on the chosen criteria. This omission could lead to logical inconsistencies in the system's operation. Therefore, while the response does capture some aspects of the system's functionality, it falls short in fully addressing the requirements and potential logical issues that may arise. So the overall score is 3.","The response provided a PlantUML diagram that was quite simple and straightforward. It effectively communicated the process of searching within the BPO Management System. The use of clear and concise language in the description of each step made it easy to understand the flow from entering search criteria to displaying results. However, there were minor issues with the clarity of the diagram. For instance, the transition between ""SearchCriteriaEntered"" and ""ResultsDisplayed"" could have been more explicit to better illustrate the process. Additionally, the use of a single node for both filter categories and price range might not fully convey the distinct nature of each search criterion. Despite these minor issues, the diagram was overall clear, readable, and well structured. Therefore, based on the score rubric, the response is mainly fulfilled with only minor clarity or complexity issues remaining.","The response provided aligns well with the instruction given. The terminology used in the response is closely related to the requirements specified, demonstrating a good understanding of the task at hand. For instance, ""SearchCriteriaEntered"" and ""ResultsDisplayed"" are direct translations of the functional requirements stated in the instruction. However, there is a minor discrepancy in the transition label ""Start"", which could be more accurately described as ""UserLogsIn"". This slight deviation from the exact terminology used in the instruction does not significantly detract from the overall alignment with the requirement text. Therefore, while the response is mostly aligned with the requirements, it falls short of a perfect score due to this minor discrepancy. So the overall score is 4."
diagram_a440e269b291,case_12_business_process_outsourcing_bpo_management_system_2,case_12_business_process_outsourcing_bpo_management_system_2,DeepSeek_R1_14B,baseline_repair,open_source__deepseek_r1_14b__few_shot_validation_generator_critic_repair,llama3.1:8b-instruct-q4_K_M,general_purpose,46e0c10c039e019119339687c3c1757cc81b9da49709a3b3924863ba87ca666e,human_rubric_general_v1,ok,2,1,3,1,"Initial state 'Start' is present, but there's no final state or any states representing the filter category or price range selection.",The diagram does not logically match the requirement as it doesn't account for selecting a filter category or price range separately before performing the search.,The diagram is somewhat clear but could be improved by adding more descriptive labels and states to better represent the different steps in the process.,"State names and transition labels do not use the exact same terms as the requirement text; for example, 'SearchCriteriaEntered' does not match any of the given requirements."
diagram_a60ce1bf6f1b,case_28_ott_based_system_mini_reel,case_28_ott_based_system_mini_reel,Qwen_2.5_7B,rag,open_source__qwen25_7b_instruct__rag,deepseek-r1:14b,general_purpose,c333b7232bdb521236694ffbb5f5a6b11cc45d98e9142c73123b670fca400b09,human_rubric_general_v1,ok,5,5,5,5,Fully fulfilled.,Fully fulfilled.,Fully fulfilled.,Fully fulfilled.
diagram_a60ce1bf6f1b,case_28_ott_based_system_mini_reel,case_28_ott_based_system_mini_reel,Qwen_2.5_7B,rag,open_source__qwen25_7b_instruct__rag,ggozad/prometheus2,specialized_evaluation,a35c2d3191de6693e87dc2d07609ca9643eab74bfa36fee3582b8cfc63753762,human_rubric_prometheus_reference_free_v1,ok,5,4,4,4,"The response provided a complete UML State Machine Diagram for the Ott Based System Mini Reel. It included all the necessary states such as ""Create Account"", ""Watch Videos"", ""Upload Video"", ""Save to Likes List"", ""View Likes List"", and ""Enter Discussion Option"". The transitions between these states were also clearly defined, indicating a smooth flow of user actions within the system. Additionally, the response included initial and final states for each action, which are crucial for understanding the overall behavior of the system.

The diagram elements such as events, guards, and the structure of the state machine were all present in the response. The use of PlantUML syntax was correct and the diagram was well-structured, making it easy to understand the functional requirements of the system.

In conclusion, the response fulfilled all the criteria set out in the score rubric by providing a complete and accurate representation of the system's functionality through a UML State Machine Diagram. Therefore, based on the completeness criterion, the response is rated as 5.","The response provided a UML State Machine Diagram that aligns well with the functional requirements specified in the instruction. Each state corresponds to a specific user action, such as creating an account, watching videos, uploading videos, saving videos to the likes list, viewing saved videos, and entering the discussion option. The transitions between states are also correctly represented, indicating a logical flow of user actions within the system.

However, there is a minor issue in the diagram that could be improved. In the ""Enter Discussion Option"" state, the transition to the final state (""[*]"") does not explicitly indicate that this action concludes the interaction with the system. This slight ambiguity might lead to confusion about whether the user has completed all possible actions within the system.

Despite this minor logical issue, the overall diagram is mostly correct and effectively communicates the main functionalities of the Ott Based System Mini Reel. Therefore, based on the score rubric, the response demonstrates a high level of correctness in representing the behaviour of the system according to the requirements.","The response provided a UML State Machine Diagram for the Ott Based System Mini Reel. The diagram was clear and readable, with each state representing a specific function of the system. However, there were minor issues that could have been improved to enhance clarity and conciseness. For instance, the transitions between states could have been more explicitly defined to better illustrate the flow of user actions within the system. Additionally, the use of abbreviations such as ""CreateAccount"" instead of a fuller description might be slightly confusing for users unfamiliar with UML diagrams. Despite these minor issues, the overall structure and readability of the diagram were commendable. The response effectively communicated the functional requirements of the system in a concise manner, making it easy to understand the intended user experience. Therefore, based on the score rubric, the response was mainly fulfilled with only minor issues.","The response demonstrates a good understanding of the task by creating a UML State Machine Diagram that aligns with the functional requirements provided in the instruction. The terminology used in the diagram is mostly aligned with the requirement text, which is commendable. However, there are minor wording differences that prevent it from achieving a perfect score. For instance, ""entry"" and ""exit"" could be replaced with more specific terms like ""start"" and ""complete,"" respectively, to better reflect the actions being taken during each state. Additionally, the transition labels could be more descriptive to provide clearer connections between states. Despite these minor discrepancies, the response effectively communicates the system's functionality through a well-structured UML diagram. So the overall score is 4."
diagram_a60ce1bf6f1b,case_28_ott_based_system_mini_reel,case_28_ott_based_system_mini_reel,Qwen_2.5_7B,rag,open_source__qwen25_7b_instruct__rag,llama3.1:8b-instruct-q4_K_M,general_purpose,46e0c10c039e019119339687c3c1757cc81b9da49709a3b3924863ba87ca666e,human_rubric_general_v1,ok,5,4,5,4,Fully fulfilled.,"The diagram's behavior logically matches the requirement, with no contradictions, but it does not explicitly model the 'save videos in their likes list during video viewing' and 'view their saved videos from the likes list' requirements as separate states.",Fully fulfilled.,"The diagram uses the exact same terms as the requirement text for state names and transition labels, but it does not use the term 'enter' in the 'Enter Discussion Option' state."
diagram_a750a6fc981e,case_46_digital_watch,case_46_digital_watch,DeepSeek_R1_14B,syntax_grounded_repair,open_source__deepseek_r1_14b__few_shot_validation_generator_critic_repair__syntax_grounded_no_rules,deepseek-r1:14b,general_purpose,c333b7232bdb521236694ffbb5f5a6b11cc45d98e9142c73123b670fca400b09,human_rubric_general_v1,ok,5,5,5,5,Fully fulfilled.,Fully fulfilled.,Fully fulfilled.,Fully fulfilled.
diagram_a750a6fc981e,case_46_digital_watch,case_46_digital_watch,DeepSeek_R1_14B,syntax_grounded_repair,open_source__deepseek_r1_14b__few_shot_validation_generator_critic_repair__syntax_grounded_no_rules,ggozad/prometheus2,specialized_evaluation,a35c2d3191de6693e87dc2d07609ca9643eab74bfa36fee3582b8cfc63753762,human_rubric_prometheus_reference_free_v1,failed,3,,4,4,"The response provided a state diagram that captures the main functionalities of the ""Digital Watch"" system. It includes the normal operation, adjusting time, alarm feature, and light feature. However, it lacks some important details such as the specific actions taken during each state transition, like changing hour, minutes, alarm hour, or alarm minutes in the AdjustingTime state. Additionally, the response does not explicitly mention how the system handles when the set alarm time matches the current time, which is a critical requirement for the alarm feature. The absence of these details results in a partial fulfillment of the instruction's requirements. Therefore, while the main elements are represented, several important elements are missing, making it less comprehensive than required.",Judge response could not be parsed after two attempts.,"The response provided a clear and understandable state diagram for the ""Digital Watch"" system operations. The diagram was well-structured, with each state representing a specific operation or feature of the system. However, there were minor issues that could have been improved to enhance clarity and readability. For instance, the transitions between states could have been more explicitly defined to better illustrate the flow of operations within the system. Additionally, some of the descriptions in the states could have been more concise to avoid redundancy. Despite these minor shortcomings, the response effectively communicated the functional requirements of the system in a clear and structured manner. Therefore, based on the score rubric, the response was mainly fulfilled with only minor issues.","The response demonstrates a good understanding of the functional requirements for the ""Digital Watch"" system, translating them into a state diagram that reflects the operations of the system. The terminology used in the state names and transition labels is mostly aligned with the requirement text. However, there are minor wording differences, such as using ""entry"" instead of ""start"" and ""exit"" instead of ""stop"". These terms are not incorrect but do not perfectly match the original instruction. Additionally, the term ""Alarm Off State"" could be more accurately described as ""No Alarm Active State"", to better reflect the absence of an alarm in this state. Despite these minor discrepancies, the overall alignment with the requirement text is strong, and the response effectively communicates the system's operations. So the overall score is 4."
diagram_a750a6fc981e,case_46_digital_watch,case_46_digital_watch,DeepSeek_R1_14B,syntax_grounded_repair,open_source__deepseek_r1_14b__few_shot_validation_generator_critic_repair__syntax_grounded_no_rules,llama3.1:8b-instruct-q4_K_M,general_purpose,46e0c10c039e019119339687c3c1757cc81b9da49709a3b3924863ba87ca666e,human_rubric_general_v1,ok,5,4,5,5,Fully fulfilled.,"The diagram's behavior logically matches the requirement, with no contradictions, except for the transition from AlarmState to NormalState which is not explicitly mentioned in the requirements.",Fully fulfilled.,Fully fulfilled.
diagram_abbe9b796d0b,case_51_process_sale,case_51_process_sale,Llama_3.1_8B,baseline_repair,open_source__llama31_8b_instruct__few_shot_validation_generator_critic_repair,deepseek-r1:14b,general_purpose,c333b7232bdb521236694ffbb5f5a6b11cc45d98e9142c73123b670fca400b09,human_rubric_general_v1,ok,5,5,5,5,Fully fulfilled.,Fully fulfilled.,Fully fulfilled.,Fully fulfilled.
diagram_abbe9b796d0b,case_51_process_sale,case_51_process_sale,Llama_3.1_8B,baseline_repair,open_source__llama31_8b_instruct__few_shot_validation_generator_critic_repair,ggozad/prometheus2,specialized_evaluation,a35c2d3191de6693e87dc2d07609ca9643eab74bfa36fee3582b8cfc63753762,human_rubric_prometheus_reference_free_v1,failed,4,4,,4,"The response provided a clear and concise representation of the process sale state machine. It successfully captured the main elements of the instruction, including the waiting for a new sale, adding items, moving to payment, verifying payment, completing the sale, and returning to waiting for the next customer. However, it lacked some details such as the specific events that trigger transitions between states, like the addition of all items before moving to payment. Additionally, there was no mention of guards or initial states which are important components in a state machine diagram. Despite these minor omissions, the response still managed to convey the overall flow and logic of the process sale system effectively. Therefore, based on the score rubric, the response is mainly fulfilled with only minor omissions.","The response provided a clear and concise representation of the process sale state machine. It accurately depicted the sequence of events from waiting for a new sale to completing the sale, which aligns with the functional requirements specified in the instruction. The transitions between states were logically consistent, demonstrating an understanding of the system's behavior.

However, there was a minor logical issue in the response. The transition from Payment to VerifyingPayment was not explicitly stated as being dependent on the customer's payment method (card or check). This could potentially lead to confusion about when the verification process should occur. Despite this, the overall diagram correctly represented the main behavior of the system and adhered closely to the requirements.

In conclusion, while the response was mostly correct, it contained a minor logical issue that could be improved upon for clarity. Therefore, based on the score rubric, the response is mainly fulfilled with only minor logical issues.",Judge response could not be parsed after two attempts.,"The response aligns well with the instruction's requirements, using terminology that closely matches the original text. The state machine diagram effectively captures the sequence of actions in a sale process, from waiting for a new sale to completing the sale and returning to wait for the next customer. Each state is clearly defined and transitions between states are accurately represented by the instructions provided.

However, there are minor wording differences that prevent the response from achieving a perfect score. For example, ""WaitingForSale"" could be more precisely named as ""WaitingForNewSale,"" which would better reflect the instruction's emphasis on waiting for a new sale specifically. Additionally, the transition label ""new sale"" could be more explicitly stated as ""a new sale."" These slight deviations from the exact terminology used in the instructions are what differentiate this response from a perfect score.

Despite these minor discrepancies, the overall alignment of state names and transition labels with the requirement text is commendable. The response demonstrates a strong understanding of the instruction's requirements and effectively communicates them through the use of PlantUML. Therefore, based on the rubric's criteria for terminological alignment, this response is mainly fulfilled."
diagram_abbe9b796d0b,case_51_process_sale,case_51_process_sale,Llama_3.1_8B,baseline_repair,open_source__llama31_8b_instruct__few_shot_validation_generator_critic_repair,llama3.1:8b-instruct-q4_K_M,general_purpose,46e0c10c039e019119339687c3c1757cc81b9da49709a3b3924863ba87ca666e,human_rubric_general_v1,ok,4,3,5,5,Missing state 'WaitingForCash' for requirement 4,Transition from Payment to Completed is incorrect for card or check payment,Fully fulfilled,Fully fulfilled
diagram_ac374a6242fa,case_16_weather_monitoring_system,case_16_weather_monitoring_system,DeepSeek_R1_14B,baseline_repair,open_source__deepseek_r1_14b__few_shot_validation_generator_critic_repair,deepseek-r1:14b,general_purpose,c333b7232bdb521236694ffbb5f5a6b11cc45d98e9142c73123b670fca400b09,human_rubric_general_v1,ok,1,1,2,3,The diagram does not include most required states and transitions from the requirements.,"The diagram only shows login and logout, ignoring other functionalities like registration and weather checking.",The diagram is simple but lacks the necessary states and transitions to fully represent the system's behavior.,"State names match the requirements, but other required elements are missing."
diagram_ac374a6242fa,case_16_weather_monitoring_system,case_16_weather_monitoring_system,DeepSeek_R1_14B,baseline_repair,open_source__deepseek_r1_14b__few_shot_validation_generator_critic_repair,ggozad/prometheus2,specialized_evaluation,a35c2d3191de6693e87dc2d07609ca9643eab74bfa36fee3582b8cfc63753762,human_rubric_prometheus_reference_free_v1,failed,1,1,,1,"The response provided does not meet the requirements of the instruction. It fails to include any of the functional requirements specified in the task description. The diagram is overly simplistic and does not represent the complexity of a weather monitoring system, nor does it address user account creation, login processes, location validation, or the selection of weather information. Furthermore, there are no transitions or events that correspond to the actions a user might take within the system. Therefore, based on the score rubric, this response is not fulfilled at all and lacks almost all required diagram elements.","The response provided does not align with the given instruction for a Weather Monitoring System. The diagram is overly simplistic and fails to address any of the specific functional requirements outlined in the instruction. It lacks detail on user account creation, login processes, weather information selection, or additional weather details viewing. Furthermore, it does not reflect the system's ability to end the process under certain conditions such as unsuccessful registration or invalid location input. The response is therefore incorrect and contradictory to the requirements specified in the instruction.",Judge response could not be parsed after two attempts.,"The response provided does not align with the instruction given. The terminology used in the response is entirely unrelated to the requirement text, which specifically asks for a detailed description of the functional requirements of the Weather Monitoring System. The response fails to mention any of the required features such as account creation, location validation, weather information selection, or additional weather details viewing. It also does not provide any indication of how the system would end processes when necessary. Therefore, based on the score rubric which focuses on terminological alignment, this response is not fulfilled at all and does not meet the requirements set forth in the instruction."
diagram_ac374a6242fa,case_16_weather_monitoring_system,case_16_weather_monitoring_system,DeepSeek_R1_14B,baseline_repair,open_source__deepseek_r1_14b__few_shot_validation_generator_critic_repair,llama3.1:8b-instruct-q4_K_M,general_purpose,46e0c10c039e019119339687c3c1757cc81b9da49709a3b3924863ba87ca666e,human_rubric_general_v1,ok,2,1,5,2,"Missing states for account creation, login, and checking weather",Does not match the requirement as it only shows a simple login/logout cycle without any other functionality,Fully fulfilled,Uses 'LoggedIn' and 'LoggedOut' instead of exact terms from the requirement text
diagram_b0dfeb271439,case_37_online_quiz_system,case_37_online_quiz_system,DeepSeek_R1_14B,syntax_grounded_repair,open_source__deepseek_r1_14b__few_shot_validation_generator_critic_repair__syntax_grounded_no_rules,deepseek-r1:14b,general_purpose,c333b7232bdb521236694ffbb5f5a6b11cc45d98e9142c73123b670fca400b09,human_rubric_general_v1,ok,5,5,5,5,Fully fulfilled.,Fully fulfilled.,Fully fulfilled.,Fully fulfilled.
diagram_b0dfeb271439,case_37_online_quiz_system,case_37_online_quiz_system,DeepSeek_R1_14B,syntax_grounded_repair,open_source__deepseek_r1_14b__few_shot_validation_generator_critic_repair__syntax_grounded_no_rules,ggozad/prometheus2,specialized_evaluation,a35c2d3191de6693e87dc2d07609ca9643eab74bfa36fee3582b8cfc63753762,human_rubric_prometheus_reference_free_v1,ok,5,4,3,4,"The response provided a complete state diagram for the Online Quiz System, covering all the functional requirements specified in the instruction. Each state was clearly defined, and the transitions between them were accurately represented. The response also included initial and final states, which are essential to understanding the system's flow. Furthermore, it incorporated all necessary events, guards, and actions that would occur within each state, such as logging in, creating a quiz, or submitting an answer. This comprehensive approach ensures that all required elements of the diagram were present, fulfilling the criteria for a score of 5 according to the rubric. Therefore, based on the completeness of the response and its alignment with the instruction's requirements, it is evident that this response meets the highest standard set by the evaluation criterion.","The response provided a PlantUML diagram that represents the behavior of an Online Quiz System. The diagram is mostly correct, with only minor logical issues. It successfully captures the flow of user actions from login to quiz submission and result viewing. However, there are some areas where the behavior could be more accurately represented. For instance, the transition from ""CreatingQuiz"" to ""EditingQuiz"" lacks clarity on how a teacher would switch between creating and editing a quiz. Additionally, the transitions from ""SelectingQuiz"" to ""AnsweringQuiz"" and from ""SubmittingQuiz"" to ""ViewingResult"" could be more explicit in terms of user actions. Despite these minor issues, the overall behavior of the system is well-represented in the diagram. Therefore, based on the score rubric, the response is mainly fulfilled with only minor logical issues.","The response provided a PlantUML diagram that was largely understandable and readable. The structure of the diagram was logical, with each state representing a different stage in the quiz system's operation. However, there were some minor issues that affected the clarity and conciseness of the diagram. For instance, the transitions between states were not clearly defined, which could potentially lead to confusion about the flow of operations within the system. Additionally, the use of ""choose teacher role"" and ""choose student role"" in the transitions from the LoggedIn state to TeacherMenu and StudentMenu respectively, was slightly redundant as these roles are already implied by the user's login status. These minor issues prevented the diagram from being fully clear and concise. Therefore, while the response did a good job of outlining the functional requirements of the quiz system, there were areas where the clarity and structure could have been improved to better meet the criteria set forth in the score rubric.","The response provided a clear and concise representation of the Online Quiz System's functional requirements using PlantUML. The terminology used in the diagram aligns well with the instruction, demonstrating an understanding of the system's operations. For instance, terms like ""LoggedIn"", ""TeacherMenu"", ""StudentMenu"", ""CreatingQuiz"", and ""SubmittingQuiz"" are directly taken from the requirement text. The transitions between states also reflect the logical flow of user interactions within the system.

However, there is a minor discrepancy in the terminology used for the state ""ViewingResult"". While the instruction specifies that students view their results after submitting the quiz, the response uses the term ""ViewingResult"" which could be interpreted as viewing the result of a quiz rather than the student's personal result. This slight misalignment in terminology does not significantly impact the overall understanding of the system's requirements but is worth noting.

In conclusion, the response demonstrates a strong alignment with the instruction's terminology and functional requirements, with only a minor discrepancy in the interpretation of one state name. Therefore, based on the score rubric, the response is mainly fulfilled, with only minor wording differences."
diagram_b0dfeb271439,case_37_online_quiz_system,case_37_online_quiz_system,DeepSeek_R1_14B,syntax_grounded_repair,open_source__deepseek_r1_14b__few_shot_validation_generator_critic_repair__syntax_grounded_no_rules,llama3.1:8b-instruct-q4_K_M,general_purpose,46e0c10c039e019119339687c3c1757cc81b9da49709a3b3924863ba87ca666e,human_rubric_general_v1,ok,4,3,2,5,Missing 'ViewingResult' in the initial transition from Start,Transitions for viewing quiz results and submitting a completed quiz are not clearly defined,The diagram is complex with many states and transitions making it hard to follow,Fully fulfilled
diagram_b13b0737abe9,case_45_alarm_clock,case_45_alarm_clock,DeepSeek_R1_14B,baseline_repair,open_source__deepseek_r1_14b__few_shot_validation_generator_critic_repair,deepseek-r1:14b,general_purpose,c333b7232bdb521236694ffbb5f5a6b11cc45d98e9142c73123b670fca400b09,human_rubric_general_v1,ok,5,5,5,5,Fully fulfilled.,Fully fulfilled.,Fully fulfilled.,Fully fulfilled.
diagram_b13b0737abe9,case_45_alarm_clock,case_45_alarm_clock,DeepSeek_R1_14B,baseline_repair,open_source__deepseek_r1_14b__few_shot_validation_generator_critic_repair,ggozad/prometheus2,specialized_evaluation,a35c2d3191de6693e87dc2d07609ca9643eab74bfa36fee3582b8cfc63753762,human_rubric_prometheus_reference_free_v1,failed,3,,3,4,"The response provided a basic UML State Chart Diagram that captures the main functional requirements of the alarm clock system. It includes the initial off state, the setting of an alarm time, the activation of the alarm when the current time matches the set alarm time, and the ability to turn off the alarm. However, it lacks some important elements such as the transition from the ringing state back to the alarm set state when the user stops the alarm, and the system's active state after stopping the alarm for the next scheduled alarm time. These omissions prevent the response from being fully compliant with the instruction provided. Therefore, while the main elements are represented, several important elements are missing, which is why it does not meet the highest standards of completeness as outlined in the score rubric.",Judge response could not be parsed after two attempts.,"The response provided a UML State Chart Diagram that was generally understandable and followed the instruction's requirements. However, there were some issues with clarity and complexity. The transitions between states were not clearly defined, which could lead to confusion about the flow of the system. Additionally, the diagram did not explicitly state what happens when the user sets an alarm time or when the current time does not match the set alarm time. These omissions could make it difficult for someone unfamiliar with UML to fully grasp the functionality of the system. Despite these issues, the response was still largely understandable and well-structured. So the overall score is 3.","The response aligns well with the instruction's requirements, using terminology that closely matches the original text. The states ""Off"", ""Alarm Set"", and ""Ringing"" are consistent with the functional requirements specified in the instruction. Additionally, the transitions between these states are accurately represented by the instruction's conditions.

However, there is a minor discrepancy in the transition label from ""Ringing"" to ""AlarmSet"". The instruction specifies that the user should be able to stop the alarm once it starts ringing, but the response does not explicitly state this action as part of the transition. Instead, it implies that the system will return to the ""AlarmSet"" state after the alarm is turned off. This slight deviation from the exact terminology used in the instruction results in a score of 4 rather than 5.

Despite this minor issue, the response demonstrates a strong understanding of the requirements and effectively communicates them using PlantUML. The alignment with the instruction's terms is mostly accurate, which is why it receives a high score. So the overall score is 4."
diagram_b13b0737abe9,case_45_alarm_clock,case_45_alarm_clock,DeepSeek_R1_14B,baseline_repair,open_source__deepseek_r1_14b__few_shot_validation_generator_critic_repair,llama3.1:8b-instruct-q4_K_M,general_purpose,46e0c10c039e019119339687c3c1757cc81b9da49709a3b3924863ba87ca666e,human_rubric_general_v1,ok,3,2,4,5,Initial state 'Off' and final states are missing.,"Transition from 'Alarm Set' to itself is incorrect, as it implies the alarm time never changes.","The diagram is clear and readable, but some transitions could be labeled more explicitly for better understanding.",Fully fulfilled.
diagram_b31e205102f3,case_46_digital_watch,case_46_digital_watch,DeepSeek_R1_14B,baseline_repair,open_source__deepseek_r1_14b__few_shot_validation_generator_critic_repair,deepseek-r1:14b,general_purpose,c333b7232bdb521236694ffbb5f5a6b11cc45d98e9142c73123b670fca400b09,human_rubric_general_v1,ok,5,5,5,5,Fully fulfilled.,Fully fulfilled.,Fully fulfilled.,Fully fulfilled.
diagram_b31e205102f3,case_46_digital_watch,case_46_digital_watch,DeepSeek_R1_14B,baseline_repair,open_source__deepseek_r1_14b__few_shot_validation_generator_critic_repair,ggozad/prometheus2,specialized_evaluation,a35c2d3191de6693e87dc2d07609ca9643eab74bfa36fee3582b8cfc63753762,human_rubric_prometheus_reference_free_v1,failed,3,,4,4,"The response provided a state diagram that captures the main functionalities of the ""Digital Watch"" system. It includes the normal operation, adjusting time, alarm feature, and light feature. However, it lacks some important details such as the specific transitions between states and the conditions under which certain events occur. For instance, the response does not explicitly state that the system should trigger an alarm when the set alarm time matches the current time. Additionally, while the response mentions increasing values during adjustments, it does not specify how this is done or what the user interface looks like. These omissions result in a less comprehensive representation of the system's operations compared to the instruction provided. Therefore, based on the score rubric, the response is partially fulfilled as it represents the main elements but misses several important details.",Judge response could not be parsed after two attempts.,"The response provided a clear and understandable state diagram for the ""Digital Watch"" system operations. The use of states to represent different functionalities of the watch was effective in illustrating the transitions between various user interactions. However, there were minor issues that could have been improved upon. For instance, the transition from AdjustingTime to AlarmState could be more explicit by stating ""Alarm time reached"" instead of just ""AlarmState"". This would provide a clearer understanding of the trigger for the alarm feature. Additionally, the transitions between states were not as detailed as they could have been, which might leave some ambiguity about the exact actions taken during these transitions. Despite these minor issues, the overall structure and clarity of the diagram were commendable. The response effectively communicated the functionalities of the system in a concise manner without unnecessary complexity or redundancy. Therefore, based on the score rubric, the response was mainly fulfilled with only minor issues.","The response demonstrates a good understanding of the functional requirements for the ""Digital Watch"" system, translating them into a state diagram that reflects the operations of the system. The terminology used in the state names and transition labels is mostly aligned with the requirement text. However, there are minor wording differences, such as using ""entry"" instead of ""start"" and ""exit"" instead of ""stop"". These terms are not incorrect but do not perfectly match the original instruction. Additionally, the term ""Alarm Off State"" could be more accurately described as ""No Alarm Active State"", to better reflect the absence of an active alarm. Despite these minor discrepancies, the response effectively communicates the system's operations and aligns well with the requirement text. So the overall score is 4."
diagram_b31e205102f3,case_46_digital_watch,case_46_digital_watch,DeepSeek_R1_14B,baseline_repair,open_source__deepseek_r1_14b__few_shot_validation_generator_critic_repair,llama3.1:8b-instruct-q4_K_M,general_purpose,46e0c10c039e019119339687c3c1757cc81b9da49709a3b3924863ba87ca666e,human_rubric_general_v1,ok,5,4,5,4,Fully fulfilled.,"All transitions and states logically match the requirement, but there is a minor issue with the AlarmOff state's exit condition, which should be 'Return to Normal State' instead of just 'Normal State'.",Fully fulfilled.,"State names and transition labels generally match the requirement text, but some minor variations exist (e.g., 'alarm time reached' instead of 'set alarm time matches current time')."
diagram_b58376468e39,case_67_atm_many_scenarios_1,case_67_atm_many_scenarios_1,Qwen_2.5_7B,syntax_grounded_repair,open_source__qwen25_7b_instruct__rag_validation_generator_critic_repair__syntax_grounded_original_rag,deepseek-r1:14b,general_purpose,c333b7232bdb521236694ffbb5f5a6b11cc45d98e9142c73123b670fca400b09,human_rubric_general_v1,ok,5,5,5,5,Fully fulfilled.,Fully fulfilled.,Fully fulfilled.,Fully fulfilled.
diagram_b58376468e39,case_67_atm_many_scenarios_1,case_67_atm_many_scenarios_1,Qwen_2.5_7B,syntax_grounded_repair,open_source__qwen25_7b_instruct__rag_validation_generator_critic_repair__syntax_grounded_original_rag,ggozad/prometheus2,specialized_evaluation,a35c2d3191de6693e87dc2d07609ca9643eab74bfa36fee3582b8cfc63753762,human_rubric_prometheus_reference_free_v1,ok,4,5,4,4,"The response provided a comprehensive diagram that covers the majority of the functional requirements specified in the instruction. It includes all the necessary states such as Idle, WaitingForPIN, ValidatingPIN, WaitingForCustomerChoice, ProcessingWithdrawal, Dispensing, Printing, Ejecting, Confiscating, Terminating, and ClosedDown. The transitions between these states are also well-defined, indicating a clear understanding of the system's operation.

However, there are minor omissions in the response that prevent it from achieving a perfect score. Specifically, the response does not explicitly mention the system's readiness for the next user after completing the transaction. This is an important aspect of the system's functionality and should be included to fully meet the requirements.

Despite this, the response still provides a detailed and accurate representation of the system's operation, with only minor omissions. Therefore, based on the score rubric, the response is mainly fulfilled, as it includes nearly all required elements, with only minor omissions.","The response provided a comprehensive diagram that aligns well with the given instruction. It successfully captures the sequence of events in an ATM scenario, from the initial idle state to the final termination state. The functional requirements are addressed systematically, and each step is clearly defined, ensuring that the behaviour logically matches the requirement without contradiction.

The diagram includes all necessary states such as WaitingForPIN, ValidatingPIN, and ProcessingWithdrawal, which are crucial for understanding the flow of operations in an ATM system. The response also correctly handles scenarios like PIN verification, withdrawal processing, and receipt printing, demonstrating a thorough understanding of the requirements.

Moreover, the diagram includes error handling mechanisms such as Confiscating and Terminating states, which are essential to ensure security and proper functioning of the system. These additional details show that the response has considered all possible outcomes and scenarios, making it a complete representation of the ATM system's behaviour.

In conclusion, the response is well-structured, logically consistent, and fully addresses the instruction's requirements. It demonstrates an excellent understanding of the functionalities involved in an ATM system, which makes it a perfect fit for the given scenario. Therefore, based on the score rubric, the response is completely fulfilled.","The response provided a comprehensive PlantUML diagram that aligns closely with the instruction given. The diagram effectively illustrates the various states of an ATM system, from idle to closed down, and includes all the functional requirements specified in the instruction. Each state is clearly defined, and transitions between states are logically presented, making it easy for readers to follow the flow of the system.

However, there are minor issues that prevent this response from achieving a perfect score. The diagram could be improved by providing more context or explanation for certain states, such as ""WaitingForCustomerChoice"" and ""ProcessingWithdrawal"". While these states are correctly identified, they lack detailed descriptions that would enhance the reader's understanding of what happens during these stages.

Additionally, the use of terms like ""Card Confiscated"" and ""Third Invalid PIN"" could be seen as slightly redundant, as the same information is conveyed in multiple ways. This redundancy could potentially lead to confusion or a sense of overcomplication.

Despite these minor issues, the response still provides a clear and readable diagram that effectively communicates the functional requirements of an ATM system. Therefore, based on the score rubric, this response is mainly fulfilled, with only minor clarity or complexity issues remaining.","The response demonstrates a good understanding of the requirements by using terminology that is closely aligned with the instruction. However, there are minor discrepancies in wording which prevent it from achieving a perfect score. For instance, ""WaitingForCustomerChoice"" could be more accurately named as ""WaitingForUser's Choice,"" and ""Dispensing"" could be better represented by ""Cash Dispensed."" These slight deviations do not significantly detract from the overall alignment with the instruction. The response also includes additional states such as ""Confiscating"" and ""Terminating,"" which are not explicitly mentioned in the instruction but are implied by the requirement for security measures. This shows a comprehensive understanding of the requirements, even if some terms are not used exactly as in the instruction. Therefore, based on the rubric's criteria, the response is mainly fulfilled with only minor wording differences."
diagram_b58376468e39,case_67_atm_many_scenarios_1,case_67_atm_many_scenarios_1,Qwen_2.5_7B,syntax_grounded_repair,open_source__qwen25_7b_instruct__rag_validation_generator_critic_repair__syntax_grounded_original_rag,llama3.1:8b-instruct-q4_K_M,general_purpose,46e0c10c039e019119339687c3c1757cc81b9da49709a3b3924863ba87ca666e,human_rubric_general_v1,ok,5,4,3,5,Fully fulfilled.,"All transitions and states seem to logically match the requirement text, but there are some edge cases that could be argued as not fully aligned (e.g., the system resetting itself after a brief moment)","The diagram is clear, but it has many states and transitions, making it somewhat complex to read and understand without prior knowledge of the system.",Fully fulfilled.
diagram_bccec52b902a,case_37_online_quiz_system,case_37_online_quiz_system,Llama_3.1_8B,rag,open_source__llama31_8b_instruct__rag,deepseek-r1:14b,general_purpose,c333b7232bdb521236694ffbb5f5a6b11cc45d98e9142c73123b670fca400b09,human_rubric_general_v1,ok,5,5,5,5,Fully fulfilled.,Fully fulfilled.,Fully fulfilled.,Fully fulfilled.
diagram_bccec52b902a,case_37_online_quiz_system,case_37_online_quiz_system,Llama_3.1_8B,rag,open_source__llama31_8b_instruct__rag,ggozad/prometheus2,specialized_evaluation,a35c2d3191de6693e87dc2d07609ca9643eab74bfa36fee3582b8cfc63753762,human_rubric_prometheus_reference_free_v1,ok,5,4,3,4,"The response provided a complete representation of the Online Quiz System's functional requirements using PlantUML. It successfully depicted all the necessary states, transitions, and events that were required by the instruction. The diagram includes initial states for both teachers and students, as well as final states after each action is completed. Additionally, it incorporates guards to determine whether a user can perform certain actions based on their role (teacher or student).

The response also effectively communicates the flow of operations within the system, from registration and login to quiz creation, editing, saving, posting, answering, submitting, and viewing results. This comprehensive coverage of all required elements demonstrates a thorough understanding of the system's requirements.

In conclusion, the response is fully aligned with the score rubric as it completely fulfills all the criteria set forth in the instruction. It provides a clear and concise representation of the Online Quiz System's functional requirements, making it an excellent example of a polished requirement specification.","The response provided a PlantUML diagram that represents the functional requirements of an Online Quiz System. The diagram is mostly correct, with only minor logical issues. It successfully captures the flow of user actions from registration to viewing quiz results. However, there are some areas where the behaviour could be more accurately represented. For instance, the transition from ""Create Quiz"" to ""Edit Quiz"" should be a two-way relationship, indicating that an edited quiz can still be saved as a draft or posted for students. Additionally, the transitions between ""Select Quiz"" and ""Answer Quiz"", as well as ""Submit Quiz"" and ""View Result"", could be more explicitly defined to ensure clarity in the user experience. Despite these minor issues, the overall structure of the diagram aligns with the requirements specified. Therefore, based on the score rubric, the response is mainly fulfilled, with only minor logical issues.","The response provided a PlantUML diagram that was generally understandable and followed the instruction's requirements. However, there were some issues with clarity and complexity. The use of states for each requirement made it harder to follow the flow of actions within the system. Additionally, the transitions between states were not clearly defined, which could lead to confusion about how one action leads to another.

The diagram also included unnecessary details such as the conditions under which a teacher or student would be allowed to perform certain actions. While these conditions are important for understanding the system's functionality, they were presented in a way that made the diagram more complex than necessary.

Furthermore, the response did not provide any explanation of how the states and transitions relate to each other, which could have helped clarify the system's workflow. The lack of context or explanation around the states and transitions makes it harder for someone unfamiliar with PlantUML to understand the diagram.

In conclusion, while the response was partially fulfilled in terms of understanding the requirements, there were several clarity and complexity issues that made the diagram less effective in conveying the system's functionality. Therefore, based on the score rubric, the response did not fully meet the criteria for a clear, readable, concise, and well-structured diagram.","The response demonstrates a good understanding of the task by creating a PlantUML diagram that aligns with the functional requirements specified in the instruction. The terminology used in the states and transitions is mostly aligned with the requirement text, which is commendable. However, there are minor wording differences such as ""Register"" instead of ""User Registration,"" and ""Select Quiz"" instead of ""Student Selects a Quiz."" These slight deviations from the exact terms used in the instruction do not significantly impact the overall alignment with the requirement text. Therefore, based on the score rubric, the response is mainly fulfilled, with only minor wording differences."
diagram_bccec52b902a,case_37_online_quiz_system,case_37_online_quiz_system,Llama_3.1_8B,rag,open_source__llama31_8b_instruct__rag,llama3.1:8b-instruct-q4_K_M,general_purpose,46e0c10c039e019119339687c3c1757cc81b9da49709a3b3924863ba87ca666e,human_rubric_general_v1,ok,4,2,5,4,Missing 'View Result' transition from 'Submit Quiz' to 'View Result',"Invalid transitions: 'Login --> [*] : [Invalid Credentials]' and 'Teacher --> ViewResults', 'Student --> ViewResult' do not match the requirement text",Fully fulfilled.,"State names are mostly aligned with the requirement text, but 'View Result' is used instead of 'View Results'"
diagram_bee08a589cd1,case_41_video_suggestion_system,case_41_video_suggestion_system,Mistral,rag,open_source__mistral__rag,deepseek-r1:14b,general_purpose,c333b7232bdb521236694ffbb5f5a6b11cc45d98e9142c73123b670fca400b09,human_rubric_general_v1,ok,5,5,5,5,Fully fulfilled.,Fully fulfilled.,Fully fulfilled.,Fully fulfilled.
diagram_bee08a589cd1,case_41_video_suggestion_system,case_41_video_suggestion_system,Mistral,rag,open_source__mistral__rag,ggozad/prometheus2,specialized_evaluation,a35c2d3191de6693e87dc2d07609ca9643eab74bfa36fee3582b8cfc63753762,human_rubric_prometheus_reference_free_v1,ok,3,5,4,5,"The response provided a basic outline of the system's functionality using PlantUML. It successfully represented the main elements of the instruction such as receiving a request, identifying the user, gathering videos, adding details, and sending suggestions. However, it lacks some important details that were explicitly mentioned in the instruction. For instance, it does not specify how the system gathers different types of videos simultaneously or how it adds additional details like thumbnails and view counts to the suggested videos. These omissions make the response only partially fulfilled according to the rubric. Therefore, while the main elements are represented, several important elements are missing, which is why the score is 3.","The response provided a clear and concise PlantUML diagram that accurately represents the functional requirements of the video suggestion system. The diagram logically progresses from receiving a user request to sending suggested videos, with each step correctly corresponding to the specified requirements. There are no contradictions or logical errors in the behaviour represented by the diagram. It successfully captures the essence of the instruction and provides an easy-to-understand visualization of the system's operation. Therefore, based on the score rubric, the response is completely fulfilled as it correctly matches the requirement without contradiction.","The response provided a PlantUML diagram that was easy to understand and followed the instruction's requirements. The diagram was clear, readable, and concise, with each step logically following the previous one. It effectively represented the process of receiving a video suggestion request from a user, identifying the user, gathering videos based on various criteria, adding additional details, and sending the suggested videos to the user.

However, there were minor issues that prevented the response from achieving a perfect score. The diagram could have been slightly more detailed in explaining how the system gathers different types of videos simultaneously. For example, it could have explicitly mentioned the use of the user's profile or preferences, trending videos from the user’s area, videos with similar tags, and promoted videos as part of the video gathering process.

Despite these minor issues, the response was still well-structured and easy to follow. It effectively communicated the functional requirements of the system in a clear and concise manner. Therefore, based on the score rubric's criteria for understandability, the diagram was mainly fulfilled with only minor issues.","The response provided aligns well with the instruction given. The terminology used in the PlantUML diagram is consistent with the requirement specification, demonstrating a clear understanding of the task at hand. Each step of the process is represented by a state name and transition label that accurately reflects the functional requirements outlined in the instruction. For instance, ""UserRequest"" corresponds to the first requirement, and ""IdentifyUser"" aligns with the second requirement. The response also includes all the necessary steps such as gathering videos based on user preferences and sending suggestions, which are crucial components of the system's functionality. Therefore, according to the score rubric, this response is completely fulfilled in terms of terminological alignment."
diagram_bee08a589cd1,case_41_video_suggestion_system,case_41_video_suggestion_system,Mistral,rag,open_source__mistral__rag,llama3.1:8b-instruct-q4_K_M,general_purpose,46e0c10c039e019119339687c3c1757cc81b9da49709a3b3924863ba87ca666e,human_rubric_general_v1,ok,2,1,5,2,Missing states for gathering different types of videos and adding additional details.,The diagram does not logically match the requirement as it lacks transitions between 'GatherVideos' and other states to gather different types of videos.,Fully fulfilled,"State names do not exactly match the requirement text; e.g., 'UserRequest', 'IdentifyUser', 'GatherVideos', and 'SendSuggestions' are not directly mentioned in the requirements."
diagram_bf6751fdac04,case_47_safehome_security_function,case_47_safehome_security_function,Qwen_2.5_7B,syntax_grounded_repair,open_source__qwen25_7b_instruct__rag_validation_generator_critic_repair__syntax_grounded_original_rag,deepseek-r1:14b,general_purpose,c333b7232bdb521236694ffbb5f5a6b11cc45d98e9142c73123b670fca400b09,human_rubric_general_v1,ok,5,5,5,5,Fully fulfilled.,Fully fulfilled.,Fully fulfilled.,Fully fulfilled.
diagram_bf6751fdac04,case_47_safehome_security_function,case_47_safehome_security_function,Qwen_2.5_7B,syntax_grounded_repair,open_source__qwen25_7b_instruct__rag_validation_generator_critic_repair__syntax_grounded_original_rag,ggozad/prometheus2,specialized_evaluation,a35c2d3191de6693e87dc2d07609ca9643eab74bfa36fee3582b8cfc63753762,human_rubric_prometheus_reference_free_v1,ok,4,4,3,4,"The response provided a PlantUML diagram that captures the essence of the functional requirements for the Safehome Security Function. It includes the main elements such as the system's state upon power-on, its readiness to use, and the actions it can perform when in this state. The transitions between these states are also represented, including the system's response to a sensor trigger during monitoring.

However, there are some minor omissions that prevent the response from achieving a perfect score. For instance, the diagram does not explicitly show the system's initial state upon power-on or its final state when it returns to normal after an alarm is triggered. Additionally, the transitions between states could be more detailed, such as specifying the conditions under which the system becomes ready to use or how it responds to a false alarm during monitoring.

Despite these minor omissions, the response does a commendable job of representing the main elements and transitions required by the instruction. Therefore, based on the score rubric, the response is mainly fulfilled with only minor omissions.","The response provided a PlantUML diagram that represents the behavior of the Safehome Security Function. The diagram is mostly correct, with only minor logical issues. It captures the main functionalities such as checking upon power-on, stopping if there's a problem during startup, and allowing the user to reset, activate, or turn off the system when it is ready to use. However, it does not explicitly state that the system shall start monitoring if it is activated, which could be interpreted as an oversight in the requirements specification. Additionally, the diagram does not mention the system's behavior when there is a false alarm or when the time ends during monitoring. These omissions are minor logical issues that prevent the response from being completely fulfilled according to the score rubric. Therefore, while the response is largely accurate and aligns well with the requirements specification, it could be improved by including these additional functionalities.","The response provided a PlantUML diagram that was generally understandable and followed the instruction's requirements. However, there were some issues with clarity and complexity. The use of ""Idle"" as a starting state could be misleading, as it does not clearly indicate that the system is inactive or waiting for user input. Additionally, the transitions between states were not explicitly labeled, which might cause confusion about the flow of the system's operation.

The diagram also lacked some details that would have made it more comprehensive and clearer. For example, there was no mention of how the system becomes ready to use after a successful startup or how it returns to normal when the user enters the password. These omissions could lead to misunderstandings about the system's behavior in certain scenarios.

Despite these issues, the diagram was still largely understandable and did not contain any major clarity or structural problems that would make it difficult to comprehend. The overall structure of the diagram was logical and followed a coherent flow from one state to another. Therefore, based on the score rubric's criteria for understandability, the response was partially fulfilled.","The response aligns well with the instruction's requirements, using terminology that closely matches the original text. The states are named appropriately, such as ""Idle,"" ""ReadyToUse,"" and ""Monitoring."" Transition labels like ""powerOn,"" ""reset,"" ""activate,"" and ""turnOff"" also reflect the instructions accurately. However, there is a minor discrepancy in the transition label ""monitoring,"" where it should be ""start monitoring"" instead of just ""Monitoring."" This slight deviation from the exact terminology used in the instruction results in a score of 4 rather than a perfect 5. Despite this, the response demonstrates a strong understanding and application of the requirement text. So the overall score is 4."
diagram_bf6751fdac04,case_47_safehome_security_function,case_47_safehome_security_function,Qwen_2.5_7B,syntax_grounded_repair,open_source__qwen25_7b_instruct__rag_validation_generator_critic_repair__syntax_grounded_original_rag,llama3.1:8b-instruct-q4_K_M,general_purpose,46e0c10c039e019119339687c3c1757cc81b9da49709a3b3924863ba87ca666e,human_rubric_general_v1,ok,4,3,5,4,Missing initial state for ReadyToUse and Alarm states,Transitions from Monitoring to Alarm do not logically match the requirement (should be an error or exception),Fully fulfilled,Some state names and transition labels use slightly different terms than the requirement text
diagram_c43a61a7d361,case_18_digidoclocker,case_18_digidoclocker,DeepSeek_R1_14B,few_shot,open_source__deepseek_r1_14b__few_shot,deepseek-r1:14b,general_purpose,c333b7232bdb521236694ffbb5f5a6b11cc45d98e9142c73123b670fca400b09,human_rubric_general_v1,ok,5,5,5,5,Fully fulfilled.,Fully fulfilled.,Fully fulfilled.,Fully fulfilled.
diagram_c43a61a7d361,case_18_digidoclocker,case_18_digidoclocker,DeepSeek_R1_14B,few_shot,open_source__deepseek_r1_14b__few_shot,ggozad/prometheus2,specialized_evaluation,a35c2d3191de6693e87dc2d07609ca9643eab74bfa36fee3582b8cfc63753762,human_rubric_prometheus_reference_free_v1,failed,,,3,4,Judge response could not be parsed after two attempts.,Judge response could not be parsed after two attempts.,"The response provided a PlantUML diagram that was generally understandable and followed the instruction's requirements. However, there were some issues with clarity and complexity. The transitions between states were not clearly defined, which could lead to confusion about the flow of actions within the system. Additionally, the use of abbreviations like ""Citizen"" and ""Registrar"" without further explanation might be confusing for someone unfamiliar with these terms.

The diagram also lacked some details that would have made it more comprehensive, such as specifying that citizens can continue uploading documents if needed after initial uploads. This omission could lead to misunderstandings about the system's capabilities.

Despite these issues, the response did manage to convey the main functionalities of the Digidoclocker system in a structured manner. The diagram was readable and mostly clear, with only minor issues that could be easily addressed by providing more context or clarification.

In conclusion, while the response had some clarity and complexity issues, it still managed to provide a generally understandable PlantUML diagram that captured the main functionalities of the Digidoclocker system. Therefore, based on the score rubric, the response was partially fulfilled in terms of understandability.","The response provided a clear and concise representation of the functional requirements for the Digidoclocker system using PlantUML. The terminology used in the diagram aligns well with the instruction, demonstrating an understanding of the system's functionality. However, there are minor wording differences that prevent it from achieving a perfect score. For instance, ""PostLoginOptions"" could be more specific by mentioning ""Citizen"" or ""Registrar"" as in the original requirements. Additionally, the transition labels such as ""UploadDocuments"" and ""RequestCertificate"" could have been more closely aligned with the instruction's wording to ensure complete terminological alignment. Despite these minor discrepancies, the response effectively communicates the system's functionalities and is therefore a strong representation of the requirements. So the overall score is 4."
diagram_c43a61a7d361,case_18_digidoclocker,case_18_digidoclocker,DeepSeek_R1_14B,few_shot,open_source__deepseek_r1_14b__few_shot,llama3.1:8b-instruct-q4_K_M,general_purpose,46e0c10c039e019119339687c3c1757cc81b9da49709a3b3924863ba87ca666e,human_rubric_general_v1,ok,4,2,5,4,Missing 'Citizen' state in transitions from IdentifyUserType,"Contradiction: UploadDocuments and ApplyforCertificate both transition back to PostLoginOptions, implying infinite loops",Fully fulfilled,"Some state names (e.g., 'PostLoginOptions') do not exactly match the requirement text"
diagram_c43c5b615ff6,case_39_website_development,case_39_website_development,Llama_3.1_8B,few_shot,open_source__llama31_8b_instruct__few_shot,deepseek-r1:14b,general_purpose,c333b7232bdb521236694ffbb5f5a6b11cc45d98e9142c73123b670fca400b09,human_rubric_general_v1,ok,4,5,5,5,"All required states and transitions are present, but the system's check after submission is not explicitly shown.",Fully fulfilled.,Fully fulfilled.,Fully fulfilled.
diagram_c43c5b615ff6,case_39_website_development,case_39_website_development,Llama_3.1_8B,few_shot,open_source__llama31_8b_instruct__few_shot,ggozad/prometheus2,specialized_evaluation,a35c2d3191de6693e87dc2d07609ca9643eab74bfa36fee3582b8cfc63753762,human_rubric_prometheus_reference_free_v1,ok,4,5,4,4,"The response provided a UML State Machine Diagram that captures the essence of the website development requirements. It includes all the necessary states such as Homepage, Project Details, View Photos, Watch Videos, Career Opportunities, View Updates, Open Application Form, and Job Application Status. The transitions between these states are also clearly defined, indicating a smooth flow from one state to another based on user interactions.

However, the response could have been more comprehensive by including additional elements such as events, guards, initial states, and final states. These elements would provide a deeper understanding of how the system reacts to different scenarios and what conditions need to be met for certain transitions to occur.

Despite this, the response still manages to convey the main functionalities required for the website development project. It effectively communicates the user navigation paths and the options available to users when viewing projects or career opportunities. The inclusion of a state for checking job applications after submission is also commendable as it addresses one of the key requirements specified in the instruction.

In conclusion, while the response does not fully encompass all the required diagram elements, it still provides a solid foundation that aligns with the majority of the functional requirements outlined in the instruction. Therefore, based on the score rubric, the response is mainly fulfilled and would receive a score of 4.","The response provided a UML State Machine Diagram that aligns well with the given instruction. It accurately represents the functional requirements of the website development project, such as navigating from the homepage, displaying project information, and choosing between viewing photos or watching videos. The diagram also correctly depicts the process of viewing career opportunities and selecting to view updates or open an application form for employment or internship. Furthermore, it includes a state for checking submitted job applications after they are submitted.

The response is free from contradictions and logically matches the requirements specified in the instruction. It demonstrates a clear understanding of the task at hand and provides a concise yet comprehensive representation of the system's behavior. Therefore, based on the score rubric, the response fulfills all criteria for a score of 5, as it is completely correct and logically consistent with the requirements provided.","The response provided a UML State Machine Diagram that aligns with the functional requirements specified in the instruction. The diagram is clear and readable, effectively illustrating the flow of user interaction within the website development project. However, there are minor issues that prevent it from achieving a perfect score. Specifically, the diagram could be improved by providing more context or explanation for each state, which would enhance its understandability. For example, the states ""Homepage"" and ""Project Details"" could be further elaborated to clarify their functions within the system. Additionally, the transitions between states could be better articulated to provide a clearer understanding of how users navigate through the website. Despite these minor issues, the diagram is still largely effective in conveying the necessary information. Therefore, based on the score rubric, the response is mainly fulfilled with only minor issues.","The response provided a UML State Machine Diagram that aligns well with the given instruction. The terminology used in the diagram is mostly aligned with the requirement text, which is crucial for understanding and implementing the functional requirements of the website development project. However, there are minor wording differences, such as ""Homepage"" instead of ""homepage,"" and ""Project Details"" instead of ""project details."" These slight deviations from the exact terms used in the instruction do not significantly impact the overall alignment with the requirement text. Therefore, based on the score rubric, the response is mainly fulfilled, with only minor wording differences."
diagram_c43c5b615ff6,case_39_website_development,case_39_website_development,Llama_3.1_8B,few_shot,open_source__llama31_8b_instruct__few_shot,llama3.1:8b-instruct-q4_K_M,general_purpose,46e0c10c039e019119339687c3c1757cc81b9da49709a3b3924863ba87ca666e,human_rubric_general_v1,ok,4,2,5,4,Missing transition from Homepage to CareerOpportunities.,No check for submitted job applications after they are submitted.,Fully fulfilled.,State names and transition labels mostly match the requirement text.
diagram_c62a08ca4af3,case_16_weather_monitoring_system,case_16_weather_monitoring_system,Mistral,syntax_grounded_repair,open_source__mistral__rag_validation_generator_critic_repair__syntax_grounded,deepseek-r1:14b,general_purpose,c333b7232bdb521236694ffbb5f5a6b11cc45d98e9142c73123b670fca400b09,human_rubric_general_v1,ok,5,5,5,5,Fully fulfilled.,Fully fulfilled.,Fully fulfilled.,Fully fulfilled.
diagram_c62a08ca4af3,case_16_weather_monitoring_system,case_16_weather_monitoring_system,Mistral,syntax_grounded_repair,open_source__mistral__rag_validation_generator_critic_repair__syntax_grounded,ggozad/prometheus2,specialized_evaluation,a35c2d3191de6693e87dc2d07609ca9643eab74bfa36fee3582b8cfc63753762,human_rubric_prometheus_reference_free_v1,ok,5,4,4,4,"The response provided a complete UML state machine diagram that aligns with the given instruction. It includes all the necessary states such as Idle, Register, InvalidRegistration, Login, InvalidLogin, CheckWeather, WeatherInfo, AdditionalDetails, and Logout. Each state is connected to its respective transitions and events, which are crucial for understanding the flow of the system. The diagram also incorporates guards that determine the next state based on certain conditions, such as validating registration or checking if a new location entered is not valid. Furthermore, it includes initial states and final states, which are essential for defining the starting point and the end of the process. Therefore, according to the score rubric, this response fulfills all required elements of the diagram, making it completely fulfilled.","The response provided a UML state machine diagram that aligns well with the given instruction. The diagram accurately represents the functional requirements of the Weather Monitoring System, such as account creation, login process, weather information display, and session termination upon logout. Each state in the diagram corresponds to a specific requirement, demonstrating a clear understanding of the system's functionality.

However, there are minor logical issues that prevent the response from achieving a perfect score. For instance, the transition from the 'CheckWeather' state to the 'AdditionalDetails' state could be more explicit in terms of how the user selects what to check. Additionally, the diagram does not explicitly mention the system's ability to end the process if the registration is not successful or if a new location entered is not valid. These are important aspects that should be included in the diagram for complete accuracy.

Despite these minor issues, the response still provides a mostly correct representation of the system's behaviour. The main functionalities are well-represented, and the logical flow between states is clear and coherent. Therefore, based on the score rubric, the response is mainly fulfilled with only minor logical issues.","The response provided a UML state machine diagram that was largely understandable and readable. The diagram effectively represented the functional requirements of the Weather Monitoring System. However, there were minor issues with clarity and complexity. For instance, the transitions between states could have been more explicitly defined to enhance understanding. Additionally, some of the states, such as ""InvalidRegistration"" and ""InvalidLogin,"" could have been better explained in terms of their purpose within the system. Despite these minor shortcomings, the diagram was overall well-structured and concise, making it easy for users to follow the flow of the system's operations. Therefore, based on the score rubric, the response fulfilled the criteria to a large extent, with only minor issues affecting its clarity and readability. So the overall score is 4.","The response provided a UML state machine diagram that aligns well with the given instruction. The terminology used in the states and transitions is mostly aligned with the requirement text, which indicates a good understanding of the task. However, there are minor wording differences such as ""entry/To action"" instead of ""entry/To create an account"" and ""exit/Abnormal termination"" instead of ""exit/End"". These slight deviations from the exact terms used in the instruction do not significantly impact the overall alignment with the requirement text. Therefore, based on the score rubric, the response is mainly fulfilled, as it uses mostly aligned terminology with only minor wording differences."
diagram_c62a08ca4af3,case_16_weather_monitoring_system,case_16_weather_monitoring_system,Mistral,syntax_grounded_repair,open_source__mistral__rag_validation_generator_critic_repair__syntax_grounded,llama3.1:8b-instruct-q4_K_M,general_purpose,46e0c10c039e019119339687c3c1757cc81b9da49709a3b3924863ba87ca666e,human_rubric_general_v1,ok,4,3,5,4,Missing state for 'Invalid login' and 'Invalid registration' events in their respective states.,"The system shall end the process if a new location entered is not valid. However, there's no transition from 'CheckWeather' to an error state when entering an invalid location.",Fully fulfilled.,"State names and transition labels mostly align with the requirement text, but some states have slightly different descriptions."
diagram_c66ea01b7c33,case_78_class_campaign_version_2,case_78_class_campaign_version_2,DeepSeek_R1_14B,few_shot,open_source__deepseek_r1_14b__few_shot,deepseek-r1:14b,general_purpose,c333b7232bdb521236694ffbb5f5a6b11cc45d98e9142c73123b670fca400b09,human_rubric_general_v1,ok,4,5,5,5,Missing transition for campaign extension/adjustment during running.,Fully fulfilled.,Fully fulfilled.,Fully fulfilled.
diagram_c66ea01b7c33,case_78_class_campaign_version_2,case_78_class_campaign_version_2,DeepSeek_R1_14B,few_shot,open_source__deepseek_r1_14b__few_shot,ggozad/prometheus2,specialized_evaluation,a35c2d3191de6693e87dc2d07609ca9643eab74bfa36fee3582b8cfc63753762,human_rubric_prometheus_reference_free_v1,failed,4,,4,5,"The response provided a clear and concise representation of the campaign state transition diagram. It successfully captured the main elements of the instruction, including the start of the campaign, the preparation and approval of adverts, the running of the campaign, the handling of payments, and the archiving of the campaign. However, it missed out on some important details such as the activation of the campaign after everything is approved and the contract is signed, which are crucial to understanding the flow of events in the campaign. Additionally, the response did not explicitly mention the final statement preparation after all adverts have finished, which is an essential part of the campaign completion process. Despite these minor omissions, the response still managed to convey a comprehensive overview of the campaign state transitions. Therefore, based on the score rubric, the response was mainly fulfilled with only minor omissions.",Judge response could not be parsed after two attempts.,"The response provided a clear and understandable PlantUML diagram that effectively communicates the state transitions of the campaign system. The diagram was well-structured, with each state clearly defined and connected to the next, which made it easy to follow. However, there were minor issues in terms of clarity and conciseness. For instance, the transition from ""Running"" to ""PrepareAdverts"" could have been more explicit by stating that adverts are prepared during the campaign's running phase. Additionally, the transition from ""PaymentHandling"" to ""RefundGenerated"" or ""AwaitingBalance"" could have been better explained to indicate that these states occur after the payment process is completed. Despite these minor issues, the diagram was overall clear and readable, fulfilling the requirements of the score rubric. So the overall score is 4.","The response demonstrates a strong alignment with the instruction's terminology. The state names and transition labels are closely related to the requirement text, indicating a clear understanding of the task at hand. For instance, ""StartCampaign"" corresponds directly to the first requirement, and ""Running"" aligns well with the second requirement. Furthermore, the response maintains this alignment throughout, ensuring that each step in the campaign process is accurately represented. The use of terms like ""PrepareAdverts"", ""ApprovedAdverts"", and ""CompleteCampaign"" further solidifies the terminological alignment with the instruction. Therefore, based on the rubric's criteria for terminological alignment, this response fulfills the requirements to a high degree."
diagram_c66ea01b7c33,case_78_class_campaign_version_2,case_78_class_campaign_version_2,DeepSeek_R1_14B,few_shot,open_source__deepseek_r1_14b__few_shot,llama3.1:8b-instruct-q4_K_M,general_purpose,46e0c10c039e019119339687c3c1757cc81b9da49709a3b3924863ba87ca666e,human_rubric_general_v1,ok,4,2,5,4,Missing state 'Scheduling Adverts' for requirement 3 and 'Extension or Adjustment of Campaign' for requirement 6.,"Transition from 'Running' to 'PrepareAdverts' does not match the requirement that adverts are prepared during the campaign, which implies this transition should occur before the campaign starts running.",Fully fulfilled,"State names and transition labels generally match the requirement text, but some states (e.g., 'PaymentHandling') could be more descriptive."
diagram_cb024eed66a6,case_60_atm_2,case_60_atm_2,DeepSeek_R1_14B,rag,open_source__deepseek_r1_14b__rag,deepseek-r1:14b,general_purpose,c333b7232bdb521236694ffbb5f5a6b11cc45d98e9142c73123b670fca400b09,human_rubric_general_v1,ok,5,5,5,5,Fully fulfilled.,Fully fulfilled.,Fully fulfilled.,Fully fulfilled.
diagram_cb024eed66a6,case_60_atm_2,case_60_atm_2,DeepSeek_R1_14B,rag,open_source__deepseek_r1_14b__rag,ggozad/prometheus2,specialized_evaluation,a35c2d3191de6693e87dc2d07609ca9643eab74bfa36fee3582b8cfc63753762,human_rubric_prometheus_reference_free_v1,ok,4,5,4,4,"The response provided a clear and concise representation of the Atm Scenario 2 using PlantUML. It successfully captured the main functional requirements such as allowing the user to select an amount, entering a custom value, verifying the transaction, and re-entering the amount if the transaction is rejected. However, it lacked some details like the explicit mention of the system's verification process after the user enters an amount. This detail would have made the response more complete by showing how the system ensures that the transaction is valid before proceeding. Despite this minor omission, the response still managed to convey the majority of the required elements in a clear and structured manner. Therefore, based on the score rubric, the response was mainly fulfilled with only minor omissions.","The response provided a clear and concise representation of the Atm Scenario 2 requirements using PlantUML. It successfully depicted the sequence of user actions, from selecting an amount to re-entering if the transaction is rejected. The diagram's behaviour logically matches the requirement without contradiction. Each state in the diagram corresponds to a specific functional requirement, and the transitions between states accurately reflect the flow of the scenario. This demonstrates a complete understanding of the requirements and their implementation in the PlantUML diagram. Therefore, based on the score rubric, the response is completely fulfilled as it correctly matches the requirement without contradiction.","The response provided a PlantUML diagram that aligns with the given instruction. The diagram effectively represents the functional requirements of the Atm Scenario 2. However, there are minor issues in terms of clarity and readability. For instance, the transitions between states could be more explicit to enhance understanding. Additionally, the use of ""WaitingForAmountSelection"" as a starting point might not be immediately clear to all users, potentially causing confusion. Despite these minor issues, the diagram is overall well-structured and easy to follow. Therefore, based on the score rubric, the response is mainly fulfilled with only minor clarity or complexity issues remaining.","The response aligns well with the instruction's requirements, using terminology that closely matches the original text. The states and transitions are named in a way that reflects the functional requirements of the system. For example, ""WaitingForAmountSelection"" corresponds to the first requirement about allowing the user to select an amount from a list of options. Similarly, ""CustomAmountEntered"" aligns with the third requirement about entering a custom value if desired.

However, there are minor wording differences that prevent the response from achieving a perfect score. For instance, the transition label ""WaitingForAmountReentry"" could be more closely aligned with the fourth requirement by specifying that the user is allowed to re-enter the amount if the transaction is rejected. Additionally, the state name ""TransactionVerification"" could be improved by explicitly stating that the system verifies the transaction after the user enters an amount.

Despite these minor discrepancies, the response demonstrates a strong understanding of the instruction and effectively communicates the functional requirements in a PlantUML format. Therefore, based on the score rubric's criteria for terminological alignment, the response is mainly fulfilled with only minor wording differences."
diagram_cb024eed66a6,case_60_atm_2,case_60_atm_2,DeepSeek_R1_14B,rag,open_source__deepseek_r1_14b__rag,llama3.1:8b-instruct-q4_K_M,general_purpose,46e0c10c039e019119339687c3c1757cc81b9da49709a3b3924863ba87ca666e,human_rubric_general_v1,ok,5,4,5,4,Fully fulfilled.,"The diagram's behavior logically matches the requirement, but there is a minor issue with the transition from TransactionVerification to TransactionComplete and WaitingForAmountReentry; it seems that when a transaction is rejected, the user should be able to re-enter an amount, but this is not explicitly stated in the requirement.",Fully fulfilled.,"The state names and transition labels generally match the requirement text, but 'WaitingForAmountReentry' is not explicitly mentioned in the requirements."
diagram_ce15aff5a8c7,case_34_green_rides,case_34_green_rides,Qwen_2.5_7B,syntax_grounded_repair,open_source__qwen25_7b_instruct__rag_validation_generator_critic_repair__syntax_grounded_original_rag,deepseek-r1:14b,general_purpose,c333b7232bdb521236694ffbb5f5a6b11cc45d98e9142c73123b670fca400b09,human_rubric_general_v1,ok,4,3,5,5,Missing the state for providing feedback upon completing the journey (Requirement 6).,"The transition from PlaceToEat to AccidentNotification includes 'place_order_and_inform_authorities', which may not correctly model the conditional aspect of selecting a place to eat only if hungry.",Fully fulfilled.,Fully fulfilled.
diagram_ce15aff5a8c7,case_34_green_rides,case_34_green_rides,Qwen_2.5_7B,syntax_grounded_repair,open_source__qwen25_7b_instruct__rag_validation_generator_critic_repair__syntax_grounded_original_rag,ggozad/prometheus2,specialized_evaluation,a35c2d3191de6693e87dc2d07609ca9643eab74bfa36fee3582b8cfc63753762,human_rubric_prometheus_reference_free_v1,ok,5,4,4,4,"The response provided a complete representation of the Green Rides system's functional requirements using PlantUML. It successfully depicted all the necessary states, transitions, events, guards, initial states, and final states as required by the instruction. The diagram includes journey details, driving mode activation, place to eat selection, accident notification, driving notifications, and order confirmation. Each state is clearly defined with its corresponding actions and outcomes, which aligns perfectly with the given functional requirements. Therefore, based on the score rubric, this response fulfills all the criteria for a complete and accurate representation of the system's functionalities.","The response provided a clear and concise representation of the Green Rides system's functional requirements using PlantUML. It successfully depicted the sequence of user interactions with the system, from login to journey completion and feedback provision. Each state in the diagram corresponds to a specific requirement, demonstrating an understanding of the task at hand.

However, there are minor logical issues that prevent this response from achieving a perfect score. For instance, the transition between ""Driving Mode"" and ""Place to Eat"" could be more explicit, as it is not clear whether the user must first choose their driving mode before selecting a place to eat. Additionally, the transition from ""Accident Notification"" to ""Driving Notifications"" could be improved by specifying that the notification system is triggered in case of an accident or during driving.

Despite these minor issues, the response effectively communicates the main functionalities of the Green Rides system and aligns well with the instruction provided. Therefore, based on the score rubric, this response is mainly fulfilled, with only minor logical issues.","The response provided a clear and understandable PlantUML diagram that aligns with the given instruction. The functional requirements were accurately represented in the diagram, making it easy to follow the flow of user interaction within the system. Each state was clearly defined, and the transitions between states were well-explained, ensuring that the reader could easily grasp the sequence of events.

However, there are minor issues that prevent the response from achieving a perfect score. The use of ""choice"" in the state description for ""Journey Details"" might be slightly confusing as it does not explicitly indicate that this is a user choice. Additionally, the transition between ""Driving Mode"" and ""Place to Eat"" could have been more explicit by mentioning the user's decision to either drive or eat.

Despite these minor issues, the response effectively communicates the system's functional requirements in a clear and concise manner. The diagram is well-structured and easy to read, which makes it highly understandable for the intended audience. Therefore, based on the score rubric, the response is mainly fulfilled with only minor clarity or complexity issues remaining.","The response demonstrates a good understanding of the task by creating a PlantUML diagram that aligns with the functional requirements specified in the instruction. The terminology used in the diagram is mostly aligned with the requirement text, which is commendable. However, there are minor wording differences that prevent it from achieving a perfect score. For instance, ""entry/upon user login and destination selection"" could be more precise by stating ""entry/upon user login and after selecting the destination."" Similarly, ""do/activate driving mode or choose other options"" could be improved to ""do/activate driving mode or choose other driving options."" These slight deviations from the exact terms used in the instruction are what differentiate a score of 4 from a score of 5. Despite these minor discrepancies, the response is still quite effective and closely follows the instruction's requirements. So the overall score is 4."
diagram_ce15aff5a8c7,case_34_green_rides,case_34_green_rides,Qwen_2.5_7B,syntax_grounded_repair,open_source__qwen25_7b_instruct__rag_validation_generator_critic_repair__syntax_grounded_original_rag,llama3.1:8b-instruct-q4_K_M,general_purpose,46e0c10c039e019119339687c3c1757cc81b9da49709a3b3924863ba87ca666e,human_rubric_general_v1,ok,4,3,4,5,Missing 'Feedback' state and transition from 'Journey Details' to 'Feedback',"Transitions do not logically match the requirement text in some places (e.g., 'place_order_and_inform_authorities' instead of separate transitions)","State names and transition labels are mostly clear, but some states have multiple entry/exit conditions making it slightly hard to follow",Fully fulfilled
diagram_d49cce056621,case_47_safehome_security_function,case_47_safehome_security_function,Llama_3.1_8B,few_shot,open_source__llama31_8b_instruct__few_shot,deepseek-r1:14b,general_purpose,c333b7232bdb521236694ffbb5f5a6b11cc45d98e9142c73123b670fca400b09,human_rubric_general_v1,ok,5,5,5,5,Fully fulfilled.,Fully fulfilled.,Fully fulfilled.,Fully fulfilled.
diagram_d49cce056621,case_47_safehome_security_function,case_47_safehome_security_function,Llama_3.1_8B,few_shot,open_source__llama31_8b_instruct__few_shot,ggozad/prometheus2,specialized_evaluation,a35c2d3191de6693e87dc2d07609ca9643eab74bfa36fee3582b8cfc63753762,human_rubric_prometheus_reference_free_v1,ok,5,5,5,4,"The response provided a complete state diagram for the Safehome Security Function, covering all the necessary states, transitions, events, guards, initial states, and final states as per the instruction. It successfully represented the system's behavior upon power-on, during startup, when ready to use, and its monitoring and alarm functions. The response also included the user interaction aspects such as resetting, activating, and turning off the system. Furthermore, it addressed the scenario of a false alarm or the end of the monitoring time, and how the system returns to normal upon entering the password. Therefore, based on the score rubric, this response is fully compliant with all required elements for the diagram.","The response provided a PlantUML diagram that accurately represents the functional requirements of the Safehome Security Function. The diagram logically follows the sequence of events from power-on to normal operation, with each state transitioning correctly according to the instructions. There are no contradictions or logical errors in the behaviour represented by the diagram. It successfully captures the essence of the system's functionality and user interaction, including startup checks, problem handling, resetting, activation, deactivation, monitoring, alarm triggering, and password entry. The response is concise and directly addresses the instruction without any unnecessary assumptions or actions. Therefore, based on the score rubric, the response is completely fulfilled as it correctly matches the requirement without contradiction.","The response provided a PlantUML diagram that effectively communicates the functional requirements of the Safehome Security Function. The diagram was clear, readable, and well-structured, making it easy to understand the flow of operations within the system. Each state in the diagram corresponds directly with the corresponding requirement, ensuring that the user can follow the logic without confusion.

The use of PlantUML to represent the system's behavior is appropriate and enhances the clarity of the requirements. The response also avoided unnecessary complexity or redundancy, focusing solely on the essential elements required for a complete understanding of the system's functionality.

In conclusion, the diagram provided in the response fulfills all aspects of the score rubric by being clear, readable, concise, and well-structured. It effectively communicates the functional requirements without any major clarity or structural problems. Therefore, based on the evaluation criteria, the response is fully compliant with the score rubric.","The response aligns well with the instruction provided. The terminology used in the PlantUML diagram is mostly consistent with the requirement text, which is a key aspect of the score rubric. However, there are minor wording differences that prevent it from achieving a perfect score. For instance, ""Problem"" could be more accurately represented as ""Error,"" and ""Monitoring"" could be more precisely described as ""Alarm monitoring."" These slight deviations do not significantly detract from the overall alignment of terminology with the requirement text. Therefore, based on the rubric's criteria for a score of 4, which requires main alignment with minor differences, this response is deemed to be mainly fulfilled."
diagram_d49cce056621,case_47_safehome_security_function,case_47_safehome_security_function,Llama_3.1_8B,few_shot,open_source__llama31_8b_instruct__few_shot,llama3.1:8b-instruct-q4_K_M,general_purpose,46e0c10c039e019119339687c3c1757cc81b9da49709a3b3924863ba87ca666e,human_rubric_general_v1,ok,4,3,5,4,Missing transition from Alarm to Ready when user enters password,Transitions from Monitoring to Normal do not account for time ending correctly,Fully fulfilled,Some state names and transition labels use slightly different terms than the requirement text
diagram_d569774bb6e4,case_54_weather_station_system,case_54_weather_station_system,Llama_3.1_8B,baseline_repair,open_source__llama31_8b_instruct__few_shot_validation_generator_critic_repair,deepseek-r1:14b,general_purpose,c333b7232bdb521236694ffbb5f5a6b11cc45d98e9142c73123b670fca400b09,human_rubric_general_v1,ok,5,5,5,5,Fully fulfilled.,Fully fulfilled.,Fully fulfilled.,Fully fulfilled.
diagram_d569774bb6e4,case_54_weather_station_system,case_54_weather_station_system,Llama_3.1_8B,baseline_repair,open_source__llama31_8b_instruct__few_shot_validation_generator_critic_repair,ggozad/prometheus2,specialized_evaluation,a35c2d3191de6693e87dc2d07609ca9643eab74bfa36fee3582b8cfc63753762,human_rubric_prometheus_reference_free_v1,ok,5,4,4,4,"The response provided a comprehensive state machine diagram that aligns well with the given instruction. It successfully captured all the functional requirements of the Weather Station System, including the system's ability to restart, enter configuration mode, collect data, prepare and send out weather summaries, check its own status, return to running state after performing an activity, move into a controlled mode through remote control, and shut down if a command is given. The transitions between states were also clearly defined, indicating the system's behavior in response to various events and commands.

The diagram elements such as initial states, final states, and guards were all present, which ensures that the system can be put into different modes and can respond appropriately to various inputs. This level of detail and completeness in the response demonstrates a thorough understanding of the system's requirements and its operation under different conditions.

Therefore, based on the score rubric, the response is completely fulfilled as it includes all required states, transitions, events, guards, initial states, and final states. It effectively communicates the functionalities of the Weather Station System in a clear and concise manner.","The response provided a clear and concise representation of the Weather Station System's state machine. It accurately depicted the system's transitions between different states, such as shutdown, configuration mode, running, controlled, data collection, summary preparation, and status checking. Each transition was logically connected to the next, demonstrating an understanding of the system's operation.

However, there were minor logical issues that prevented the response from achieving a perfect score. For instance, the transitions between states were not explicitly defined in terms of triggers or conditions, which could lead to ambiguity regarding when each state is entered or exited. Additionally, the response did not explicitly mention how the system would return to running after performing an activity, which was one of the requirements.

Despite these minor issues, the overall behaviour of the system as depicted in the diagram was mostly correct and aligned with the given requirements. Therefore, based on the score rubric, the response is mainly fulfilled, with only minor logical issues.","The response provided a clear and understandable state machine for the Weather Station System. The use of PlantUML to represent the system's states and transitions was effective in conveying the functional requirements. However, there were minor issues that could have been improved. For instance, the transition from 'Running' to 'SummaryPreparation' could be more explicit by stating ""upon request"" as in the instruction. Additionally, the transition from 'Controlled' back to 'Running' was not clearly defined, which might cause some confusion about how the system returns to its running state after being controlled remotely. Despite these minor issues, the overall clarity and readability of the diagram were maintained, making it easy for the reader to follow the system's behavior. Therefore, based on the score rubric, the response was mainly fulfilled with only minor issues.","The response demonstrates a good understanding of the task by creating a state machine that aligns with the functional requirements specified in the instruction. The terminology used in the state machine is mostly aligned with the requirement text, which is commendable. However, there are minor wording differences that prevent it from achieving a perfect score. For instance, ""do / restart system"" could be more accurately represented as ""do / restart and begin running from a shut down condition."" Similarly, ""entry / configuration mode"" could be more precisely stated as ""entry / enter configuration mode when changes or power-saving settings are required."" These slight deviations in terminology do not significantly detract from the overall alignment with the requirements. Therefore, based on the rubric's criteria for terminological alignment, the response is mainly fulfilled but could be improved to achieve complete alignment."
diagram_d569774bb6e4,case_54_weather_station_system,case_54_weather_station_system,Llama_3.1_8B,baseline_repair,open_source__llama31_8b_instruct__few_shot_validation_generator_critic_repair,llama3.1:8b-instruct-q4_K_M,general_purpose,46e0c10c039e019119339687c3c1757cc81b9da49709a3b3924863ba87ca666e,human_rubric_general_v1,ok,4,3,2,5,Missing initial state for ConfigMode and Controlled states,"Transitions from DataCollection, SummaryPreparation, and StatusChecking to Running are not explicitly required by the requirement text","The diagram is overly complex due to redundant states (e.g., ShutDown has two transitions)",Fully fulfilled
diagram_d56a2126175c,case_15_e_ticketing_for_bus,case_15_e_ticketing_for_bus,DeepSeek_R1_14B,baseline_repair,open_source__deepseek_r1_14b__few_shot_validation_generator_critic_repair,deepseek-r1:14b,general_purpose,c333b7232bdb521236694ffbb5f5a6b11cc45d98e9142c73123b670fca400b09,human_rubric_general_v1,ok,5,5,5,5,Fully fulfilled.,Fully fulfilled.,Fully fulfilled.,Fully fulfilled.
diagram_d56a2126175c,case_15_e_ticketing_for_bus,case_15_e_ticketing_for_bus,DeepSeek_R1_14B,baseline_repair,open_source__deepseek_r1_14b__few_shot_validation_generator_critic_repair,ggozad/prometheus2,specialized_evaluation,a35c2d3191de6693e87dc2d07609ca9643eab74bfa36fee3582b8cfc63753762,human_rubric_prometheus_reference_free_v1,ok,4,5,4,4,"The response provided a clear state transition diagram for the E-Ticketing System. It successfully represented the main elements of the system's functional requirements, such as account creation, registration validation, login process, ticket status checking, booking and confirming payment, managing account details, and logging out. However, it lacked some important elements like the initial state and final state which are crucial for understanding the complete flow of the system. Additionally, there were no guards or events mentioned in the response, which could have provided more context to the transitions between states. Despite these minor omissions, the response was mainly fulfilled as it covered most of the required diagram elements. So the overall score is 4.","The response provided a clear and concise state transition diagram that aligns well with the functional requirements specified in the instruction. The diagram logically progresses from creating an account to logging out, which is consistent with the user's journey through the system. Each step of the process is represented accurately, without any contradictions or logical errors.

The response also adheres to the rules set forth in the task description, such as not repairing, rewriting, or regenerating the response and providing concise evaluation feedback. The diagram's behavior matches the requirement perfectly, demonstrating a complete understanding of the instruction.

In conclusion, the response is fully compliant with the score rubric, as it correctly represents the system's behavior in accordance with the functional requirements specified in the instruction. Therefore, the response is awarded a score of 5.","The response provided a clear and understandable PlantUML diagram that effectively represented the functional requirements of the E-Ticketing System. The transitions between states were logically ordered and easy to follow, which aligns with the score rubric's requirement for clarity and readability. However, there was a minor issue in the way the 'MainMenu' state was connected to other states. It could have been more explicit that the user returns to the main menu after each action, rather than just stating ""Back to Menu"" or ""Account Updated"". This slight ambiguity is what differentiates this response from a perfect score of 5. Despite this, the overall structure and clarity of the diagram were commendable. So the overall score is 4.","The response provided a clear and concise diagram that aligns well with the functional requirements specified in the instruction. The terminology used in the diagram is mostly aligned with the requirement text, which demonstrates a good understanding of the task at hand. However, there are minor wording differences such as ""Create User"" instead of ""Allow a user to create a new account,"" and ""CheckTicketStatus"" instead of ""Provide options for logged-in users to check their ticket status."" These slight deviations from the exact terms used in the instruction do not significantly impact the overall alignment. Therefore, based on the score rubric, the response is mainly fulfilled with only minor wording differences."
diagram_d56a2126175c,case_15_e_ticketing_for_bus,case_15_e_ticketing_for_bus,DeepSeek_R1_14B,baseline_repair,open_source__deepseek_r1_14b__few_shot_validation_generator_critic_repair,llama3.1:8b-instruct-q4_K_M,general_purpose,46e0c10c039e019119339687c3c1757cc81b9da49709a3b3924863ba87ca666e,human_rubric_general_v1,ok,5,4,3,5,Fully fulfilled.,"All transitions and events logically match the requirement, but there is no explicit validation of registration failure.","The diagram is clear, but some states (e.g., ConfirmPayment) seem to be redundant or could be combined with others.",Fully fulfilled.
diagram_d941dd436455,case_54_weather_station_system,case_54_weather_station_system,DeepSeek_R1_14B,syntax_grounded_repair,open_source__deepseek_r1_14b__few_shot_validation_generator_critic_repair__syntax_grounded_no_rules,deepseek-r1:14b,general_purpose,c333b7232bdb521236694ffbb5f5a6b11cc45d98e9142c73123b670fca400b09,human_rubric_general_v1,ok,5,4,5,5,Fully fulfilled.,"The diagram correctly represents most transitions, but it lacks a transition from ControlledMode upon exit command as per requirement 8.",Fully fulfilled.,Fully fulfilled.
diagram_d941dd436455,case_54_weather_station_system,case_54_weather_station_system,DeepSeek_R1_14B,syntax_grounded_repair,open_source__deepseek_r1_14b__few_shot_validation_generator_critic_repair__syntax_grounded_no_rules,ggozad/prometheus2,specialized_evaluation,a35c2d3191de6693e87dc2d07609ca9643eab74bfa36fee3582b8cfc63753762,human_rubric_prometheus_reference_free_v1,ok,4,5,4,4,"The response provided a clear and concise diagram that captures the essential state transitions of the Weather Station System. It successfully represented the main elements such as the shutdown, running, configuration, and controlled mode states. The transitions between these states were also well-articulated, showing how the system moves from one state to another based on various triggers and commands.

However, there are minor omissions in the response that prevent it from achieving a perfect score. For instance, the diagram does not explicitly show the system's return to running after performing an activity like data collection or status checking. Additionally, while the system's movement into controlled mode through remote control is mentioned, the transition back to running state is not clearly depicted.

Despite these minor omissions, the response still provides a comprehensive overview of the system's operation and state transitions. It effectively communicates the core functionalities of the Weather Station System in a manner that aligns with the instruction provided. Therefore, based on the score rubric, the response is mainly fulfilled, with only minor omissions.","The response provided a clear and concise diagram that accurately represents the system's state transitions as per the requirements specified in the instruction. The diagram logically connects each state with the appropriate action or event, such as power-up, configuration changes, data collection, summary preparation, status check, and controlled mode operation. It also correctly depicts the system's return to running state after performing an activity and its transition to a shutdown condition upon receiving a shutdown command.

The diagram does not contain any contradictions or logical errors, which is in line with the score rubric's requirement for correctness. The response demonstrates a complete understanding of the system's functional requirements and translates them into an accurate and coherent state transition diagram. Therefore, based on the evaluation criteria, the response is fully compliant with the instruction and meets all the requirements without any contradictions or logical errors.

So the overall score is 5.","The response provided a clear and understandable PlantUML diagram that effectively communicates the state transitions of the Weather Station System. The diagram was well-structured, with each state clearly defined and connected by arrows indicating the system's behavior in various scenarios. However, there were minor issues that could have been improved for better clarity. For instance, the transition from Running to Configuration could be more explicit by mentioning ""changes or power-saving settings required"" directly on the arrow, rather than in the text below. Additionally, the transitions from ControlledMode to Running and from Shutdown to [*] were not as clearly defined as they could have been. Despite these minor issues, the diagram was overall clear, readable, and concise, making it easy for the reader to understand the system's behavior. So the overall score is 4.","The response aligns well with the instruction's functional requirements. The terminology used in the diagram is mostly aligned with the requirement text, which includes terms like ""Shutdown"", ""Running"", ""Configuration"", and ""ControlledMode"". However, there are minor wording differences such as using ""power-up"" instead of ""restart"" and ""exit controlled mode"" instead of ""return to running state after performing an activity"". These slight deviations do not significantly impact the overall alignment with the instruction. The response also successfully captures the system's transitions between states, which is a key aspect of the requirement specification. Therefore, based on the rubric, the response is mainly fulfilled, with only minor wording differences."
diagram_d941dd436455,case_54_weather_station_system,case_54_weather_station_system,DeepSeek_R1_14B,syntax_grounded_repair,open_source__deepseek_r1_14b__few_shot_validation_generator_critic_repair__syntax_grounded_no_rules,llama3.1:8b-instruct-q4_K_M,general_purpose,46e0c10c039e019119339687c3c1757cc81b9da49709a3b3924863ba87ca666e,human_rubric_general_v1,ok,4,3,5,4,Missing transition from Configuration to ControlledMode,Transition from Running to Shutdown when a shutdown command is given while running is missing,Fully fulfilled,"State names and transition labels generally match the requirement text, but 'power-up / restart' is not a direct quote from the requirements"
diagram_db1f0a0013d6,case_60_atm_2,case_60_atm_2,Llama_3.1_8B,few_shot,open_source__llama31_8b_instruct__few_shot,deepseek-r1:14b,general_purpose,c333b7232bdb521236694ffbb5f5a6b11cc45d98e9142c73123b670fca400b09,human_rubric_general_v1,ok,4,5,5,4,"The diagram includes states for selecting an amount and verifying the transaction, but it does not explicitly handle the case where a user enters a custom value.",Fully fulfilled.,Fully fulfilled.,"The diagram uses terms like 'SelectAmount' and 'VerifyTransaction', which align with the requirements, but it does not explicitly mention 'custom value'."
diagram_db1f0a0013d6,case_60_atm_2,case_60_atm_2,Llama_3.1_8B,few_shot,open_source__llama31_8b_instruct__few_shot,ggozad/prometheus2,specialized_evaluation,a35c2d3191de6693e87dc2d07609ca9643eab74bfa36fee3582b8cfc63753762,human_rubric_prometheus_reference_free_v1,ok,5,5,4,4,"The response provided a complete state machine diagram that aligns with the given instruction. It includes all the necessary states such as SelectAmount, VerifyTransaction, and DispenseCash. The transitions between these states are also clearly defined, indicating the flow of user interaction within the system. Each state is accompanied by an entry, do, and exit event, which shows a clear understanding of the system's operation. Additionally, the response includes guards for when the transaction is rejected or accepted, demonstrating the system's ability to handle different scenarios. The initial state and final state are also present, indicating the start and end of the user interaction with the system. Therefore, based on the score rubric, this response fulfills all required elements in a complete manner.","The response provided a clear and concise diagram that aligns well with the requirements specified in the instruction. The diagram accurately represents the sequence of actions that occur during an ATM transaction, from selecting an amount to dispensing cash. It also correctly handles the scenario where the transaction is rejected, allowing the user to re-enter the amount.

The response demonstrates a good understanding of the functional requirements and translates them into a coherent state machine diagram. The logical flow of the system's behaviour is well represented, with no contradictions or errors in the diagram. This ensures that the system's operation is correctly depicted, fulfilling all the specified requirements.

The response also adheres to the rules provided, such as not repairing, rewriting, or regenerating the response, and not assuming behaviour that is not stated or clearly implied by the instruction. The diagram is concise and does not contain any unnecessary information, making it easy to understand and follow.

In conclusion, the response effectively captures the essence of the functional requirements in a clear and logical manner, without any contradictions or errors. It demonstrates a complete understanding of the task at hand, resulting in a diagram that is both accurate and comprehensive. Therefore, based on the score rubric, the response is completely fulfilled.","The response provided a clear and understandable PlantUML diagram that aligns with the given instruction. The diagram effectively represents the state machine of an ATM system, detailing each step from selecting an amount to dispensing cash. It is well-structured, with each state clearly defined and connected by arrows indicating transitions between states.

However, there are minor issues that prevent the response from achieving a perfect score. The diagram could be improved by providing more context or explanation for certain transitions, such as why the system would allow the user to re-enter the amount if the transaction is rejected. Additionally, the use of abbreviations like ""SelectAmount"" and ""VerifyTransaction"" without further elaboration might cause slight confusion for users unfamiliar with these terms.

Despite these minor issues, the response still provides a clear and readable diagram that effectively communicates the functional requirements of the ATM system. Therefore, based on the score rubric, the response is mainly fulfilled, as it is clear and readable, with only minor issues.","The response demonstrates a good understanding of the task by creating a PlantUML diagram that aligns with the functional requirements specified in the instruction. The terminology used in the diagram is mostly aligned with the requirement text, which is commendable. However, there are minor wording differences that prevent it from achieving a perfect score. For instance, the term ""SelectAmount"" could be more specific by mentioning ""from a list of options,"" as stated in the instruction. Similarly, the transition label ""VerifyTransaction"" could have been more precise by including the verification after the user enters an amount. Despite these minor discrepancies, the response effectively communicates the process flow and maintains a high level of terminological alignment with the requirements. Therefore, based on the score rubric, the response is mainly fulfilled."
diagram_db1f0a0013d6,case_60_atm_2,case_60_atm_2,Llama_3.1_8B,few_shot,open_source__llama31_8b_instruct__few_shot,llama3.1:8b-instruct-q4_K_M,general_purpose,46e0c10c039e019119339687c3c1757cc81b9da49709a3b3924863ba87ca666e,human_rubric_general_v1,ok,4,3,5,4,Missing 'custom value entered' state or transition to handle this scenario.,"The system shall verify the transaction after the user enters an amount, but it's not clear if this is done before or after selecting a custom value.",Fully fulfilled,"State names and transition labels generally match the requirement text, but 'VerifyTransaction' could be more specific about what is being verified."
diagram_e1bc2af523d2,case_34_green_rides,case_34_green_rides,Qwen_2.5_7B,few_shot,open_source__qwen25_7b_instruct__few_shot,deepseek-r1:14b,general_purpose,c333b7232bdb521236694ffbb5f5a6b11cc45d98e9142c73123b670fca400b09,human_rubric_general_v1,ok,3,4,5,5,"The diagram includes most required states and transitions, but it does not address notifications during driving or in case of an accident (Requirement 5).",The diagram correctly represents the system's behavior for most requirements except for missing notifications during driving or accidents.,Fully fulfilled.,Fully fulfilled.
diagram_e1bc2af523d2,case_34_green_rides,case_34_green_rides,Qwen_2.5_7B,few_shot,open_source__qwen25_7b_instruct__few_shot,ggozad/prometheus2,specialized_evaluation,a35c2d3191de6693e87dc2d07609ca9643eab74bfa36fee3582b8cfc63753762,human_rubric_prometheus_reference_free_v1,ok,3,4,4,4,"The response provided a state diagram for the Green Rides system that covers most of the functional requirements specified in the instruction. However, it lacks some important elements such as the transition from ""View Journey Details"" to ""Driving Mode"" and the transition from ""Select Place to Eat"" to ""Order Food"". These transitions are crucial for understanding how users interact with the system. Additionally, the response does not explicitly mention the system's ability to inform relevant authorities in case of an accident, which is a significant safety feature. The absence of these elements results in a partially fulfilled diagram that misses some important aspects of the Green Rides system. Therefore, based on the score rubric, the response would receive a score of 3 as it represents the main elements but omits several important elements.","The response provided a state diagram that captures most of the functional requirements specified in the instruction. However, there are some minor logical issues present in the diagram. For instance, the transition from ""View Journey Details"" to ""Driving Mode"" is not clearly defined, as it does not specify the user's action of selecting the driving mode. Additionally, the transition from ""Select Place to Eat"" to ""Order Food"" lacks clarity on how the user would view the menu before placing an order. These issues do not significantly impact the overall correctness of the diagram but are worth noting for a more polished representation. The response does fulfill most of the requirements and is mostly correct, with only minor logical issues. Therefore, based on the score rubric, the response is evaluated as being mainly fulfilled.","The response provided a clear and understandable state diagram for the Green Rides system. It effectively represented the functional requirements of the system in a logical sequence. However, there were minor issues that could have been improved to enhance clarity and readability. For instance, the transitions between states could have been more explicitly defined to avoid any potential confusion about the flow of events within the system. Additionally, the use of abbreviations such as ""ViewJourneyDetails"" instead of a more descriptive phrase like ""Display Journey Details"" might not be immediately clear to all users. Despite these minor issues, the overall structure and clarity of the diagram were commendable. The response successfully met most of the criteria outlined in the score rubric, with only minor areas for improvement. So the overall score is 4.","The response demonstrates a good understanding of the requirements by using terminology that is closely aligned with the instruction. However, there are minor discrepancies in wording which prevent it from achieving a perfect score. For instance, ""Select Place to Eat"" and ""Order Food"" could be more accurately represented as ""Select a place to eat"" and ""View its menu, and place an order if they are hungry,"" respectively. Additionally, the transition labels such as ""Drive"" and ""Accident Occurs"" could be more specific to reflect the exact actions that occur in each state. Despite these minor issues, the response does a commendable job of capturing the essence of the requirements using appropriate terminology. Therefore, based on the rubric's criteria for terminological alignment, the response is mainly fulfilled with only minor wording differences."
diagram_e1bc2af523d2,case_34_green_rides,case_34_green_rides,Qwen_2.5_7B,few_shot,open_source__qwen25_7b_instruct__few_shot,llama3.1:8b-instruct-q4_K_M,general_purpose,46e0c10c039e019119339687c3c1757cc81b9da49709a3b3924863ba87ca666e,human_rubric_general_v1,ok,4,2,5,4,Missing transition from 'OrderFood' to 'ViewJourneyDetails' after canceling order.,Transition from 'DrivingMode' to 'Accident' is not explicitly triggered by an event or guard.,Fully fulfilled,"State names and transition labels generally match the requirement text, but some minor discrepancies exist."
diagram_e41fa2d8315d,case_54_weather_station_system,case_54_weather_station_system,DeepSeek_R1_14B,baseline_repair,open_source__deepseek_r1_14b__few_shot_validation_generator_critic_repair,deepseek-r1:14b,general_purpose,c333b7232bdb521236694ffbb5f5a6b11cc45d98e9142c73123b670fca400b09,human_rubric_general_v1,ok,5,5,4,5,Fully fulfilled.,Fully fulfilled.,"The diagram is clear and readable, but some transitions could benefit from guard conditions for better clarity.",Fully fulfilled.
diagram_e41fa2d8315d,case_54_weather_station_system,case_54_weather_station_system,DeepSeek_R1_14B,baseline_repair,open_source__deepseek_r1_14b__few_shot_validation_generator_critic_repair,ggozad/prometheus2,specialized_evaluation,a35c2d3191de6693e87dc2d07609ca9643eab74bfa36fee3582b8cfc63753762,human_rubric_prometheus_reference_free_v1,ok,4,5,4,4,"The response provided a clear and concise diagram that captures the essential state transitions of the Weather Station System. It successfully represented the main elements such as the shutdown, running, configuration, and controlled mode states. The transitions between these states were also well-articulated, showing how the system moves from one state to another based on various events and commands.

However, there are minor omissions in the response that prevent it from achieving a perfect score. For instance, the diagram does not explicitly show the system's return to running after performing an activity like data collection or status checking. Additionally, while the system's movement into controlled mode through remote control is mentioned, the transition back to running state is not clearly defined.

Despite these minor omissions, the response still provides a comprehensive overview of the system's operation and state transitions. It effectively communicates the core functionalities of the Weather Station System in a manner that aligns with the instruction provided. Therefore, based on the score rubric, the response is mainly fulfilled, with only minor omissions.","The response provided a clear and concise diagram that accurately represents the system's state transitions as per the requirements specified in the instruction. The diagram logically connects each state with the corresponding actions, such as restarting from shutdown, entering configuration mode, data collection, summary preparation, status checking, and controlled mode operation. It also correctly handles the scenario of a shutdown command while running.

The response does not contain any contradictions or logical errors, which is crucial for a score of 5 according to the rubric. The diagram's behaviour matches the requirements without any discrepancies, demonstrating a complete understanding and implementation of the system's functionalities.

In conclusion, the response effectively fulfills all aspects of the instruction, making it a perfect representation of the system's state transitions. Therefore, based on the score rubric, the response is completely fulfilled and does not contain any logical issues or contradictions.","The response provided a clear and understandable PlantUML diagram that effectively communicates the state transitions of the Weather Station System. The diagram was well-structured, with each state clearly defined and connected by arrows indicating the system's behavior in various conditions. However, there were minor issues that could have been improved for better clarity. For instance, the transition from Running to Configuration could be more explicitly labeled as ""Enter configuration mode when changes or power-saving settings are required."" Additionally, the transitions from Running to ControlledMode and from ControlledMode to Shutdown could benefit from clearer labeling of the actions that trigger these states. Despite these minor issues, the diagram was overall concise and well-structured, making it easy for readers to follow the system's behavior. So the overall score is 4.","The response aligns well with the instruction's functional requirements. The terminology used in the diagram is mostly aligned with the requirement text, which includes terms like ""Shutdown"", ""Running"", ""Configuration"", and ""ControlledMode"". However, there are minor wording differences such as using ""power-up"" instead of ""restart"" and ""exit controlled mode"" instead of ""return to running state after performing an activity"". These slight deviations do not significantly impact the overall alignment with the instruction. The response also successfully captures the system's transitions between states, which is a key aspect of the requirement specification. Therefore, based on the rubric, the response is mainly fulfilled, with only minor wording differences."
diagram_e41fa2d8315d,case_54_weather_station_system,case_54_weather_station_system,DeepSeek_R1_14B,baseline_repair,open_source__deepseek_r1_14b__few_shot_validation_generator_critic_repair,llama3.1:8b-instruct-q4_K_M,general_purpose,46e0c10c039e019119339687c3c1757cc81b9da49709a3b3924863ba87ca666e,human_rubric_general_v1,ok,4,3,5,4,Missing transition from Configuration to ControlledMode,Transition from Running to Shutdown when shutdown command is given while running is missing,Fully fulfilled,"State names and transition labels generally match the requirement text, but 'power-up / restart' is not a direct quote from the requirements"
diagram_e6ca7f1630a5,case_37_online_quiz_system,case_37_online_quiz_system,Qwen_2.5_7B,syntax_grounded_repair,open_source__qwen25_7b_instruct__rag_validation_generator_critic_repair__syntax_grounded_original_rag,deepseek-r1:14b,general_purpose,c333b7232bdb521236694ffbb5f5a6b11cc45d98e9142c73123b670fca400b09,human_rubric_general_v1,ok,3,4,3,4,"Missing some required states and transitions, such as quiz status after saving.",Logical flow but lacks details on quiz draft vs. posted status.,Lacks transition labels and has some unclear state transitions.,"Most terms align, but 'View Results' vs. 'ViewResult' is inconsistent."
diagram_e6ca7f1630a5,case_37_online_quiz_system,case_37_online_quiz_system,Qwen_2.5_7B,syntax_grounded_repair,open_source__qwen25_7b_instruct__rag_validation_generator_critic_repair__syntax_grounded_original_rag,ggozad/prometheus2,specialized_evaluation,a35c2d3191de6693e87dc2d07609ca9643eab74bfa36fee3582b8cfc63753762,human_rubric_prometheus_reference_free_v1,ok,3,4,4,4,"The response provided a UML State Machine Diagram for the Online Quiz System, which is in line with the instruction given. However, it falls short of fully capturing all required elements as per the score rubric. The diagram does not include any transitions between states, nor does it mention any guards or initial events that would be necessary to ensure the system operates correctly. Additionally, there are no final states mentioned, which is a critical component in understanding how the system will conclude its operations.

While the response does cover most of the required states and some transitions, it lacks the depth and completeness needed for a fully functional requirement specification. The absence of guards, initial events, and final states significantly reduces the effectiveness of the diagram in conveying the full scope of the system's functionality. Therefore, based on the score rubric, this response is only partially fulfilled as it does not include all required elements.","The response provided a UML State Machine Diagram that aligns well with the functional requirements of the Online Quiz System. The diagram accurately represents the system's behavior, from user registration to viewing quiz results. It correctly identifies the different states and transitions between them, which is crucial for understanding the system's operation.

However, there are minor logical issues that prevent the response from achieving a perfect score. For instance, the transition from ""Select Quiz"" to ""Answer Quiz"" could be more explicit in indicating that students can only answer quizzes after selecting one. Additionally, the transition from ""Submit Quiz"" to ""View Result"" does not clearly indicate that this action is taken by students after they have submitted their answers.

Despite these minor issues, the response demonstrates a strong understanding of the system's requirements and presents a coherent and mostly accurate representation of its behavior. Therefore, based on the score rubric, the response is mainly fulfilled with only minor logical issues.","The response provided a UML State Machine Diagram that aligns with the functional requirements of the Online Quiz System. The diagram is clear and readable, effectively illustrating the flow of user actions within the system. However, there are minor issues that prevent it from achieving a perfect score. Specifically, the transitions between states could be more explicitly defined to enhance clarity. For example, the transition from ""Select Quiz"" to ""Answer Quiz"" is not as clearly delineated as it could be. Additionally, the diagram could benefit from a more concise presentation of the user actions and system responses. Despite these minor shortcomings, the response demonstrates a strong understanding of the task at hand and provides a well-structured and understandable diagram. So the overall score is 4.","The response provided a UML State Machine Diagram that aligns well with the functional requirements of the Online Quiz System. The terminology used in the diagram is mostly aligned with the requirement text, which includes state names and transition labels. However, there are minor wording differences such as ""Initial Event"" instead of ""Initialization"" and ""Completion Event"" instead of ""Finalization"". These slight deviations do not significantly impact the overall alignment with the requirements. The response effectively captures the essence of each requirement in a concise manner, demonstrating a good understanding of the task at hand. Therefore, based on the score rubric, the response is mainly fulfilled and aligns well with the instruction provided."
diagram_e6ca7f1630a5,case_37_online_quiz_system,case_37_online_quiz_system,Qwen_2.5_7B,syntax_grounded_repair,open_source__qwen25_7b_instruct__rag_validation_generator_critic_repair__syntax_grounded_original_rag,llama3.1:8b-instruct-q4_K_M,general_purpose,46e0c10c039e019119339687c3c1757cc81b9da49709a3b3924863ba87ca666e,human_rubric_general_v1,ok,4,3,5,4,Missing 'Register' state transitions and some event labels are not explicitly mentioned in the requirement text.,"The system's behavior seems to match the requirements, but there is a potential issue with the sequence of events for students (Select Quiz -> Answer Quiz -> Submit Quiz) which might be considered as a logical contradiction.",Fully fulfilled,"Most state names and transition labels align with the requirement text, but 'Save Quiz' is not explicitly mentioned in the requirements."
diagram_e7b7696b4537,case_59_atm_1,case_59_atm_1,DeepSeek_R1_14B,syntax_grounded_repair,open_source__deepseek_r1_14b__few_shot_validation_generator_critic_repair__syntax_grounded_no_rules,deepseek-r1:14b,general_purpose,c333b7232bdb521236694ffbb5f5a6b11cc45d98e9142c73123b670fca400b09,human_rubric_general_v1,ok,5,5,5,5,Fully fulfilled.,Fully fulfilled.,Fully fulfilled.,Fully fulfilled.
diagram_e7b7696b4537,case_59_atm_1,case_59_atm_1,DeepSeek_R1_14B,syntax_grounded_repair,open_source__deepseek_r1_14b__few_shot_validation_generator_critic_repair__syntax_grounded_no_rules,ggozad/prometheus2,specialized_evaluation,a35c2d3191de6693e87dc2d07609ca9643eab74bfa36fee3582b8cfc63753762,human_rubric_prometheus_reference_free_v1,ok,5,4,4,4,"The response provided a comprehensive UML State Chart Diagram that aligns well with the given instruction. It successfully captured all the functional requirements specified in the instruction. Each state was clearly defined, and transitions between states were logically structured to reflect the flow of the transaction process. The inclusion of initial and final states, as well as the handling of user input and system responses, demonstrated a thorough understanding of the task at hand.

The response also effectively incorporated the option for users to cancel the transaction at any point, which is an essential requirement in the given scenario. Furthermore, it addressed the scenario where the user cancels the transaction, ensuring that the system stops the transaction and returns the card as required.

In terms of completeness, the response fulfilled all the criteria outlined in the score rubric. It included all necessary states, transitions, events, guards, initial states, and final states, thereby providing a complete representation of the Atm Scenario 1. The absence of any significant omissions further supports the conclusion that the response is fully compliant with the instruction provided.

Therefore, based on the evaluation criteria, it can be concluded that the response is completely fulfilled, as all required elements are present and accurately represented in the UML State Chart Diagram.","The response provided a UML State Chart Diagram that aligns well with the given instruction. It accurately represents the functional requirements of the Atm Scenario 1, such as allowing users to choose or enter a withdrawal amount, supporting predefined amounts for selection, and providing an option for the user to cancel the transaction at any point. The diagram also correctly depicts the system's behavior when the user cancels the transaction, with the system stopping the transaction and returning the card.

However, there are minor logical issues that prevent the response from achieving a perfect score. For instance, the transition between ""Select Predefined Amount"" and ""Check Balance"" is not clearly defined, which could lead to confusion about when the balance check occurs. Additionally, the loop in the ""CheckBalance"" state might be misleading as it does not explicitly indicate that the process continues if the balance is insufficient.

Despite these minor issues, the response demonstrates a strong understanding of the requirements and presents a mostly correct behavior. Therefore, based on the score rubric, the response is mainly fulfilled with only minor logical issues.","The response provided a comprehensive UML State Chart Diagram that aligns closely with the functional requirements specified in the instruction. The diagram was clear, readable, and well-structured, making it easy to understand the flow of the system's operations. Each state represented a specific action or decision point within the system, and transitions between states were logically defined, indicating a smooth operation of the system.

However, there were minor issues that prevented the response from achieving a perfect score. For instance, the diagram could have been more concise by eliminating redundant transitions, such as the one from ""Select Predefined Amount"" to ""Check Balance,"" which was already implied in the previous state. Additionally, the loop in the ""CheckBalance"" state could have been avoided by directly transitioning to ""DispenseCash"" if the balance is sufficient.

Despite these minor issues, the response effectively communicated the system's functional requirements and provided a clear visualization of the system's operation. Therefore, based on the score rubric, the response was mainly fulfilled, with only minor clarity or complexity issues remaining.","The response demonstrates a strong alignment with the instruction's terminology. The state names and transition labels are closely related to the functional requirements specified in the instruction. For example, ""Select Amount"" corresponds directly to the requirement of allowing users to choose or enter a withdrawal amount. Similarly, ""Enter Custom Amount"" aligns well with the requirement for users to input their own custom withdrawal amount. The response also accurately reflects the option for users to cancel the transaction at any point and the system's support for such an action.

However, there are minor discrepancies in wording that prevent the response from achieving a perfect score. For instance, ""Check Balance"" could be more explicitly tied to the verification of the selected amount before dispensing cash. Additionally, the transition labels could be slightly more descriptive to better reflect the user's actions and decisions within the system.

Despite these minor issues, the response is largely successful in using terminology that closely mirrors the instruction's requirements. The alignment between the state names and the functional requirements is commendable, making the response a strong candidate for a high score according to the rubric."
diagram_e7b7696b4537,case_59_atm_1,case_59_atm_1,DeepSeek_R1_14B,syntax_grounded_repair,open_source__deepseek_r1_14b__few_shot_validation_generator_critic_repair__syntax_grounded_no_rules,llama3.1:8b-instruct-q4_K_M,general_purpose,46e0c10c039e019119339687c3c1757cc81b9da49709a3b3924863ba87ca666e,human_rubric_general_v1,ok,5,4,5,5,Fully fulfilled.,"The diagram's behavior logically matches the requirement, with no major contradictions. However, there is a minor issue in the CheckBalance state where it loops back to itself when balance is insufficient.",Fully fulfilled.,Fully fulfilled.
diagram_ef178a36d7f5,case_67_atm_many_scenarios_1,case_67_atm_many_scenarios_1,Qwen_2.5_7B,baseline_repair,open_source__qwen25_7b_instruct__rag_validation_generator_critic_repair,deepseek-r1:14b,general_purpose,c333b7232bdb521236694ffbb5f5a6b11cc45d98e9142c73123b670fca400b09,human_rubric_general_v1,ok,4,3,3,4,"Most required states and transitions are present, but some steps like returning the card after printing are missing.","Logical flow mostly matches requirements, but some transitions may not cover all cases correctly.",Diagram is complex with many states that might not add clear value.,"State names and labels mostly align with requirements, though some terms differ slightly."
diagram_ef178a36d7f5,case_67_atm_many_scenarios_1,case_67_atm_many_scenarios_1,Qwen_2.5_7B,baseline_repair,open_source__qwen25_7b_instruct__rag_validation_generator_critic_repair,ggozad/prometheus2,specialized_evaluation,a35c2d3191de6693e87dc2d07609ca9643eab74bfa36fee3582b8cfc63753762,human_rubric_prometheus_reference_free_v1,ok,4,4,4,4,"The response provided a comprehensive diagram that covers the majority of the functional requirements specified in the instruction. It includes all the necessary states such as Idle, WaitingForPIN, ValidatingPIN, WaitingForCustomerChoice, ProcessingWithdrawal, Dispensing, Printing, Ejecting, Confiscating, Terminating, and ClosedDown. The transitions between these states are also well-defined, indicating a clear understanding of the system's operation.

However, there are minor omissions in the response that prevent it from achieving a perfect score. For instance, the diagram does not explicitly mention the system resetting itself after a brief moment, which is an important part of the functional requirements. Additionally, the diagram does not include any guards or initial states, which are crucial for understanding the conditions under which certain transitions occur.

Despite these minor omissions, the response still provides a clear and detailed representation of the system's operation, making it largely complete in terms of the required diagram elements. Therefore, based on the score rubric, the response is mainly fulfilled with only minor omissions.","The response provided a comprehensive diagram that aligns well with the given instruction. It successfully captures the sequence of events in an ATM scenario, from the initial idle state to the final termination state. The functional requirements are addressed systematically, and each step is clearly defined with appropriate actions and conditions. For instance, the validation of PIN, the customer's choice after successful verification, and the subsequent withdrawal process are all accurately represented.

However, there are minor logical issues that prevent this response from achieving a perfect score. Specifically, the 'Confiscating' state is introduced without clear justification or connection to the other states. This could potentially lead to confusion about when and why the card would be confiscated. Additionally, the 'Terminating' state does not explicitly mention the system becoming ready for the next user, which is a key requirement of the instruction.

Despite these minor issues, the response still demonstrates a strong understanding of the task at hand and provides a mostly correct representation of the ATM scenario. Therefore, based on the score rubric, this response would receive a score of 4 as it mainly fulfills the requirements with only minor logical issues.","The response provided a comprehensive and detailed PlantUML diagram that aligns closely with the instruction given. The diagram effectively illustrates the various states of an ATM system, from idle to terminating, and includes all the functional requirements specified in the instruction. Each state is clearly defined, and transitions between states are logically presented, making it easy for readers to follow the flow of the system.

However, there are minor issues that prevent this response from achieving a perfect score. The diagram could be improved by providing more context or explanation for certain transitions, such as ""Card Confiscated / display Confiscated"" and ""Withdrawal Selected /n Request Withdrawal, Display Wait"". These transitions might not be immediately clear to readers without additional information.

Despite these minor issues, the diagram remains largely understandable and readable, with only a few areas that could benefit from further clarification. Therefore, based on the score rubric's criteria for understandability, the response is mainly fulfilled, with only minor issues.","The response demonstrates a good understanding of the requirements by using terminology that is closely aligned with the instruction. However, there are minor discrepancies in wording which prevent it from achieving a perfect score. For instance, ""Card Inserted"" and ""Card Confiscated"" are not exact matches to the requirement text, which states ""Card Inserted"" and ""Card Stolen or Expired"". Additionally, the term ""Display Wait"" is used instead of the more precise ""Display Waiting for Customer Choice"". These slight deviations from the instruction's terminology do not significantly impact the overall alignment but are noticeable. Therefore, while the response is largely successful in using appropriate terminology, it falls short of a perfect score due to these minor discrepancies."
diagram_ef178a36d7f5,case_67_atm_many_scenarios_1,case_67_atm_many_scenarios_1,Qwen_2.5_7B,baseline_repair,open_source__qwen25_7b_instruct__rag_validation_generator_critic_repair,llama3.1:8b-instruct-q4_K_M,general_purpose,46e0c10c039e019119339687c3c1757cc81b9da49709a3b3924863ba87ca666e,human_rubric_general_v1,ok,5,4,3,5,Fully fulfilled.,"All transitions and states seem to logically match the requirement text, but there are some edge cases that could be argued as not fully aligned (e.g., the system's behavior after a brief moment resetting itself)","The diagram is clear, but it has many states and transitions, making it somewhat complex to read and understand without prior knowledge of the system.",Fully fulfilled.
diagram_ef4a6e66558e,case_12_business_process_outsourcing_bpo_management_system_2,case_12_business_process_outsourcing_bpo_management_system_2,DeepSeek_R1_14B,syntax_grounded_repair,open_source__deepseek_r1_14b__few_shot_validation_generator_critic_repair__syntax_grounded_no_rules,deepseek-r1:14b,general_purpose,c333b7232bdb521236694ffbb5f5a6b11cc45d98e9142c73123b670fca400b09,human_rubric_general_v1,ok,2,2,3,2,The diagram includes some required states but omits key functionalities like filter categories and price ranges.,The transitions do not fully capture the logic for applying both filters or handling cases where criteria are not met.,The diagram is simple but lacks necessary details to clearly represent all functional requirements.,"State names and labels do not align with the specific terms used in the requirement, such as 'filter category' or 'price range'."
diagram_ef4a6e66558e,case_12_business_process_outsourcing_bpo_management_system_2,case_12_business_process_outsourcing_bpo_management_system_2,DeepSeek_R1_14B,syntax_grounded_repair,open_source__deepseek_r1_14b__few_shot_validation_generator_critic_repair__syntax_grounded_no_rules,ggozad/prometheus2,specialized_evaluation,a35c2d3191de6693e87dc2d07609ca9643eab74bfa36fee3582b8cfc63753762,human_rubric_prometheus_reference_free_v1,ok,1,1,1,1,"The response provided does not meet the requirements of the instruction. It lacks any representation of the functional requirements specified in the task description. The diagram is overly simplistic and does not include any elements that would indicate a system capable of handling user searches with filters based on categories or price ranges. There are no transitions, events, guards, initial states, or final states present that would demonstrate an understanding of the business process outsourcing management system scenario. The absence of these critical components results in a response that does not fulfill any part of the instruction's requirements. Therefore, according to the score rubric, this response is not fulfilled at all and almost all required diagram elements are absent.","The response provided does not align with the requirements specified in the instruction. The diagram fails to represent the functionalities of a Business Process Outsourcing (BPO) Management System, specifically the search functionality that allows users to filter by category and price range. Instead, it presents an oversimplified process that lacks any meaningful representation of the system's behavior. It does not show how users interact with the system or how the system processes their requests. The absence of any logical flow or representation of the user interface and system functionality makes this response inadequate for the task at hand. Therefore, it fails to meet the criteria set forth in the score rubric.","The response provided does not meet the requirements of the instruction. The diagram lacks clarity and structure, making it difficult to understand the process flow. It fails to represent the functional requirements specified in the instruction. There is no mention of filter categories or price ranges, which are crucial elements for the system's functionality. Additionally, there is no indication of how users interact with the system based on their search criteria. The diagram does not provide any meaningful information about the BPO Management System scenario. Therefore, it does not fulfill the rubric's requirement for understandability and clarity.","The response does not align well with the instruction provided. The terminology used in the PlantUML diagram is significantly different from the requirement text. For instance, ""Searching"" and ""End"" are not equivalent to ""search by selecting a filter category"" or ""display matching users based on the chosen criteria."" Additionally, there is no mention of price range as a filter, which was an important part of the instruction. The response does not fulfill the requirement for terminological alignment, as it fails to use the exact same terms as the requirement text. Therefore, according to the score rubric, this response would receive a score of 1."
diagram_ef4a6e66558e,case_12_business_process_outsourcing_bpo_management_system_2,case_12_business_process_outsourcing_bpo_management_system_2,DeepSeek_R1_14B,syntax_grounded_repair,open_source__deepseek_r1_14b__few_shot_validation_generator_critic_repair__syntax_grounded_no_rules,llama3.1:8b-instruct-q4_K_M,general_purpose,46e0c10c039e019119339687c3c1757cc81b9da49709a3b3924863ba87ca666e,human_rubric_general_v1,ok,2,1,5,2,"Missing states for 'filter category' and 'price range', as well as transitions for selecting these filters.","The diagram does not logically match the requirement, as it does not account for the selection of filter categories or price ranges.",Fully fulfilled,State names and transition labels do not use the exact same terms as the requirement text.
diagram_efba21df0a1b,case_59_atm_1,case_59_atm_1,Qwen_2.5_7B,syntax_grounded_repair,open_source__qwen25_7b_instruct__rag_validation_generator_critic_repair__syntax_grounded_original_rag,deepseek-r1:14b,general_purpose,c333b7232bdb521236694ffbb5f5a6b11cc45d98e9142c73123b670fca400b09,human_rubric_general_v1,ok,5,5,5,5,Fully fulfilled.,Fully fulfilled.,Fully fulfilled.,Fully fulfilled.
diagram_efba21df0a1b,case_59_atm_1,case_59_atm_1,Qwen_2.5_7B,syntax_grounded_repair,open_source__qwen25_7b_instruct__rag_validation_generator_critic_repair__syntax_grounded_original_rag,ggozad/prometheus2,specialized_evaluation,a35c2d3191de6693e87dc2d07609ca9643eab74bfa36fee3582b8cfc63753762,human_rubric_prometheus_reference_free_v1,failed,4,4,,1,"The response provided a comprehensive diagram that covers the majority of the functional requirements specified in the instruction. It includes all the necessary states such as Idle, WaitingForAmount, ValidatingAmount, ProcessingWithdrawal, Dispensing, Printing, Ejecting, Confiscating, Terminating, and ClosedDown. The transitions between these states are also well-defined, indicating a clear understanding of the system's operation.

However, there are minor omissions in the response that prevent it from achieving a perfect score. Specifically, the response does not explicitly address the user's ability to cancel the transaction at any point and the system's reaction to such an action. While the diagram includes states for Cancel and Ejecting, it lacks clear transitions or events that would indicate how these actions are triggered by the user.

Furthermore, the response does not include a final state that indicates the completion of the transaction process. This omission is significant as it represents the end of the withdrawal process, which is an essential part of the system's operation.

In conclusion, while the response covers most of the required elements, it falls short in fully addressing all aspects of the functional requirements. Therefore, based on the score rubric, the response is mainly fulfilled with only minor omissions.","The response provided a detailed flow of an ATM withdrawal process, which aligns well with the given instruction. The functional requirements were addressed in the diagram, such as allowing users to choose or enter a withdrawal amount, supporting predefined amounts, and providing an option for the user to cancel the transaction. However, there are minor logical issues that prevent it from achieving a perfect score. For instance, the process of 'Confiscating' is not clearly defined in terms of when it should occur, which could lead to confusion or misinterpretation. Additionally, the term 'Terminating' is used without specifying what exactly is being terminated, which might be misleading. Despite these minor issues, the response still demonstrates a good understanding of the requirements and presents a mostly correct behaviour. Therefore, based on the score rubric, the response is mainly fulfilled with only minor logical issues.",Judge response could not be parsed after two attempts.,"The response provided does not align well with the instruction given. The terminology used in the response is significantly different from the requirement text, which leads to a lack of clarity and understanding of the system's functionality. For example, terms like ""Idle"", ""WaitingForAmount"", ""ValidatingAmount"", ""ProcessingWithdrawal"", ""Dispensing"", ""Printing"", ""Ejecting"", ""Confiscating"", and ""Terminating"" are not directly related to the functional requirements specified in the instruction. The response also includes states such as ""ClosedDown"" and transitions like ""Card Inserted / Get Amount"" which do not correspond with the requirement text. This indicates a lack of terminological alignment, which is crucial for understanding the system's behavior. Therefore, based on the score rubric, this response does not fulfill the criteria of using the exact same terms as the requirement text."
diagram_efba21df0a1b,case_59_atm_1,case_59_atm_1,Qwen_2.5_7B,syntax_grounded_repair,open_source__qwen25_7b_instruct__rag_validation_generator_critic_repair__syntax_grounded_original_rag,llama3.1:8b-instruct-q4_K_M,general_purpose,46e0c10c039e019119339687c3c1757cc81b9da49709a3b3924863ba87ca666e,human_rubric_general_v1,ok,5,4,3,5,Fully fulfilled.,"All transitions and events seem to logically match the requirement text, but there are some unclear cases such as 'Third Invalid Amount' which is not specified in the requirements.","The diagram is clear, but it has a lot of states and transitions which makes it somewhat complex and hard to read.",Fully fulfilled.
diagram_f10a52661131,case_18_digidoclocker,case_18_digidoclocker,DeepSeek_R1_14B,rag,open_source__deepseek_r1_14b__rag,deepseek-r1:14b,general_purpose,c333b7232bdb521236694ffbb5f5a6b11cc45d98e9142c73123b670fca400b09,human_rubric_general_v1,ok,5,5,4,5,Fully fulfilled.,Fully fulfilled.,"The diagram is clear and readable, though it may be complex due to the number of states and transitions.",Fully fulfilled.
diagram_f10a52661131,case_18_digidoclocker,case_18_digidoclocker,DeepSeek_R1_14B,rag,open_source__deepseek_r1_14b__rag,ggozad/prometheus2,specialized_evaluation,a35c2d3191de6693e87dc2d07609ca9643eab74bfa36fee3582b8cfc63753762,human_rubric_prometheus_reference_free_v1,failed,4,,3,,"The response provided a comprehensive UML State Machine Diagram for the Digidoclocker system. It successfully captured the main functionalities of the system, including user registration, login, document uploads, profile viewing, certificate applications, and session endings. The diagram also included transitions between states, which are crucial to understanding the flow of the system.

However, there were minor omissions in the response. For instance, it did not explicitly mention the validation of login credentials or the ability for registrars to request multiple certificates after receiving one. These elements are important for a complete understanding of the system's functionalities and their implementation.

Despite these minor omissions, the response still managed to cover most of the required states, transitions, events, guards, initial states, and final states. It provided a clear and concise representation of the system's requirements, which is why it was evaluated as mainly fulfilled according to the score rubric.

In conclusion, while the response did not fully capture all aspects of the system, it still presented a well-structured and informative diagram that would be useful for understanding the functionalities of the Digidoclocker system.",Judge response could not be parsed after two attempts.,"The response provided a UML State Machine Diagram that was mostly understandable and readable. However, there were some issues with clarity and complexity. For instance, the transitions between states were not clearly defined, which could lead to confusion about the flow of actions within the system. Additionally, the use of ""choice"" in the diagram did not provide enough context for what those choices entail, making it harder for someone unfamiliar with the system to follow along.

Despite these issues, the response still managed to convey the main functionalities of the Digidoclocker system. The diagram was well-structured and covered all the necessary requirements specified in the instruction. However, the lack of clarity in certain transitions and choices could potentially hinder a complete understanding of the system's operation.

In conclusion, while the response did fulfill the task to some extent, it fell short in terms of clarity and simplicity. The diagram was understandable but had room for improvement in terms of reducing complexity and ensuring that all transitions were clearly defined. Therefore, based on the score rubric, the response is partially fulfilled.",Judge response could not be parsed after two attempts.
diagram_f10a52661131,case_18_digidoclocker,case_18_digidoclocker,DeepSeek_R1_14B,rag,open_source__deepseek_r1_14b__rag,llama3.1:8b-instruct-q4_K_M,general_purpose,46e0c10c039e019119339687c3c1757cc81b9da49709a3b3924863ba87ca666e,human_rubric_general_v1,ok,4,3,5,4,Missing 'Citizen' and 'Registar' states for requirements 2 and 7,"Transitions from Choice1 to UploadDocuments, ViewProfile, ApplyCertificate, UpdateProfile are not explicitly mentioned in the requirement text",Fully fulfilled,"State names and transition labels mostly match the requirement text, but 'Choice1' is used instead of 'Apply for Certificate', 'View Profile', etc."
diagram_f4698a240aba,case_45_alarm_clock,case_45_alarm_clock,Llama_3.1_8B,baseline_repair,open_source__llama31_8b_instruct__few_shot_validation_generator_critic_repair,deepseek-r1:14b,general_purpose,c333b7232bdb521236694ffbb5f5a6b11cc45d98e9142c73123b670fca400b09,human_rubric_general_v1,ok,4,4,5,5,Missing transitions for automatic activation when time matches and explicit stop action.,Lacks handling of alarm ringing activation on time match.,Fully fulfilled.,Fully fulfilled.
diagram_f4698a240aba,case_45_alarm_clock,case_45_alarm_clock,Llama_3.1_8B,baseline_repair,open_source__llama31_8b_instruct__few_shot_validation_generator_critic_repair,ggozad/prometheus2,specialized_evaluation,a35c2d3191de6693e87dc2d07609ca9643eab74bfa36fee3582b8cfc63753762,human_rubric_prometheus_reference_free_v1,ok,4,4,5,4,"The response provided a clear and concise representation of the Alarm Clock system's state machine. It successfully captured the main functional requirements such as the initial off state, the activation and deactivation of the alarm, and the transition between these states based on user actions and time matching. However, it lacked some details that were present in the instruction, like explicitly stating the conditions under which the system transitions from one state to another. For instance, it did not mention the condition for the system to remain active after stopping the alarm until the next scheduled alarm time. This omission is a minor detail but it's important for understanding the full functionality of the system. Despite this, the response still managed to convey the overall flow and behavior of the system effectively. Therefore, based on the score rubric, the response was mainly fulfilled with only minor omissions.","The response provided a clear and concise representation of the Alarm Clock system's state machine. It accurately depicted the initial off state, the activation of the alarm upon setting an alarm time, the ability to turn off the alarm, and the subsequent active state for the next scheduled alarm time. The transitions between states were logically consistent with the requirements specified in the instruction.

However, there was a minor logical issue present in the response. Specifically, the transition from Activated to Stopped did not explicitly mention that this occurs when the user stops the alarm. This could potentially lead to confusion about the exact conditions under which the system transitions from one state to another. Despite this, the overall behaviour of the system was correctly represented and aligned with the requirements.

In conclusion, while the response was mostly correct, it contained a minor logical issue that could be improved upon for clarity. Therefore, based on the score rubric, the response is mainly fulfilled but has minor logical issues.","The response provided a PlantUML diagram that effectively communicates the state machine of an alarm clock system. The diagram was clear, readable, and well-structured, making it easy to understand the functional requirements of the system. Each state in the diagram corresponds directly with the functional requirements listed in the instruction, ensuring that the user can follow the flow of the system from off to active and back again.

The use of PlantUML was appropriate for this task, as it allowed for a concise representation of the system's behavior without unnecessary complexity or redundancy. The diagram also avoided any assumptions about the system's behavior that were not explicitly stated in the instruction.

In conclusion, the response fulfilled all aspects of the score rubric by providing a clear, readable, and well-structured PlantUML diagram that accurately represents the functional requirements of the alarm clock system. Therefore, the response is fully compliant with the evaluation criteria set forth in the score rubric.","The response aligns well with the instruction's requirements, using terminology that closely matches the original text. The state machine is clearly defined, with each state corresponding to a specific requirement. For example, ""Activated"" corresponds to the system being in an off state initially and supporting when the user sets an alarm time. Similarly, ""Stopped"" aligns with the system's ability to turn off the activated alarm and remain active for the next scheduled alarm time.

However, there are minor wording differences that prevent the response from achieving a perfect score. For instance, the transition labels such as ""entry / Alarm activated"" and ""exit / Alarm stopped"" could be more closely aligned with the requirement text to ensure complete terminological alignment. Despite these minor discrepancies, the overall structure and content of the response are well-aligned with the instruction's requirements.

Therefore, based on the rubric's criteria for terminological alignment, the response is mainly fulfilled, with only minor wording differences."
diagram_f4698a240aba,case_45_alarm_clock,case_45_alarm_clock,Llama_3.1_8B,baseline_repair,open_source__llama31_8b_instruct__few_shot_validation_generator_critic_repair,llama3.1:8b-instruct-q4_K_M,general_purpose,46e0c10c039e019119339687c3c1757cc81b9da49709a3b3924863ba87ca666e,human_rubric_general_v1,ok,4,2,3,4,Missing transition from Off to Stopped when current time matches set alarm time.,"Contradiction: once the alarm is ringing, it should not be possible to stop it (FR5) but in the diagram, Activated --> [*] allows returning to Off.",Some state names and transition labels could be more descriptive for better clarity.,"State names (Off, Activated, Stopped) match the requirement text, but some transition labels use different wording."
diagram_f69cc3a905fd,case_47_safehome_security_function,case_47_safehome_security_function,DeepSeek_R1_14B,syntax_grounded_repair,open_source__deepseek_r1_14b__few_shot_validation_generator_critic_repair__syntax_grounded_no_rules,deepseek-r1:14b,general_purpose,c333b7232bdb521236694ffbb5f5a6b11cc45d98e9142c73123b670fca400b09,human_rubric_general_v1,ok,4,5,5,5,All required states and transitions are present except for some minor details.,Fully fulfilled.,Fully fulfilled.,Fully fulfilled.
diagram_f69cc3a905fd,case_47_safehome_security_function,case_47_safehome_security_function,DeepSeek_R1_14B,syntax_grounded_repair,open_source__deepseek_r1_14b__few_shot_validation_generator_critic_repair__syntax_grounded_no_rules,ggozad/prometheus2,specialized_evaluation,a35c2d3191de6693e87dc2d07609ca9643eab74bfa36fee3582b8cfc63753762,human_rubric_prometheus_reference_free_v1,ok,4,4,4,4,"The response provided a clear and concise representation of the Safehome Security Function State Machine. It successfully captured the main elements such as the power-on check, startup problem, ready to use state, monitoring state, normal state, user actions like resetting, activating, and turning off the system, as well as the alarm activation and deactivation. However, it missed out on explicitly stating the conditions under which certain transitions occur, such as the system stopping if there is a problem during startup or the system returning to normal when the user enters the password at any time. These omissions are minor but significant in terms of completeness. Therefore, while the response was largely complete, it did not fully meet all the requirements set out in the instruction. So the overall score is 4.","The response provided a clear and concise representation of the Safehome Security Function's state machine. It accurately depicted the system's behavior upon power-on, during startup, when ready to use, and its monitoring and alarm functions. The transitions between states were logically consistent with the requirements specified in the instruction.

However, there was a minor logical issue that could be improved. In the transition from ""Monitoring"" to ""Normal,"" it is not explicitly stated that the system returns to normal when the user enters the password at any time. This detail is crucial for understanding the complete behavior of the system.

Despite this, the response effectively communicated the main functionalities of the system and their interrelations. The diagram's behavior logically matches the requirements with only minor logical issues, which aligns well with a score of 4 in the rubric. Therefore, based on the evaluation criteria, the response is mainly fulfilled.","The response provided a clear and understandable PlantUML diagram that effectively communicates the functional requirements of the Safehome Security Function. The states are logically ordered and the transitions between them are accurately represented, making it easy to follow the system's behavior. However, there is room for improvement in terms of conciseness and structure. For instance, the use of ""POC"" instead of a more descriptive state name could potentially lead to confusion. Additionally, the transition from ""Monitoring"" to ""Normal"" could be more explicitly defined as it's not clear what triggers this transition. Despite these minor issues, the overall clarity and readability of the diagram are commendable. So the score is 4.","The response aligns well with the instruction by using similar terminology to describe the system's states and transitions. The terms ""PowerOnCheck"", ""StartupProblem"", ""ReadyToUse"", ""Monitoring"", and ""Normal"" are closely related to the requirement text, indicating a good understanding of the task. However, there is a minor discrepancy in the transition labels where ""system startup"" could be more accurately described as ""system checks upon power-on"". This slight deviation from the exact terms used in the instruction does not significantly impact the overall alignment with the requirements. The response also correctly identifies the actions that can be taken by the user, such as resetting, activating, and turning off the system. Therefore, while there are minor differences, the terminology is mostly aligned with the requirement text. So the overall score is 4."
diagram_f69cc3a905fd,case_47_safehome_security_function,case_47_safehome_security_function,DeepSeek_R1_14B,syntax_grounded_repair,open_source__deepseek_r1_14b__few_shot_validation_generator_critic_repair__syntax_grounded_no_rules,llama3.1:8b-instruct-q4_K_M,general_purpose,46e0c10c039e019119339687c3c1757cc81b9da49709a3b3924863ba87ca666e,human_rubric_general_v1,ok,4,3,5,4,Missing transition from SP to RTU when problem is resolved,"System stops on startup problem, but can continue if problem is resolved",Fully fulfilled,"State names match requirement text, but some transition labels are not exact"
diagram_f95f01ed4ead,case_12_business_process_outsourcing_bpo_management_system_2,case_12_business_process_outsourcing_bpo_management_system_2,Llama_3.1_8B,few_shot,open_source__llama31_8b_instruct__few_shot,deepseek-r1:14b,general_purpose,c333b7232bdb521236694ffbb5f5a6b11cc45d98e9142c73123b670fca400b09,human_rubric_general_v1,ok,5,5,5,5,Fully fulfilled.,Fully fulfilled.,Fully fulfilled.,Fully fulfilled.
diagram_f95f01ed4ead,case_12_business_process_outsourcing_bpo_management_system_2,case_12_business_process_outsourcing_bpo_management_system_2,Llama_3.1_8B,few_shot,open_source__llama31_8b_instruct__few_shot,ggozad/prometheus2,specialized_evaluation,a35c2d3191de6693e87dc2d07609ca9643eab74bfa36fee3582b8cfc63753762,human_rubric_prometheus_reference_free_v1,ok,3,4,4,4,"The response provided a UML State Machine Diagram that captures the main functionalities of the BPO Management System as described in the instruction. It includes the necessary states such as Search, SelectPriceRange, and DisplayResults, along with transitions between these states. However, it lacks some important elements like guards and initial states which are crucial for understanding the system's behavior under different conditions. The absence of these elements makes the response only partially fulfilled according to the score rubric. Therefore, while the main functionalities are represented, the completeness of the diagram is not fully achieved due to the omission of certain key components.","The response provided a UML State Machine Diagram that aligns well with the requirements specified in the instruction. The diagram logically represents the process of searching for users based on filter categories and price ranges, which is consistent with the functional requirements outlined. Each state in the diagram corresponds to a specific action or decision point within the system, demonstrating an understanding of the system's operation.

However, there are minor logical issues that prevent the response from achieving a perfect score. For instance, the transition between the ""Search"" and ""SelectPriceRange"" states could be more explicit in terms of the conditions under which the user would proceed to the next step. Additionally, the final state, ""DisplayResults,"" does not explicitly mention the display of matching users based on the chosen criteria, which is a key requirement.

Despite these minor issues, the response demonstrates a strong grasp of the system's functional requirements and presents them in a clear and concise manner. The diagram effectively communicates the process flow from user input to system output, making it easy for stakeholders to understand the system's operation. Therefore, based on the score rubric, the response is mainly fulfilled with only minor logical issues.","The response provided a UML State Machine Diagram that aligns with the functional requirements specified in the instruction. The diagram is clear and readable, demonstrating an understanding of the system's functionality. However, there are minor issues that prevent it from being fully clear and concise. For instance, the transitions between states could be more explicit to enhance clarity. Additionally, the use of ""entry"" and ""exit"" in the state machine could be replaced with more descriptive terms to better convey the purpose of each state. Despite these minor shortcomings, the diagram is overall well-structured and easy to follow. Therefore, based on the score rubric, the response is mainly fulfilled as it meets most of the criteria for clarity, readability, and conciseness.","The response demonstrates a good understanding of the task by creating a UML State Machine Diagram that aligns with the functional requirements provided in the instruction. The terminology used in the diagram is mostly aligned with the requirement text, which includes terms like ""Search,"" ""SelectPriceRange,"" and ""DisplayResults."" However, there are minor wording differences, such as using ""entry"" instead of ""start"" and ""exit"" instead of ""end."" These slight deviations from the exact terminology do not significantly impact the overall alignment with the requirement text. Therefore, based on the score rubric, the response is mainly fulfilled in terms of terminological alignment."
diagram_f95f01ed4ead,case_12_business_process_outsourcing_bpo_management_system_2,case_12_business_process_outsourcing_bpo_management_system_2,Llama_3.1_8B,few_shot,open_source__llama31_8b_instruct__few_shot,llama3.1:8b-instruct-q4_K_M,general_purpose,46e0c10c039e019119339687c3c1757cc81b9da49709a3b3924863ba87ca666e,human_rubric_general_v1,ok,4,3,5,4,Missing initial state for SelectPriceRange and DisplayResults states,Transitions from Search to SelectPriceRange are not conditional on the filter category being valid,Fully fulfilled,"State names and transition labels align with requirement text, but could be more precise"
diagram_f966f7b40b98,case_80_staff_member_class,case_80_staff_member_class,DeepSeek_R1_14B,syntax_grounded_repair,open_source__deepseek_r1_14b__few_shot_validation_generator_critic_repair__syntax_grounded_no_rules,deepseek-r1:14b,general_purpose,c333b7232bdb521236694ffbb5f5a6b11cc45d98e9142c73123b670fca400b09,human_rubric_general_v1,ok,4,5,5,5,Missing the ability to switch assignments during work period.,Fully fulfilled.,Fully fulfilled.,Fully fulfilled.
diagram_f966f7b40b98,case_80_staff_member_class,case_80_staff_member_class,DeepSeek_R1_14B,syntax_grounded_repair,open_source__deepseek_r1_14b__few_shot_validation_generator_critic_repair__syntax_grounded_no_rules,ggozad/prometheus2,specialized_evaluation,a35c2d3191de6693e87dc2d07609ca9643eab74bfa36fee3582b8cfc63753762,human_rubric_prometheus_reference_free_v1,ok,4,4,4,4,"The response provided a UML State Machine Diagram that captures the essence of the staff member assignment process. It includes the main states such as Unassigned, Assigned, Unemployed, and Archived, which align with the functional requirements specified in the instruction. The transitions between these states are also represented, including assigning a staff member to a client or campaign (Assign), removing assignments (Remove Assignment), marking a staff member as unemployed when they leave the job (Leave Job), and archiving the record of a former employee after some time has passed (Archive Record).

However, there are minor omissions in the response. The transitions between states do not include any guards or events that might be necessary to ensure the correct flow of the system. For example, it does not specify what conditions need to be met before a staff member can be assigned to a client or campaign, nor does it mention any specific event that triggers the archiving process.

Despite these minor omissions, the response still provides a clear and concise representation of the required states and transitions in the system. It is evident that the main elements are represented, but several important elements such as guards and events are missing. Therefore, based on the score rubric, the response is mainly fulfilled with only minor omissions.","The response provided a UML State Machine Diagram that aligns well with the requirements specified in the instruction. The diagram accurately represents the states of a staff member, from being unassigned to being assigned, unemployed, and archived. It also correctly identifies the transitions between these states, such as assigning or removing assignments, leaving the job, and archiving records after some time has passed.

However, there is a minor logical issue in the diagram. The transition from Unemployed to Archived should be marked with an action, similar to how Assigned transitions to Unassigned. This would make it clearer that the staff member's record is being archived as a result of their employment status changing.

Despite this minor oversight, the response effectively captures the main functional requirements and presents them in a coherent and logically consistent manner. Therefore, based on the score rubric, the response is mainly fulfilled with only minor logical issues.","The response provided a clear and understandable UML State Machine Diagram that aligns with the functional requirements specified in the instruction. The diagram effectively represents the different states of staff members, from being unassigned to being archived after leaving the job. It also includes transitions between these states, such as assigning or removing assignments, marking a staff member as unemployed, and archiving their record.

However, there are minor issues that prevent the response from achieving a perfect score. The diagram could be improved by providing more context or explanation for each state and transition, which would enhance its readability and comprehensibility. Additionally, the use of ""Unassigned"" as a starting point might not be immediately clear to all readers without further clarification.

Despite these minor issues, the response is still largely successful in creating a concise and well-structured diagram that effectively communicates the functional requirements of the Staff Member Class. Therefore, based on the score rubric's criteria for understandability, clarity, and structural simplicity, the response is mainly fulfilled with only minor issues.","The response aligns well with the instruction's requirements, using terminology that closely matches the original text. The states are named appropriately, such as ""Unassigned,"" ""Assigned,"" and ""Unemployed,"" which correspond to the requirement of assigning staff members to clients or campaigns. The transitions between these states also reflect the instructions accurately, with labels like ""Assign,"" ""Remove Assignment,"" and ""Leave Job.""

However, there is a minor discrepancy in the transition from ""Unemployed"" to ""Archived."" While the instruction specifies that the system should mark a staff member as unemployed when they leave the job, the response uses the term ""Archive Record after some time,"" which could be interpreted as archiving the record of an employee who has left the company. This slight deviation from the exact terminology used in the instruction is what differentiates this response from a perfect score.

Despite this minor issue, the overall alignment with the requirement text is commendable, and the response effectively communicates the functional requirements using PlantUML. Therefore, based on the rubric's criteria for terminological alignment, the response is mainly fulfilled, with only minor wording differences."
diagram_f966f7b40b98,case_80_staff_member_class,case_80_staff_member_class,DeepSeek_R1_14B,syntax_grounded_repair,open_source__deepseek_r1_14b__few_shot_validation_generator_critic_repair__syntax_grounded_no_rules,llama3.1:8b-instruct-q4_K_M,general_purpose,46e0c10c039e019119339687c3c1757cc81b9da49709a3b3924863ba87ca666e,human_rubric_general_v1,ok,4,3,5,4,Missing 'Add to Campaign' transition and event,Leaving a job does not necessarily make someone unemployed; it's more about the system marking them as such,Fully fulfilled,Using 'Assign' instead of 'assign a staff member to a client or add them to a campaign'; 'Remove Assignment' is close but not exact
diagram_fb9cdb4f2099,case_39_website_development,case_39_website_development,Qwen_2.5_7B,rag,open_source__qwen25_7b_instruct__rag,deepseek-r1:14b,general_purpose,c333b7232bdb521236694ffbb5f5a6b11cc45d98e9142c73123b670fca400b09,human_rubric_general_v1,ok,4,3,5,5,Missing the state for checking submitted job applications (requirement 6).,"The diagram does not include a transition to handle the checking of submitted job applications, which is required by point 6.",Fully fulfilled.,Fully fulfilled.
diagram_fb9cdb4f2099,case_39_website_development,case_39_website_development,Qwen_2.5_7B,rag,open_source__qwen25_7b_instruct__rag,ggozad/prometheus2,specialized_evaluation,a35c2d3191de6693e87dc2d07609ca9643eab74bfa36fee3582b8cfc63753762,human_rubric_prometheus_reference_free_v1,failed,,,4,4,Judge response could not be parsed after two attempts.,Judge response could not be parsed after two attempts.,"The response provided a PlantUML diagram that was generally understandable and followed the instruction's requirements. However, there were some issues with clarity and complexity. The use of ""selectProject"" and ""chooseViewType"" as actions could be more descriptive to better reflect the user's interaction with the system. Additionally, the transition from ""JobApplication"" to ""[*]"" was abrupt and lacked a clear connection to the next step in the process. These minor issues prevented the response from achieving a higher score on the rubric. Despite these shortcomings, the diagram remained largely clear and readable, with only minor issues that did not significantly hinder understanding. So the overall score is 4.","The response demonstrates a good understanding of the requirements by using terminology that is closely aligned with the instruction. The main functionalities are represented in the PlantUML diagram, such as navigation from the homepage, displaying project information, choosing between viewing photos or videos, and selecting career opportunities. However, there are minor wording differences, like ""selectProject"" instead of ""display information about projects when selected by the user,"" which slightly deviates from the exact terms used in the instruction. Additionally, the term ""JobApplication"" is used instead of ""submitted job applications."" These slight discrepancies do not significantly impact the overall alignment with the requirement text. Therefore, based on the rubric's criteria for terminological alignment, the response is mainly fulfilled, with only minor wording differences."
diagram_fb9cdb4f2099,case_39_website_development,case_39_website_development,Qwen_2.5_7B,rag,open_source__qwen25_7b_instruct__rag,llama3.1:8b-instruct-q4_K_M,general_purpose,46e0c10c039e019119339687c3c1757cc81b9da49709a3b3924863ba87ca666e,human_rubric_general_v1,ok,2,1,4,5,Missing states for displaying project information and career opportunities.,"The system shall check submitted job applications after they are submitted, but there is no transition or state to represent this behavior.","The diagram is clear and readable, but it could be improved by adding more descriptive labels for the transitions.",Fully fulfilled.
diagram_fe08fb11dae6,case_18_digidoclocker,case_18_digidoclocker,Llama_3.1_8B,syntax_grounded_repair,open_source__llama31_8b_instruct__few_shot_validation_generator_critic_repair__syntax_grounded,deepseek-r1:14b,general_purpose,c333b7232bdb521236694ffbb5f5a6b11cc45d98e9142c73123b670fca400b09,human_rubric_general_v1,ok,5,5,5,5,Fully fulfilled.,Fully fulfilled.,Fully fulfilled.,Fully fulfilled.
diagram_fe08fb11dae6,case_18_digidoclocker,case_18_digidoclocker,Llama_3.1_8B,syntax_grounded_repair,open_source__llama31_8b_instruct__few_shot_validation_generator_critic_repair__syntax_grounded,ggozad/prometheus2,specialized_evaluation,a35c2d3191de6693e87dc2d07609ca9643eab74bfa36fee3582b8cfc63753762,human_rubric_prometheus_reference_free_v1,ok,5,4,4,4,"The response provided a complete representation of the functional requirements for the Digidoclocker system. It included all necessary states, transitions, events, guards, initial states, and final states as required by the instruction. The diagram effectively depicted the flow of user actions from registration to document uploads, certificate applications, and session endings. Each state was clearly defined with its corresponding actions, which aligns well with the instruction's requirement for a polished specification.

The response also demonstrated an understanding of the system's requirements by detailing the interactions between citizens and registrars, as well as the system's ability to handle multiple certificate requests. This thoroughness in addressing all aspects of the functional requirements ensures that the response is fully compliant with the score rubric's criteria for completeness.

In conclusion, the response successfully fulfilled all required elements of the diagram, making it a complete representation of the system's functional requirements. Therefore, based on the score rubric, the response is rated as 5.","The response provided a clear and concise representation of the system's states and transitions between them. It successfully captured the main functionalities of the Digidoclocker system, such as registration, login, document upload, profile view, certificate application, reapplication for certificates, and requesting certificates by registrars. The response also correctly ended the session once the user is done with their actions.

However, there were minor logical issues that prevented the response from achieving a perfect score. For instance, the transition between ""DocumentUpload"" and ""CertificateApplication"" could have been more explicit in indicating that the certificate application can only occur after the documents are uploaded. Additionally, the transitions between ""RequestCertificate"" and ""ReapplyCertificate"" were not as clearly defined as they could be to ensure that the request for a certificate is made before reapplying for another certificate.

Despite these minor issues, the response was largely correct and logically consistent with the requirements specified in the instruction. Therefore, based on the score rubric, the response was mainly fulfilled, with only minor logical issues.","The response provided a clear and understandable PlantUML diagram that effectively communicates the functional requirements of the Digidoclocker system. The diagram was well-structured, with each state representing a specific action or requirement within the system. Each transition between states was clearly defined, indicating the flow of user actions from registration to document uploads and certificate applications.

However, there were minor issues that could have been improved for better clarity. For instance, the transitions between states could have been more explicitly labeled to indicate the conditions under which they occur. Additionally, some states could have been more descriptive in terms of what actions are performed within them.

Despite these minor shortcomings, the diagram was largely successful in conveying the necessary information in a clear and concise manner. The use of PlantUML to represent the system's functional requirements was appropriate and effective. Therefore, based on the score rubric, the response is mainly fulfilled as it provides a clear and readable diagram with only minor issues.","The response demonstrates a good understanding of the task by creating a PlantUML diagram that aligns with the functional requirements specified in the instruction. The terminology used in the states and transitions is mostly aligned with the requirement text, which is commendable. However, there are minor wording differences that prevent it from achieving a perfect score. For instance, ""entry"" and ""exit"" could be replaced with more specific terms like ""login"" and ""logout"", respectively, to better reflect the actions being performed. Additionally, the phrase ""do / validate login details"" could be more accurately described as ""validate login credentials"". These small adjustments would make the terminology even more aligned with the requirement text. Despite these minor discrepancies, the response is still quite effective in conveying the system's functional requirements. So the overall score is 4."
diagram_fe08fb11dae6,case_18_digidoclocker,case_18_digidoclocker,Llama_3.1_8B,syntax_grounded_repair,open_source__llama31_8b_instruct__few_shot_validation_generator_critic_repair__syntax_grounded,llama3.1:8b-instruct-q4_K_M,general_purpose,46e0c10c039e019119339687c3c1757cc81b9da49709a3b3924863ba87ca666e,human_rubric_general_v1,ok,5,4,5,4,Fully fulfilled.,"The system's behavior matches the requirement, but there is a minor issue with the 'Reapply for Certificate' transition; it should be triggered by 'Certificate Application' instead of 'Login'.",Fully fulfilled.,"The state names and transition labels generally match the requirement text, but some states (e.g., 'Document Upload') could be more descriptive."
diagram_fef7064ce913,case_28_ott_based_system_mini_reel,case_28_ott_based_system_mini_reel,DeepSeek_R1_14B,baseline_repair,open_source__deepseek_r1_14b__few_shot_validation_generator_critic_repair,deepseek-r1:14b,general_purpose,c333b7232bdb521236694ffbb5f5a6b11cc45d98e9142c73123b670fca400b09,human_rubric_general_v1,ok,5,5,5,5,Fully fulfilled.,Fully fulfilled.,Fully fulfilled.,Fully fulfilled.
diagram_fef7064ce913,case_28_ott_based_system_mini_reel,case_28_ott_based_system_mini_reel,DeepSeek_R1_14B,baseline_repair,open_source__deepseek_r1_14b__few_shot_validation_generator_critic_repair,ggozad/prometheus2,specialized_evaluation,a35c2d3191de6693e87dc2d07609ca9643eab74bfa36fee3582b8cfc63753762,human_rubric_prometheus_reference_free_v1,ok,3,4,4,4,"The response provided a UML State Machine Diagram that captures the main functionalities of the Ott Based System Mini Reel. It includes the creation of an account, watching videos, uploading videos, saving videos to a likes list, viewing saved videos, and entering discussion options. However, it lacks some important details such as the transitions between states and the specific events that trigger these transitions. For example, there is no explicit mention of how a user enters the discussion option or how they save a video to their likes list during video viewing. Additionally, the response does not include any guards or initial states which are crucial for understanding the system's behavior in different scenarios. Despite these omissions, the main elements required by the instruction are represented, making it partially fulfilled according to the score rubric. So the overall score is 3.","The response provided a UML State Machine Diagram that aligns well with the functional requirements specified in the instruction. The diagram logically represents the sequence of user actions, from creating an account to watching videos, uploading videos, saving them to the likes list, viewing the saved videos, and entering the discussion option. Each state is connected to the next, indicating a clear flow of user interaction with the system.

However, there are minor logical issues that prevent this response from achieving a perfect score. For instance, the transition from ""Uploaded Video"" to ""Watching Video"" could be more explicit in stating that the user returns to watching videos after uploading one. Additionally, the transition from ""Viewing Likes"" to ""End"" is abrupt and does not clearly indicate that the user has finished their session with the system.

Despite these minor issues, the response demonstrates a strong understanding of the functional requirements and presents them in a coherent and logical manner. The diagram effectively communicates the main behaviour of the system without contradiction or significant errors. Therefore, based on the score rubric, this response is mainly fulfilled with only minor logical issues.","The response provided a UML State Machine Diagram that aligns with the functional requirements of the Ott Based System Mini Reel. The diagram is clear and readable, effectively illustrating the flow of user actions within the system. However, there are minor issues that prevent it from achieving a perfect score. Specifically, the transitions between states could be more explicitly defined to enhance clarity. For example, the transition ""Uploaded Video"" to ""Watching Video"" is not clearly connected to the action of watching videos after uploading them. Additionally, the transition ""Viewing Likes"" to ""End"" could be more explicit in indicating that the user has finished viewing their saved videos and is now ending their session. These minor issues do not significantly hinder understanding but do contribute to a slight lack of conciseness and clarity compared to an ideal response. Therefore, while the diagram is largely clear and well-structured, these small improvements could further enhance its readability and comprehensibility.","The response provided a UML State Machine Diagram that aligns well with the functional requirements specified in the instruction. The terminology used in the diagram is mostly aligned with the requirement text, which is crucial for understanding and implementing the system's functionality. However, there are minor wording differences, such as ""Account Created"" instead of ""User has created an account,"" and ""Uploaded Video"" instead of ""User can upload videos."" These slight deviations from the exact terms used in the instruction do not significantly impact the overall alignment with the requirements. Therefore, based on the score rubric, the response is mainly fulfilled, as it uses mostly aligned terminology with only minor wording differences."
diagram_fef7064ce913,case_28_ott_based_system_mini_reel,case_28_ott_based_system_mini_reel,DeepSeek_R1_14B,baseline_repair,open_source__deepseek_r1_14b__few_shot_validation_generator_critic_repair,llama3.1:8b-instruct-q4_K_M,general_purpose,46e0c10c039e019119339687c3c1757cc81b9da49709a3b3924863ba87ca666e,human_rubric_general_v1,ok,4,3,5,4,Missing 'Save Video' transition from WatchingVideo to LikedVideo,Contradiction: a user can upload a video while watching another video,Fully fulfilled.,State 'Uploaded Video' does not match requirement text
