llm_name,method_name,case_id,candidate_path,ground_truth_path,embedding_model,similarity_threshold,relaxed_similarity_threshold,ground_truth_states,candidate_states,matched_state_pairs,missing_ground_truth_states,extra_candidate_states,ground_truth_state_count,candidate_state_count,matched_state_count,missing_state_count,extra_state_count,semantic_state_precision,semantic_state_recall,semantic_state_f1
DeepSeek_R1_14B,baseline_repair,case_01_healthcare_portal,final_results/runs/open_source__deepseek_r1_14b__few_shot_validation_generator_critic_repair/case_01_healthcare_portal/run_01.puml,dataset/case_01_healthcare_portal/diagram.puml,sentence-transformers/all-MiniLM-L6-v2,0.800000,0.480000,"[""Apply"",""Cash"",""Check fitness"",""Facilities"",""Feedback"",""Finance"",""Login"",""Logout"",""News and Experts"",""Payment"",""Register"",""Symptoms checker""]","[""AccessDenied"",""SignIn"",""Logout"",""MainMenu"",""Registration""]","[{""ground_truth_state"":""Login"",""candidate_state"":""SignIn"",""ground_truth_normalized"":""login"",""candidate_normalized"":""login"",""similarity"":1.0,""match_type"":""exact_normalized""},{""ground_truth_state"":""Logout"",""candidate_state"":""Logout"",""ground_truth_normalized"":""logout"",""candidate_normalized"":""logout"",""similarity"":1.0,""match_type"":""exact_normalized""},{""ground_truth_state"":""Register"",""candidate_state"":""Registration"",""ground_truth_normalized"":""registration"",""candidate_normalized"":""registration"",""similarity"":1.0,""match_type"":""exact_normalized""}]","[""Apply"",""Cash"",""Check fitness"",""Facilities"",""Feedback"",""Finance"",""News and Experts"",""Payment"",""Symptoms checker""]","[""AccessDenied"",""MainMenu""]",12,5,3,9,2,0.6,0.25,0.352941
DeepSeek_R1_14B,few_shot,case_01_healthcare_portal,final_results/runs/open_source__deepseek_r1_14b__few_shot/case_01_healthcare_portal/run_01.puml,dataset/case_01_healthcare_portal/diagram.puml,sentence-transformers/all-MiniLM-L6-v2,0.800000,0.480000,"[""Apply"",""Cash"",""Check fitness"",""Facilities"",""Feedback"",""Finance"",""Login"",""Logout"",""News and Experts"",""Payment"",""Register"",""Symptoms checker""]","[""CashPayment"",""HealthInfo"",""Idle"",""InsurancePayment"",""InvalidLogin"",""InvalidRegister"",""Login"",""MainMenu"",""PaymentSelection"",""ProcessInsurance"",""ReadContent"",""Register"",""ViewResult""]","[{""ground_truth_state"":""Cash"",""candidate_state"":""CashPayment"",""ground_truth_normalized"":""cash"",""candidate_normalized"":""cash"",""similarity"":1.0,""match_type"":""exact_normalized""},{""ground_truth_state"":""Login"",""candidate_state"":""Login"",""ground_truth_normalized"":""login"",""candidate_normalized"":""login"",""similarity"":1.0,""match_type"":""exact_normalized""},{""ground_truth_state"":""Payment"",""candidate_state"":""PaymentSelection"",""ground_truth_normalized"":""payment"",""candidate_normalized"":""payment selection"",""similarity"":0.70913,""match_type"":""relaxed_lexical""},{""ground_truth_state"":""Register"",""candidate_state"":""Register"",""ground_truth_normalized"":""registration"",""candidate_normalized"":""registration"",""similarity"":1.0,""match_type"":""exact_normalized""}]","[""Apply"",""Check fitness"",""Facilities"",""Feedback"",""Finance"",""Logout"",""News and Experts"",""Symptoms checker""]","[""HealthInfo"",""Idle"",""InsurancePayment"",""InvalidLogin"",""InvalidRegister"",""MainMenu"",""ProcessInsurance"",""ReadContent"",""ViewResult""]",12,13,4,8,9,0.307692,0.333333,0.32
DeepSeek_R1_14B,syntax_grounded_repair,case_01_healthcare_portal,final_results/runs/open_source__deepseek_r1_14b__few_shot_validation_generator_critic_repair__syntax_grounded_no_rules/case_01_healthcare_portal/run_01.puml,dataset/case_01_healthcare_portal/diagram.puml,sentence-transformers/all-MiniLM-L6-v2,0.800000,0.480000,"[""Apply"",""Cash"",""Check fitness"",""Facilities"",""Feedback"",""Finance"",""Login"",""Logout"",""News and Experts"",""Payment"",""Register"",""Symptoms checker""]","[""CashPayment"",""HealthInfo"",""Idle"",""InsurancePayment"",""InvalidLogin"",""InvalidRegister"",""Login"",""Logout"",""MainMenu"",""PaymentSelection"",""ProcessInsurance"",""ReadContent"",""Register"",""ViewResult""]","[{""ground_truth_state"":""Cash"",""candidate_state"":""CashPayment"",""ground_truth_normalized"":""cash"",""candidate_normalized"":""cash"",""similarity"":1.0,""match_type"":""exact_normalized""},{""ground_truth_state"":""Login"",""candidate_state"":""Login"",""ground_truth_normalized"":""login"",""candidate_normalized"":""login"",""similarity"":1.0,""match_type"":""exact_normalized""},{""ground_truth_state"":""Logout"",""candidate_state"":""Logout"",""ground_truth_normalized"":""logout"",""candidate_normalized"":""logout"",""similarity"":1.0,""match_type"":""exact_normalized""},{""ground_truth_state"":""Payment"",""candidate_state"":""PaymentSelection"",""ground_truth_normalized"":""payment"",""candidate_normalized"":""payment selection"",""similarity"":0.70913,""match_type"":""relaxed_lexical""},{""ground_truth_state"":""Register"",""candidate_state"":""Register"",""ground_truth_normalized"":""registration"",""candidate_normalized"":""registration"",""similarity"":1.0,""match_type"":""exact_normalized""}]","[""Apply"",""Check fitness"",""Facilities"",""Feedback"",""Finance"",""News and Experts"",""Symptoms checker""]","[""HealthInfo"",""Idle"",""InsurancePayment"",""InvalidLogin"",""InvalidRegister"",""MainMenu"",""ProcessInsurance"",""ReadContent"",""ViewResult""]",12,14,5,7,9,0.357143,0.416667,0.384615
Llama_3.1_8B,baseline_repair,case_01_healthcare_portal,final_results/runs/open_source__llama31_8b_instruct__few_shot_validation_generator_critic_repair/case_01_healthcare_portal/run_01.puml,dataset/case_01_healthcare_portal/diagram.puml,sentence-transformers/all-MiniLM-L6-v2,0.800000,0.480000,"[""Apply"",""Cash"",""Check fitness"",""Facilities"",""Feedback"",""Finance"",""Login"",""Logout"",""News and Experts"",""Payment"",""Register"",""Symptoms checker""]","[""Access Denied"",""Cash Payment Details"",""Check Symptoms"",""Failed Registration"",""Fitness Checking"",""Insurance Payment Process"",""Signed In"",""Logged Out"",""Read News"",""Payment Process"",""Registration"",""Select Payment Method"",""User Feedback"",""View Facilities"",""View Result""]","[{""ground_truth_state"":""Cash"",""candidate_state"":""Cash Payment Details"",""ground_truth_normalized"":""cash"",""candidate_normalized"":""cash payment details"",""similarity"":0.58581,""match_type"":""relaxed_lexical""},{""ground_truth_state"":""Check fitness"",""candidate_state"":""Fitness Checking"",""ground_truth_normalized"":""check fitness"",""candidate_normalized"":""fitness checking"",""similarity"":0.883875,""match_type"":""strict""},{""ground_truth_state"":""Facilities"",""candidate_state"":""View Facilities"",""ground_truth_normalized"":""facilities"",""candidate_normalized"":""view facilities"",""similarity"":0.664028,""match_type"":""relaxed_lexical""},{""ground_truth_state"":""Feedback"",""candidate_state"":""User Feedback"",""ground_truth_normalized"":""feedback"",""candidate_normalized"":""user feedback"",""similarity"":0.85144,""match_type"":""strict""},{""ground_truth_state"":""Login"",""candidate_state"":""Signed In"",""ground_truth_normalized"":""login"",""candidate_normalized"":""login"",""similarity"":1.0,""match_type"":""exact_normalized""},{""ground_truth_state"":""Logout"",""candidate_state"":""Logged Out"",""ground_truth_normalized"":""logout"",""candidate_normalized"":""logout"",""similarity"":1.0,""match_type"":""exact_normalized""},{""ground_truth_state"":""News and Experts"",""candidate_state"":""Read News"",""ground_truth_normalized"":""news and experts"",""candidate_normalized"":""news and experts"",""similarity"":1.0,""match_type"":""exact_normalized""},{""ground_truth_state"":""Payment"",""candidate_state"":""Payment Process"",""ground_truth_normalized"":""payment"",""candidate_normalized"":""payment process"",""similarity"":0.80333,""match_type"":""strict""},{""ground_truth_state"":""Register"",""candidate_state"":""Registration"",""ground_truth_normalized"":""registration"",""candidate_normalized"":""registration"",""similarity"":1.0,""match_type"":""exact_normalized""},{""ground_truth_state"":""Symptoms checker"",""candidate_state"":""Check Symptoms"",""ground_truth_normalized"":""symptoms checker"",""candidate_normalized"":""check symptoms"",""similarity"":0.830393,""match_type"":""strict""}]","[""Apply"",""Finance""]","[""Access Denied"",""Failed Registration"",""Insurance Payment Process"",""Select Payment Method"",""View Result""]",12,15,10,2,5,0.666667,0.833333,0.740741
Llama_3.1_8B,few_shot,case_01_healthcare_portal,final_results/runs/open_source__llama31_8b_instruct__few_shot/case_01_healthcare_portal/run_01.puml,dataset/case_01_healthcare_portal/diagram.puml,sentence-transformers/all-MiniLM-L6-v2,0.800000,0.480000,"[""Apply"",""Cash"",""Check fitness"",""Facilities"",""Feedback"",""Finance"",""Login"",""Logout"",""News and Experts"",""Payment"",""Register"",""Symptoms checker""]","[""Access Denied"",""Cash Payment Details"",""Check Symptoms"",""Failed Registration"",""Fitness Checking"",""Insurance Payment Process"",""Signed In"",""Logged Out"",""Read News"",""Payment Process"",""Registration"",""Select Payment Method"",""User Feedback"",""View Facilities"",""View Result""]","[{""ground_truth_state"":""Cash"",""candidate_state"":""Cash Payment Details"",""ground_truth_normalized"":""cash"",""candidate_normalized"":""cash payment details"",""similarity"":0.58581,""match_type"":""relaxed_lexical""},{""ground_truth_state"":""Check fitness"",""candidate_state"":""Fitness Checking"",""ground_truth_normalized"":""check fitness"",""candidate_normalized"":""fitness checking"",""similarity"":0.883875,""match_type"":""strict""},{""ground_truth_state"":""Facilities"",""candidate_state"":""View Facilities"",""ground_truth_normalized"":""facilities"",""candidate_normalized"":""view facilities"",""similarity"":0.664028,""match_type"":""relaxed_lexical""},{""ground_truth_state"":""Feedback"",""candidate_state"":""User Feedback"",""ground_truth_normalized"":""feedback"",""candidate_normalized"":""user feedback"",""similarity"":0.85144,""match_type"":""strict""},{""ground_truth_state"":""Login"",""candidate_state"":""Signed In"",""ground_truth_normalized"":""login"",""candidate_normalized"":""login"",""similarity"":1.0,""match_type"":""exact_normalized""},{""ground_truth_state"":""Logout"",""candidate_state"":""Logged Out"",""ground_truth_normalized"":""logout"",""candidate_normalized"":""logout"",""similarity"":1.0,""match_type"":""exact_normalized""},{""ground_truth_state"":""News and Experts"",""candidate_state"":""Read News"",""ground_truth_normalized"":""news and experts"",""candidate_normalized"":""news and experts"",""similarity"":1.0,""match_type"":""exact_normalized""},{""ground_truth_state"":""Payment"",""candidate_state"":""Payment Process"",""ground_truth_normalized"":""payment"",""candidate_normalized"":""payment process"",""similarity"":0.80333,""match_type"":""strict""},{""ground_truth_state"":""Register"",""candidate_state"":""Registration"",""ground_truth_normalized"":""registration"",""candidate_normalized"":""registration"",""similarity"":1.0,""match_type"":""exact_normalized""},{""ground_truth_state"":""Symptoms checker"",""candidate_state"":""Check Symptoms"",""ground_truth_normalized"":""symptoms checker"",""candidate_normalized"":""check symptoms"",""similarity"":0.830393,""match_type"":""strict""}]","[""Apply"",""Finance""]","[""Access Denied"",""Failed Registration"",""Insurance Payment Process"",""Select Payment Method"",""View Result""]",12,15,10,2,5,0.666667,0.833333,0.740741
Llama_3.1_8B,syntax_grounded_repair,case_01_healthcare_portal,final_results/runs/open_source__llama31_8b_instruct__few_shot_validation_generator_critic_repair__syntax_grounded/case_01_healthcare_portal/run_01.puml,dataset/case_01_healthcare_portal/diagram.puml,sentence-transformers/all-MiniLM-L6-v2,0.800000,0.480000,"[""Apply"",""Cash"",""Check fitness"",""Facilities"",""Feedback"",""Finance"",""Login"",""Logout"",""News and Experts"",""Payment"",""Register"",""Symptoms checker""]","[""Access Denied"",""Cash Payment Details"",""Check Symptoms"",""Failed Registration"",""Fitness Checking"",""Insurance Payment Process"",""Signed In"",""Logged Out"",""Read News"",""Payment Process"",""Registration"",""Select Payment Method"",""User Feedback"",""View Facilities"",""View Result""]","[{""ground_truth_state"":""Cash"",""candidate_state"":""Cash Payment Details"",""ground_truth_normalized"":""cash"",""candidate_normalized"":""cash payment details"",""similarity"":0.58581,""match_type"":""relaxed_lexical""},{""ground_truth_state"":""Check fitness"",""candidate_state"":""Fitness Checking"",""ground_truth_normalized"":""check fitness"",""candidate_normalized"":""fitness checking"",""similarity"":0.883875,""match_type"":""strict""},{""ground_truth_state"":""Facilities"",""candidate_state"":""View Facilities"",""ground_truth_normalized"":""facilities"",""candidate_normalized"":""view facilities"",""similarity"":0.664028,""match_type"":""relaxed_lexical""},{""ground_truth_state"":""Feedback"",""candidate_state"":""User Feedback"",""ground_truth_normalized"":""feedback"",""candidate_normalized"":""user feedback"",""similarity"":0.85144,""match_type"":""strict""},{""ground_truth_state"":""Login"",""candidate_state"":""Signed In"",""ground_truth_normalized"":""login"",""candidate_normalized"":""login"",""similarity"":1.0,""match_type"":""exact_normalized""},{""ground_truth_state"":""Logout"",""candidate_state"":""Logged Out"",""ground_truth_normalized"":""logout"",""candidate_normalized"":""logout"",""similarity"":1.0,""match_type"":""exact_normalized""},{""ground_truth_state"":""News and Experts"",""candidate_state"":""Read News"",""ground_truth_normalized"":""news and experts"",""candidate_normalized"":""news and experts"",""similarity"":1.0,""match_type"":""exact_normalized""},{""ground_truth_state"":""Payment"",""candidate_state"":""Payment Process"",""ground_truth_normalized"":""payment"",""candidate_normalized"":""payment process"",""similarity"":0.80333,""match_type"":""strict""},{""ground_truth_state"":""Register"",""candidate_state"":""Registration"",""ground_truth_normalized"":""registration"",""candidate_normalized"":""registration"",""similarity"":1.0,""match_type"":""exact_normalized""},{""ground_truth_state"":""Symptoms checker"",""candidate_state"":""Check Symptoms"",""ground_truth_normalized"":""symptoms checker"",""candidate_normalized"":""check symptoms"",""similarity"":0.830393,""match_type"":""strict""}]","[""Apply"",""Finance""]","[""Access Denied"",""Failed Registration"",""Insurance Payment Process"",""Select Payment Method"",""View Result""]",12,15,10,2,5,0.666667,0.833333,0.740741
Mistral,baseline_repair,case_01_healthcare_portal,final_results/runs/open_source__mistral__rag_validation_generator_critic_repair/case_01_healthcare_portal/run_01.puml,dataset/case_01_healthcare_portal/diagram.puml,sentence-transformers/all-MiniLM-L6-v2,0.800000,0.480000,"[""Apply"",""Cash"",""Check fitness"",""Facilities"",""Feedback"",""Finance"",""Login"",""Logout"",""News and Experts"",""Payment"",""Register"",""Symptoms checker""]","[""Entering Damaged parts list"",""Expiry Notification page"",""Logout"",""Service center Home"",""Service Center Login"",""Service Center Registration"",""Service Center Verification"",""ServiceJoin""]","[{""ground_truth_state"":""Login"",""candidate_state"":""Service Center Login"",""ground_truth_normalized"":""login"",""candidate_normalized"":""service center login"",""similarity"":0.568285,""match_type"":""relaxed_lexical""},{""ground_truth_state"":""Logout"",""candidate_state"":""Logout"",""ground_truth_normalized"":""logout"",""candidate_normalized"":""logout"",""similarity"":1.0,""match_type"":""exact_normalized""},{""ground_truth_state"":""Register"",""candidate_state"":""Service Center Registration"",""ground_truth_normalized"":""registration"",""candidate_normalized"":""service center registration"",""similarity"":0.668916,""match_type"":""relaxed_lexical""}]","[""Apply"",""Cash"",""Check fitness"",""Facilities"",""Feedback"",""Finance"",""News and Experts"",""Payment"",""Symptoms checker""]","[""Entering Damaged parts list"",""Expiry Notification page"",""Service center Home"",""Service Center Verification"",""ServiceJoin""]",12,8,3,9,5,0.375,0.25,0.3
Mistral,rag,case_01_healthcare_portal,final_results/runs/open_source__mistral__rag/case_01_healthcare_portal/run_01.puml,dataset/case_01_healthcare_portal/diagram.puml,sentence-transformers/all-MiniLM-L6-v2,0.800000,0.480000,"[""Apply"",""Cash"",""Check fitness"",""Facilities"",""Feedback"",""Finance"",""Login"",""Logout"",""News and Experts"",""Payment"",""Register"",""Symptoms checker""]","[""CarOwnerRegistration"",""Entering Damaged parts list"",""Expiry Notification page"",""Logout"",""Service center Home"",""Service Center Login"",""Service Center Registration"",""Service Center Verification"",""Updating parts Information""]","[{""ground_truth_state"":""Login"",""candidate_state"":""Service Center Login"",""ground_truth_normalized"":""login"",""candidate_normalized"":""service center login"",""similarity"":0.568285,""match_type"":""relaxed_lexical""},{""ground_truth_state"":""Logout"",""candidate_state"":""Logout"",""ground_truth_normalized"":""logout"",""candidate_normalized"":""logout"",""similarity"":1.0,""match_type"":""exact_normalized""},{""ground_truth_state"":""Register"",""candidate_state"":""Service Center Registration"",""ground_truth_normalized"":""registration"",""candidate_normalized"":""service center registration"",""similarity"":0.668916,""match_type"":""relaxed_lexical""}]","[""Apply"",""Cash"",""Check fitness"",""Facilities"",""Feedback"",""Finance"",""News and Experts"",""Payment"",""Symptoms checker""]","[""CarOwnerRegistration"",""Entering Damaged parts list"",""Expiry Notification page"",""Service center Home"",""Service Center Verification"",""Updating parts Information""]",12,9,3,9,6,0.333333,0.25,0.285714
Mistral,syntax_grounded_repair,case_01_healthcare_portal,final_results/runs/open_source__mistral__rag_validation_generator_critic_repair__syntax_grounded/case_01_healthcare_portal/run_01.puml,dataset/case_01_healthcare_portal/diagram.puml,sentence-transformers/all-MiniLM-L6-v2,0.800000,0.480000,"[""Apply"",""Cash"",""Check fitness"",""Facilities"",""Feedback"",""Finance"",""Login"",""Logout"",""News and Experts"",""Payment"",""Register"",""Symptoms checker""]","[""CashPayment"",""CheckResult"",""ContinueSession"",""FeedbackSubmitted"",""InsurancePayment"",""LoginFailed"",""LoginSuccess"",""PaymentCompleted"",""RegistrationSuccess""]","[{""ground_truth_state"":""Cash"",""candidate_state"":""CashPayment"",""ground_truth_normalized"":""cash"",""candidate_normalized"":""cash"",""similarity"":1.0,""match_type"":""exact_normalized""},{""ground_truth_state"":""Feedback"",""candidate_state"":""FeedbackSubmitted"",""ground_truth_normalized"":""feedback"",""candidate_normalized"":""feedback submit"",""similarity"":0.813348,""match_type"":""strict""},{""ground_truth_state"":""Login"",""candidate_state"":""LoginSuccess"",""ground_truth_normalized"":""login"",""candidate_normalized"":""login success"",""similarity"":0.737062,""match_type"":""relaxed_lexical""},{""ground_truth_state"":""Logout"",""candidate_state"":""ContinueSession"",""ground_truth_normalized"":""logout"",""candidate_normalized"":""continue session"",""similarity"":0.523317,""match_type"":""relaxed""},{""ground_truth_state"":""Payment"",""candidate_state"":""PaymentCompleted"",""ground_truth_normalized"":""payment"",""candidate_normalized"":""payment completed"",""similarity"":0.800125,""match_type"":""strict""},{""ground_truth_state"":""Register"",""candidate_state"":""RegistrationSuccess"",""ground_truth_normalized"":""registration"",""candidate_normalized"":""registration success"",""similarity"":0.808504,""match_type"":""strict""}]","[""Apply"",""Check fitness"",""Facilities"",""Finance"",""News and Experts"",""Symptoms checker""]","[""CheckResult"",""InsurancePayment"",""LoginFailed""]",12,9,6,6,3,0.666667,0.5,0.571429
Qwen_2.5_7B,baseline_repair,case_01_healthcare_portal,final_results/runs/open_source__qwen25_7b_instruct__rag_validation_generator_critic_repair/case_01_healthcare_portal/run_01.puml,dataset/case_01_healthcare_portal/diagram.puml,sentence-transformers/all-MiniLM-L6-v2,0.800000,0.480000,"[""Apply"",""Cash"",""Check fitness"",""Facilities"",""Feedback"",""Finance"",""Login"",""Logout"",""News and Experts"",""Payment"",""Register"",""Symptoms checker""]","[""CashPayment"",""Dashboard"",""DoctorConsultation"",""Facilities"",""Feedback"",""FinishSession"",""FitnessCheck"",""InsurancePayment"",""Login"",""Logout"",""News"",""Payment"",""PaymentComplete"",""Register"",""SymptomCheck""]","[{""ground_truth_state"":""Cash"",""candidate_state"":""CashPayment"",""ground_truth_normalized"":""cash"",""candidate_normalized"":""cash"",""similarity"":1.0,""match_type"":""exact_normalized""},{""ground_truth_state"":""Check fitness"",""candidate_state"":""FitnessCheck"",""ground_truth_normalized"":""check fitness"",""candidate_normalized"":""fitness check"",""similarity"":0.909404,""match_type"":""strict""},{""ground_truth_state"":""Facilities"",""candidate_state"":""Facilities"",""ground_truth_normalized"":""facilities"",""candidate_normalized"":""facilities"",""similarity"":1.0,""match_type"":""exact_normalized""},{""ground_truth_state"":""Feedback"",""candidate_state"":""Feedback"",""ground_truth_normalized"":""feedback"",""candidate_normalized"":""feedback"",""similarity"":1.0,""match_type"":""exact_normalized""},{""ground_truth_state"":""Login"",""candidate_state"":""Login"",""ground_truth_normalized"":""login"",""candidate_normalized"":""login"",""similarity"":1.0,""match_type"":""exact_normalized""},{""ground_truth_state"":""Logout"",""candidate_state"":""Logout"",""ground_truth_normalized"":""logout"",""candidate_normalized"":""logout"",""similarity"":1.0,""match_type"":""exact_normalized""},{""ground_truth_state"":""News and Experts"",""candidate_state"":""News"",""ground_truth_normalized"":""news and experts"",""candidate_normalized"":""news and experts"",""similarity"":1.0,""match_type"":""exact_normalized""},{""ground_truth_state"":""Payment"",""candidate_state"":""Payment"",""ground_truth_normalized"":""payment"",""candidate_normalized"":""payment"",""similarity"":1.0,""match_type"":""exact_normalized""},{""ground_truth_state"":""Register"",""candidate_state"":""Register"",""ground_truth_normalized"":""registration"",""candidate_normalized"":""registration"",""similarity"":1.0,""match_type"":""exact_normalized""},{""ground_truth_state"":""Symptoms checker"",""candidate_state"":""SymptomCheck"",""ground_truth_normalized"":""symptoms checker"",""candidate_normalized"":""symptoms checker"",""similarity"":1.0,""match_type"":""exact_normalized""}]","[""Apply"",""Finance""]","[""Dashboard"",""DoctorConsultation"",""FinishSession"",""InsurancePayment"",""PaymentComplete""]",12,15,10,2,5,0.666667,0.833333,0.740741
Qwen_2.5_7B,rag,case_01_healthcare_portal,final_results/runs/open_source__qwen25_7b_instruct__rag/case_01_healthcare_portal/run_01.puml,dataset/case_01_healthcare_portal/diagram.puml,sentence-transformers/all-MiniLM-L6-v2,0.800000,0.480000,"[""Apply"",""Cash"",""Check fitness"",""Facilities"",""Feedback"",""Finance"",""Login"",""Logout"",""News and Experts"",""Payment"",""Register"",""Symptoms checker""]","[""CashPayment"",""Dashboard"",""DoctorConsultation"",""Facilities"",""Feedback"",""FinishSession"",""FitnessCheck"",""InsurancePayment"",""Login"",""Logout"",""News"",""Payment"",""PaymentComplete"",""Register"",""SymptomCheck""]","[{""ground_truth_state"":""Cash"",""candidate_state"":""CashPayment"",""ground_truth_normalized"":""cash"",""candidate_normalized"":""cash"",""similarity"":1.0,""match_type"":""exact_normalized""},{""ground_truth_state"":""Check fitness"",""candidate_state"":""FitnessCheck"",""ground_truth_normalized"":""check fitness"",""candidate_normalized"":""fitness check"",""similarity"":0.909404,""match_type"":""strict""},{""ground_truth_state"":""Facilities"",""candidate_state"":""Facilities"",""ground_truth_normalized"":""facilities"",""candidate_normalized"":""facilities"",""similarity"":1.0,""match_type"":""exact_normalized""},{""ground_truth_state"":""Feedback"",""candidate_state"":""Feedback"",""ground_truth_normalized"":""feedback"",""candidate_normalized"":""feedback"",""similarity"":1.0,""match_type"":""exact_normalized""},{""ground_truth_state"":""Login"",""candidate_state"":""Login"",""ground_truth_normalized"":""login"",""candidate_normalized"":""login"",""similarity"":1.0,""match_type"":""exact_normalized""},{""ground_truth_state"":""Logout"",""candidate_state"":""Logout"",""ground_truth_normalized"":""logout"",""candidate_normalized"":""logout"",""similarity"":1.0,""match_type"":""exact_normalized""},{""ground_truth_state"":""News and Experts"",""candidate_state"":""News"",""ground_truth_normalized"":""news and experts"",""candidate_normalized"":""news and experts"",""similarity"":1.0,""match_type"":""exact_normalized""},{""ground_truth_state"":""Payment"",""candidate_state"":""Payment"",""ground_truth_normalized"":""payment"",""candidate_normalized"":""payment"",""similarity"":1.0,""match_type"":""exact_normalized""},{""ground_truth_state"":""Register"",""candidate_state"":""Register"",""ground_truth_normalized"":""registration"",""candidate_normalized"":""registration"",""similarity"":1.0,""match_type"":""exact_normalized""},{""ground_truth_state"":""Symptoms checker"",""candidate_state"":""SymptomCheck"",""ground_truth_normalized"":""symptoms checker"",""candidate_normalized"":""symptoms checker"",""similarity"":1.0,""match_type"":""exact_normalized""}]","[""Apply"",""Finance""]","[""Dashboard"",""DoctorConsultation"",""FinishSession"",""InsurancePayment"",""PaymentComplete""]",12,15,10,2,5,0.666667,0.833333,0.740741
Qwen_2.5_7B,syntax_grounded_repair,case_01_healthcare_portal,final_results/runs/open_source__qwen25_7b_instruct__rag_validation_generator_critic_repair__syntax_grounded_no_rules_original_rag/case_01_healthcare_portal/run_01.puml,dataset/case_01_healthcare_portal/diagram.puml,sentence-transformers/all-MiniLM-L6-v2,0.800000,0.480000,"[""Apply"",""Cash"",""Check fitness"",""Facilities"",""Feedback"",""Finance"",""Login"",""Logout"",""News and Experts"",""Payment"",""Register"",""Symptoms checker""]","[""CashPayment"",""Dashboard"",""DoctorConsultation"",""Facilities"",""Feedback"",""FinishSession"",""FitnessCheck"",""InsurancePayment"",""Login"",""Logout"",""News"",""Payment"",""PaymentComplete"",""Register"",""SymptomCheck""]","[{""ground_truth_state"":""Cash"",""candidate_state"":""CashPayment"",""ground_truth_normalized"":""cash"",""candidate_normalized"":""cash"",""similarity"":1.0,""match_type"":""exact_normalized""},{""ground_truth_state"":""Check fitness"",""candidate_state"":""FitnessCheck"",""ground_truth_normalized"":""check fitness"",""candidate_normalized"":""fitness check"",""similarity"":0.909404,""match_type"":""strict""},{""ground_truth_state"":""Facilities"",""candidate_state"":""Facilities"",""ground_truth_normalized"":""facilities"",""candidate_normalized"":""facilities"",""similarity"":1.0,""match_type"":""exact_normalized""},{""ground_truth_state"":""Feedback"",""candidate_state"":""Feedback"",""ground_truth_normalized"":""feedback"",""candidate_normalized"":""feedback"",""similarity"":1.0,""match_type"":""exact_normalized""},{""ground_truth_state"":""Login"",""candidate_state"":""Login"",""ground_truth_normalized"":""login"",""candidate_normalized"":""login"",""similarity"":1.0,""match_type"":""exact_normalized""},{""ground_truth_state"":""Logout"",""candidate_state"":""Logout"",""ground_truth_normalized"":""logout"",""candidate_normalized"":""logout"",""similarity"":1.0,""match_type"":""exact_normalized""},{""ground_truth_state"":""News and Experts"",""candidate_state"":""News"",""ground_truth_normalized"":""news and experts"",""candidate_normalized"":""news and experts"",""similarity"":1.0,""match_type"":""exact_normalized""},{""ground_truth_state"":""Payment"",""candidate_state"":""Payment"",""ground_truth_normalized"":""payment"",""candidate_normalized"":""payment"",""similarity"":1.0,""match_type"":""exact_normalized""},{""ground_truth_state"":""Register"",""candidate_state"":""Register"",""ground_truth_normalized"":""registration"",""candidate_normalized"":""registration"",""similarity"":1.0,""match_type"":""exact_normalized""},{""ground_truth_state"":""Symptoms checker"",""candidate_state"":""SymptomCheck"",""ground_truth_normalized"":""symptoms checker"",""candidate_normalized"":""symptoms checker"",""similarity"":1.0,""match_type"":""exact_normalized""}]","[""Apply"",""Finance""]","[""Dashboard"",""DoctorConsultation"",""FinishSession"",""InsurancePayment"",""PaymentComplete""]",12,15,10,2,5,0.666667,0.833333,0.740741
DeepSeek_R1_14B,baseline_repair,case_02_inventory,final_results/runs/open_source__deepseek_r1_14b__few_shot_validation_generator_critic_repair/case_02_inventory/run_01.puml,dataset/case_02_inventory/diagram.puml,sentence-transformers/all-MiniLM-L6-v2,0.800000,0.480000,"[""Add Goods"",""Authentication Login"",""Cancel Receipt"",""Customer Request"",""Dashboard"",""Remove Goods"",""Edit Goods"",""Expired Goods"",""Final State"",""Invoice Generation"",""Place Order"",""Receipt Generation"",""Replace Item"",""Search Item"",""Tax Generation"",""View Summary Report""]","[""AddGoods"",""CalculateDiscountTax"",""CheckExpiry"",""RemoveGoods"",""PlaceOrder"",""RecordRequest"",""ReplaceCancelReceipt"",""GenerateReport"",""GenerateInvoice"",""GenerateReceipt"",""SearchItems"",""Start"",""UpdatePrice""]","[{""ground_truth_state"":""Add Goods"",""candidate_state"":""AddGoods"",""ground_truth_normalized"":""add goods"",""candidate_normalized"":""add goods"",""similarity"":1.0,""match_type"":""exact_normalized""},{""ground_truth_state"":""Cancel Receipt"",""candidate_state"":""ReplaceCancelReceipt"",""ground_truth_normalized"":""cancel receipt"",""candidate_normalized"":""replace cancel receipt"",""similarity"":0.894516,""match_type"":""strict""},{""ground_truth_state"":""Customer Request"",""candidate_state"":""RecordRequest"",""ground_truth_normalized"":""customer request"",""candidate_normalized"":""record request"",""similarity"":0.549682,""match_type"":""relaxed""},{""ground_truth_state"":""Remove Goods"",""candidate_state"":""RemoveGoods"",""ground_truth_normalized"":""delete goods"",""candidate_normalized"":""delete goods"",""similarity"":1.0,""match_type"":""exact_normalized""},{""ground_truth_state"":""Expired Goods"",""candidate_state"":""CheckExpiry"",""ground_truth_normalized"":""expired goods"",""candidate_normalized"":""check expiry"",""similarity"":0.533233,""match_type"":""relaxed""},{""ground_truth_state"":""Invoice Generation"",""candidate_state"":""GenerateInvoice"",""ground_truth_normalized"":""invoice generation"",""candidate_normalized"":""report invoice"",""similarity"":0.740952,""match_type"":""relaxed""},{""ground_truth_state"":""Place Order"",""candidate_state"":""PlaceOrder"",""ground_truth_normalized"":""place order"",""candidate_normalized"":""place order"",""similarity"":1.0,""match_type"":""exact_normalized""},{""ground_truth_state"":""Receipt Generation"",""candidate_state"":""GenerateReceipt"",""ground_truth_normalized"":""receipt generation"",""candidate_normalized"":""report receipt"",""similarity"":0.679628,""match_type"":""relaxed""},{""ground_truth_state"":""Search Item"",""candidate_state"":""SearchItems"",""ground_truth_normalized"":""search item"",""candidate_normalized"":""search items"",""similarity"":0.946636,""match_type"":""strict""},{""ground_truth_state"":""View Summary Report"",""candidate_state"":""GenerateReport"",""ground_truth_normalized"":""view summary report"",""candidate_normalized"":""report"",""similarity"":0.475877,""match_type"":""relaxed_lexical""}]","[""Authentication Login"",""Dashboard"",""Edit Goods"",""Final State"",""Replace Item"",""Tax Generation""]","[""CalculateDiscountTax"",""Start"",""UpdatePrice""]",16,13,10,6,3,0.769231,0.625,0.689655
DeepSeek_R1_14B,few_shot,case_02_inventory,final_results/runs/open_source__deepseek_r1_14b__few_shot/case_02_inventory/run_01.puml,dataset/case_02_inventory/diagram.puml,sentence-transformers/all-MiniLM-L6-v2,0.800000,0.480000,"[""Add Goods"",""Authentication Login"",""Cancel Receipt"",""Customer Request"",""Dashboard"",""Remove Goods"",""Edit Goods"",""Expired Goods"",""Final State"",""Invoice Generation"",""Place Order"",""Receipt Generation"",""Replace Item"",""Search Item"",""Tax Generation"",""View Summary Report""]","[""AddGoods"",""CalculateDiscountTax"",""CheckExpiry"",""RemoveGoods"",""PlaceOrder"",""RecordRequest"",""ReplaceCancelReceipt"",""GenerateReport"",""GenerateInvoice"",""GenerateReceipt"",""SearchItems"",""Start"",""UpdatePrice""]","[{""ground_truth_state"":""Add Goods"",""candidate_state"":""AddGoods"",""ground_truth_normalized"":""add goods"",""candidate_normalized"":""add goods"",""similarity"":1.0,""match_type"":""exact_normalized""},{""ground_truth_state"":""Cancel Receipt"",""candidate_state"":""ReplaceCancelReceipt"",""ground_truth_normalized"":""cancel receipt"",""candidate_normalized"":""replace cancel receipt"",""similarity"":0.894516,""match_type"":""strict""},{""ground_truth_state"":""Customer Request"",""candidate_state"":""RecordRequest"",""ground_truth_normalized"":""customer request"",""candidate_normalized"":""record request"",""similarity"":0.549682,""match_type"":""relaxed""},{""ground_truth_state"":""Remove Goods"",""candidate_state"":""RemoveGoods"",""ground_truth_normalized"":""delete goods"",""candidate_normalized"":""delete goods"",""similarity"":1.0,""match_type"":""exact_normalized""},{""ground_truth_state"":""Expired Goods"",""candidate_state"":""CheckExpiry"",""ground_truth_normalized"":""expired goods"",""candidate_normalized"":""check expiry"",""similarity"":0.533233,""match_type"":""relaxed""},{""ground_truth_state"":""Invoice Generation"",""candidate_state"":""GenerateInvoice"",""ground_truth_normalized"":""invoice generation"",""candidate_normalized"":""report invoice"",""similarity"":0.740952,""match_type"":""relaxed""},{""ground_truth_state"":""Place Order"",""candidate_state"":""PlaceOrder"",""ground_truth_normalized"":""place order"",""candidate_normalized"":""place order"",""similarity"":1.0,""match_type"":""exact_normalized""},{""ground_truth_state"":""Receipt Generation"",""candidate_state"":""GenerateReceipt"",""ground_truth_normalized"":""receipt generation"",""candidate_normalized"":""report receipt"",""similarity"":0.679628,""match_type"":""relaxed""},{""ground_truth_state"":""Search Item"",""candidate_state"":""SearchItems"",""ground_truth_normalized"":""search item"",""candidate_normalized"":""search items"",""similarity"":0.946636,""match_type"":""strict""},{""ground_truth_state"":""View Summary Report"",""candidate_state"":""GenerateReport"",""ground_truth_normalized"":""view summary report"",""candidate_normalized"":""report"",""similarity"":0.475877,""match_type"":""relaxed_lexical""}]","[""Authentication Login"",""Dashboard"",""Edit Goods"",""Final State"",""Replace Item"",""Tax Generation""]","[""CalculateDiscountTax"",""Start"",""UpdatePrice""]",16,13,10,6,3,0.769231,0.625,0.689655
DeepSeek_R1_14B,syntax_grounded_repair,case_02_inventory,final_results/runs/open_source__deepseek_r1_14b__few_shot_validation_generator_critic_repair__syntax_grounded_no_rules/case_02_inventory/run_01.puml,dataset/case_02_inventory/diagram.puml,sentence-transformers/all-MiniLM-L6-v2,0.800000,0.480000,"[""Add Goods"",""Authentication Login"",""Cancel Receipt"",""Customer Request"",""Dashboard"",""Remove Goods"",""Edit Goods"",""Expired Goods"",""Final State"",""Invoice Generation"",""Place Order"",""Receipt Generation"",""Replace Item"",""Search Item"",""Tax Generation"",""View Summary Report""]","[""AddGoods"",""CalculateDiscountTax"",""CheckExpiry"",""RemoveGoods"",""PlaceOrder"",""RecordRequest"",""ReplaceCancelReceipt"",""GenerateReport"",""GenerateInvoice"",""GenerateReceipt"",""SearchItems"",""Start"",""UpdatePrice""]","[{""ground_truth_state"":""Add Goods"",""candidate_state"":""AddGoods"",""ground_truth_normalized"":""add goods"",""candidate_normalized"":""add goods"",""similarity"":1.0,""match_type"":""exact_normalized""},{""ground_truth_state"":""Cancel Receipt"",""candidate_state"":""ReplaceCancelReceipt"",""ground_truth_normalized"":""cancel receipt"",""candidate_normalized"":""replace cancel receipt"",""similarity"":0.894516,""match_type"":""strict""},{""ground_truth_state"":""Customer Request"",""candidate_state"":""RecordRequest"",""ground_truth_normalized"":""customer request"",""candidate_normalized"":""record request"",""similarity"":0.549682,""match_type"":""relaxed""},{""ground_truth_state"":""Remove Goods"",""candidate_state"":""RemoveGoods"",""ground_truth_normalized"":""delete goods"",""candidate_normalized"":""delete goods"",""similarity"":1.0,""match_type"":""exact_normalized""},{""ground_truth_state"":""Expired Goods"",""candidate_state"":""CheckExpiry"",""ground_truth_normalized"":""expired goods"",""candidate_normalized"":""check expiry"",""similarity"":0.533233,""match_type"":""relaxed""},{""ground_truth_state"":""Invoice Generation"",""candidate_state"":""GenerateInvoice"",""ground_truth_normalized"":""invoice generation"",""candidate_normalized"":""report invoice"",""similarity"":0.740952,""match_type"":""relaxed""},{""ground_truth_state"":""Place Order"",""candidate_state"":""PlaceOrder"",""ground_truth_normalized"":""place order"",""candidate_normalized"":""place order"",""similarity"":1.0,""match_type"":""exact_normalized""},{""ground_truth_state"":""Receipt Generation"",""candidate_state"":""GenerateReceipt"",""ground_truth_normalized"":""receipt generation"",""candidate_normalized"":""report receipt"",""similarity"":0.679628,""match_type"":""relaxed""},{""ground_truth_state"":""Search Item"",""candidate_state"":""SearchItems"",""ground_truth_normalized"":""search item"",""candidate_normalized"":""search items"",""similarity"":0.946636,""match_type"":""strict""},{""ground_truth_state"":""View Summary Report"",""candidate_state"":""GenerateReport"",""ground_truth_normalized"":""view summary report"",""candidate_normalized"":""report"",""similarity"":0.475877,""match_type"":""relaxed_lexical""}]","[""Authentication Login"",""Dashboard"",""Edit Goods"",""Final State"",""Replace Item"",""Tax Generation""]","[""CalculateDiscountTax"",""Start"",""UpdatePrice""]",16,13,10,6,3,0.769231,0.625,0.689655
Llama_3.1_8B,baseline_repair,case_02_inventory,final_results/runs/open_source__llama31_8b_instruct__few_shot_validation_generator_critic_repair/case_02_inventory/run_01.puml,dataset/case_02_inventory/diagram.puml,sentence-transformers/all-MiniLM-L6-v2,0.800000,0.480000,"[""Add Goods"",""Authentication Login"",""Cancel Receipt"",""Customer Request"",""Dashboard"",""Remove Goods"",""Edit Goods"",""Expired Goods"",""Final State"",""Invoice Generation"",""Place Order"",""Receipt Generation"",""Replace Item"",""Search Item"",""Tax Generation"",""View Summary Report""]","[""Adding"",""Billing"",""Cancelled"",""Removing"",""Expired"",""Idle"",""Invoicing"",""Ordering"",""Replaced"",""Searching"",""Summary"",""Updating""]","[{""ground_truth_state"":""Remove Goods"",""candidate_state"":""Removing"",""ground_truth_normalized"":""delete goods"",""candidate_normalized"":""delete"",""similarity"":0.527931,""match_type"":""relaxed_lexical""},{""ground_truth_state"":""Expired Goods"",""candidate_state"":""Expired"",""ground_truth_normalized"":""expired goods"",""candidate_normalized"":""expired"",""similarity"":0.681975,""match_type"":""relaxed_lexical""},{""ground_truth_state"":""Invoice Generation"",""candidate_state"":""Invoicing"",""ground_truth_normalized"":""invoice generation"",""candidate_normalized"":""invoicing"",""similarity"":0.747765,""match_type"":""relaxed""},{""ground_truth_state"":""Place Order"",""candidate_state"":""Ordering"",""ground_truth_normalized"":""place order"",""candidate_normalized"":""ordering"",""similarity"":0.744085,""match_type"":""relaxed""},{""ground_truth_state"":""Replace Item"",""candidate_state"":""Replaced"",""ground_truth_normalized"":""replace item"",""candidate_normalized"":""replaced"",""similarity"":0.628373,""match_type"":""relaxed""},{""ground_truth_state"":""Search Item"",""candidate_state"":""Searching"",""ground_truth_normalized"":""search item"",""candidate_normalized"":""search"",""similarity"":0.712516,""match_type"":""relaxed_lexical""},{""ground_truth_state"":""View Summary Report"",""candidate_state"":""Summary"",""ground_truth_normalized"":""view summary report"",""candidate_normalized"":""summary"",""similarity"":0.505134,""match_type"":""relaxed_lexical""}]","[""Add Goods"",""Authentication Login"",""Cancel Receipt"",""Customer Request"",""Dashboard"",""Edit Goods"",""Final State"",""Receipt Generation"",""Tax Generation""]","[""Adding"",""Billing"",""Cancelled"",""Idle"",""Updating""]",16,12,7,9,5,0.583333,0.4375,0.5
Llama_3.1_8B,few_shot,case_02_inventory,final_results/runs/open_source__llama31_8b_instruct__few_shot/case_02_inventory/run_01.puml,dataset/case_02_inventory/diagram.puml,sentence-transformers/all-MiniLM-L6-v2,0.800000,0.480000,"[""Add Goods"",""Authentication Login"",""Cancel Receipt"",""Customer Request"",""Dashboard"",""Remove Goods"",""Edit Goods"",""Expired Goods"",""Final State"",""Invoice Generation"",""Place Order"",""Receipt Generation"",""Replace Item"",""Search Item"",""Tax Generation"",""View Summary Report""]","[""Adding"",""Billing"",""Cancelled"",""Removing"",""Expired"",""Idle"",""Invoicing"",""Ordering"",""Replaced"",""Searching"",""Summary"",""Updating""]","[{""ground_truth_state"":""Remove Goods"",""candidate_state"":""Removing"",""ground_truth_normalized"":""delete goods"",""candidate_normalized"":""delete"",""similarity"":0.527931,""match_type"":""relaxed_lexical""},{""ground_truth_state"":""Expired Goods"",""candidate_state"":""Expired"",""ground_truth_normalized"":""expired goods"",""candidate_normalized"":""expired"",""similarity"":0.681975,""match_type"":""relaxed_lexical""},{""ground_truth_state"":""Invoice Generation"",""candidate_state"":""Invoicing"",""ground_truth_normalized"":""invoice generation"",""candidate_normalized"":""invoicing"",""similarity"":0.747765,""match_type"":""relaxed""},{""ground_truth_state"":""Place Order"",""candidate_state"":""Ordering"",""ground_truth_normalized"":""place order"",""candidate_normalized"":""ordering"",""similarity"":0.744085,""match_type"":""relaxed""},{""ground_truth_state"":""Replace Item"",""candidate_state"":""Replaced"",""ground_truth_normalized"":""replace item"",""candidate_normalized"":""replaced"",""similarity"":0.628373,""match_type"":""relaxed""},{""ground_truth_state"":""Search Item"",""candidate_state"":""Searching"",""ground_truth_normalized"":""search item"",""candidate_normalized"":""search"",""similarity"":0.712516,""match_type"":""relaxed_lexical""},{""ground_truth_state"":""View Summary Report"",""candidate_state"":""Summary"",""ground_truth_normalized"":""view summary report"",""candidate_normalized"":""summary"",""similarity"":0.505134,""match_type"":""relaxed_lexical""}]","[""Add Goods"",""Authentication Login"",""Cancel Receipt"",""Customer Request"",""Dashboard"",""Edit Goods"",""Final State"",""Receipt Generation"",""Tax Generation""]","[""Adding"",""Billing"",""Cancelled"",""Idle"",""Updating""]",16,12,7,9,5,0.583333,0.4375,0.5
Llama_3.1_8B,syntax_grounded_repair,case_02_inventory,final_results/runs/open_source__llama31_8b_instruct__few_shot_validation_generator_critic_repair__syntax_grounded/case_02_inventory/run_01.puml,dataset/case_02_inventory/diagram.puml,sentence-transformers/all-MiniLM-L6-v2,0.800000,0.480000,"[""Add Goods"",""Authentication Login"",""Cancel Receipt"",""Customer Request"",""Dashboard"",""Remove Goods"",""Edit Goods"",""Expired Goods"",""Final State"",""Invoice Generation"",""Place Order"",""Receipt Generation"",""Replace Item"",""Search Item"",""Tax Generation"",""View Summary Report""]","[""Adding"",""Billing"",""Cancelled"",""Removing"",""Expired"",""Idle"",""Invoicing"",""Ordering"",""Replaced"",""Searching"",""Summary"",""Updating""]","[{""ground_truth_state"":""Remove Goods"",""candidate_state"":""Removing"",""ground_truth_normalized"":""delete goods"",""candidate_normalized"":""delete"",""similarity"":0.527931,""match_type"":""relaxed_lexical""},{""ground_truth_state"":""Expired Goods"",""candidate_state"":""Expired"",""ground_truth_normalized"":""expired goods"",""candidate_normalized"":""expired"",""similarity"":0.681975,""match_type"":""relaxed_lexical""},{""ground_truth_state"":""Invoice Generation"",""candidate_state"":""Invoicing"",""ground_truth_normalized"":""invoice generation"",""candidate_normalized"":""invoicing"",""similarity"":0.747765,""match_type"":""relaxed""},{""ground_truth_state"":""Place Order"",""candidate_state"":""Ordering"",""ground_truth_normalized"":""place order"",""candidate_normalized"":""ordering"",""similarity"":0.744085,""match_type"":""relaxed""},{""ground_truth_state"":""Replace Item"",""candidate_state"":""Replaced"",""ground_truth_normalized"":""replace item"",""candidate_normalized"":""replaced"",""similarity"":0.628373,""match_type"":""relaxed""},{""ground_truth_state"":""Search Item"",""candidate_state"":""Searching"",""ground_truth_normalized"":""search item"",""candidate_normalized"":""search"",""similarity"":0.712516,""match_type"":""relaxed_lexical""},{""ground_truth_state"":""View Summary Report"",""candidate_state"":""Summary"",""ground_truth_normalized"":""view summary report"",""candidate_normalized"":""summary"",""similarity"":0.505134,""match_type"":""relaxed_lexical""}]","[""Add Goods"",""Authentication Login"",""Cancel Receipt"",""Customer Request"",""Dashboard"",""Edit Goods"",""Final State"",""Receipt Generation"",""Tax Generation""]","[""Adding"",""Billing"",""Cancelled"",""Idle"",""Updating""]",16,12,7,9,5,0.583333,0.4375,0.5
Mistral,baseline_repair,case_02_inventory,final_results/runs/open_source__mistral__rag_validation_generator_critic_repair/case_02_inventory/run_01.puml,dataset/case_02_inventory/diagram.puml,sentence-transformers/all-MiniLM-L6-v2,0.800000,0.480000,"[""Add Goods"",""Authentication Login"",""Cancel Receipt"",""Customer Request"",""Dashboard"",""Remove Goods"",""Edit Goods"",""Expired Goods"",""Final State"",""Invoice Generation"",""Place Order"",""Receipt Generation"",""Replace Item"",""Search Item"",""Tax Generation"",""View Summary Report""]","[""AddGoods"",""CalculateDiscountAndTax"",""RemoveExpiredGoods"",""RemoveGoods"",""ExpiredGoodsNotification"",""OrderSupplier"",""PurchaseSelection"",""RecordRequest"",""ReplaceOrCancel"",""GenerateInvoice"",""GenerateReceipt"",""UpdatePrice"",""ViewTransactionsReport""]","[{""ground_truth_state"":""Add Goods"",""candidate_state"":""AddGoods"",""ground_truth_normalized"":""add goods"",""candidate_normalized"":""add goods"",""similarity"":1.0,""match_type"":""exact_normalized""},{""ground_truth_state"":""Customer Request"",""candidate_state"":""RecordRequest"",""ground_truth_normalized"":""customer request"",""candidate_normalized"":""record request"",""similarity"":0.549682,""match_type"":""relaxed""},{""ground_truth_state"":""Remove Goods"",""candidate_state"":""RemoveGoods"",""ground_truth_normalized"":""delete goods"",""candidate_normalized"":""delete goods"",""similarity"":1.0,""match_type"":""exact_normalized""},{""ground_truth_state"":""Expired Goods"",""candidate_state"":""RemoveExpiredGoods"",""ground_truth_normalized"":""expired goods"",""candidate_normalized"":""delete expired goods"",""similarity"":0.845918,""match_type"":""strict""},{""ground_truth_state"":""Invoice Generation"",""candidate_state"":""GenerateInvoice"",""ground_truth_normalized"":""invoice generation"",""candidate_normalized"":""report invoice"",""similarity"":0.740952,""match_type"":""relaxed""},{""ground_truth_state"":""Place Order"",""candidate_state"":""OrderSupplier"",""ground_truth_normalized"":""place order"",""candidate_normalized"":""order supplier"",""similarity"":0.534945,""match_type"":""relaxed""},{""ground_truth_state"":""Receipt Generation"",""candidate_state"":""GenerateReceipt"",""ground_truth_normalized"":""receipt generation"",""candidate_normalized"":""report receipt"",""similarity"":0.679628,""match_type"":""relaxed""},{""ground_truth_state"":""Replace Item"",""candidate_state"":""ReplaceOrCancel"",""ground_truth_normalized"":""replace item"",""candidate_normalized"":""replace or cancel"",""similarity"":0.540564,""match_type"":""relaxed""},{""ground_truth_state"":""View Summary Report"",""candidate_state"":""ViewTransactionsReport"",""ground_truth_normalized"":""view summary report"",""candidate_normalized"":""view transactions report"",""similarity"":0.674469,""match_type"":""relaxed""}]","[""Authentication Login"",""Cancel Receipt"",""Dashboard"",""Edit Goods"",""Final State"",""Search Item"",""Tax Generation""]","[""CalculateDiscountAndTax"",""ExpiredGoodsNotification"",""PurchaseSelection"",""UpdatePrice""]",16,13,9,7,4,0.692308,0.5625,0.62069
Mistral,rag,case_02_inventory,final_results/runs/open_source__mistral__rag/case_02_inventory/run_01.puml,dataset/case_02_inventory/diagram.puml,sentence-transformers/all-MiniLM-L6-v2,0.800000,0.480000,"[""Add Goods"",""Authentication Login"",""Cancel Receipt"",""Customer Request"",""Dashboard"",""Remove Goods"",""Edit Goods"",""Expired Goods"",""Final State"",""Invoice Generation"",""Place Order"",""Receipt Generation"",""Replace Item"",""Search Item"",""Tax Generation"",""View Summary Report""]","[""AddGoods"",""CalculateDiscountAndTax"",""RemoveExpiredGoods"",""RemoveGoods"",""ExpiredGoodsNotification"",""OrderSupplier"",""PurchaseSelection"",""RecordRequest"",""ReplaceOrCancel"",""GenerateInvoice"",""GenerateReceipt"",""UpdatePrice"",""ViewTransactionsReport""]","[{""ground_truth_state"":""Add Goods"",""candidate_state"":""AddGoods"",""ground_truth_normalized"":""add goods"",""candidate_normalized"":""add goods"",""similarity"":1.0,""match_type"":""exact_normalized""},{""ground_truth_state"":""Customer Request"",""candidate_state"":""RecordRequest"",""ground_truth_normalized"":""customer request"",""candidate_normalized"":""record request"",""similarity"":0.549682,""match_type"":""relaxed""},{""ground_truth_state"":""Remove Goods"",""candidate_state"":""RemoveGoods"",""ground_truth_normalized"":""delete goods"",""candidate_normalized"":""delete goods"",""similarity"":1.0,""match_type"":""exact_normalized""},{""ground_truth_state"":""Expired Goods"",""candidate_state"":""RemoveExpiredGoods"",""ground_truth_normalized"":""expired goods"",""candidate_normalized"":""delete expired goods"",""similarity"":0.845918,""match_type"":""strict""},{""ground_truth_state"":""Invoice Generation"",""candidate_state"":""GenerateInvoice"",""ground_truth_normalized"":""invoice generation"",""candidate_normalized"":""report invoice"",""similarity"":0.740952,""match_type"":""relaxed""},{""ground_truth_state"":""Place Order"",""candidate_state"":""OrderSupplier"",""ground_truth_normalized"":""place order"",""candidate_normalized"":""order supplier"",""similarity"":0.534945,""match_type"":""relaxed""},{""ground_truth_state"":""Receipt Generation"",""candidate_state"":""GenerateReceipt"",""ground_truth_normalized"":""receipt generation"",""candidate_normalized"":""report receipt"",""similarity"":0.679628,""match_type"":""relaxed""},{""ground_truth_state"":""Replace Item"",""candidate_state"":""ReplaceOrCancel"",""ground_truth_normalized"":""replace item"",""candidate_normalized"":""replace or cancel"",""similarity"":0.540564,""match_type"":""relaxed""},{""ground_truth_state"":""View Summary Report"",""candidate_state"":""ViewTransactionsReport"",""ground_truth_normalized"":""view summary report"",""candidate_normalized"":""view transactions report"",""similarity"":0.674469,""match_type"":""relaxed""}]","[""Authentication Login"",""Cancel Receipt"",""Dashboard"",""Edit Goods"",""Final State"",""Search Item"",""Tax Generation""]","[""CalculateDiscountAndTax"",""ExpiredGoodsNotification"",""PurchaseSelection"",""UpdatePrice""]",16,13,9,7,4,0.692308,0.5625,0.62069
Mistral,syntax_grounded_repair,case_02_inventory,final_results/runs/open_source__mistral__rag_validation_generator_critic_repair__syntax_grounded/case_02_inventory/run_01.puml,dataset/case_02_inventory/diagram.puml,sentence-transformers/all-MiniLM-L6-v2,0.800000,0.480000,"[""Add Goods"",""Authentication Login"",""Cancel Receipt"",""Customer Request"",""Dashboard"",""Remove Goods"",""Edit Goods"",""Expired Goods"",""Final State"",""Invoice Generation"",""Place Order"",""Receipt Generation"",""Replace Item"",""Search Item"",""Tax Generation"",""View Summary Report""]","[""AddGoods"",""CalculateDiscountAndTax"",""RemoveExpiredGoods"",""RemoveGoods"",""ExpiredGoodsNotification"",""OrderSupplier"",""PurchaseSelection"",""RecordRequest"",""ReplaceOrCancel"",""GenerateInvoice"",""GenerateReceipt"",""UpdatePrice"",""ViewTransactionsReport""]","[{""ground_truth_state"":""Add Goods"",""candidate_state"":""AddGoods"",""ground_truth_normalized"":""add goods"",""candidate_normalized"":""add goods"",""similarity"":1.0,""match_type"":""exact_normalized""},{""ground_truth_state"":""Customer Request"",""candidate_state"":""RecordRequest"",""ground_truth_normalized"":""customer request"",""candidate_normalized"":""record request"",""similarity"":0.549682,""match_type"":""relaxed""},{""ground_truth_state"":""Remove Goods"",""candidate_state"":""RemoveGoods"",""ground_truth_normalized"":""delete goods"",""candidate_normalized"":""delete goods"",""similarity"":1.0,""match_type"":""exact_normalized""},{""ground_truth_state"":""Expired Goods"",""candidate_state"":""RemoveExpiredGoods"",""ground_truth_normalized"":""expired goods"",""candidate_normalized"":""delete expired goods"",""similarity"":0.845918,""match_type"":""strict""},{""ground_truth_state"":""Invoice Generation"",""candidate_state"":""GenerateInvoice"",""ground_truth_normalized"":""invoice generation"",""candidate_normalized"":""report invoice"",""similarity"":0.740952,""match_type"":""relaxed""},{""ground_truth_state"":""Place Order"",""candidate_state"":""OrderSupplier"",""ground_truth_normalized"":""place order"",""candidate_normalized"":""order supplier"",""similarity"":0.534945,""match_type"":""relaxed""},{""ground_truth_state"":""Receipt Generation"",""candidate_state"":""GenerateReceipt"",""ground_truth_normalized"":""receipt generation"",""candidate_normalized"":""report receipt"",""similarity"":0.679628,""match_type"":""relaxed""},{""ground_truth_state"":""Replace Item"",""candidate_state"":""ReplaceOrCancel"",""ground_truth_normalized"":""replace item"",""candidate_normalized"":""replace or cancel"",""similarity"":0.540564,""match_type"":""relaxed""},{""ground_truth_state"":""View Summary Report"",""candidate_state"":""ViewTransactionsReport"",""ground_truth_normalized"":""view summary report"",""candidate_normalized"":""view transactions report"",""similarity"":0.674469,""match_type"":""relaxed""}]","[""Authentication Login"",""Cancel Receipt"",""Dashboard"",""Edit Goods"",""Final State"",""Search Item"",""Tax Generation""]","[""CalculateDiscountAndTax"",""ExpiredGoodsNotification"",""PurchaseSelection"",""UpdatePrice""]",16,13,9,7,4,0.692308,0.5625,0.62069
Qwen_2.5_7B,baseline_repair,case_02_inventory,final_results/runs/open_source__qwen25_7b_instruct__rag_validation_generator_critic_repair/case_02_inventory/run_01.puml,dataset/case_02_inventory/diagram.puml,sentence-transformers/all-MiniLM-L6-v2,0.800000,0.480000,"[""Add Goods"",""Authentication Login"",""Cancel Receipt"",""Customer Request"",""Dashboard"",""Remove Goods"",""Edit Goods"",""Expired Goods"",""Final State"",""Invoice Generation"",""Place Order"",""Receipt Generation"",""Replace Item"",""Search Item"",""Tax Generation"",""View Summary Report""]","[""Add New Goods"",""Calculate Discount and Tax"",""Remove Goods"",""Identify Expired Goods"",""Place Order"",""Record Customer Requests"",""Replace Item or Cancel Receipt"",""Generate Invoice"",""Generate Receipt"",""Search Items"",""Update Price"",""View Summary Report""]","[{""ground_truth_state"":""Add Goods"",""candidate_state"":""Add New Goods"",""ground_truth_normalized"":""add goods"",""candidate_normalized"":""add new goods"",""similarity"":0.91487,""match_type"":""strict""},{""ground_truth_state"":""Cancel Receipt"",""candidate_state"":""Replace Item or Cancel Receipt"",""ground_truth_normalized"":""cancel receipt"",""candidate_normalized"":""replace item or cancel receipt"",""similarity"":0.835896,""match_type"":""strict""},{""ground_truth_state"":""Customer Request"",""candidate_state"":""Record Customer Requests"",""ground_truth_normalized"":""customer request"",""candidate_normalized"":""record customer request"",""similarity"":0.693038,""match_type"":""relaxed_lexical""},{""ground_truth_state"":""Remove Goods"",""candidate_state"":""Remove Goods"",""ground_truth_normalized"":""delete goods"",""candidate_normalized"":""delete goods"",""similarity"":1.0,""match_type"":""exact_normalized""},{""ground_truth_state"":""Expired Goods"",""candidate_state"":""Identify Expired Goods"",""ground_truth_normalized"":""expired goods"",""candidate_normalized"":""identify expired goods"",""similarity"":0.92004,""match_type"":""strict""},{""ground_truth_state"":""Invoice Generation"",""candidate_state"":""Generate Invoice"",""ground_truth_normalized"":""invoice generation"",""candidate_normalized"":""report invoice"",""similarity"":0.740952,""match_type"":""relaxed""},{""ground_truth_state"":""Place Order"",""candidate_state"":""Place Order"",""ground_truth_normalized"":""place order"",""candidate_normalized"":""place order"",""similarity"":1.0,""match_type"":""exact_normalized""},{""ground_truth_state"":""Receipt Generation"",""candidate_state"":""Generate Receipt"",""ground_truth_normalized"":""receipt generation"",""candidate_normalized"":""report receipt"",""similarity"":0.679628,""match_type"":""relaxed""},{""ground_truth_state"":""Search Item"",""candidate_state"":""Search Items"",""ground_truth_normalized"":""search item"",""candidate_normalized"":""search items"",""similarity"":0.946636,""match_type"":""strict""},{""ground_truth_state"":""View Summary Report"",""candidate_state"":""View Summary Report"",""ground_truth_normalized"":""view summary report"",""candidate_normalized"":""view summary report"",""similarity"":1.0,""match_type"":""exact_normalized""}]","[""Authentication Login"",""Dashboard"",""Edit Goods"",""Final State"",""Replace Item"",""Tax Generation""]","[""Calculate Discount and Tax"",""Update Price""]",16,12,10,6,2,0.833333,0.625,0.714286
Qwen_2.5_7B,rag,case_02_inventory,final_results/runs/open_source__qwen25_7b_instruct__rag/case_02_inventory/run_01.puml,dataset/case_02_inventory/diagram.puml,sentence-transformers/all-MiniLM-L6-v2,0.800000,0.480000,"[""Add Goods"",""Authentication Login"",""Cancel Receipt"",""Customer Request"",""Dashboard"",""Remove Goods"",""Edit Goods"",""Expired Goods"",""Final State"",""Invoice Generation"",""Place Order"",""Receipt Generation"",""Replace Item"",""Search Item"",""Tax Generation"",""View Summary Report""]","[""Add New Goods"",""Calculate Discount and Tax"",""Remove Goods"",""Identify Expired Goods"",""Place Order"",""Record Customer Requests"",""Replace Item or Cancel Receipt"",""Generate Invoice"",""Generate Receipt"",""Search Items"",""Update Price"",""View Summary Report""]","[{""ground_truth_state"":""Add Goods"",""candidate_state"":""Add New Goods"",""ground_truth_normalized"":""add goods"",""candidate_normalized"":""add new goods"",""similarity"":0.91487,""match_type"":""strict""},{""ground_truth_state"":""Cancel Receipt"",""candidate_state"":""Replace Item or Cancel Receipt"",""ground_truth_normalized"":""cancel receipt"",""candidate_normalized"":""replace item or cancel receipt"",""similarity"":0.835896,""match_type"":""strict""},{""ground_truth_state"":""Customer Request"",""candidate_state"":""Record Customer Requests"",""ground_truth_normalized"":""customer request"",""candidate_normalized"":""record customer request"",""similarity"":0.693038,""match_type"":""relaxed_lexical""},{""ground_truth_state"":""Remove Goods"",""candidate_state"":""Remove Goods"",""ground_truth_normalized"":""delete goods"",""candidate_normalized"":""delete goods"",""similarity"":1.0,""match_type"":""exact_normalized""},{""ground_truth_state"":""Expired Goods"",""candidate_state"":""Identify Expired Goods"",""ground_truth_normalized"":""expired goods"",""candidate_normalized"":""identify expired goods"",""similarity"":0.92004,""match_type"":""strict""},{""ground_truth_state"":""Invoice Generation"",""candidate_state"":""Generate Invoice"",""ground_truth_normalized"":""invoice generation"",""candidate_normalized"":""report invoice"",""similarity"":0.740952,""match_type"":""relaxed""},{""ground_truth_state"":""Place Order"",""candidate_state"":""Place Order"",""ground_truth_normalized"":""place order"",""candidate_normalized"":""place order"",""similarity"":1.0,""match_type"":""exact_normalized""},{""ground_truth_state"":""Receipt Generation"",""candidate_state"":""Generate Receipt"",""ground_truth_normalized"":""receipt generation"",""candidate_normalized"":""report receipt"",""similarity"":0.679628,""match_type"":""relaxed""},{""ground_truth_state"":""Search Item"",""candidate_state"":""Search Items"",""ground_truth_normalized"":""search item"",""candidate_normalized"":""search items"",""similarity"":0.946636,""match_type"":""strict""},{""ground_truth_state"":""View Summary Report"",""candidate_state"":""View Summary Report"",""ground_truth_normalized"":""view summary report"",""candidate_normalized"":""view summary report"",""similarity"":1.0,""match_type"":""exact_normalized""}]","[""Authentication Login"",""Dashboard"",""Edit Goods"",""Final State"",""Replace Item"",""Tax Generation""]","[""Calculate Discount and Tax"",""Update Price""]",16,12,10,6,2,0.833333,0.625,0.714286
Qwen_2.5_7B,syntax_grounded_repair,case_02_inventory,final_results/runs/open_source__qwen25_7b_instruct__rag_validation_generator_critic_repair__syntax_grounded_no_rules_original_rag/case_02_inventory/run_01.puml,dataset/case_02_inventory/diagram.puml,sentence-transformers/all-MiniLM-L6-v2,0.800000,0.480000,"[""Add Goods"",""Authentication Login"",""Cancel Receipt"",""Customer Request"",""Dashboard"",""Remove Goods"",""Edit Goods"",""Expired Goods"",""Final State"",""Invoice Generation"",""Place Order"",""Receipt Generation"",""Replace Item"",""Search Item"",""Tax Generation"",""View Summary Report""]","[""Add New Goods"",""Calculate Discount and Tax"",""Remove Goods"",""Identify Expired Goods"",""Place Order"",""Record Customer Requests"",""Replace Item or Cancel Receipt"",""Generate Invoice"",""Generate Receipt"",""Search Items"",""Update Price"",""View Summary Report""]","[{""ground_truth_state"":""Add Goods"",""candidate_state"":""Add New Goods"",""ground_truth_normalized"":""add goods"",""candidate_normalized"":""add new goods"",""similarity"":0.91487,""match_type"":""strict""},{""ground_truth_state"":""Cancel Receipt"",""candidate_state"":""Replace Item or Cancel Receipt"",""ground_truth_normalized"":""cancel receipt"",""candidate_normalized"":""replace item or cancel receipt"",""similarity"":0.835896,""match_type"":""strict""},{""ground_truth_state"":""Customer Request"",""candidate_state"":""Record Customer Requests"",""ground_truth_normalized"":""customer request"",""candidate_normalized"":""record customer request"",""similarity"":0.693038,""match_type"":""relaxed_lexical""},{""ground_truth_state"":""Remove Goods"",""candidate_state"":""Remove Goods"",""ground_truth_normalized"":""delete goods"",""candidate_normalized"":""delete goods"",""similarity"":1.0,""match_type"":""exact_normalized""},{""ground_truth_state"":""Expired Goods"",""candidate_state"":""Identify Expired Goods"",""ground_truth_normalized"":""expired goods"",""candidate_normalized"":""identify expired goods"",""similarity"":0.92004,""match_type"":""strict""},{""ground_truth_state"":""Invoice Generation"",""candidate_state"":""Generate Invoice"",""ground_truth_normalized"":""invoice generation"",""candidate_normalized"":""report invoice"",""similarity"":0.740952,""match_type"":""relaxed""},{""ground_truth_state"":""Place Order"",""candidate_state"":""Place Order"",""ground_truth_normalized"":""place order"",""candidate_normalized"":""place order"",""similarity"":1.0,""match_type"":""exact_normalized""},{""ground_truth_state"":""Receipt Generation"",""candidate_state"":""Generate Receipt"",""ground_truth_normalized"":""receipt generation"",""candidate_normalized"":""report receipt"",""similarity"":0.679628,""match_type"":""relaxed""},{""ground_truth_state"":""Search Item"",""candidate_state"":""Search Items"",""ground_truth_normalized"":""search item"",""candidate_normalized"":""search items"",""similarity"":0.946636,""match_type"":""strict""},{""ground_truth_state"":""View Summary Report"",""candidate_state"":""View Summary Report"",""ground_truth_normalized"":""view summary report"",""candidate_normalized"":""view summary report"",""similarity"":1.0,""match_type"":""exact_normalized""}]","[""Authentication Login"",""Dashboard"",""Edit Goods"",""Final State"",""Replace Item"",""Tax Generation""]","[""Calculate Discount and Tax"",""Update Price""]",16,12,10,6,2,0.833333,0.625,0.714286
DeepSeek_R1_14B,baseline_repair,case_12_business_process_outsourcing_bpo_management_system_2,final_results/runs/open_source__deepseek_r1_14b__few_shot_validation_generator_critic_repair/case_12_business_process_outsourcing_bpo_management_system_2/run_01.puml,dataset/case_12_business_process_outsourcing_bpo_management_system_2/diagram.puml,sentence-transformers/all-MiniLM-L6-v2,0.800000,0.480000,"[""search and display"",""Search users"",""Choose category"",""Choose rate range""]","[""ResultsDisplayed"",""SearchCriteriaEntered"",""Start""]","[{""ground_truth_state"":""search and display"",""candidate_state"":""SearchCriteriaEntered"",""ground_truth_normalized"":""search and view"",""candidate_normalized"":""search criteria entered"",""similarity"":0.509261,""match_type"":""relaxed""}]","[""Search users"",""Choose category"",""Choose rate range""]","[""ResultsDisplayed"",""Start""]",4,3,1,3,2,0.333333,0.25,0.285714
DeepSeek_R1_14B,few_shot,case_12_business_process_outsourcing_bpo_management_system_2,final_results/runs/open_source__deepseek_r1_14b__few_shot/case_12_business_process_outsourcing_bpo_management_system_2/run_01.puml,dataset/case_12_business_process_outsourcing_bpo_management_system_2/diagram.puml,sentence-transformers/all-MiniLM-L6-v2,0.800000,0.480000,"[""search and display"",""Search users"",""Choose category"",""Choose rate range""]",[],[],"[""search and display"",""Search users"",""Choose category"",""Choose rate range""]",[],4,0,0,4,0,0.0,0.0,0.0
DeepSeek_R1_14B,syntax_grounded_repair,case_12_business_process_outsourcing_bpo_management_system_2,final_results/runs/open_source__deepseek_r1_14b__few_shot_validation_generator_critic_repair__syntax_grounded_no_rules/case_12_business_process_outsourcing_bpo_management_system_2/run_01.puml,dataset/case_12_business_process_outsourcing_bpo_management_system_2/diagram.puml,sentence-transformers/all-MiniLM-L6-v2,0.800000,0.480000,"[""search and display"",""Search users"",""Choose category"",""Choose rate range""]","[""End"",""Searching"",""Start""]","[{""ground_truth_state"":""search and display"",""candidate_state"":""Searching"",""ground_truth_normalized"":""search and view"",""candidate_normalized"":""search"",""similarity"":0.668258,""match_type"":""relaxed_lexical""}]","[""Search users"",""Choose category"",""Choose rate range""]","[""End"",""Start""]",4,3,1,3,2,0.333333,0.25,0.285714
Llama_3.1_8B,baseline_repair,case_12_business_process_outsourcing_bpo_management_system_2,final_results/runs/open_source__llama31_8b_instruct__few_shot_validation_generator_critic_repair/case_12_business_process_outsourcing_bpo_management_system_2/run_01.puml,dataset/case_12_business_process_outsourcing_bpo_management_system_2/diagram.puml,sentence-transformers/all-MiniLM-L6-v2,0.800000,0.480000,"[""search and display"",""Search users"",""Choose category"",""Choose rate range""]","[""Search"",""SelectPriceRange"",""DisplayResults""]","[{""ground_truth_state"":""search and display"",""candidate_state"":""DisplayResults"",""ground_truth_normalized"":""search and view"",""candidate_normalized"":""view results"",""similarity"":0.626342,""match_type"":""relaxed""},{""ground_truth_state"":""Search users"",""candidate_state"":""Search"",""ground_truth_normalized"":""search user"",""candidate_normalized"":""search"",""similarity"":0.637604,""match_type"":""relaxed_lexical""},{""ground_truth_state"":""Choose rate range"",""candidate_state"":""SelectPriceRange"",""ground_truth_normalized"":""select rate range"",""candidate_normalized"":""select price range"",""similarity"":0.699441,""match_type"":""relaxed""}]","[""Choose category""]",[],4,3,3,1,0,1.0,0.75,0.857143
Llama_3.1_8B,few_shot,case_12_business_process_outsourcing_bpo_management_system_2,final_results/runs/open_source__llama31_8b_instruct__few_shot/case_12_business_process_outsourcing_bpo_management_system_2/run_01.puml,dataset/case_12_business_process_outsourcing_bpo_management_system_2/diagram.puml,sentence-transformers/all-MiniLM-L6-v2,0.800000,0.480000,"[""search and display"",""Search users"",""Choose category"",""Choose rate range""]","[""Search"",""SelectPriceRange"",""DisplayResults""]","[{""ground_truth_state"":""search and display"",""candidate_state"":""DisplayResults"",""ground_truth_normalized"":""search and view"",""candidate_normalized"":""view results"",""similarity"":0.626342,""match_type"":""relaxed""},{""ground_truth_state"":""Search users"",""candidate_state"":""Search"",""ground_truth_normalized"":""search user"",""candidate_normalized"":""search"",""similarity"":0.637604,""match_type"":""relaxed_lexical""},{""ground_truth_state"":""Choose rate range"",""candidate_state"":""SelectPriceRange"",""ground_truth_normalized"":""select rate range"",""candidate_normalized"":""select price range"",""similarity"":0.699441,""match_type"":""relaxed""}]","[""Choose category""]",[],4,3,3,1,0,1.0,0.75,0.857143
Llama_3.1_8B,syntax_grounded_repair,case_12_business_process_outsourcing_bpo_management_system_2,final_results/runs/open_source__llama31_8b_instruct__few_shot_validation_generator_critic_repair__syntax_grounded/case_12_business_process_outsourcing_bpo_management_system_2/run_01.puml,dataset/case_12_business_process_outsourcing_bpo_management_system_2/diagram.puml,sentence-transformers/all-MiniLM-L6-v2,0.800000,0.480000,"[""search and display"",""Search users"",""Choose category"",""Choose rate range""]","[""Search"",""SelectPriceRange"",""DisplayResults""]","[{""ground_truth_state"":""search and display"",""candidate_state"":""DisplayResults"",""ground_truth_normalized"":""search and view"",""candidate_normalized"":""view results"",""similarity"":0.626342,""match_type"":""relaxed""},{""ground_truth_state"":""Search users"",""candidate_state"":""Search"",""ground_truth_normalized"":""search user"",""candidate_normalized"":""search"",""similarity"":0.637604,""match_type"":""relaxed_lexical""},{""ground_truth_state"":""Choose rate range"",""candidate_state"":""SelectPriceRange"",""ground_truth_normalized"":""select rate range"",""candidate_normalized"":""select price range"",""similarity"":0.699441,""match_type"":""relaxed""}]","[""Choose category""]",[],4,3,3,1,0,1.0,0.75,0.857143
Mistral,baseline_repair,case_12_business_process_outsourcing_bpo_management_system_2,final_results/runs/open_source__mistral__rag_validation_generator_critic_repair/case_12_business_process_outsourcing_bpo_management_system_2/run_01.puml,dataset/case_12_business_process_outsourcing_bpo_management_system_2/diagram.puml,sentence-transformers/all-MiniLM-L6-v2,0.800000,0.480000,"[""search and display"",""Search users"",""Choose category"",""Choose rate range""]","[""Add to wishlist"",""Checking"",""EndInvalid"",""EnterDetails"",""Enter username and password"",""Login"",""Move from wishlist to cart"",""NewUser"",""New User Registration"",""Profile"",""RegisteredUser"",""Search users"",""Update Database"",""View current deals"",""View or Edit profile""]","[{""ground_truth_state"":""Search users"",""candidate_state"":""Search users"",""ground_truth_normalized"":""search user"",""candidate_normalized"":""search user"",""similarity"":1.0,""match_type"":""exact_normalized""}]","[""search and display"",""Choose category"",""Choose rate range""]","[""Add to wishlist"",""Checking"",""EndInvalid"",""EnterDetails"",""Enter username and password"",""Login"",""Move from wishlist to cart"",""NewUser"",""New User Registration"",""Profile"",""RegisteredUser"",""Update Database"",""View current deals"",""View or Edit profile""]",4,15,1,3,14,0.066667,0.25,0.105263
Mistral,rag,case_12_business_process_outsourcing_bpo_management_system_2,final_results/runs/open_source__mistral__rag/case_12_business_process_outsourcing_bpo_management_system_2/run_01.puml,dataset/case_12_business_process_outsourcing_bpo_management_system_2/diagram.puml,sentence-transformers/all-MiniLM-L6-v2,0.800000,0.480000,"[""search and display"",""Search users"",""Choose category"",""Choose rate range""]","[""Add to wishlist"",""EnterDetails"",""Login"",""Move from wishlist to cart"",""NewUser"",""New User Registration"",""Profile"",""RegisteredUser"",""Search users"",""Update Database"",""View current deals"",""View or Edit profile""]","[{""ground_truth_state"":""Search users"",""candidate_state"":""Search users"",""ground_truth_normalized"":""search user"",""candidate_normalized"":""search user"",""similarity"":1.0,""match_type"":""exact_normalized""}]","[""search and display"",""Choose category"",""Choose rate range""]","[""Add to wishlist"",""EnterDetails"",""Login"",""Move from wishlist to cart"",""NewUser"",""New User Registration"",""Profile"",""RegisteredUser"",""Update Database"",""View current deals"",""View or Edit profile""]",4,12,1,3,11,0.083333,0.25,0.125
Mistral,syntax_grounded_repair,case_12_business_process_outsourcing_bpo_management_system_2,final_results/runs/open_source__mistral__rag_validation_generator_critic_repair__syntax_grounded/case_12_business_process_outsourcing_bpo_management_system_2/run_01.puml,dataset/case_12_business_process_outsourcing_bpo_management_system_2/diagram.puml,sentence-transformers/all-MiniLM-L6-v2,0.800000,0.480000,"[""search and display"",""Search users"",""Choose category"",""Choose rate range""]","[""Add to wishlist"",""ChoiceReg"",""EndInvalid"",""EnterDetails"",""Login"",""Move from wishlist to cart"",""NewUser"",""New User Registration"",""Profile"",""RegisteredUser"",""Search users"",""UpdateDB"",""View current deals"",""View or Edit profile""]","[{""ground_truth_state"":""Search users"",""candidate_state"":""Search users"",""ground_truth_normalized"":""search user"",""candidate_normalized"":""search user"",""similarity"":1.0,""match_type"":""exact_normalized""}]","[""search and display"",""Choose category"",""Choose rate range""]","[""Add to wishlist"",""ChoiceReg"",""EndInvalid"",""EnterDetails"",""Login"",""Move from wishlist to cart"",""NewUser"",""New User Registration"",""Profile"",""RegisteredUser"",""UpdateDB"",""View current deals"",""View or Edit profile""]",4,14,1,3,13,0.071429,0.25,0.111111
Qwen_2.5_7B,baseline_repair,case_12_business_process_outsourcing_bpo_management_system_2,final_results/runs/open_source__qwen25_7b_instruct__rag_validation_generator_critic_repair/case_12_business_process_outsourcing_bpo_management_system_2/run_01.puml,dataset/case_12_business_process_outsourcing_bpo_management_system_2/diagram.puml,sentence-transformers/all-MiniLM-L6-v2,0.800000,0.480000,"[""search and display"",""Search users"",""Choose category"",""Choose rate range""]","[""FilterCategory"",""PriceRange"",""SearchCriteria"",""DisplayResults""]","[{""ground_truth_state"":""search and display"",""candidate_state"":""DisplayResults"",""ground_truth_normalized"":""search and view"",""candidate_normalized"":""view results"",""similarity"":0.626342,""match_type"":""relaxed""},{""ground_truth_state"":""Search users"",""candidate_state"":""SearchCriteria"",""ground_truth_normalized"":""search user"",""candidate_normalized"":""search criteria"",""similarity"":0.507182,""match_type"":""relaxed""},{""ground_truth_state"":""Choose category"",""candidate_state"":""FilterCategory"",""ground_truth_normalized"":""select category"",""candidate_normalized"":""filter category"",""similarity"":0.64045,""match_type"":""relaxed""}]","[""Choose rate range""]","[""PriceRange""]",4,4,3,1,1,0.75,0.75,0.75
Qwen_2.5_7B,rag,case_12_business_process_outsourcing_bpo_management_system_2,final_results/runs/open_source__qwen25_7b_instruct__rag/case_12_business_process_outsourcing_bpo_management_system_2/run_01.puml,dataset/case_12_business_process_outsourcing_bpo_management_system_2/diagram.puml,sentence-transformers/all-MiniLM-L6-v2,0.800000,0.480000,"[""search and display"",""Search users"",""Choose category"",""Choose rate range""]","[""FilterCategory"",""PriceRange"",""SearchCriteria"",""DisplayResults""]","[{""ground_truth_state"":""search and display"",""candidate_state"":""DisplayResults"",""ground_truth_normalized"":""search and view"",""candidate_normalized"":""view results"",""similarity"":0.626342,""match_type"":""relaxed""},{""ground_truth_state"":""Search users"",""candidate_state"":""SearchCriteria"",""ground_truth_normalized"":""search user"",""candidate_normalized"":""search criteria"",""similarity"":0.507182,""match_type"":""relaxed""},{""ground_truth_state"":""Choose category"",""candidate_state"":""FilterCategory"",""ground_truth_normalized"":""select category"",""candidate_normalized"":""filter category"",""similarity"":0.64045,""match_type"":""relaxed""}]","[""Choose rate range""]","[""PriceRange""]",4,4,3,1,1,0.75,0.75,0.75
Qwen_2.5_7B,syntax_grounded_repair,case_12_business_process_outsourcing_bpo_management_system_2,final_results/runs/open_source__qwen25_7b_instruct__rag_validation_generator_critic_repair__syntax_grounded_no_rules_original_rag/case_12_business_process_outsourcing_bpo_management_system_2/run_01.puml,dataset/case_12_business_process_outsourcing_bpo_management_system_2/diagram.puml,sentence-transformers/all-MiniLM-L6-v2,0.800000,0.480000,"[""search and display"",""Search users"",""Choose category"",""Choose rate range""]","[""FilterCategory"",""PriceRange"",""SearchCriteria"",""DisplayResults""]","[{""ground_truth_state"":""search and display"",""candidate_state"":""DisplayResults"",""ground_truth_normalized"":""search and view"",""candidate_normalized"":""view results"",""similarity"":0.626342,""match_type"":""relaxed""},{""ground_truth_state"":""Search users"",""candidate_state"":""SearchCriteria"",""ground_truth_normalized"":""search user"",""candidate_normalized"":""search criteria"",""similarity"":0.507182,""match_type"":""relaxed""},{""ground_truth_state"":""Choose category"",""candidate_state"":""FilterCategory"",""ground_truth_normalized"":""select category"",""candidate_normalized"":""filter category"",""similarity"":0.64045,""match_type"":""relaxed""}]","[""Choose rate range""]","[""PriceRange""]",4,4,3,1,1,0.75,0.75,0.75
DeepSeek_R1_14B,baseline_repair,case_15_e_ticketing_for_bus,final_results/runs/open_source__deepseek_r1_14b__few_shot_validation_generator_critic_repair/case_15_e_ticketing_for_bus/run_01.puml,dataset/case_15_e_ticketing_for_bus/diagram.puml,sentence-transformers/all-MiniLM-L6-v2,0.800000,0.480000,"[""CheckStatus"",""Confirmation"",""Login"",""LoginStart"",""Logout"",""ManageAccount"",""Payment"",""Register"",""Reservation""]","[""BookTicket"",""CheckTicketStatus"",""End"",""Login"",""Logout"",""MainMenu"",""ManageAccount"",""ConfirmPayment"",""CreateUser"",""Start"",""ValidateRegistration""]","[{""ground_truth_state"":""CheckStatus"",""candidate_state"":""CheckTicketStatus"",""ground_truth_normalized"":""check status"",""candidate_normalized"":""check ticket status"",""similarity"":0.749933,""match_type"":""relaxed_lexical""},{""ground_truth_state"":""Login"",""candidate_state"":""Login"",""ground_truth_normalized"":""login"",""candidate_normalized"":""login"",""similarity"":1.0,""match_type"":""exact_normalized""},{""ground_truth_state"":""LoginStart"",""candidate_state"":""Start"",""ground_truth_normalized"":""login start"",""candidate_normalized"":""start"",""similarity"":0.580431,""match_type"":""relaxed""},{""ground_truth_state"":""Logout"",""candidate_state"":""Logout"",""ground_truth_normalized"":""logout"",""candidate_normalized"":""logout"",""similarity"":1.0,""match_type"":""exact_normalized""},{""ground_truth_state"":""ManageAccount"",""candidate_state"":""ManageAccount"",""ground_truth_normalized"":""manage account"",""candidate_normalized"":""manage account"",""similarity"":1.0,""match_type"":""exact_normalized""},{""ground_truth_state"":""Payment"",""candidate_state"":""ConfirmPayment"",""ground_truth_normalized"":""payment"",""candidate_normalized"":""payment"",""similarity"":1.0,""match_type"":""exact_normalized""},{""ground_truth_state"":""Register"",""candidate_state"":""CreateUser"",""ground_truth_normalized"":""registration"",""candidate_normalized"":""registration user"",""similarity"":0.791416,""match_type"":""relaxed_lexical""}]","[""Confirmation"",""Reservation""]","[""BookTicket"",""End"",""MainMenu"",""ValidateRegistration""]",9,11,7,2,4,0.636364,0.777778,0.7
DeepSeek_R1_14B,few_shot,case_15_e_ticketing_for_bus,final_results/runs/open_source__deepseek_r1_14b__few_shot/case_15_e_ticketing_for_bus/run_01.puml,dataset/case_15_e_ticketing_for_bus/diagram.puml,sentence-transformers/all-MiniLM-L6-v2,0.800000,0.480000,"[""CheckStatus"",""Confirmation"",""Login"",""LoginStart"",""Logout"",""ManageAccount"",""Payment"",""Register"",""Reservation""]","[""BookTicket"",""CheckTicketStatus"",""End"",""Login"",""Logout"",""MainMenu"",""ManageAccount"",""ConfirmPayment"",""CreateUser"",""Start"",""ValidateRegistration""]","[{""ground_truth_state"":""CheckStatus"",""candidate_state"":""CheckTicketStatus"",""ground_truth_normalized"":""check status"",""candidate_normalized"":""check ticket status"",""similarity"":0.749933,""match_type"":""relaxed_lexical""},{""ground_truth_state"":""Login"",""candidate_state"":""Login"",""ground_truth_normalized"":""login"",""candidate_normalized"":""login"",""similarity"":1.0,""match_type"":""exact_normalized""},{""ground_truth_state"":""LoginStart"",""candidate_state"":""Start"",""ground_truth_normalized"":""login start"",""candidate_normalized"":""start"",""similarity"":0.580431,""match_type"":""relaxed""},{""ground_truth_state"":""Logout"",""candidate_state"":""Logout"",""ground_truth_normalized"":""logout"",""candidate_normalized"":""logout"",""similarity"":1.0,""match_type"":""exact_normalized""},{""ground_truth_state"":""ManageAccount"",""candidate_state"":""ManageAccount"",""ground_truth_normalized"":""manage account"",""candidate_normalized"":""manage account"",""similarity"":1.0,""match_type"":""exact_normalized""},{""ground_truth_state"":""Payment"",""candidate_state"":""ConfirmPayment"",""ground_truth_normalized"":""payment"",""candidate_normalized"":""payment"",""similarity"":1.0,""match_type"":""exact_normalized""},{""ground_truth_state"":""Register"",""candidate_state"":""CreateUser"",""ground_truth_normalized"":""registration"",""candidate_normalized"":""registration user"",""similarity"":0.791416,""match_type"":""relaxed_lexical""}]","[""Confirmation"",""Reservation""]","[""BookTicket"",""End"",""MainMenu"",""ValidateRegistration""]",9,11,7,2,4,0.636364,0.777778,0.7
DeepSeek_R1_14B,syntax_grounded_repair,case_15_e_ticketing_for_bus,final_results/runs/open_source__deepseek_r1_14b__few_shot_validation_generator_critic_repair__syntax_grounded_no_rules/case_15_e_ticketing_for_bus/run_01.puml,dataset/case_15_e_ticketing_for_bus/diagram.puml,sentence-transformers/all-MiniLM-L6-v2,0.800000,0.480000,"[""CheckStatus"",""Confirmation"",""Login"",""LoginStart"",""Logout"",""ManageAccount"",""Payment"",""Register"",""Reservation""]","[""BookTicket"",""CheckTicketStatus"",""End"",""Login"",""Logout"",""MainMenu"",""ManageAccount"",""ConfirmPayment"",""CreateUser"",""Start"",""ValidateRegistration""]","[{""ground_truth_state"":""CheckStatus"",""candidate_state"":""CheckTicketStatus"",""ground_truth_normalized"":""check status"",""candidate_normalized"":""check ticket status"",""similarity"":0.749933,""match_type"":""relaxed_lexical""},{""ground_truth_state"":""Login"",""candidate_state"":""Login"",""ground_truth_normalized"":""login"",""candidate_normalized"":""login"",""similarity"":1.0,""match_type"":""exact_normalized""},{""ground_truth_state"":""LoginStart"",""candidate_state"":""Start"",""ground_truth_normalized"":""login start"",""candidate_normalized"":""start"",""similarity"":0.580431,""match_type"":""relaxed""},{""ground_truth_state"":""Logout"",""candidate_state"":""Logout"",""ground_truth_normalized"":""logout"",""candidate_normalized"":""logout"",""similarity"":1.0,""match_type"":""exact_normalized""},{""ground_truth_state"":""ManageAccount"",""candidate_state"":""ManageAccount"",""ground_truth_normalized"":""manage account"",""candidate_normalized"":""manage account"",""similarity"":1.0,""match_type"":""exact_normalized""},{""ground_truth_state"":""Payment"",""candidate_state"":""ConfirmPayment"",""ground_truth_normalized"":""payment"",""candidate_normalized"":""payment"",""similarity"":1.0,""match_type"":""exact_normalized""},{""ground_truth_state"":""Register"",""candidate_state"":""CreateUser"",""ground_truth_normalized"":""registration"",""candidate_normalized"":""registration user"",""similarity"":0.791416,""match_type"":""relaxed_lexical""}]","[""Confirmation"",""Reservation""]","[""BookTicket"",""End"",""MainMenu"",""ValidateRegistration""]",9,11,7,2,4,0.636364,0.777778,0.7
Llama_3.1_8B,baseline_repair,case_15_e_ticketing_for_bus,final_results/runs/open_source__llama31_8b_instruct__few_shot_validation_generator_critic_repair/case_15_e_ticketing_for_bus/run_01.puml,dataset/case_15_e_ticketing_for_bus/diagram.puml,sentence-transformers/all-MiniLM-L6-v2,0.800000,0.480000,"[""CheckStatus"",""Confirmation"",""Login"",""LoginStart"",""Logout"",""ManageAccount"",""Payment"",""Register"",""Reservation""]","[""Book Ticket"",""Check Ticket Status"",""Login"",""Logout"",""Manage Account"",""Create User"",""Validate User""]","[{""ground_truth_state"":""CheckStatus"",""candidate_state"":""Check Ticket Status"",""ground_truth_normalized"":""check status"",""candidate_normalized"":""check ticket status"",""similarity"":0.749933,""match_type"":""relaxed_lexical""},{""ground_truth_state"":""Login"",""candidate_state"":""Login"",""ground_truth_normalized"":""login"",""candidate_normalized"":""login"",""similarity"":1.0,""match_type"":""exact_normalized""},{""ground_truth_state"":""Logout"",""candidate_state"":""Logout"",""ground_truth_normalized"":""logout"",""candidate_normalized"":""logout"",""similarity"":1.0,""match_type"":""exact_normalized""},{""ground_truth_state"":""ManageAccount"",""candidate_state"":""Manage Account"",""ground_truth_normalized"":""manage account"",""candidate_normalized"":""manage account"",""similarity"":1.0,""match_type"":""exact_normalized""},{""ground_truth_state"":""Register"",""candidate_state"":""Create User"",""ground_truth_normalized"":""registration"",""candidate_normalized"":""registration user"",""similarity"":0.791416,""match_type"":""relaxed_lexical""}]","[""Confirmation"",""LoginStart"",""Payment"",""Reservation""]","[""Book Ticket"",""Validate User""]",9,7,5,4,2,0.714286,0.555556,0.625
Llama_3.1_8B,few_shot,case_15_e_ticketing_for_bus,final_results/runs/open_source__llama31_8b_instruct__few_shot/case_15_e_ticketing_for_bus/run_01.puml,dataset/case_15_e_ticketing_for_bus/diagram.puml,sentence-transformers/all-MiniLM-L6-v2,0.800000,0.480000,"[""CheckStatus"",""Confirmation"",""Login"",""LoginStart"",""Logout"",""ManageAccount"",""Payment"",""Register"",""Reservation""]","[""Book Ticket"",""Check Ticket Status"",""Login"",""Logout"",""Manage Account"",""Create User"",""Validate User""]","[{""ground_truth_state"":""CheckStatus"",""candidate_state"":""Check Ticket Status"",""ground_truth_normalized"":""check status"",""candidate_normalized"":""check ticket status"",""similarity"":0.749933,""match_type"":""relaxed_lexical""},{""ground_truth_state"":""Login"",""candidate_state"":""Login"",""ground_truth_normalized"":""login"",""candidate_normalized"":""login"",""similarity"":1.0,""match_type"":""exact_normalized""},{""ground_truth_state"":""Logout"",""candidate_state"":""Logout"",""ground_truth_normalized"":""logout"",""candidate_normalized"":""logout"",""similarity"":1.0,""match_type"":""exact_normalized""},{""ground_truth_state"":""ManageAccount"",""candidate_state"":""Manage Account"",""ground_truth_normalized"":""manage account"",""candidate_normalized"":""manage account"",""similarity"":1.0,""match_type"":""exact_normalized""},{""ground_truth_state"":""Register"",""candidate_state"":""Create User"",""ground_truth_normalized"":""registration"",""candidate_normalized"":""registration user"",""similarity"":0.791416,""match_type"":""relaxed_lexical""}]","[""Confirmation"",""LoginStart"",""Payment"",""Reservation""]","[""Book Ticket"",""Validate User""]",9,7,5,4,2,0.714286,0.555556,0.625
Llama_3.1_8B,syntax_grounded_repair,case_15_e_ticketing_for_bus,final_results/runs/open_source__llama31_8b_instruct__few_shot_validation_generator_critic_repair__syntax_grounded/case_15_e_ticketing_for_bus/run_01.puml,dataset/case_15_e_ticketing_for_bus/diagram.puml,sentence-transformers/all-MiniLM-L6-v2,0.800000,0.480000,"[""CheckStatus"",""Confirmation"",""Login"",""LoginStart"",""Logout"",""ManageAccount"",""Payment"",""Register"",""Reservation""]","[""Book Ticket"",""Check Ticket Status"",""Login"",""Logout"",""Manage Account"",""Create User"",""Validate User""]","[{""ground_truth_state"":""CheckStatus"",""candidate_state"":""Check Ticket Status"",""ground_truth_normalized"":""check status"",""candidate_normalized"":""check ticket status"",""similarity"":0.749933,""match_type"":""relaxed_lexical""},{""ground_truth_state"":""Login"",""candidate_state"":""Login"",""ground_truth_normalized"":""login"",""candidate_normalized"":""login"",""similarity"":1.0,""match_type"":""exact_normalized""},{""ground_truth_state"":""Logout"",""candidate_state"":""Logout"",""ground_truth_normalized"":""logout"",""candidate_normalized"":""logout"",""similarity"":1.0,""match_type"":""exact_normalized""},{""ground_truth_state"":""ManageAccount"",""candidate_state"":""Manage Account"",""ground_truth_normalized"":""manage account"",""candidate_normalized"":""manage account"",""similarity"":1.0,""match_type"":""exact_normalized""},{""ground_truth_state"":""Register"",""candidate_state"":""Create User"",""ground_truth_normalized"":""registration"",""candidate_normalized"":""registration user"",""similarity"":0.791416,""match_type"":""relaxed_lexical""}]","[""Confirmation"",""LoginStart"",""Payment"",""Reservation""]","[""Book Ticket"",""Validate User""]",9,7,5,4,2,0.714286,0.555556,0.625
Mistral,baseline_repair,case_15_e_ticketing_for_bus,final_results/runs/open_source__mistral__rag_validation_generator_critic_repair/case_15_e_ticketing_for_bus/run_01.puml,dataset/case_15_e_ticketing_for_bus/diagram.puml,sentence-transformers/all-MiniLM-L6-v2,0.800000,0.480000,"[""CheckStatus"",""Confirmation"",""Login"",""LoginStart"",""Logout"",""ManageAccount"",""Payment"",""Register"",""Reservation""]","[""BookTicket"",""Dashboard"",""LoggedIn"",""OrderCompleted"",""PaymentConfirmation"",""Settings""]","[{""ground_truth_state"":""Login"",""candidate_state"":""LoggedIn"",""ground_truth_normalized"":""login"",""candidate_normalized"":""login"",""similarity"":1.0,""match_type"":""exact_normalized""},{""ground_truth_state"":""Payment"",""candidate_state"":""PaymentConfirmation"",""ground_truth_normalized"":""payment"",""candidate_normalized"":""payment confirmation"",""similarity"":0.752168,""match_type"":""relaxed_lexical""}]","[""CheckStatus"",""Confirmation"",""LoginStart"",""Logout"",""ManageAccount"",""Register"",""Reservation""]","[""BookTicket"",""Dashboard"",""OrderCompleted"",""Settings""]",9,6,2,7,4,0.333333,0.222222,0.266667
Mistral,rag,case_15_e_ticketing_for_bus,final_results/runs/open_source__mistral__rag/case_15_e_ticketing_for_bus/run_01.puml,dataset/case_15_e_ticketing_for_bus/diagram.puml,sentence-transformers/all-MiniLM-L6-v2,0.800000,0.480000,"[""CheckStatus"",""Confirmation"",""Login"",""LoginStart"",""Logout"",""ManageAccount"",""Payment"",""Register"",""Reservation""]","[""BookTicket"",""Dashboard"",""LoggedIn"",""OrderCompleted"",""PaymentConfirmation"",""Settings""]","[{""ground_truth_state"":""Login"",""candidate_state"":""LoggedIn"",""ground_truth_normalized"":""login"",""candidate_normalized"":""login"",""similarity"":1.0,""match_type"":""exact_normalized""},{""ground_truth_state"":""Payment"",""candidate_state"":""PaymentConfirmation"",""ground_truth_normalized"":""payment"",""candidate_normalized"":""payment confirmation"",""similarity"":0.752168,""match_type"":""relaxed_lexical""}]","[""CheckStatus"",""Confirmation"",""LoginStart"",""Logout"",""ManageAccount"",""Register"",""Reservation""]","[""BookTicket"",""Dashboard"",""OrderCompleted"",""Settings""]",9,6,2,7,4,0.333333,0.222222,0.266667
Mistral,syntax_grounded_repair,case_15_e_ticketing_for_bus,final_results/runs/open_source__mistral__rag_validation_generator_critic_repair__syntax_grounded/case_15_e_ticketing_for_bus/run_01.puml,dataset/case_15_e_ticketing_for_bus/diagram.puml,sentence-transformers/all-MiniLM-L6-v2,0.800000,0.480000,"[""CheckStatus"",""Confirmation"",""Login"",""LoginStart"",""Logout"",""ManageAccount"",""Payment"",""Register"",""Reservation""]","[""BookTicket"",""Dashboard"",""LoggedIn"",""OrderCompleted"",""PaymentConfirmation"",""Settings""]","[{""ground_truth_state"":""Login"",""candidate_state"":""LoggedIn"",""ground_truth_normalized"":""login"",""candidate_normalized"":""login"",""similarity"":1.0,""match_type"":""exact_normalized""},{""ground_truth_state"":""Payment"",""candidate_state"":""PaymentConfirmation"",""ground_truth_normalized"":""payment"",""candidate_normalized"":""payment confirmation"",""similarity"":0.752168,""match_type"":""relaxed_lexical""}]","[""CheckStatus"",""Confirmation"",""LoginStart"",""Logout"",""ManageAccount"",""Register"",""Reservation""]","[""BookTicket"",""Dashboard"",""OrderCompleted"",""Settings""]",9,6,2,7,4,0.333333,0.222222,0.266667
Qwen_2.5_7B,baseline_repair,case_15_e_ticketing_for_bus,final_results/runs/open_source__qwen25_7b_instruct__rag_validation_generator_critic_repair/case_15_e_ticketing_for_bus/run_01.puml,dataset/case_15_e_ticketing_for_bus/diagram.puml,sentence-transformers/all-MiniLM-L6-v2,0.800000,0.480000,"[""CheckStatus"",""Confirmation"",""Login"",""LoginStart"",""Logout"",""ManageAccount"",""Payment"",""Register"",""Reservation""]","[""Authenticate"",""BookTicket"",""CheckTicketStatus"",""ConfirmBooking"",""Dashboard"",""DeleteAccount"",""EditDetails"",""EnterDetails"",""Login"",""LoginFailed"",""LoginSuccess"",""Logout"",""MakePayment"",""ManageAccount"",""PaymentSuccess"",""ReEnterDetails"",""Registration"",""RegistrationComplete"",""ValidateDetails""]","[{""ground_truth_state"":""CheckStatus"",""candidate_state"":""CheckTicketStatus"",""ground_truth_normalized"":""check status"",""candidate_normalized"":""check ticket status"",""similarity"":0.749933,""match_type"":""relaxed_lexical""},{""ground_truth_state"":""Confirmation"",""candidate_state"":""ConfirmBooking"",""ground_truth_normalized"":""confirmation"",""candidate_normalized"":""confirmation booking"",""similarity"":0.542448,""match_type"":""relaxed_lexical""},{""ground_truth_state"":""Login"",""candidate_state"":""Login"",""ground_truth_normalized"":""login"",""candidate_normalized"":""login"",""similarity"":1.0,""match_type"":""exact_normalized""},{""ground_truth_state"":""LoginStart"",""candidate_state"":""LoginSuccess"",""ground_truth_normalized"":""login start"",""candidate_normalized"":""login success"",""similarity"":0.72129,""match_type"":""relaxed""},{""ground_truth_state"":""Logout"",""candidate_state"":""Logout"",""ground_truth_normalized"":""logout"",""candidate_normalized"":""logout"",""similarity"":1.0,""match_type"":""exact_normalized""},{""ground_truth_state"":""ManageAccount"",""candidate_state"":""ManageAccount"",""ground_truth_normalized"":""manage account"",""candidate_normalized"":""manage account"",""similarity"":1.0,""match_type"":""exact_normalized""},{""ground_truth_state"":""Payment"",""candidate_state"":""MakePayment"",""ground_truth_normalized"":""payment"",""candidate_normalized"":""make payment"",""similarity"":0.888751,""match_type"":""strict""},{""ground_truth_state"":""Register"",""candidate_state"":""Registration"",""ground_truth_normalized"":""registration"",""candidate_normalized"":""registration"",""similarity"":1.0,""match_type"":""exact_normalized""}]","[""Reservation""]","[""Authenticate"",""BookTicket"",""Dashboard"",""DeleteAccount"",""EditDetails"",""EnterDetails"",""LoginFailed"",""PaymentSuccess"",""ReEnterDetails"",""RegistrationComplete"",""ValidateDetails""]",9,19,8,1,11,0.421053,0.888889,0.571429
Qwen_2.5_7B,rag,case_15_e_ticketing_for_bus,final_results/runs/open_source__qwen25_7b_instruct__rag/case_15_e_ticketing_for_bus/run_01.puml,dataset/case_15_e_ticketing_for_bus/diagram.puml,sentence-transformers/all-MiniLM-L6-v2,0.800000,0.480000,"[""CheckStatus"",""Confirmation"",""Login"",""LoginStart"",""Logout"",""ManageAccount"",""Payment"",""Register"",""Reservation""]","[""Authenticate"",""BookTicket"",""CheckTicketStatus"",""ConfirmBooking"",""Dashboard"",""DeleteAccount"",""EditDetails"",""EnterDetails"",""Login"",""LoginFailed"",""LoginSuccess"",""Logout"",""MakePayment"",""ManageAccount"",""PaymentSuccess"",""ReEnterDetails"",""Registration"",""RegistrationComplete"",""ValidateDetails""]","[{""ground_truth_state"":""CheckStatus"",""candidate_state"":""CheckTicketStatus"",""ground_truth_normalized"":""check status"",""candidate_normalized"":""check ticket status"",""similarity"":0.749933,""match_type"":""relaxed_lexical""},{""ground_truth_state"":""Confirmation"",""candidate_state"":""ConfirmBooking"",""ground_truth_normalized"":""confirmation"",""candidate_normalized"":""confirmation booking"",""similarity"":0.542448,""match_type"":""relaxed_lexical""},{""ground_truth_state"":""Login"",""candidate_state"":""Login"",""ground_truth_normalized"":""login"",""candidate_normalized"":""login"",""similarity"":1.0,""match_type"":""exact_normalized""},{""ground_truth_state"":""LoginStart"",""candidate_state"":""LoginSuccess"",""ground_truth_normalized"":""login start"",""candidate_normalized"":""login success"",""similarity"":0.72129,""match_type"":""relaxed""},{""ground_truth_state"":""Logout"",""candidate_state"":""Logout"",""ground_truth_normalized"":""logout"",""candidate_normalized"":""logout"",""similarity"":1.0,""match_type"":""exact_normalized""},{""ground_truth_state"":""ManageAccount"",""candidate_state"":""ManageAccount"",""ground_truth_normalized"":""manage account"",""candidate_normalized"":""manage account"",""similarity"":1.0,""match_type"":""exact_normalized""},{""ground_truth_state"":""Payment"",""candidate_state"":""MakePayment"",""ground_truth_normalized"":""payment"",""candidate_normalized"":""make payment"",""similarity"":0.888751,""match_type"":""strict""},{""ground_truth_state"":""Register"",""candidate_state"":""Registration"",""ground_truth_normalized"":""registration"",""candidate_normalized"":""registration"",""similarity"":1.0,""match_type"":""exact_normalized""}]","[""Reservation""]","[""Authenticate"",""BookTicket"",""Dashboard"",""DeleteAccount"",""EditDetails"",""EnterDetails"",""LoginFailed"",""PaymentSuccess"",""ReEnterDetails"",""RegistrationComplete"",""ValidateDetails""]",9,19,8,1,11,0.421053,0.888889,0.571429
Qwen_2.5_7B,syntax_grounded_repair,case_15_e_ticketing_for_bus,final_results/runs/open_source__qwen25_7b_instruct__rag_validation_generator_critic_repair__syntax_grounded_no_rules_original_rag/case_15_e_ticketing_for_bus/run_01.puml,dataset/case_15_e_ticketing_for_bus/diagram.puml,sentence-transformers/all-MiniLM-L6-v2,0.800000,0.480000,"[""CheckStatus"",""Confirmation"",""Login"",""LoginStart"",""Logout"",""ManageAccount"",""Payment"",""Register"",""Reservation""]","[""Authenticate"",""BookTicket"",""CheckTicketStatus"",""ConfirmBooking"",""Dashboard"",""DeleteAccount"",""EditDetails"",""EnterDetails"",""Login"",""LoginFailed"",""LoginSuccess"",""Logout"",""MakePayment"",""ManageAccount"",""PaymentSuccess"",""ReEnterDetails"",""Registration"",""RegistrationComplete"",""ValidateDetails""]","[{""ground_truth_state"":""CheckStatus"",""candidate_state"":""CheckTicketStatus"",""ground_truth_normalized"":""check status"",""candidate_normalized"":""check ticket status"",""similarity"":0.749933,""match_type"":""relaxed_lexical""},{""ground_truth_state"":""Confirmation"",""candidate_state"":""ConfirmBooking"",""ground_truth_normalized"":""confirmation"",""candidate_normalized"":""confirmation booking"",""similarity"":0.542448,""match_type"":""relaxed_lexical""},{""ground_truth_state"":""Login"",""candidate_state"":""Login"",""ground_truth_normalized"":""login"",""candidate_normalized"":""login"",""similarity"":1.0,""match_type"":""exact_normalized""},{""ground_truth_state"":""LoginStart"",""candidate_state"":""LoginSuccess"",""ground_truth_normalized"":""login start"",""candidate_normalized"":""login success"",""similarity"":0.72129,""match_type"":""relaxed""},{""ground_truth_state"":""Logout"",""candidate_state"":""Logout"",""ground_truth_normalized"":""logout"",""candidate_normalized"":""logout"",""similarity"":1.0,""match_type"":""exact_normalized""},{""ground_truth_state"":""ManageAccount"",""candidate_state"":""ManageAccount"",""ground_truth_normalized"":""manage account"",""candidate_normalized"":""manage account"",""similarity"":1.0,""match_type"":""exact_normalized""},{""ground_truth_state"":""Payment"",""candidate_state"":""MakePayment"",""ground_truth_normalized"":""payment"",""candidate_normalized"":""make payment"",""similarity"":0.888751,""match_type"":""strict""},{""ground_truth_state"":""Register"",""candidate_state"":""Registration"",""ground_truth_normalized"":""registration"",""candidate_normalized"":""registration"",""similarity"":1.0,""match_type"":""exact_normalized""}]","[""Reservation""]","[""Authenticate"",""BookTicket"",""Dashboard"",""DeleteAccount"",""EditDetails"",""EnterDetails"",""LoginFailed"",""PaymentSuccess"",""ReEnterDetails"",""RegistrationComplete"",""ValidateDetails""]",9,19,8,1,11,0.421053,0.888889,0.571429
DeepSeek_R1_14B,baseline_repair,case_16_weather_monitoring_system,final_results/runs/open_source__deepseek_r1_14b__few_shot_validation_generator_critic_repair/case_16_weather_monitoring_system/run_01.puml,dataset/case_16_weather_monitoring_system/diagram.puml,sentence-transformers/all-MiniLM-L6-v2,0.800000,0.480000,"[""Alert"",""FuturePrediction"",""Graph"",""LiveUpdate"",""login"",""Logout"",""MeasureDewPoint"",""MeasureHumidity"",""MeasurePressure"",""MeasureRainfall"",""MeasureTemperature"",""NewLocation"",""Register"",""UserLocation"",""Display"",""WeatherStatus"",""WeeklyAnalysis""]","[""LoggedIn"",""LoggedOut"",""Start""]","[{""ground_truth_state"":""login"",""candidate_state"":""LoggedIn"",""ground_truth_normalized"":""login"",""candidate_normalized"":""login"",""similarity"":1.0,""match_type"":""exact_normalized""},{""ground_truth_state"":""Logout"",""candidate_state"":""LoggedOut"",""ground_truth_normalized"":""logout"",""candidate_normalized"":""logout"",""similarity"":1.0,""match_type"":""exact_normalized""}]","[""Alert"",""FuturePrediction"",""Graph"",""LiveUpdate"",""MeasureDewPoint"",""MeasureHumidity"",""MeasurePressure"",""MeasureRainfall"",""MeasureTemperature"",""NewLocation"",""Register"",""UserLocation"",""Display"",""WeatherStatus"",""WeeklyAnalysis""]","[""Start""]",17,3,2,15,1,0.666667,0.117647,0.2
DeepSeek_R1_14B,few_shot,case_16_weather_monitoring_system,final_results/runs/open_source__deepseek_r1_14b__few_shot/case_16_weather_monitoring_system/run_01.puml,dataset/case_16_weather_monitoring_system/diagram.puml,sentence-transformers/all-MiniLM-L6-v2,0.800000,0.480000,"[""Alert"",""FuturePrediction"",""Graph"",""LiveUpdate"",""login"",""Logout"",""MeasureDewPoint"",""MeasureHumidity"",""MeasurePressure"",""MeasureRainfall"",""MeasureTemperature"",""NewLocation"",""Register"",""UserLocation"",""Display"",""WeatherStatus"",""WeeklyAnalysis""]","[""AdditionalDetails"",""Failed Login"",""Failed Registration"",""LocationInvalid"",""Login"",""Logout"",""CreateUser"",""Successful Login"",""Successful Registration"",""WeatherCheck"",""WeatherInfo""]","[{""ground_truth_state"":""login"",""candidate_state"":""Login"",""ground_truth_normalized"":""login"",""candidate_normalized"":""login"",""similarity"":1.0,""match_type"":""exact_normalized""},{""ground_truth_state"":""Logout"",""candidate_state"":""Logout"",""ground_truth_normalized"":""logout"",""candidate_normalized"":""logout"",""similarity"":1.0,""match_type"":""exact_normalized""},{""ground_truth_state"":""NewLocation"",""candidate_state"":""LocationInvalid"",""ground_truth_normalized"":""new location"",""candidate_normalized"":""location invalid"",""similarity"":0.540191,""match_type"":""relaxed""},{""ground_truth_state"":""Register"",""candidate_state"":""Successful Registration"",""ground_truth_normalized"":""registration"",""candidate_normalized"":""successful registration"",""similarity"":0.861216,""match_type"":""strict""},{""ground_truth_state"":""UserLocation"",""candidate_state"":""CreateUser"",""ground_truth_normalized"":""user location"",""candidate_normalized"":""registration user"",""similarity"":0.570373,""match_type"":""relaxed""},{""ground_truth_state"":""WeatherStatus"",""candidate_state"":""WeatherInfo"",""ground_truth_normalized"":""weather status"",""candidate_normalized"":""weather info"",""similarity"":0.799595,""match_type"":""relaxed""}]","[""Alert"",""FuturePrediction"",""Graph"",""LiveUpdate"",""MeasureDewPoint"",""MeasureHumidity"",""MeasurePressure"",""MeasureRainfall"",""MeasureTemperature"",""Display"",""WeeklyAnalysis""]","[""AdditionalDetails"",""Failed Login"",""Failed Registration"",""Successful Login"",""WeatherCheck""]",17,11,6,11,5,0.545455,0.352941,0.428571
DeepSeek_R1_14B,syntax_grounded_repair,case_16_weather_monitoring_system,final_results/runs/open_source__deepseek_r1_14b__few_shot_validation_generator_critic_repair__syntax_grounded_no_rules/case_16_weather_monitoring_system/run_01.puml,dataset/case_16_weather_monitoring_system/diagram.puml,sentence-transformers/all-MiniLM-L6-v2,0.800000,0.480000,"[""Alert"",""FuturePrediction"",""Graph"",""LiveUpdate"",""login"",""Logout"",""MeasureDewPoint"",""MeasureHumidity"",""MeasurePressure"",""MeasureRainfall"",""MeasureTemperature"",""NewLocation"",""Register"",""UserLocation"",""Display"",""WeatherStatus"",""WeeklyAnalysis""]","[""INITIAL_STATE"",""MAIN_STATE"",""TERMINAL_STATE""]",[],"[""Alert"",""FuturePrediction"",""Graph"",""LiveUpdate"",""login"",""Logout"",""MeasureDewPoint"",""MeasureHumidity"",""MeasurePressure"",""MeasureRainfall"",""MeasureTemperature"",""NewLocation"",""Register"",""UserLocation"",""Display"",""WeatherStatus"",""WeeklyAnalysis""]","[""INITIAL_STATE"",""MAIN_STATE"",""TERMINAL_STATE""]",17,3,0,17,3,0.0,0.0,0.0
Llama_3.1_8B,baseline_repair,case_16_weather_monitoring_system,final_results/runs/open_source__llama31_8b_instruct__few_shot_validation_generator_critic_repair/case_16_weather_monitoring_system/run_01.puml,dataset/case_16_weather_monitoring_system/diagram.puml,sentence-transformers/all-MiniLM-L6-v2,0.800000,0.480000,"[""Alert"",""FuturePrediction"",""Graph"",""LiveUpdate"",""login"",""Logout"",""MeasureDewPoint"",""MeasureHumidity"",""MeasurePressure"",""MeasureRainfall"",""MeasureTemperature"",""NewLocation"",""Register"",""UserLocation"",""Display"",""WeatherStatus"",""WeeklyAnalysis""]","[""Check weather"",""Idle"",""Invalid login"",""Invalid registration"",""Login"",""Logout"",""Create account"",""Select weather parameter"",""Update weather information"",""View additional weather details""]","[{""ground_truth_state"":""login"",""candidate_state"":""Login"",""ground_truth_normalized"":""login"",""candidate_normalized"":""login"",""similarity"":1.0,""match_type"":""exact_normalized""},{""ground_truth_state"":""Logout"",""candidate_state"":""Logout"",""ground_truth_normalized"":""logout"",""candidate_normalized"":""logout"",""similarity"":1.0,""match_type"":""exact_normalized""},{""ground_truth_state"":""Register"",""candidate_state"":""Create account"",""ground_truth_normalized"":""registration"",""candidate_normalized"":""registration"",""similarity"":1.0,""match_type"":""exact_normalized""},{""ground_truth_state"":""WeatherStatus"",""candidate_state"":""Update weather information"",""ground_truth_normalized"":""weather status"",""candidate_normalized"":""update weather information"",""similarity"":0.73935,""match_type"":""relaxed""}]","[""Alert"",""FuturePrediction"",""Graph"",""LiveUpdate"",""MeasureDewPoint"",""MeasureHumidity"",""MeasurePressure"",""MeasureRainfall"",""MeasureTemperature"",""NewLocation"",""UserLocation"",""Display"",""WeeklyAnalysis""]","[""Check weather"",""Idle"",""Invalid login"",""Invalid registration"",""Select weather parameter"",""View additional weather details""]",17,10,4,13,6,0.4,0.235294,0.296296
Llama_3.1_8B,few_shot,case_16_weather_monitoring_system,final_results/runs/open_source__llama31_8b_instruct__few_shot/case_16_weather_monitoring_system/run_01.puml,dataset/case_16_weather_monitoring_system/diagram.puml,sentence-transformers/all-MiniLM-L6-v2,0.800000,0.480000,"[""Alert"",""FuturePrediction"",""Graph"",""LiveUpdate"",""login"",""Logout"",""MeasureDewPoint"",""MeasureHumidity"",""MeasurePressure"",""MeasureRainfall"",""MeasureTemperature"",""NewLocation"",""Register"",""UserLocation"",""Display"",""WeatherStatus"",""WeeklyAnalysis""]","[""Check weather"",""Idle"",""Invalid login"",""Invalid registration"",""Login"",""Logout"",""Create account"",""Select weather parameter"",""Update weather information"",""View additional weather details""]","[{""ground_truth_state"":""login"",""candidate_state"":""Login"",""ground_truth_normalized"":""login"",""candidate_normalized"":""login"",""similarity"":1.0,""match_type"":""exact_normalized""},{""ground_truth_state"":""Logout"",""candidate_state"":""Logout"",""ground_truth_normalized"":""logout"",""candidate_normalized"":""logout"",""similarity"":1.0,""match_type"":""exact_normalized""},{""ground_truth_state"":""Register"",""candidate_state"":""Create account"",""ground_truth_normalized"":""registration"",""candidate_normalized"":""registration"",""similarity"":1.0,""match_type"":""exact_normalized""},{""ground_truth_state"":""WeatherStatus"",""candidate_state"":""Update weather information"",""ground_truth_normalized"":""weather status"",""candidate_normalized"":""update weather information"",""similarity"":0.73935,""match_type"":""relaxed""}]","[""Alert"",""FuturePrediction"",""Graph"",""LiveUpdate"",""MeasureDewPoint"",""MeasureHumidity"",""MeasurePressure"",""MeasureRainfall"",""MeasureTemperature"",""NewLocation"",""UserLocation"",""Display"",""WeeklyAnalysis""]","[""Check weather"",""Idle"",""Invalid login"",""Invalid registration"",""Select weather parameter"",""View additional weather details""]",17,10,4,13,6,0.4,0.235294,0.296296
Llama_3.1_8B,syntax_grounded_repair,case_16_weather_monitoring_system,final_results/runs/open_source__llama31_8b_instruct__few_shot_validation_generator_critic_repair__syntax_grounded/case_16_weather_monitoring_system/run_01.puml,dataset/case_16_weather_monitoring_system/diagram.puml,sentence-transformers/all-MiniLM-L6-v2,0.800000,0.480000,"[""Alert"",""FuturePrediction"",""Graph"",""LiveUpdate"",""login"",""Logout"",""MeasureDewPoint"",""MeasureHumidity"",""MeasurePressure"",""MeasureRainfall"",""MeasureTemperature"",""NewLocation"",""Register"",""UserLocation"",""Display"",""WeatherStatus"",""WeeklyAnalysis""]","[""Check weather"",""Idle"",""Invalid login"",""Invalid registration"",""Login"",""Logout"",""Create account"",""Select weather parameter"",""Update weather information"",""View additional weather details""]","[{""ground_truth_state"":""login"",""candidate_state"":""Login"",""ground_truth_normalized"":""login"",""candidate_normalized"":""login"",""similarity"":1.0,""match_type"":""exact_normalized""},{""ground_truth_state"":""Logout"",""candidate_state"":""Logout"",""ground_truth_normalized"":""logout"",""candidate_normalized"":""logout"",""similarity"":1.0,""match_type"":""exact_normalized""},{""ground_truth_state"":""Register"",""candidate_state"":""Create account"",""ground_truth_normalized"":""registration"",""candidate_normalized"":""registration"",""similarity"":1.0,""match_type"":""exact_normalized""},{""ground_truth_state"":""WeatherStatus"",""candidate_state"":""Update weather information"",""ground_truth_normalized"":""weather status"",""candidate_normalized"":""update weather information"",""similarity"":0.73935,""match_type"":""relaxed""}]","[""Alert"",""FuturePrediction"",""Graph"",""LiveUpdate"",""MeasureDewPoint"",""MeasureHumidity"",""MeasurePressure"",""MeasureRainfall"",""MeasureTemperature"",""NewLocation"",""UserLocation"",""Display"",""WeeklyAnalysis""]","[""Check weather"",""Idle"",""Invalid login"",""Invalid registration"",""Select weather parameter"",""View additional weather details""]",17,10,4,13,6,0.4,0.235294,0.296296
Mistral,baseline_repair,case_16_weather_monitoring_system,final_results/runs/open_source__mistral__rag_validation_generator_critic_repair/case_16_weather_monitoring_system/run_01.puml,dataset/case_16_weather_monitoring_system/diagram.puml,sentence-transformers/all-MiniLM-L6-v2,0.800000,0.480000,"[""Alert"",""FuturePrediction"",""Graph"",""LiveUpdate"",""login"",""Logout"",""MeasureDewPoint"",""MeasureHumidity"",""MeasurePressure"",""MeasureRainfall"",""MeasureTemperature"",""NewLocation"",""Register"",""UserLocation"",""Display"",""WeatherStatus"",""WeeklyAnalysis""]","[""AssignCorporationWorker"",""BuyMedicines"",""Idle"",""InvalidLogin"",""InvalidRegistration"",""J2"",""J3"",""ListAllMedicalShops"",""Login"",""NoOfDeathsInTheLocality"",""Presc"",""PrescribeMedicinesIfNeeded"",""ReadBlog"",""Register"",""StockUp"",""SendPatientInfo"",""UpdateCurrentNoOfInfectedPeople"",""UpdateStatusOfCleanliness"",""ViewDataSharedByDoctor"",""ViewMaskDemand"",""ViewNumberOfInfectedPeopleInTheLocality"",""ViewPatientInfo""]","[{""ground_truth_state"":""login"",""candidate_state"":""Login"",""ground_truth_normalized"":""login"",""candidate_normalized"":""login"",""similarity"":1.0,""match_type"":""exact_normalized""},{""ground_truth_state"":""Register"",""candidate_state"":""Register"",""ground_truth_normalized"":""registration"",""candidate_normalized"":""registration"",""similarity"":1.0,""match_type"":""exact_normalized""},{""ground_truth_state"":""Display"",""candidate_state"":""ViewMaskDemand"",""ground_truth_normalized"":""view"",""candidate_normalized"":""view mask demand"",""similarity"":0.520706,""match_type"":""relaxed""}]","[""Alert"",""FuturePrediction"",""Graph"",""LiveUpdate"",""Logout"",""MeasureDewPoint"",""MeasureHumidity"",""MeasurePressure"",""MeasureRainfall"",""MeasureTemperature"",""NewLocation"",""UserLocation"",""WeatherStatus"",""WeeklyAnalysis""]","[""AssignCorporationWorker"",""BuyMedicines"",""Idle"",""InvalidLogin"",""InvalidRegistration"",""J2"",""J3"",""ListAllMedicalShops"",""NoOfDeathsInTheLocality"",""Presc"",""PrescribeMedicinesIfNeeded"",""ReadBlog"",""StockUp"",""SendPatientInfo"",""UpdateCurrentNoOfInfectedPeople"",""UpdateStatusOfCleanliness"",""ViewDataSharedByDoctor"",""ViewNumberOfInfectedPeopleInTheLocality"",""ViewPatientInfo""]",17,22,3,14,19,0.136364,0.176471,0.153846
Mistral,rag,case_16_weather_monitoring_system,final_results/runs/open_source__mistral__rag/case_16_weather_monitoring_system/run_01.puml,dataset/case_16_weather_monitoring_system/diagram.puml,sentence-transformers/all-MiniLM-L6-v2,0.800000,0.480000,"[""Alert"",""FuturePrediction"",""Graph"",""LiveUpdate"",""login"",""Logout"",""MeasureDewPoint"",""MeasureHumidity"",""MeasurePressure"",""MeasureRainfall"",""MeasureTemperature"",""NewLocation"",""Register"",""UserLocation"",""Display"",""WeatherStatus"",""WeeklyAnalysis""]","[""AssignCorporationWorker"",""BuyMedicines"",""Idle"",""InvalidLogin"",""InvalidRegistration"",""J3"",""ListAllMedicalShops"",""Login"",""NoOfDeathsInTheLocality"",""PrescribeMedicinesIfNeeded"",""ReadBlog"",""Register"",""StockUp"",""SendPatientInfo"",""UpdateCurrentNoOfInfectedPeople"",""UpdateStatusOfCleanliness"",""ViewDataSharedByDoctor"",""ViewMaskDemand"",""ViewNumberOfInfectedPeopleInTheLocality"",""ViewPatientInfo""]","[{""ground_truth_state"":""login"",""candidate_state"":""Login"",""ground_truth_normalized"":""login"",""candidate_normalized"":""login"",""similarity"":1.0,""match_type"":""exact_normalized""},{""ground_truth_state"":""Register"",""candidate_state"":""Register"",""ground_truth_normalized"":""registration"",""candidate_normalized"":""registration"",""similarity"":1.0,""match_type"":""exact_normalized""},{""ground_truth_state"":""Display"",""candidate_state"":""ViewMaskDemand"",""ground_truth_normalized"":""view"",""candidate_normalized"":""view mask demand"",""similarity"":0.520706,""match_type"":""relaxed""}]","[""Alert"",""FuturePrediction"",""Graph"",""LiveUpdate"",""Logout"",""MeasureDewPoint"",""MeasureHumidity"",""MeasurePressure"",""MeasureRainfall"",""MeasureTemperature"",""NewLocation"",""UserLocation"",""WeatherStatus"",""WeeklyAnalysis""]","[""AssignCorporationWorker"",""BuyMedicines"",""Idle"",""InvalidLogin"",""InvalidRegistration"",""J3"",""ListAllMedicalShops"",""NoOfDeathsInTheLocality"",""PrescribeMedicinesIfNeeded"",""ReadBlog"",""StockUp"",""SendPatientInfo"",""UpdateCurrentNoOfInfectedPeople"",""UpdateStatusOfCleanliness"",""ViewDataSharedByDoctor"",""ViewNumberOfInfectedPeopleInTheLocality"",""ViewPatientInfo""]",17,20,3,14,17,0.15,0.176471,0.162162
Mistral,syntax_grounded_repair,case_16_weather_monitoring_system,final_results/runs/open_source__mistral__rag_validation_generator_critic_repair__syntax_grounded/case_16_weather_monitoring_system/run_01.puml,dataset/case_16_weather_monitoring_system/diagram.puml,sentence-transformers/all-MiniLM-L6-v2,0.800000,0.480000,"[""Alert"",""FuturePrediction"",""Graph"",""LiveUpdate"",""login"",""Logout"",""MeasureDewPoint"",""MeasureHumidity"",""MeasurePressure"",""MeasureRainfall"",""MeasureTemperature"",""NewLocation"",""Register"",""UserLocation"",""Display"",""WeatherStatus"",""WeeklyAnalysis""]","[""AdditionalDetails"",""CheckWeather"",""Idle"",""InvalidLogin"",""InvalidRegistration"",""Login"",""Logout"",""Register"",""WeatherInfo""]","[{""ground_truth_state"":""login"",""candidate_state"":""Login"",""ground_truth_normalized"":""login"",""candidate_normalized"":""login"",""similarity"":1.0,""match_type"":""exact_normalized""},{""ground_truth_state"":""Logout"",""candidate_state"":""Logout"",""ground_truth_normalized"":""logout"",""candidate_normalized"":""logout"",""similarity"":1.0,""match_type"":""exact_normalized""},{""ground_truth_state"":""Register"",""candidate_state"":""Register"",""ground_truth_normalized"":""registration"",""candidate_normalized"":""registration"",""similarity"":1.0,""match_type"":""exact_normalized""},{""ground_truth_state"":""WeatherStatus"",""candidate_state"":""WeatherInfo"",""ground_truth_normalized"":""weather status"",""candidate_normalized"":""weather info"",""similarity"":0.799595,""match_type"":""relaxed""}]","[""Alert"",""FuturePrediction"",""Graph"",""LiveUpdate"",""MeasureDewPoint"",""MeasureHumidity"",""MeasurePressure"",""MeasureRainfall"",""MeasureTemperature"",""NewLocation"",""UserLocation"",""Display"",""WeeklyAnalysis""]","[""AdditionalDetails"",""CheckWeather"",""Idle"",""InvalidLogin"",""InvalidRegistration""]",17,9,4,13,5,0.444444,0.235294,0.307692
Qwen_2.5_7B,baseline_repair,case_16_weather_monitoring_system,final_results/runs/open_source__qwen25_7b_instruct__rag_validation_generator_critic_repair/case_16_weather_monitoring_system/run_01.puml,dataset/case_16_weather_monitoring_system/diagram.puml,sentence-transformers/all-MiniLM-L6-v2,0.800000,0.480000,"[""Alert"",""FuturePrediction"",""Graph"",""LiveUpdate"",""login"",""Logout"",""MeasureDewPoint"",""MeasureHumidity"",""MeasurePressure"",""MeasureRainfall"",""MeasureTemperature"",""NewLocation"",""Register"",""UserLocation"",""Display"",""WeatherStatus"",""WeeklyAnalysis""]","[""CheckInfo"",""CheckLocation"",""Login"",""Register"",""ChooseInfo"",""ViewDetails"",""ShowInfo""]","[{""ground_truth_state"":""login"",""candidate_state"":""Login"",""ground_truth_normalized"":""login"",""candidate_normalized"":""login"",""similarity"":1.0,""match_type"":""exact_normalized""},{""ground_truth_state"":""NewLocation"",""candidate_state"":""CheckLocation"",""ground_truth_normalized"":""new location"",""candidate_normalized"":""location"",""similarity"":0.713313,""match_type"":""relaxed_lexical""},{""ground_truth_state"":""Register"",""candidate_state"":""Register"",""ground_truth_normalized"":""registration"",""candidate_normalized"":""registration"",""similarity"":1.0,""match_type"":""exact_normalized""},{""ground_truth_state"":""Display"",""candidate_state"":""ViewDetails"",""ground_truth_normalized"":""view"",""candidate_normalized"":""view details"",""similarity"":0.833217,""match_type"":""strict""}]","[""Alert"",""FuturePrediction"",""Graph"",""LiveUpdate"",""Logout"",""MeasureDewPoint"",""MeasureHumidity"",""MeasurePressure"",""MeasureRainfall"",""MeasureTemperature"",""UserLocation"",""WeatherStatus"",""WeeklyAnalysis""]","[""CheckInfo"",""ChooseInfo"",""ShowInfo""]",17,7,4,13,3,0.571429,0.235294,0.333333
Qwen_2.5_7B,rag,case_16_weather_monitoring_system,final_results/runs/open_source__qwen25_7b_instruct__rag/case_16_weather_monitoring_system/run_01.puml,dataset/case_16_weather_monitoring_system/diagram.puml,sentence-transformers/all-MiniLM-L6-v2,0.800000,0.480000,"[""Alert"",""FuturePrediction"",""Graph"",""LiveUpdate"",""login"",""Logout"",""MeasureDewPoint"",""MeasureHumidity"",""MeasurePressure"",""MeasureRainfall"",""MeasureTemperature"",""NewLocation"",""Register"",""UserLocation"",""Display"",""WeatherStatus"",""WeeklyAnalysis""]","[""CheckInfo"",""CheckLocation"",""Login"",""Register"",""ChooseInfo"",""ViewDetails"",""ShowInfo""]","[{""ground_truth_state"":""login"",""candidate_state"":""Login"",""ground_truth_normalized"":""login"",""candidate_normalized"":""login"",""similarity"":1.0,""match_type"":""exact_normalized""},{""ground_truth_state"":""NewLocation"",""candidate_state"":""CheckLocation"",""ground_truth_normalized"":""new location"",""candidate_normalized"":""location"",""similarity"":0.713313,""match_type"":""relaxed_lexical""},{""ground_truth_state"":""Register"",""candidate_state"":""Register"",""ground_truth_normalized"":""registration"",""candidate_normalized"":""registration"",""similarity"":1.0,""match_type"":""exact_normalized""},{""ground_truth_state"":""Display"",""candidate_state"":""ViewDetails"",""ground_truth_normalized"":""view"",""candidate_normalized"":""view details"",""similarity"":0.833217,""match_type"":""strict""}]","[""Alert"",""FuturePrediction"",""Graph"",""LiveUpdate"",""Logout"",""MeasureDewPoint"",""MeasureHumidity"",""MeasurePressure"",""MeasureRainfall"",""MeasureTemperature"",""UserLocation"",""WeatherStatus"",""WeeklyAnalysis""]","[""CheckInfo"",""ChooseInfo"",""ShowInfo""]",17,7,4,13,3,0.571429,0.235294,0.333333
Qwen_2.5_7B,syntax_grounded_repair,case_16_weather_monitoring_system,final_results/runs/open_source__qwen25_7b_instruct__rag_validation_generator_critic_repair__syntax_grounded_no_rules_original_rag/case_16_weather_monitoring_system/run_01.puml,dataset/case_16_weather_monitoring_system/diagram.puml,sentence-transformers/all-MiniLM-L6-v2,0.800000,0.480000,"[""Alert"",""FuturePrediction"",""Graph"",""LiveUpdate"",""login"",""Logout"",""MeasureDewPoint"",""MeasureHumidity"",""MeasurePressure"",""MeasureRainfall"",""MeasureTemperature"",""NewLocation"",""Register"",""UserLocation"",""Display"",""WeatherStatus"",""WeeklyAnalysis""]","[""CheckInfo"",""END"",""CheckLocation"",""Login"",""Logout"",""Register"",""ChooseInfo"",""ViewDetails"",""ShowInfo""]","[{""ground_truth_state"":""login"",""candidate_state"":""Login"",""ground_truth_normalized"":""login"",""candidate_normalized"":""login"",""similarity"":1.0,""match_type"":""exact_normalized""},{""ground_truth_state"":""Logout"",""candidate_state"":""Logout"",""ground_truth_normalized"":""logout"",""candidate_normalized"":""logout"",""similarity"":1.0,""match_type"":""exact_normalized""},{""ground_truth_state"":""NewLocation"",""candidate_state"":""CheckLocation"",""ground_truth_normalized"":""new location"",""candidate_normalized"":""location"",""similarity"":0.713313,""match_type"":""relaxed_lexical""},{""ground_truth_state"":""Register"",""candidate_state"":""Register"",""ground_truth_normalized"":""registration"",""candidate_normalized"":""registration"",""similarity"":1.0,""match_type"":""exact_normalized""},{""ground_truth_state"":""Display"",""candidate_state"":""ViewDetails"",""ground_truth_normalized"":""view"",""candidate_normalized"":""view details"",""similarity"":0.833217,""match_type"":""strict""}]","[""Alert"",""FuturePrediction"",""Graph"",""LiveUpdate"",""MeasureDewPoint"",""MeasureHumidity"",""MeasurePressure"",""MeasureRainfall"",""MeasureTemperature"",""UserLocation"",""WeatherStatus"",""WeeklyAnalysis""]","[""CheckInfo"",""END"",""ChooseInfo"",""ShowInfo""]",17,9,5,12,4,0.555556,0.294118,0.384615
DeepSeek_R1_14B,baseline_repair,case_18_digidoclocker,final_results/runs/open_source__deepseek_r1_14b__few_shot_validation_generator_critic_repair/case_18_digidoclocker/run_01.puml,dataset/case_18_digidoclocker/diagram.puml,sentence-transformers/all-MiniLM-L6-v2,0.800000,0.480000,"[""Apply for a Certificate"",""Certificate Sent to User"",""Digitlocker provides the Certificate"",""Login"",""Registrar asks a Certificate for verification"",""Registration"",""Upload a Document"",""validate the Type of User"",""View Profile""]","[""ApplyforCertificate"",""CitizenRegistration"",""EndSession"",""IdentifyUserType"",""Login"",""PostLoginOptions"",""RegistrarOptions"",""RequestCertificate"",""Start"",""UploadDocuments""]","[{""ground_truth_state"":""Apply for a Certificate"",""candidate_state"":""ApplyforCertificate"",""ground_truth_normalized"":""apply for a certificate"",""candidate_normalized"":""applyfor certificate"",""similarity"":0.845685,""match_type"":""strict""},{""ground_truth_state"":""Certificate Sent to User"",""candidate_state"":""RequestCertificate"",""ground_truth_normalized"":""certificate submit to user"",""candidate_normalized"":""request certificate"",""similarity"":0.664044,""match_type"":""relaxed""},{""ground_truth_state"":""Login"",""candidate_state"":""Login"",""ground_truth_normalized"":""login"",""candidate_normalized"":""login"",""similarity"":1.0,""match_type"":""exact_normalized""},{""ground_truth_state"":""Registrar asks a Certificate for verification"",""candidate_state"":""RegistrarOptions"",""ground_truth_normalized"":""registrar asks a certificate for verification"",""candidate_normalized"":""registrar options"",""similarity"":0.54904,""match_type"":""relaxed""},{""ground_truth_state"":""Registration"",""candidate_state"":""CitizenRegistration"",""ground_truth_normalized"":""registration"",""candidate_normalized"":""citizen registration"",""similarity"":0.776612,""match_type"":""relaxed_lexical""},{""ground_truth_state"":""Upload a Document"",""candidate_state"":""UploadDocuments"",""ground_truth_normalized"":""upload a document"",""candidate_normalized"":""upload documents"",""similarity"":0.926419,""match_type"":""strict""},{""ground_truth_state"":""validate the Type of User"",""candidate_state"":""IdentifyUserType"",""ground_truth_normalized"":""validate the type of user"",""candidate_normalized"":""identify user type"",""similarity"":0.7588,""match_type"":""relaxed""}]","[""Digitlocker provides the Certificate"",""View Profile""]","[""EndSession"",""PostLoginOptions"",""Start""]",9,10,7,2,3,0.7,0.777778,0.736842
DeepSeek_R1_14B,few_shot,case_18_digidoclocker,final_results/runs/open_source__deepseek_r1_14b__few_shot/case_18_digidoclocker/run_01.puml,dataset/case_18_digidoclocker/diagram.puml,sentence-transformers/all-MiniLM-L6-v2,0.800000,0.480000,"[""Apply for a Certificate"",""Certificate Sent to User"",""Digitlocker provides the Certificate"",""Login"",""Registrar asks a Certificate for verification"",""Registration"",""Upload a Document"",""validate the Type of User"",""View Profile""]","[""ApplyforCertificate"",""CitizenRegistration"",""EndSession"",""IdentifyUserType"",""Login"",""PostLoginOptions"",""RegistrarOptions"",""RequestCertificate"",""Start"",""UploadDocuments""]","[{""ground_truth_state"":""Apply for a Certificate"",""candidate_state"":""ApplyforCertificate"",""ground_truth_normalized"":""apply for a certificate"",""candidate_normalized"":""applyfor certificate"",""similarity"":0.845685,""match_type"":""strict""},{""ground_truth_state"":""Certificate Sent to User"",""candidate_state"":""RequestCertificate"",""ground_truth_normalized"":""certificate submit to user"",""candidate_normalized"":""request certificate"",""similarity"":0.664044,""match_type"":""relaxed""},{""ground_truth_state"":""Login"",""candidate_state"":""Login"",""ground_truth_normalized"":""login"",""candidate_normalized"":""login"",""similarity"":1.0,""match_type"":""exact_normalized""},{""ground_truth_state"":""Registrar asks a Certificate for verification"",""candidate_state"":""RegistrarOptions"",""ground_truth_normalized"":""registrar asks a certificate for verification"",""candidate_normalized"":""registrar options"",""similarity"":0.54904,""match_type"":""relaxed""},{""ground_truth_state"":""Registration"",""candidate_state"":""CitizenRegistration"",""ground_truth_normalized"":""registration"",""candidate_normalized"":""citizen registration"",""similarity"":0.776612,""match_type"":""relaxed_lexical""},{""ground_truth_state"":""Upload a Document"",""candidate_state"":""UploadDocuments"",""ground_truth_normalized"":""upload a document"",""candidate_normalized"":""upload documents"",""similarity"":0.926419,""match_type"":""strict""},{""ground_truth_state"":""validate the Type of User"",""candidate_state"":""IdentifyUserType"",""ground_truth_normalized"":""validate the type of user"",""candidate_normalized"":""identify user type"",""similarity"":0.7588,""match_type"":""relaxed""}]","[""Digitlocker provides the Certificate"",""View Profile""]","[""EndSession"",""PostLoginOptions"",""Start""]",9,10,7,2,3,0.7,0.777778,0.736842
DeepSeek_R1_14B,syntax_grounded_repair,case_18_digidoclocker,final_results/runs/open_source__deepseek_r1_14b__few_shot_validation_generator_critic_repair__syntax_grounded_no_rules/case_18_digidoclocker/run_01.puml,dataset/case_18_digidoclocker/diagram.puml,sentence-transformers/all-MiniLM-L6-v2,0.800000,0.480000,"[""Apply for a Certificate"",""Certificate Sent to User"",""Digitlocker provides the Certificate"",""Login"",""Registrar asks a Certificate for verification"",""Registration"",""Upload a Document"",""validate the Type of User"",""View Profile""]","[""ApplyforCertificate"",""CitizenRegistration"",""EndSession"",""IdentifyUserType"",""Login"",""PostLoginOptions"",""RegistrarOptions"",""RequestCertificate"",""Start"",""UploadDocuments""]","[{""ground_truth_state"":""Apply for a Certificate"",""candidate_state"":""ApplyforCertificate"",""ground_truth_normalized"":""apply for a certificate"",""candidate_normalized"":""applyfor certificate"",""similarity"":0.845685,""match_type"":""strict""},{""ground_truth_state"":""Certificate Sent to User"",""candidate_state"":""RequestCertificate"",""ground_truth_normalized"":""certificate submit to user"",""candidate_normalized"":""request certificate"",""similarity"":0.664044,""match_type"":""relaxed""},{""ground_truth_state"":""Login"",""candidate_state"":""Login"",""ground_truth_normalized"":""login"",""candidate_normalized"":""login"",""similarity"":1.0,""match_type"":""exact_normalized""},{""ground_truth_state"":""Registrar asks a Certificate for verification"",""candidate_state"":""RegistrarOptions"",""ground_truth_normalized"":""registrar asks a certificate for verification"",""candidate_normalized"":""registrar options"",""similarity"":0.54904,""match_type"":""relaxed""},{""ground_truth_state"":""Registration"",""candidate_state"":""CitizenRegistration"",""ground_truth_normalized"":""registration"",""candidate_normalized"":""citizen registration"",""similarity"":0.776612,""match_type"":""relaxed_lexical""},{""ground_truth_state"":""Upload a Document"",""candidate_state"":""UploadDocuments"",""ground_truth_normalized"":""upload a document"",""candidate_normalized"":""upload documents"",""similarity"":0.926419,""match_type"":""strict""},{""ground_truth_state"":""validate the Type of User"",""candidate_state"":""IdentifyUserType"",""ground_truth_normalized"":""validate the type of user"",""candidate_normalized"":""identify user type"",""similarity"":0.7588,""match_type"":""relaxed""}]","[""Digitlocker provides the Certificate"",""View Profile""]","[""EndSession"",""PostLoginOptions"",""Start""]",9,10,7,2,3,0.7,0.777778,0.736842
Llama_3.1_8B,baseline_repair,case_18_digidoclocker,final_results/runs/open_source__llama31_8b_instruct__few_shot_validation_generator_critic_repair/case_18_digidoclocker/run_01.puml,dataset/case_18_digidoclocker/diagram.puml,sentence-transformers/all-MiniLM-L6-v2,0.800000,0.480000,"[""Apply for a Certificate"",""Certificate Sent to User"",""Digitlocker provides the Certificate"",""Login"",""Registrar asks a Certificate for verification"",""Registration"",""Upload a Document"",""validate the Type of User"",""View Profile""]","[""Certificate Application"",""Document Upload"",""End Session"",""Login"",""Profile View"",""Reapply for Certificate"",""Registration"",""Request Certificate""]","[{""ground_truth_state"":""Apply for a Certificate"",""candidate_state"":""Certificate Application"",""ground_truth_normalized"":""apply for a certificate"",""candidate_normalized"":""apply certificate"",""similarity"":0.960818,""match_type"":""strict""},{""ground_truth_state"":""Certificate Sent to User"",""candidate_state"":""Reapply for Certificate"",""ground_truth_normalized"":""certificate submit to user"",""candidate_normalized"":""reapply for certificate"",""similarity"":0.498178,""match_type"":""relaxed""},{""ground_truth_state"":""Login"",""candidate_state"":""Login"",""ground_truth_normalized"":""login"",""candidate_normalized"":""login"",""similarity"":1.0,""match_type"":""exact_normalized""},{""ground_truth_state"":""Registrar asks a Certificate for verification"",""candidate_state"":""Request Certificate"",""ground_truth_normalized"":""registrar asks a certificate for verification"",""candidate_normalized"":""request certificate"",""similarity"":0.623878,""match_type"":""relaxed""},{""ground_truth_state"":""Registration"",""candidate_state"":""Registration"",""ground_truth_normalized"":""registration"",""candidate_normalized"":""registration"",""similarity"":1.0,""match_type"":""exact_normalized""},{""ground_truth_state"":""Upload a Document"",""candidate_state"":""Document Upload"",""ground_truth_normalized"":""upload a document"",""candidate_normalized"":""document upload"",""similarity"":0.958088,""match_type"":""strict""},{""ground_truth_state"":""View Profile"",""candidate_state"":""Profile View"",""ground_truth_normalized"":""view profile"",""candidate_normalized"":""profile view"",""similarity"":0.960932,""match_type"":""strict""}]","[""Digitlocker provides the Certificate"",""validate the Type of User""]","[""End Session""]",9,8,7,2,1,0.875,0.777778,0.823529
Llama_3.1_8B,few_shot,case_18_digidoclocker,final_results/runs/open_source__llama31_8b_instruct__few_shot/case_18_digidoclocker/run_01.puml,dataset/case_18_digidoclocker/diagram.puml,sentence-transformers/all-MiniLM-L6-v2,0.800000,0.480000,"[""Apply for a Certificate"",""Certificate Sent to User"",""Digitlocker provides the Certificate"",""Login"",""Registrar asks a Certificate for verification"",""Registration"",""Upload a Document"",""validate the Type of User"",""View Profile""]","[""Certificate Application"",""Document Upload"",""End Session"",""Login"",""Profile View"",""Reapply for Certificate"",""Registration"",""Request Certificate""]","[{""ground_truth_state"":""Apply for a Certificate"",""candidate_state"":""Certificate Application"",""ground_truth_normalized"":""apply for a certificate"",""candidate_normalized"":""apply certificate"",""similarity"":0.960818,""match_type"":""strict""},{""ground_truth_state"":""Certificate Sent to User"",""candidate_state"":""Reapply for Certificate"",""ground_truth_normalized"":""certificate submit to user"",""candidate_normalized"":""reapply for certificate"",""similarity"":0.498178,""match_type"":""relaxed""},{""ground_truth_state"":""Login"",""candidate_state"":""Login"",""ground_truth_normalized"":""login"",""candidate_normalized"":""login"",""similarity"":1.0,""match_type"":""exact_normalized""},{""ground_truth_state"":""Registrar asks a Certificate for verification"",""candidate_state"":""Request Certificate"",""ground_truth_normalized"":""registrar asks a certificate for verification"",""candidate_normalized"":""request certificate"",""similarity"":0.623878,""match_type"":""relaxed""},{""ground_truth_state"":""Registration"",""candidate_state"":""Registration"",""ground_truth_normalized"":""registration"",""candidate_normalized"":""registration"",""similarity"":1.0,""match_type"":""exact_normalized""},{""ground_truth_state"":""Upload a Document"",""candidate_state"":""Document Upload"",""ground_truth_normalized"":""upload a document"",""candidate_normalized"":""document upload"",""similarity"":0.958088,""match_type"":""strict""},{""ground_truth_state"":""View Profile"",""candidate_state"":""Profile View"",""ground_truth_normalized"":""view profile"",""candidate_normalized"":""profile view"",""similarity"":0.960932,""match_type"":""strict""}]","[""Digitlocker provides the Certificate"",""validate the Type of User""]","[""End Session""]",9,8,7,2,1,0.875,0.777778,0.823529
Llama_3.1_8B,syntax_grounded_repair,case_18_digidoclocker,final_results/runs/open_source__llama31_8b_instruct__few_shot_validation_generator_critic_repair__syntax_grounded/case_18_digidoclocker/run_01.puml,dataset/case_18_digidoclocker/diagram.puml,sentence-transformers/all-MiniLM-L6-v2,0.800000,0.480000,"[""Apply for a Certificate"",""Certificate Sent to User"",""Digitlocker provides the Certificate"",""Login"",""Registrar asks a Certificate for verification"",""Registration"",""Upload a Document"",""validate the Type of User"",""View Profile""]","[""Certificate Application"",""Document Upload"",""End Session"",""Login"",""Profile View"",""Reapply for Certificate"",""Registration"",""Request Certificate""]","[{""ground_truth_state"":""Apply for a Certificate"",""candidate_state"":""Certificate Application"",""ground_truth_normalized"":""apply for a certificate"",""candidate_normalized"":""apply certificate"",""similarity"":0.960818,""match_type"":""strict""},{""ground_truth_state"":""Certificate Sent to User"",""candidate_state"":""Reapply for Certificate"",""ground_truth_normalized"":""certificate submit to user"",""candidate_normalized"":""reapply for certificate"",""similarity"":0.498178,""match_type"":""relaxed""},{""ground_truth_state"":""Login"",""candidate_state"":""Login"",""ground_truth_normalized"":""login"",""candidate_normalized"":""login"",""similarity"":1.0,""match_type"":""exact_normalized""},{""ground_truth_state"":""Registrar asks a Certificate for verification"",""candidate_state"":""Request Certificate"",""ground_truth_normalized"":""registrar asks a certificate for verification"",""candidate_normalized"":""request certificate"",""similarity"":0.623878,""match_type"":""relaxed""},{""ground_truth_state"":""Registration"",""candidate_state"":""Registration"",""ground_truth_normalized"":""registration"",""candidate_normalized"":""registration"",""similarity"":1.0,""match_type"":""exact_normalized""},{""ground_truth_state"":""Upload a Document"",""candidate_state"":""Document Upload"",""ground_truth_normalized"":""upload a document"",""candidate_normalized"":""document upload"",""similarity"":0.958088,""match_type"":""strict""},{""ground_truth_state"":""View Profile"",""candidate_state"":""Profile View"",""ground_truth_normalized"":""view profile"",""candidate_normalized"":""profile view"",""similarity"":0.960932,""match_type"":""strict""}]","[""Digitlocker provides the Certificate"",""validate the Type of User""]","[""End Session""]",9,8,7,2,1,0.875,0.777778,0.823529
Mistral,baseline_repair,case_18_digidoclocker,final_results/runs/open_source__mistral__rag_validation_generator_critic_repair/case_18_digidoclocker/run_01.puml,dataset/case_18_digidoclocker/diagram.puml,sentence-transformers/all-MiniLM-L6-v2,0.800000,0.480000,"[""Apply for a Certificate"",""Certificate Sent to User"",""Digitlocker provides the Certificate"",""Login"",""Registrar asks a Certificate for verification"",""Registration"",""Upload a Document"",""validate the Type of User"",""View Profile""]","[""Authentication"",""CheckMemberDetails"",""CitizenEditDocs"",""CitizenLogout"",""CitizenSaveEdits"",""CitizenUploadDocs"",""CitizenViewDocs"",""Dashboard"",""EnterMemberDetails"",""EnterMemberID"",""EnterPassword"",""InactiveMember"",""InvalidCredentials"",""IssueMemberID"",""LoggedIn"",""MemberIDCheck"",""MemberRegistration"",""PayFineAmount"",""ReEnterMemberDetails"",""Settings"",""SuccessfulLogin"",""SuccessfulRegistration""]","[{""ground_truth_state"":""Login"",""candidate_state"":""LoggedIn"",""ground_truth_normalized"":""login"",""candidate_normalized"":""login"",""similarity"":1.0,""match_type"":""exact_normalized""},{""ground_truth_state"":""Registration"",""candidate_state"":""SuccessfulRegistration"",""ground_truth_normalized"":""registration"",""candidate_normalized"":""successful registration"",""similarity"":0.861216,""match_type"":""strict""},{""ground_truth_state"":""Upload a Document"",""candidate_state"":""CitizenUploadDocs"",""ground_truth_normalized"":""upload a document"",""candidate_normalized"":""citizen upload docs"",""similarity"":0.681911,""match_type"":""relaxed""}]","[""Apply for a Certificate"",""Certificate Sent to User"",""Digitlocker provides the Certificate"",""Registrar asks a Certificate for verification"",""validate the Type of User"",""View Profile""]","[""Authentication"",""CheckMemberDetails"",""CitizenEditDocs"",""CitizenLogout"",""CitizenSaveEdits"",""CitizenViewDocs"",""Dashboard"",""EnterMemberDetails"",""EnterMemberID"",""EnterPassword"",""InactiveMember"",""InvalidCredentials"",""IssueMemberID"",""MemberIDCheck"",""MemberRegistration"",""PayFineAmount"",""ReEnterMemberDetails"",""Settings"",""SuccessfulLogin""]",9,22,3,6,19,0.136364,0.333333,0.193548
Mistral,rag,case_18_digidoclocker,final_results/runs/open_source__mistral__rag/case_18_digidoclocker/run_01.puml,dataset/case_18_digidoclocker/diagram.puml,sentence-transformers/all-MiniLM-L6-v2,0.800000,0.480000,"[""Apply for a Certificate"",""Certificate Sent to User"",""Digitlocker provides the Certificate"",""Login"",""Registrar asks a Certificate for verification"",""Registration"",""Upload a Document"",""validate the Type of User"",""View Profile""]","[""Authentication"",""CheckMemberDetails"",""CitizenEditDocs"",""CitizenLogout"",""CitizenSaveEdits"",""CitizenUploadDocs"",""CitizenViewDocs"",""Dashboard"",""EnterMemberDetails"",""EnterMemberID"",""EnterPassword"",""InactiveMember"",""InvalidCredentials"",""IssueMemberID"",""LoggedIn"",""MemberIDCheck"",""MemberRegistration"",""PayFineAmount"",""ReEnterMemberDetails"",""Settings"",""SuccessfulLogin"",""SuccessfulRegistration""]","[{""ground_truth_state"":""Login"",""candidate_state"":""LoggedIn"",""ground_truth_normalized"":""login"",""candidate_normalized"":""login"",""similarity"":1.0,""match_type"":""exact_normalized""},{""ground_truth_state"":""Registration"",""candidate_state"":""SuccessfulRegistration"",""ground_truth_normalized"":""registration"",""candidate_normalized"":""successful registration"",""similarity"":0.861216,""match_type"":""strict""},{""ground_truth_state"":""Upload a Document"",""candidate_state"":""CitizenUploadDocs"",""ground_truth_normalized"":""upload a document"",""candidate_normalized"":""citizen upload docs"",""similarity"":0.681911,""match_type"":""relaxed""}]","[""Apply for a Certificate"",""Certificate Sent to User"",""Digitlocker provides the Certificate"",""Registrar asks a Certificate for verification"",""validate the Type of User"",""View Profile""]","[""Authentication"",""CheckMemberDetails"",""CitizenEditDocs"",""CitizenLogout"",""CitizenSaveEdits"",""CitizenViewDocs"",""Dashboard"",""EnterMemberDetails"",""EnterMemberID"",""EnterPassword"",""InactiveMember"",""InvalidCredentials"",""IssueMemberID"",""MemberIDCheck"",""MemberRegistration"",""PayFineAmount"",""ReEnterMemberDetails"",""Settings"",""SuccessfulLogin""]",9,22,3,6,19,0.136364,0.333333,0.193548
Mistral,syntax_grounded_repair,case_18_digidoclocker,final_results/runs/open_source__mistral__rag_validation_generator_critic_repair__syntax_grounded/case_18_digidoclocker/run_01.puml,dataset/case_18_digidoclocker/diagram.puml,sentence-transformers/all-MiniLM-L6-v2,0.800000,0.480000,"[""Apply for a Certificate"",""Certificate Sent to User"",""Digitlocker provides the Certificate"",""Login"",""Registrar asks a Certificate for verification"",""Registration"",""Upload a Document"",""validate the Type of User"",""View Profile""]","[""Authentication"",""CheckMemberDetails"",""CitizenEditDocs"",""CitizenLogout"",""CitizenSaveEdits"",""CitizenUploadDocs"",""CitizenViewDocs"",""Dashboard"",""EnterMemberDetails"",""EnterMemberID"",""EnterPassword"",""InactiveMember"",""INITIAL_STATE"",""InvalidCredentials"",""IssueMemberID"",""LoggedIn"",""MemberRegistration"",""PayFineAmount"",""ReEnterMemberDetails"",""Settings"",""SuccessfulLogin"",""SuccessfulRegistration""]","[{""ground_truth_state"":""Login"",""candidate_state"":""LoggedIn"",""ground_truth_normalized"":""login"",""candidate_normalized"":""login"",""similarity"":1.0,""match_type"":""exact_normalized""},{""ground_truth_state"":""Registration"",""candidate_state"":""SuccessfulRegistration"",""ground_truth_normalized"":""registration"",""candidate_normalized"":""successful registration"",""similarity"":0.861216,""match_type"":""strict""},{""ground_truth_state"":""Upload a Document"",""candidate_state"":""CitizenUploadDocs"",""ground_truth_normalized"":""upload a document"",""candidate_normalized"":""citizen upload docs"",""similarity"":0.681911,""match_type"":""relaxed""}]","[""Apply for a Certificate"",""Certificate Sent to User"",""Digitlocker provides the Certificate"",""Registrar asks a Certificate for verification"",""validate the Type of User"",""View Profile""]","[""Authentication"",""CheckMemberDetails"",""CitizenEditDocs"",""CitizenLogout"",""CitizenSaveEdits"",""CitizenViewDocs"",""Dashboard"",""EnterMemberDetails"",""EnterMemberID"",""EnterPassword"",""InactiveMember"",""INITIAL_STATE"",""InvalidCredentials"",""IssueMemberID"",""MemberRegistration"",""PayFineAmount"",""ReEnterMemberDetails"",""Settings"",""SuccessfulLogin""]",9,22,3,6,19,0.136364,0.333333,0.193548
Qwen_2.5_7B,baseline_repair,case_18_digidoclocker,final_results/runs/open_source__qwen25_7b_instruct__rag_validation_generator_critic_repair/case_18_digidoclocker/run_01.puml,dataset/case_18_digidoclocker/diagram.puml,sentence-transformers/all-MiniLM-L6-v2,0.800000,0.480000,"[""Apply for a Certificate"",""Certificate Sent to User"",""Digitlocker provides the Certificate"",""Login"",""Registrar asks a Certificate for verification"",""Registration"",""Upload a Document"",""validate the Type of User"",""View Profile""]","[""CertificateApply"",""CitizenLogin"",""DocumentUpload"",""ProfileView"",""RegistrarRequest"",""Registration""]","[{""ground_truth_state"":""Apply for a Certificate"",""candidate_state"":""CertificateApply"",""ground_truth_normalized"":""apply for a certificate"",""candidate_normalized"":""certificate apply"",""similarity"":0.925847,""match_type"":""strict""},{""ground_truth_state"":""Login"",""candidate_state"":""CitizenLogin"",""ground_truth_normalized"":""login"",""candidate_normalized"":""citizen login"",""similarity"":0.652814,""match_type"":""relaxed_lexical""},{""ground_truth_state"":""Registrar asks a Certificate for verification"",""candidate_state"":""RegistrarRequest"",""ground_truth_normalized"":""registrar asks a certificate for verification"",""candidate_normalized"":""registrar request"",""similarity"":0.650591,""match_type"":""relaxed""},{""ground_truth_state"":""Registration"",""candidate_state"":""Registration"",""ground_truth_normalized"":""registration"",""candidate_normalized"":""registration"",""similarity"":1.0,""match_type"":""exact_normalized""},{""ground_truth_state"":""Upload a Document"",""candidate_state"":""DocumentUpload"",""ground_truth_normalized"":""upload a document"",""candidate_normalized"":""document upload"",""similarity"":0.958088,""match_type"":""strict""},{""ground_truth_state"":""View Profile"",""candidate_state"":""ProfileView"",""ground_truth_normalized"":""view profile"",""candidate_normalized"":""profile view"",""similarity"":0.960932,""match_type"":""strict""}]","[""Certificate Sent to User"",""Digitlocker provides the Certificate"",""validate the Type of User""]",[],9,6,6,3,0,1.0,0.666667,0.8
Qwen_2.5_7B,rag,case_18_digidoclocker,final_results/runs/open_source__qwen25_7b_instruct__rag/case_18_digidoclocker/run_01.puml,dataset/case_18_digidoclocker/diagram.puml,sentence-transformers/all-MiniLM-L6-v2,0.800000,0.480000,"[""Apply for a Certificate"",""Certificate Sent to User"",""Digitlocker provides the Certificate"",""Login"",""Registrar asks a Certificate for verification"",""Registration"",""Upload a Document"",""validate the Type of User"",""View Profile""]","[""CertificateApply"",""CitizenLogin"",""DocumentUpload"",""ProfileView"",""RegistrarRequest"",""Registration""]","[{""ground_truth_state"":""Apply for a Certificate"",""candidate_state"":""CertificateApply"",""ground_truth_normalized"":""apply for a certificate"",""candidate_normalized"":""certificate apply"",""similarity"":0.925847,""match_type"":""strict""},{""ground_truth_state"":""Login"",""candidate_state"":""CitizenLogin"",""ground_truth_normalized"":""login"",""candidate_normalized"":""citizen login"",""similarity"":0.652814,""match_type"":""relaxed_lexical""},{""ground_truth_state"":""Registrar asks a Certificate for verification"",""candidate_state"":""RegistrarRequest"",""ground_truth_normalized"":""registrar asks a certificate for verification"",""candidate_normalized"":""registrar request"",""similarity"":0.650591,""match_type"":""relaxed""},{""ground_truth_state"":""Registration"",""candidate_state"":""Registration"",""ground_truth_normalized"":""registration"",""candidate_normalized"":""registration"",""similarity"":1.0,""match_type"":""exact_normalized""},{""ground_truth_state"":""Upload a Document"",""candidate_state"":""DocumentUpload"",""ground_truth_normalized"":""upload a document"",""candidate_normalized"":""document upload"",""similarity"":0.958088,""match_type"":""strict""},{""ground_truth_state"":""View Profile"",""candidate_state"":""ProfileView"",""ground_truth_normalized"":""view profile"",""candidate_normalized"":""profile view"",""similarity"":0.960932,""match_type"":""strict""}]","[""Certificate Sent to User"",""Digitlocker provides the Certificate"",""validate the Type of User""]",[],9,6,6,3,0,1.0,0.666667,0.8
Qwen_2.5_7B,syntax_grounded_repair,case_18_digidoclocker,final_results/runs/open_source__qwen25_7b_instruct__rag_validation_generator_critic_repair__syntax_grounded_no_rules_original_rag/case_18_digidoclocker/run_01.puml,dataset/case_18_digidoclocker/diagram.puml,sentence-transformers/all-MiniLM-L6-v2,0.800000,0.480000,"[""Apply for a Certificate"",""Certificate Sent to User"",""Digitlocker provides the Certificate"",""Login"",""Registrar asks a Certificate for verification"",""Registration"",""Upload a Document"",""validate the Type of User"",""View Profile""]","[""CertificateApply"",""CitizenLogin"",""DocumentUpload"",""DocumentView"",""ProfileView"",""RegistrarRequest"",""Registration""]","[{""ground_truth_state"":""Apply for a Certificate"",""candidate_state"":""CertificateApply"",""ground_truth_normalized"":""apply for a certificate"",""candidate_normalized"":""certificate apply"",""similarity"":0.925847,""match_type"":""strict""},{""ground_truth_state"":""Login"",""candidate_state"":""CitizenLogin"",""ground_truth_normalized"":""login"",""candidate_normalized"":""citizen login"",""similarity"":0.652814,""match_type"":""relaxed_lexical""},{""ground_truth_state"":""Registrar asks a Certificate for verification"",""candidate_state"":""RegistrarRequest"",""ground_truth_normalized"":""registrar asks a certificate for verification"",""candidate_normalized"":""registrar request"",""similarity"":0.650591,""match_type"":""relaxed""},{""ground_truth_state"":""Registration"",""candidate_state"":""Registration"",""ground_truth_normalized"":""registration"",""candidate_normalized"":""registration"",""similarity"":1.0,""match_type"":""exact_normalized""},{""ground_truth_state"":""Upload a Document"",""candidate_state"":""DocumentUpload"",""ground_truth_normalized"":""upload a document"",""candidate_normalized"":""document upload"",""similarity"":0.958088,""match_type"":""strict""},{""ground_truth_state"":""View Profile"",""candidate_state"":""ProfileView"",""ground_truth_normalized"":""view profile"",""candidate_normalized"":""profile view"",""similarity"":0.960932,""match_type"":""strict""}]","[""Certificate Sent to User"",""Digitlocker provides the Certificate"",""validate the Type of User""]","[""DocumentView""]",9,7,6,3,1,0.857143,0.666667,0.75
DeepSeek_R1_14B,baseline_repair,case_28_ott_based_system_mini_reel,final_results/runs/open_source__deepseek_r1_14b__few_shot_validation_generator_critic_repair/case_28_ott_based_system_mini_reel/run_01.puml,dataset/case_28_ott_based_system_mini_reel/diagram.puml,sentence-transformers/all-MiniLM-L6-v2,0.800000,0.480000,"[""Discussion State"",""Account Creation"",""Updation"",""View"",""Show Likes""]","[""Account Created"",""Discussing"",""End"",""Liked Video"",""Start"",""Uploaded Video"",""Viewing Likes"",""Watching Video""]","[{""ground_truth_state"":""Discussion State"",""candidate_state"":""Discussing"",""ground_truth_normalized"":""discussion state"",""candidate_normalized"":""discussing"",""similarity"":0.681038,""match_type"":""relaxed""},{""ground_truth_state"":""Account Creation"",""candidate_state"":""Account Created"",""ground_truth_normalized"":""registration"",""candidate_normalized"":""account registration"",""similarity"":0.829525,""match_type"":""strict""},{""ground_truth_state"":""View"",""candidate_state"":""Watching Video"",""ground_truth_normalized"":""view"",""candidate_normalized"":""watching video"",""similarity"":0.490499,""match_type"":""relaxed""},{""ground_truth_state"":""Show Likes"",""candidate_state"":""Viewing Likes"",""ground_truth_normalized"":""view likes"",""candidate_normalized"":""view likes"",""similarity"":1.0,""match_type"":""exact_normalized""}]","[""Updation""]","[""End"",""Liked Video"",""Start"",""Uploaded Video""]",5,8,4,1,4,0.5,0.8,0.615385
DeepSeek_R1_14B,few_shot,case_28_ott_based_system_mini_reel,final_results/runs/open_source__deepseek_r1_14b__few_shot/case_28_ott_based_system_mini_reel/run_01.puml,dataset/case_28_ott_based_system_mini_reel/diagram.puml,sentence-transformers/all-MiniLM-L6-v2,0.800000,0.480000,"[""Discussion State"",""Account Creation"",""Updation"",""View"",""Show Likes""]","[""Account Created"",""Discussing"",""End"",""Liked Video"",""Start"",""Uploaded Video"",""Viewing Likes"",""Watching Video""]","[{""ground_truth_state"":""Discussion State"",""candidate_state"":""Discussing"",""ground_truth_normalized"":""discussion state"",""candidate_normalized"":""discussing"",""similarity"":0.681038,""match_type"":""relaxed""},{""ground_truth_state"":""Account Creation"",""candidate_state"":""Account Created"",""ground_truth_normalized"":""registration"",""candidate_normalized"":""account registration"",""similarity"":0.829525,""match_type"":""strict""},{""ground_truth_state"":""View"",""candidate_state"":""Watching Video"",""ground_truth_normalized"":""view"",""candidate_normalized"":""watching video"",""similarity"":0.490499,""match_type"":""relaxed""},{""ground_truth_state"":""Show Likes"",""candidate_state"":""Viewing Likes"",""ground_truth_normalized"":""view likes"",""candidate_normalized"":""view likes"",""similarity"":1.0,""match_type"":""exact_normalized""}]","[""Updation""]","[""End"",""Liked Video"",""Start"",""Uploaded Video""]",5,8,4,1,4,0.5,0.8,0.615385
DeepSeek_R1_14B,syntax_grounded_repair,case_28_ott_based_system_mini_reel,final_results/runs/open_source__deepseek_r1_14b__few_shot_validation_generator_critic_repair__syntax_grounded_no_rules/case_28_ott_based_system_mini_reel/run_01.puml,dataset/case_28_ott_based_system_mini_reel/diagram.puml,sentence-transformers/all-MiniLM-L6-v2,0.800000,0.480000,"[""Discussion State"",""Account Creation"",""Updation"",""View"",""Show Likes""]","[""Account Created"",""Discussing"",""End"",""Liked Video"",""Start"",""Uploaded Video"",""Viewing Likes"",""Watching Video""]","[{""ground_truth_state"":""Discussion State"",""candidate_state"":""Discussing"",""ground_truth_normalized"":""discussion state"",""candidate_normalized"":""discussing"",""similarity"":0.681038,""match_type"":""relaxed""},{""ground_truth_state"":""Account Creation"",""candidate_state"":""Account Created"",""ground_truth_normalized"":""registration"",""candidate_normalized"":""account registration"",""similarity"":0.829525,""match_type"":""strict""},{""ground_truth_state"":""View"",""candidate_state"":""Watching Video"",""ground_truth_normalized"":""view"",""candidate_normalized"":""watching video"",""similarity"":0.490499,""match_type"":""relaxed""},{""ground_truth_state"":""Show Likes"",""candidate_state"":""Viewing Likes"",""ground_truth_normalized"":""view likes"",""candidate_normalized"":""view likes"",""similarity"":1.0,""match_type"":""exact_normalized""}]","[""Updation""]","[""End"",""Liked Video"",""Start"",""Uploaded Video""]",5,8,4,1,4,0.5,0.8,0.615385
Llama_3.1_8B,baseline_repair,case_28_ott_based_system_mini_reel,final_results/runs/open_source__llama31_8b_instruct__few_shot_validation_generator_critic_repair/case_28_ott_based_system_mini_reel/run_01.puml,dataset/case_28_ott_based_system_mini_reel/diagram.puml,sentence-transformers/all-MiniLM-L6-v2,0.800000,0.480000,"[""Discussion State"",""Account Creation"",""Updation"",""View"",""Show Likes""]","[""Discussion"",""End"",""Idle"",""Invalid registration"",""Create Account"",""Save Video"",""Upload Video"",""View Saved Videos"",""Watch Video""]","[{""ground_truth_state"":""Discussion State"",""candidate_state"":""Discussion"",""ground_truth_normalized"":""discussion state"",""candidate_normalized"":""discussion"",""similarity"":0.725289,""match_type"":""relaxed_lexical""},{""ground_truth_state"":""Account Creation"",""candidate_state"":""Create Account"",""ground_truth_normalized"":""registration"",""candidate_normalized"":""registration"",""similarity"":1.0,""match_type"":""exact_normalized""}]","[""Updation"",""View"",""Show Likes""]","[""End"",""Idle"",""Invalid registration"",""Save Video"",""Upload Video"",""View Saved Videos"",""Watch Video""]",5,9,2,3,7,0.222222,0.4,0.285714
Llama_3.1_8B,few_shot,case_28_ott_based_system_mini_reel,final_results/runs/open_source__llama31_8b_instruct__few_shot/case_28_ott_based_system_mini_reel/run_01.puml,dataset/case_28_ott_based_system_mini_reel/diagram.puml,sentence-transformers/all-MiniLM-L6-v2,0.800000,0.480000,"[""Discussion State"",""Account Creation"",""Updation"",""View"",""Show Likes""]","[""Discussion"",""End"",""Idle"",""Invalid registration"",""Create Account"",""Save Video"",""Upload Video"",""View Saved Videos"",""Watch Video""]","[{""ground_truth_state"":""Discussion State"",""candidate_state"":""Discussion"",""ground_truth_normalized"":""discussion state"",""candidate_normalized"":""discussion"",""similarity"":0.725289,""match_type"":""relaxed_lexical""},{""ground_truth_state"":""Account Creation"",""candidate_state"":""Create Account"",""ground_truth_normalized"":""registration"",""candidate_normalized"":""registration"",""similarity"":1.0,""match_type"":""exact_normalized""}]","[""Updation"",""View"",""Show Likes""]","[""End"",""Idle"",""Invalid registration"",""Save Video"",""Upload Video"",""View Saved Videos"",""Watch Video""]",5,9,2,3,7,0.222222,0.4,0.285714
Llama_3.1_8B,syntax_grounded_repair,case_28_ott_based_system_mini_reel,final_results/runs/open_source__llama31_8b_instruct__few_shot_validation_generator_critic_repair__syntax_grounded/case_28_ott_based_system_mini_reel/run_01.puml,dataset/case_28_ott_based_system_mini_reel/diagram.puml,sentence-transformers/all-MiniLM-L6-v2,0.800000,0.480000,"[""Discussion State"",""Account Creation"",""Updation"",""View"",""Show Likes""]","[""Discussion"",""End"",""Idle"",""Invalid registration"",""Create Account"",""Save Video"",""Upload Video"",""View Saved Videos"",""Watch Video""]","[{""ground_truth_state"":""Discussion State"",""candidate_state"":""Discussion"",""ground_truth_normalized"":""discussion state"",""candidate_normalized"":""discussion"",""similarity"":0.725289,""match_type"":""relaxed_lexical""},{""ground_truth_state"":""Account Creation"",""candidate_state"":""Create Account"",""ground_truth_normalized"":""registration"",""candidate_normalized"":""registration"",""similarity"":1.0,""match_type"":""exact_normalized""}]","[""Updation"",""View"",""Show Likes""]","[""End"",""Idle"",""Invalid registration"",""Save Video"",""Upload Video"",""View Saved Videos"",""Watch Video""]",5,9,2,3,7,0.222222,0.4,0.285714
Mistral,baseline_repair,case_28_ott_based_system_mini_reel,final_results/runs/open_source__mistral__rag_validation_generator_critic_repair/case_28_ott_based_system_mini_reel/run_01.puml,dataset/case_28_ott_based_system_mini_reel/diagram.puml,sentence-transformers/all-MiniLM-L6-v2,0.800000,0.480000,"[""Discussion State"",""Account Creation"",""Updation"",""View"",""Show Likes""]","[""Editing"",""Feedback"",""Invalid user"",""Login"",""Manage profiles"",""Publishing"",""Reading"",""Register"",""Search"",""Writing""]","[{""ground_truth_state"":""Account Creation"",""candidate_state"":""Register"",""ground_truth_normalized"":""registration"",""candidate_normalized"":""registration"",""similarity"":1.0,""match_type"":""exact_normalized""}]","[""Discussion State"",""Updation"",""View"",""Show Likes""]","[""Editing"",""Feedback"",""Invalid user"",""Login"",""Manage profiles"",""Publishing"",""Reading"",""Search"",""Writing""]",5,10,1,4,9,0.1,0.2,0.133333
Mistral,rag,case_28_ott_based_system_mini_reel,final_results/runs/open_source__mistral__rag/case_28_ott_based_system_mini_reel/run_01.puml,dataset/case_28_ott_based_system_mini_reel/diagram.puml,sentence-transformers/all-MiniLM-L6-v2,0.800000,0.480000,"[""Discussion State"",""Account Creation"",""Updation"",""View"",""Show Likes""]","[""Editing"",""Feedback"",""Invalid user"",""Login"",""Manage profiles"",""Publishing"",""Reading"",""Register"",""Search"",""Writing""]","[{""ground_truth_state"":""Account Creation"",""candidate_state"":""Register"",""ground_truth_normalized"":""registration"",""candidate_normalized"":""registration"",""similarity"":1.0,""match_type"":""exact_normalized""}]","[""Discussion State"",""Updation"",""View"",""Show Likes""]","[""Editing"",""Feedback"",""Invalid user"",""Login"",""Manage profiles"",""Publishing"",""Reading"",""Search"",""Writing""]",5,10,1,4,9,0.1,0.2,0.133333
Mistral,syntax_grounded_repair,case_28_ott_based_system_mini_reel,final_results/runs/open_source__mistral__rag_validation_generator_critic_repair__syntax_grounded/case_28_ott_based_system_mini_reel/run_01.puml,dataset/case_28_ott_based_system_mini_reel/diagram.puml,sentence-transformers/all-MiniLM-L6-v2,0.800000,0.480000,"[""Discussion State"",""Account Creation"",""Updation"",""View"",""Show Likes""]","[""Editing"",""Feedback"",""Invalid user"",""Login"",""Manage profiles"",""Publishing"",""Reading"",""Register"",""Search"",""Writing""]","[{""ground_truth_state"":""Account Creation"",""candidate_state"":""Register"",""ground_truth_normalized"":""registration"",""candidate_normalized"":""registration"",""similarity"":1.0,""match_type"":""exact_normalized""}]","[""Discussion State"",""Updation"",""View"",""Show Likes""]","[""Editing"",""Feedback"",""Invalid user"",""Login"",""Manage profiles"",""Publishing"",""Reading"",""Search"",""Writing""]",5,10,1,4,9,0.1,0.2,0.133333
Qwen_2.5_7B,baseline_repair,case_28_ott_based_system_mini_reel,final_results/runs/open_source__qwen25_7b_instruct__rag_validation_generator_critic_repair/case_28_ott_based_system_mini_reel/run_01.puml,dataset/case_28_ott_based_system_mini_reel/diagram.puml,sentence-transformers/all-MiniLM-L6-v2,0.800000,0.480000,"[""Discussion State"",""Account Creation"",""Updation"",""View"",""Show Likes""]","[""Enter Discussion"",""Create Account"",""Save Videos"",""Upload Videos"",""Watch Videos""]","[{""ground_truth_state"":""Discussion State"",""candidate_state"":""Enter Discussion"",""ground_truth_normalized"":""discussion state"",""candidate_normalized"":""enter discussion"",""similarity"":0.704627,""match_type"":""relaxed""},{""ground_truth_state"":""Account Creation"",""candidate_state"":""Create Account"",""ground_truth_normalized"":""registration"",""candidate_normalized"":""registration"",""similarity"":1.0,""match_type"":""exact_normalized""}]","[""Updation"",""View"",""Show Likes""]","[""Save Videos"",""Upload Videos"",""Watch Videos""]",5,5,2,3,3,0.4,0.4,0.4
Qwen_2.5_7B,rag,case_28_ott_based_system_mini_reel,final_results/runs/open_source__qwen25_7b_instruct__rag/case_28_ott_based_system_mini_reel/run_01.puml,dataset/case_28_ott_based_system_mini_reel/diagram.puml,sentence-transformers/all-MiniLM-L6-v2,0.800000,0.480000,"[""Discussion State"",""Account Creation"",""Updation"",""View"",""Show Likes""]","[""Enter Discussion"",""Create Account"",""Save Videos"",""Upload Videos"",""Watch Videos""]","[{""ground_truth_state"":""Discussion State"",""candidate_state"":""Enter Discussion"",""ground_truth_normalized"":""discussion state"",""candidate_normalized"":""enter discussion"",""similarity"":0.704627,""match_type"":""relaxed""},{""ground_truth_state"":""Account Creation"",""candidate_state"":""Create Account"",""ground_truth_normalized"":""registration"",""candidate_normalized"":""registration"",""similarity"":1.0,""match_type"":""exact_normalized""}]","[""Updation"",""View"",""Show Likes""]","[""Save Videos"",""Upload Videos"",""Watch Videos""]",5,5,2,3,3,0.4,0.4,0.4
Qwen_2.5_7B,syntax_grounded_repair,case_28_ott_based_system_mini_reel,final_results/runs/open_source__qwen25_7b_instruct__rag_validation_generator_critic_repair__syntax_grounded_no_rules_original_rag/case_28_ott_based_system_mini_reel/run_01.puml,dataset/case_28_ott_based_system_mini_reel/diagram.puml,sentence-transformers/all-MiniLM-L6-v2,0.800000,0.480000,"[""Discussion State"",""Account Creation"",""Updation"",""View"",""Show Likes""]","[""Enter Discussion"",""Create Account"",""Save Videos"",""Upload Videos"",""Watch Videos""]","[{""ground_truth_state"":""Discussion State"",""candidate_state"":""Enter Discussion"",""ground_truth_normalized"":""discussion state"",""candidate_normalized"":""enter discussion"",""similarity"":0.704627,""match_type"":""relaxed""},{""ground_truth_state"":""Account Creation"",""candidate_state"":""Create Account"",""ground_truth_normalized"":""registration"",""candidate_normalized"":""registration"",""similarity"":1.0,""match_type"":""exact_normalized""}]","[""Updation"",""View"",""Show Likes""]","[""Save Videos"",""Upload Videos"",""Watch Videos""]",5,5,2,3,3,0.4,0.4,0.4
DeepSeek_R1_14B,baseline_repair,case_32_e_visa_processing_and_follow_up_system,final_results/runs/open_source__deepseek_r1_14b__few_shot_validation_generator_critic_repair/case_32_e_visa_processing_and_follow_up_system/run_01.puml,dataset/case_32_e_visa_processing_and_follow_up_system/diagram.puml,sentence-transformers/all-MiniLM-L6-v2,0.800000,0.480000,"[""Apply for Visa"",""Accept Application"",""Accept Visa"",""Cancel Application"",""Check Status"",""Give Feedback"",""Login"",""Log Out"",""Make Payment"",""Modify Details"",""Register"",""Reject Visa"",""Update Status"",""Verify Document Proofs"",""View Details"",""View purpose of application"",""View Status""]","[""Initial""]",[],"[""Apply for Visa"",""Accept Application"",""Accept Visa"",""Cancel Application"",""Check Status"",""Give Feedback"",""Login"",""Log Out"",""Make Payment"",""Modify Details"",""Register"",""Reject Visa"",""Update Status"",""Verify Document Proofs"",""View Details"",""View purpose of application"",""View Status""]","[""Initial""]",17,1,0,17,1,0.0,0.0,0.0
DeepSeek_R1_14B,few_shot,case_32_e_visa_processing_and_follow_up_system,final_results/runs/open_source__deepseek_r1_14b__few_shot/case_32_e_visa_processing_and_follow_up_system/run_01.puml,dataset/case_32_e_visa_processing_and_follow_up_system/diagram.puml,sentence-transformers/all-MiniLM-L6-v2,0.800000,0.480000,"[""Apply for Visa"",""Accept Application"",""Accept Visa"",""Cancel Application"",""Check Status"",""Give Feedback"",""Login"",""Log Out"",""Make Payment"",""Modify Details"",""Register"",""Reject Visa"",""Update Status"",""Verify Document Proofs"",""View Details"",""View purpose of application"",""View Status""]","[""ApplicationApproved"",""ApplicationProcessing"",""ApplicationRejected"",""ApplicationSubmitted"",""Initial"",""LoggedIn"",""LoggedOut"",""NotLoggedIn""]","[{""ground_truth_state"":""Accept Application"",""candidate_state"":""ApplicationApproved"",""ground_truth_normalized"":""approval application"",""candidate_normalized"":""application approval"",""similarity"":0.956924,""match_type"":""strict""},{""ground_truth_state"":""Login"",""candidate_state"":""LoggedIn"",""ground_truth_normalized"":""login"",""candidate_normalized"":""login"",""similarity"":1.0,""match_type"":""exact_normalized""},{""ground_truth_state"":""Log Out"",""candidate_state"":""LoggedOut"",""ground_truth_normalized"":""logout"",""candidate_normalized"":""logout"",""similarity"":1.0,""match_type"":""exact_normalized""},{""ground_truth_state"":""Reject Visa"",""candidate_state"":""ApplicationRejected"",""ground_truth_normalized"":""rejection visa"",""candidate_normalized"":""application rejection"",""similarity"":0.694648,""match_type"":""relaxed""},{""ground_truth_state"":""View purpose of application"",""candidate_state"":""ApplicationProcessing"",""ground_truth_normalized"":""view purpose of application"",""candidate_normalized"":""application processing"",""similarity"":0.571511,""match_type"":""relaxed""}]","[""Apply for Visa"",""Accept Visa"",""Cancel Application"",""Check Status"",""Give Feedback"",""Make Payment"",""Modify Details"",""Register"",""Update Status"",""Verify Document Proofs"",""View Details"",""View Status""]","[""ApplicationSubmitted"",""Initial"",""NotLoggedIn""]",17,8,5,12,3,0.625,0.294118,0.4
DeepSeek_R1_14B,syntax_grounded_repair,case_32_e_visa_processing_and_follow_up_system,final_results/runs/open_source__deepseek_r1_14b__few_shot_validation_generator_critic_repair__syntax_grounded_no_rules/case_32_e_visa_processing_and_follow_up_system/run_01.puml,dataset/case_32_e_visa_processing_and_follow_up_system/diagram.puml,sentence-transformers/all-MiniLM-L6-v2,0.800000,0.480000,"[""Apply for Visa"",""Accept Application"",""Accept Visa"",""Cancel Application"",""Check Status"",""Give Feedback"",""Login"",""Log Out"",""Make Payment"",""Modify Details"",""Register"",""Reject Visa"",""Update Status"",""Verify Document Proofs"",""View Details"",""View purpose of application"",""View Status""]","[""ApplicationApproved"",""ApplicationProcessing"",""ApplicationRejected"",""ApplicationSubmitted"",""Initial"",""LoggedIn"",""LoggedOut"",""NotLoggedIn""]","[{""ground_truth_state"":""Accept Application"",""candidate_state"":""ApplicationApproved"",""ground_truth_normalized"":""approval application"",""candidate_normalized"":""application approval"",""similarity"":0.956924,""match_type"":""strict""},{""ground_truth_state"":""Login"",""candidate_state"":""LoggedIn"",""ground_truth_normalized"":""login"",""candidate_normalized"":""login"",""similarity"":1.0,""match_type"":""exact_normalized""},{""ground_truth_state"":""Log Out"",""candidate_state"":""LoggedOut"",""ground_truth_normalized"":""logout"",""candidate_normalized"":""logout"",""similarity"":1.0,""match_type"":""exact_normalized""},{""ground_truth_state"":""Reject Visa"",""candidate_state"":""ApplicationRejected"",""ground_truth_normalized"":""rejection visa"",""candidate_normalized"":""application rejection"",""similarity"":0.694648,""match_type"":""relaxed""},{""ground_truth_state"":""View purpose of application"",""candidate_state"":""ApplicationProcessing"",""ground_truth_normalized"":""view purpose of application"",""candidate_normalized"":""application processing"",""similarity"":0.571511,""match_type"":""relaxed""}]","[""Apply for Visa"",""Accept Visa"",""Cancel Application"",""Check Status"",""Give Feedback"",""Make Payment"",""Modify Details"",""Register"",""Update Status"",""Verify Document Proofs"",""View Details"",""View Status""]","[""ApplicationSubmitted"",""Initial"",""NotLoggedIn""]",17,8,5,12,3,0.625,0.294118,0.4
Llama_3.1_8B,baseline_repair,case_32_e_visa_processing_and_follow_up_system,final_results/runs/open_source__llama31_8b_instruct__few_shot_validation_generator_critic_repair/case_32_e_visa_processing_and_follow_up_system/run_01.puml,dataset/case_32_e_visa_processing_and_follow_up_system/diagram.puml,sentence-transformers/all-MiniLM-L6-v2,0.800000,0.480000,"[""Apply for Visa"",""Accept Application"",""Accept Visa"",""Cancel Application"",""Check Status"",""Give Feedback"",""Login"",""Log Out"",""Make Payment"",""Modify Details"",""Register"",""Reject Visa"",""Update Status"",""Verify Document Proofs"",""View Details"",""View purpose of application"",""View Status""]","[""Application"",""Accepted"",""Cancel"",""CheckStatus"",""Choice1"",""Choice10"",""Choice11"",""Choice2"",""Choice3"",""Choice4"",""Choice5"",""Choice6"",""Choice7"",""Choice8"",""Choice9"",""GiveFeedback"",""Login"",""Logout"",""ModifyDetails"",""Payment"",""CreateUser"",""Status"",""UpdateStatus"",""ViewDetails"",""ViewPurpose""]","[{""ground_truth_state"":""Accept Application"",""candidate_state"":""Application"",""ground_truth_normalized"":""approval application"",""candidate_normalized"":""application"",""similarity"":0.619613,""match_type"":""relaxed_lexical""},{""ground_truth_state"":""Accept Visa"",""candidate_state"":""Accepted"",""ground_truth_normalized"":""approval visa"",""candidate_normalized"":""approval"",""similarity"":0.672413,""match_type"":""relaxed_lexical""},{""ground_truth_state"":""Cancel Application"",""candidate_state"":""Cancel"",""ground_truth_normalized"":""cancel application"",""candidate_normalized"":""cancel"",""similarity"":0.752442,""match_type"":""relaxed_lexical""},{""ground_truth_state"":""Check Status"",""candidate_state"":""CheckStatus"",""ground_truth_normalized"":""check status"",""candidate_normalized"":""check status"",""similarity"":1.0,""match_type"":""exact_normalized""},{""ground_truth_state"":""Give Feedback"",""candidate_state"":""GiveFeedback"",""ground_truth_normalized"":""give feedback"",""candidate_normalized"":""give feedback"",""similarity"":1.0,""match_type"":""exact_normalized""},{""ground_truth_state"":""Login"",""candidate_state"":""Login"",""ground_truth_normalized"":""login"",""candidate_normalized"":""login"",""similarity"":1.0,""match_type"":""exact_normalized""},{""ground_truth_state"":""Log Out"",""candidate_state"":""Logout"",""ground_truth_normalized"":""logout"",""candidate_normalized"":""logout"",""similarity"":1.0,""match_type"":""exact_normalized""},{""ground_truth_state"":""Make Payment"",""candidate_state"":""Payment"",""ground_truth_normalized"":""make payment"",""candidate_normalized"":""payment"",""similarity"":0.888751,""match_type"":""strict""},{""ground_truth_state"":""Modify Details"",""candidate_state"":""ModifyDetails"",""ground_truth_normalized"":""modify details"",""candidate_normalized"":""modify details"",""similarity"":1.0,""match_type"":""exact_normalized""},{""ground_truth_state"":""Register"",""candidate_state"":""CreateUser"",""ground_truth_normalized"":""registration"",""candidate_normalized"":""registration user"",""similarity"":0.791416,""match_type"":""relaxed_lexical""},{""ground_truth_state"":""Update Status"",""candidate_state"":""UpdateStatus"",""ground_truth_normalized"":""update status"",""candidate_normalized"":""update status"",""similarity"":1.0,""match_type"":""exact_normalized""},{""ground_truth_state"":""View Details"",""candidate_state"":""ViewDetails"",""ground_truth_normalized"":""view details"",""candidate_normalized"":""view details"",""similarity"":1.0,""match_type"":""exact_normalized""},{""ground_truth_state"":""View purpose of application"",""candidate_state"":""ViewPurpose"",""ground_truth_normalized"":""view purpose of application"",""candidate_normalized"":""view purpose"",""similarity"":0.788539,""match_type"":""relaxed_lexical""},{""ground_truth_state"":""View Status"",""candidate_state"":""Status"",""ground_truth_normalized"":""view status"",""candidate_normalized"":""status"",""similarity"":0.685128,""match_type"":""relaxed_lexical""}]","[""Apply for Visa"",""Reject Visa"",""Verify Document Proofs""]","[""Choice1"",""Choice10"",""Choice11"",""Choice2"",""Choice3"",""Choice4"",""Choice5"",""Choice6"",""Choice7"",""Choice8"",""Choice9""]",17,25,14,3,11,0.56,0.823529,0.666667
Llama_3.1_8B,few_shot,case_32_e_visa_processing_and_follow_up_system,final_results/runs/open_source__llama31_8b_instruct__few_shot/case_32_e_visa_processing_and_follow_up_system/run_01.puml,dataset/case_32_e_visa_processing_and_follow_up_system/diagram.puml,sentence-transformers/all-MiniLM-L6-v2,0.800000,0.480000,"[""Apply for Visa"",""Accept Application"",""Accept Visa"",""Cancel Application"",""Check Status"",""Give Feedback"",""Login"",""Log Out"",""Make Payment"",""Modify Details"",""Register"",""Reject Visa"",""Update Status"",""Verify Document Proofs"",""View Details"",""View purpose of application"",""View Status""]","[""Application"",""Accepted"",""Cancel"",""CheckStatus"",""GiveFeedback"",""Login"",""Logout"",""ModifyDetails"",""Payment"",""CreateUser"",""Status"",""UpdateStatus"",""ViewDetails"",""ViewPurpose""]","[{""ground_truth_state"":""Accept Application"",""candidate_state"":""Application"",""ground_truth_normalized"":""approval application"",""candidate_normalized"":""application"",""similarity"":0.619613,""match_type"":""relaxed_lexical""},{""ground_truth_state"":""Accept Visa"",""candidate_state"":""Accepted"",""ground_truth_normalized"":""approval visa"",""candidate_normalized"":""approval"",""similarity"":0.672413,""match_type"":""relaxed_lexical""},{""ground_truth_state"":""Cancel Application"",""candidate_state"":""Cancel"",""ground_truth_normalized"":""cancel application"",""candidate_normalized"":""cancel"",""similarity"":0.752442,""match_type"":""relaxed_lexical""},{""ground_truth_state"":""Check Status"",""candidate_state"":""CheckStatus"",""ground_truth_normalized"":""check status"",""candidate_normalized"":""check status"",""similarity"":1.0,""match_type"":""exact_normalized""},{""ground_truth_state"":""Give Feedback"",""candidate_state"":""GiveFeedback"",""ground_truth_normalized"":""give feedback"",""candidate_normalized"":""give feedback"",""similarity"":1.0,""match_type"":""exact_normalized""},{""ground_truth_state"":""Login"",""candidate_state"":""Login"",""ground_truth_normalized"":""login"",""candidate_normalized"":""login"",""similarity"":1.0,""match_type"":""exact_normalized""},{""ground_truth_state"":""Log Out"",""candidate_state"":""Logout"",""ground_truth_normalized"":""logout"",""candidate_normalized"":""logout"",""similarity"":1.0,""match_type"":""exact_normalized""},{""ground_truth_state"":""Make Payment"",""candidate_state"":""Payment"",""ground_truth_normalized"":""make payment"",""candidate_normalized"":""payment"",""similarity"":0.888751,""match_type"":""strict""},{""ground_truth_state"":""Modify Details"",""candidate_state"":""ModifyDetails"",""ground_truth_normalized"":""modify details"",""candidate_normalized"":""modify details"",""similarity"":1.0,""match_type"":""exact_normalized""},{""ground_truth_state"":""Register"",""candidate_state"":""CreateUser"",""ground_truth_normalized"":""registration"",""candidate_normalized"":""registration user"",""similarity"":0.791416,""match_type"":""relaxed_lexical""},{""ground_truth_state"":""Update Status"",""candidate_state"":""UpdateStatus"",""ground_truth_normalized"":""update status"",""candidate_normalized"":""update status"",""similarity"":1.0,""match_type"":""exact_normalized""},{""ground_truth_state"":""View Details"",""candidate_state"":""ViewDetails"",""ground_truth_normalized"":""view details"",""candidate_normalized"":""view details"",""similarity"":1.0,""match_type"":""exact_normalized""},{""ground_truth_state"":""View purpose of application"",""candidate_state"":""ViewPurpose"",""ground_truth_normalized"":""view purpose of application"",""candidate_normalized"":""view purpose"",""similarity"":0.788539,""match_type"":""relaxed_lexical""},{""ground_truth_state"":""View Status"",""candidate_state"":""Status"",""ground_truth_normalized"":""view status"",""candidate_normalized"":""status"",""similarity"":0.685128,""match_type"":""relaxed_lexical""}]","[""Apply for Visa"",""Reject Visa"",""Verify Document Proofs""]",[],17,14,14,3,0,1.0,0.823529,0.903226
Llama_3.1_8B,syntax_grounded_repair,case_32_e_visa_processing_and_follow_up_system,final_results/runs/open_source__llama31_8b_instruct__few_shot_validation_generator_critic_repair__syntax_grounded/case_32_e_visa_processing_and_follow_up_system/run_01.puml,dataset/case_32_e_visa_processing_and_follow_up_system/diagram.puml,sentence-transformers/all-MiniLM-L6-v2,0.800000,0.480000,"[""Apply for Visa"",""Accept Application"",""Accept Visa"",""Cancel Application"",""Check Status"",""Give Feedback"",""Login"",""Log Out"",""Make Payment"",""Modify Details"",""Register"",""Reject Visa"",""Update Status"",""Verify Document Proofs"",""View Details"",""View purpose of application"",""View Status""]","[""Application"",""Accepted"",""Cancel"",""CheckStatus"",""GiveFeedback"",""Login"",""Logout"",""ModifyDetails"",""Payment"",""CreateUser"",""Status"",""UpdateStatus"",""ViewDetails"",""ViewPurpose""]","[{""ground_truth_state"":""Accept Application"",""candidate_state"":""Application"",""ground_truth_normalized"":""approval application"",""candidate_normalized"":""application"",""similarity"":0.619613,""match_type"":""relaxed_lexical""},{""ground_truth_state"":""Accept Visa"",""candidate_state"":""Accepted"",""ground_truth_normalized"":""approval visa"",""candidate_normalized"":""approval"",""similarity"":0.672413,""match_type"":""relaxed_lexical""},{""ground_truth_state"":""Cancel Application"",""candidate_state"":""Cancel"",""ground_truth_normalized"":""cancel application"",""candidate_normalized"":""cancel"",""similarity"":0.752442,""match_type"":""relaxed_lexical""},{""ground_truth_state"":""Check Status"",""candidate_state"":""CheckStatus"",""ground_truth_normalized"":""check status"",""candidate_normalized"":""check status"",""similarity"":1.0,""match_type"":""exact_normalized""},{""ground_truth_state"":""Give Feedback"",""candidate_state"":""GiveFeedback"",""ground_truth_normalized"":""give feedback"",""candidate_normalized"":""give feedback"",""similarity"":1.0,""match_type"":""exact_normalized""},{""ground_truth_state"":""Login"",""candidate_state"":""Login"",""ground_truth_normalized"":""login"",""candidate_normalized"":""login"",""similarity"":1.0,""match_type"":""exact_normalized""},{""ground_truth_state"":""Log Out"",""candidate_state"":""Logout"",""ground_truth_normalized"":""logout"",""candidate_normalized"":""logout"",""similarity"":1.0,""match_type"":""exact_normalized""},{""ground_truth_state"":""Make Payment"",""candidate_state"":""Payment"",""ground_truth_normalized"":""make payment"",""candidate_normalized"":""payment"",""similarity"":0.888751,""match_type"":""strict""},{""ground_truth_state"":""Modify Details"",""candidate_state"":""ModifyDetails"",""ground_truth_normalized"":""modify details"",""candidate_normalized"":""modify details"",""similarity"":1.0,""match_type"":""exact_normalized""},{""ground_truth_state"":""Register"",""candidate_state"":""CreateUser"",""ground_truth_normalized"":""registration"",""candidate_normalized"":""registration user"",""similarity"":0.791416,""match_type"":""relaxed_lexical""},{""ground_truth_state"":""Update Status"",""candidate_state"":""UpdateStatus"",""ground_truth_normalized"":""update status"",""candidate_normalized"":""update status"",""similarity"":1.0,""match_type"":""exact_normalized""},{""ground_truth_state"":""View Details"",""candidate_state"":""ViewDetails"",""ground_truth_normalized"":""view details"",""candidate_normalized"":""view details"",""similarity"":1.0,""match_type"":""exact_normalized""},{""ground_truth_state"":""View purpose of application"",""candidate_state"":""ViewPurpose"",""ground_truth_normalized"":""view purpose of application"",""candidate_normalized"":""view purpose"",""similarity"":0.788539,""match_type"":""relaxed_lexical""},{""ground_truth_state"":""View Status"",""candidate_state"":""Status"",""ground_truth_normalized"":""view status"",""candidate_normalized"":""status"",""similarity"":0.685128,""match_type"":""relaxed_lexical""}]","[""Apply for Visa"",""Reject Visa"",""Verify Document Proofs""]",[],17,14,14,3,0,1.0,0.823529,0.903226
Mistral,baseline_repair,case_32_e_visa_processing_and_follow_up_system,final_results/runs/open_source__mistral__rag_validation_generator_critic_repair/case_32_e_visa_processing_and_follow_up_system/run_01.puml,dataset/case_32_e_visa_processing_and_follow_up_system/diagram.puml,sentence-transformers/all-MiniLM-L6-v2,0.800000,0.480000,"[""Apply for Visa"",""Accept Application"",""Accept Visa"",""Cancel Application"",""Check Status"",""Give Feedback"",""Login"",""Log Out"",""Make Payment"",""Modify Details"",""Register"",""Reject Visa"",""Update Status"",""Verify Document Proofs"",""View Details"",""View purpose of application"",""View Status""]","[""ApplyForVisa"",""Accepted"",""CancelApplication"",""CheckStatus"",""Dashboard"",""GiveFeedback"",""LoggedIn"",""Logout"",""ModifyDetails"",""PaymentConfirmation"",""Settings"",""ViewDetails"",""ViewStatus""]","[{""ground_truth_state"":""Apply for Visa"",""candidate_state"":""ApplyForVisa"",""ground_truth_normalized"":""apply for visa"",""candidate_normalized"":""apply for visa"",""similarity"":1.0,""match_type"":""exact_normalized""},{""ground_truth_state"":""Accept Application"",""candidate_state"":""Accepted"",""ground_truth_normalized"":""approval application"",""candidate_normalized"":""approval"",""similarity"":0.775571,""match_type"":""relaxed_lexical""},{""ground_truth_state"":""Cancel Application"",""candidate_state"":""CancelApplication"",""ground_truth_normalized"":""cancel application"",""candidate_normalized"":""cancel application"",""similarity"":1.0,""match_type"":""exact_normalized""},{""ground_truth_state"":""Check Status"",""candidate_state"":""CheckStatus"",""ground_truth_normalized"":""check status"",""candidate_normalized"":""check status"",""similarity"":1.0,""match_type"":""exact_normalized""},{""ground_truth_state"":""Give Feedback"",""candidate_state"":""GiveFeedback"",""ground_truth_normalized"":""give feedback"",""candidate_normalized"":""give feedback"",""similarity"":1.0,""match_type"":""exact_normalized""},{""ground_truth_state"":""Login"",""candidate_state"":""LoggedIn"",""ground_truth_normalized"":""login"",""candidate_normalized"":""login"",""similarity"":1.0,""match_type"":""exact_normalized""},{""ground_truth_state"":""Log Out"",""candidate_state"":""Logout"",""ground_truth_normalized"":""logout"",""candidate_normalized"":""logout"",""similarity"":1.0,""match_type"":""exact_normalized""},{""ground_truth_state"":""Make Payment"",""candidate_state"":""PaymentConfirmation"",""ground_truth_normalized"":""make payment"",""candidate_normalized"":""payment confirmation"",""similarity"":0.737162,""match_type"":""relaxed""},{""ground_truth_state"":""Modify Details"",""candidate_state"":""ModifyDetails"",""ground_truth_normalized"":""modify details"",""candidate_normalized"":""modify details"",""similarity"":1.0,""match_type"":""exact_normalized""},{""ground_truth_state"":""View Details"",""candidate_state"":""ViewDetails"",""ground_truth_normalized"":""view details"",""candidate_normalized"":""view details"",""similarity"":1.0,""match_type"":""exact_normalized""},{""ground_truth_state"":""View Status"",""candidate_state"":""ViewStatus"",""ground_truth_normalized"":""view status"",""candidate_normalized"":""view status"",""similarity"":1.0,""match_type"":""exact_normalized""}]","[""Accept Visa"",""Register"",""Reject Visa"",""Update Status"",""Verify Document Proofs"",""View purpose of application""]","[""Dashboard"",""Settings""]",17,13,11,6,2,0.846154,0.647059,0.733333
Mistral,rag,case_32_e_visa_processing_and_follow_up_system,final_results/runs/open_source__mistral__rag/case_32_e_visa_processing_and_follow_up_system/run_01.puml,dataset/case_32_e_visa_processing_and_follow_up_system/diagram.puml,sentence-transformers/all-MiniLM-L6-v2,0.800000,0.480000,"[""Apply for Visa"",""Accept Application"",""Accept Visa"",""Cancel Application"",""Check Status"",""Give Feedback"",""Login"",""Log Out"",""Make Payment"",""Modify Details"",""Register"",""Reject Visa"",""Update Status"",""Verify Document Proofs"",""View Details"",""View purpose of application"",""View Status""]","[""ApplyForVisa"",""Accepted"",""CancelApplication"",""CheckStatus"",""Dashboard"",""GiveFeedback"",""LoggedIn"",""Logout"",""ModifyDetails"",""PaymentConfirmation"",""Settings"",""ViewDetails"",""ViewStatus""]","[{""ground_truth_state"":""Apply for Visa"",""candidate_state"":""ApplyForVisa"",""ground_truth_normalized"":""apply for visa"",""candidate_normalized"":""apply for visa"",""similarity"":1.0,""match_type"":""exact_normalized""},{""ground_truth_state"":""Accept Application"",""candidate_state"":""Accepted"",""ground_truth_normalized"":""approval application"",""candidate_normalized"":""approval"",""similarity"":0.775571,""match_type"":""relaxed_lexical""},{""ground_truth_state"":""Cancel Application"",""candidate_state"":""CancelApplication"",""ground_truth_normalized"":""cancel application"",""candidate_normalized"":""cancel application"",""similarity"":1.0,""match_type"":""exact_normalized""},{""ground_truth_state"":""Check Status"",""candidate_state"":""CheckStatus"",""ground_truth_normalized"":""check status"",""candidate_normalized"":""check status"",""similarity"":1.0,""match_type"":""exact_normalized""},{""ground_truth_state"":""Give Feedback"",""candidate_state"":""GiveFeedback"",""ground_truth_normalized"":""give feedback"",""candidate_normalized"":""give feedback"",""similarity"":1.0,""match_type"":""exact_normalized""},{""ground_truth_state"":""Login"",""candidate_state"":""LoggedIn"",""ground_truth_normalized"":""login"",""candidate_normalized"":""login"",""similarity"":1.0,""match_type"":""exact_normalized""},{""ground_truth_state"":""Log Out"",""candidate_state"":""Logout"",""ground_truth_normalized"":""logout"",""candidate_normalized"":""logout"",""similarity"":1.0,""match_type"":""exact_normalized""},{""ground_truth_state"":""Make Payment"",""candidate_state"":""PaymentConfirmation"",""ground_truth_normalized"":""make payment"",""candidate_normalized"":""payment confirmation"",""similarity"":0.737162,""match_type"":""relaxed""},{""ground_truth_state"":""Modify Details"",""candidate_state"":""ModifyDetails"",""ground_truth_normalized"":""modify details"",""candidate_normalized"":""modify details"",""similarity"":1.0,""match_type"":""exact_normalized""},{""ground_truth_state"":""View Details"",""candidate_state"":""ViewDetails"",""ground_truth_normalized"":""view details"",""candidate_normalized"":""view details"",""similarity"":1.0,""match_type"":""exact_normalized""},{""ground_truth_state"":""View Status"",""candidate_state"":""ViewStatus"",""ground_truth_normalized"":""view status"",""candidate_normalized"":""view status"",""similarity"":1.0,""match_type"":""exact_normalized""}]","[""Accept Visa"",""Register"",""Reject Visa"",""Update Status"",""Verify Document Proofs"",""View purpose of application""]","[""Dashboard"",""Settings""]",17,13,11,6,2,0.846154,0.647059,0.733333
Mistral,syntax_grounded_repair,case_32_e_visa_processing_and_follow_up_system,final_results/runs/open_source__mistral__rag_validation_generator_critic_repair__syntax_grounded/case_32_e_visa_processing_and_follow_up_system/run_01.puml,dataset/case_32_e_visa_processing_and_follow_up_system/diagram.puml,sentence-transformers/all-MiniLM-L6-v2,0.800000,0.480000,"[""Apply for Visa"",""Accept Application"",""Accept Visa"",""Cancel Application"",""Check Status"",""Give Feedback"",""Login"",""Log Out"",""Make Payment"",""Modify Details"",""Register"",""Reject Visa"",""Update Status"",""Verify Document Proofs"",""View Details"",""View purpose of application"",""View Status""]","[""ApplyForVisa"",""Accepted"",""CancelApplication"",""CheckStatus"",""Dashboard"",""GiveFeedback"",""LoggedIn"",""Logout"",""ModifyDetails"",""PaymentConfirmation"",""Settings"",""ViewDetails"",""ViewStatus""]","[{""ground_truth_state"":""Apply for Visa"",""candidate_state"":""ApplyForVisa"",""ground_truth_normalized"":""apply for visa"",""candidate_normalized"":""apply for visa"",""similarity"":1.0,""match_type"":""exact_normalized""},{""ground_truth_state"":""Accept Application"",""candidate_state"":""Accepted"",""ground_truth_normalized"":""approval application"",""candidate_normalized"":""approval"",""similarity"":0.775571,""match_type"":""relaxed_lexical""},{""ground_truth_state"":""Cancel Application"",""candidate_state"":""CancelApplication"",""ground_truth_normalized"":""cancel application"",""candidate_normalized"":""cancel application"",""similarity"":1.0,""match_type"":""exact_normalized""},{""ground_truth_state"":""Check Status"",""candidate_state"":""CheckStatus"",""ground_truth_normalized"":""check status"",""candidate_normalized"":""check status"",""similarity"":1.0,""match_type"":""exact_normalized""},{""ground_truth_state"":""Give Feedback"",""candidate_state"":""GiveFeedback"",""ground_truth_normalized"":""give feedback"",""candidate_normalized"":""give feedback"",""similarity"":1.0,""match_type"":""exact_normalized""},{""ground_truth_state"":""Login"",""candidate_state"":""LoggedIn"",""ground_truth_normalized"":""login"",""candidate_normalized"":""login"",""similarity"":1.0,""match_type"":""exact_normalized""},{""ground_truth_state"":""Log Out"",""candidate_state"":""Logout"",""ground_truth_normalized"":""logout"",""candidate_normalized"":""logout"",""similarity"":1.0,""match_type"":""exact_normalized""},{""ground_truth_state"":""Make Payment"",""candidate_state"":""PaymentConfirmation"",""ground_truth_normalized"":""make payment"",""candidate_normalized"":""payment confirmation"",""similarity"":0.737162,""match_type"":""relaxed""},{""ground_truth_state"":""Modify Details"",""candidate_state"":""ModifyDetails"",""ground_truth_normalized"":""modify details"",""candidate_normalized"":""modify details"",""similarity"":1.0,""match_type"":""exact_normalized""},{""ground_truth_state"":""View Details"",""candidate_state"":""ViewDetails"",""ground_truth_normalized"":""view details"",""candidate_normalized"":""view details"",""similarity"":1.0,""match_type"":""exact_normalized""},{""ground_truth_state"":""View Status"",""candidate_state"":""ViewStatus"",""ground_truth_normalized"":""view status"",""candidate_normalized"":""view status"",""similarity"":1.0,""match_type"":""exact_normalized""}]","[""Accept Visa"",""Register"",""Reject Visa"",""Update Status"",""Verify Document Proofs"",""View purpose of application""]","[""Dashboard"",""Settings""]",17,13,11,6,2,0.846154,0.647059,0.733333
Qwen_2.5_7B,baseline_repair,case_32_e_visa_processing_and_follow_up_system,final_results/runs/open_source__qwen25_7b_instruct__rag_validation_generator_critic_repair/case_32_e_visa_processing_and_follow_up_system/run_01.puml,dataset/case_32_e_visa_processing_and_follow_up_system/diagram.puml,sentence-transformers/all-MiniLM-L6-v2,0.800000,0.480000,"[""Apply for Visa"",""Accept Application"",""Accept Visa"",""Cancel Application"",""Check Status"",""Give Feedback"",""Login"",""Log Out"",""Make Payment"",""Modify Details"",""Register"",""Reject Visa"",""Update Status"",""Verify Document Proofs"",""View Details"",""View purpose of application"",""View Status""]","[""CancelApp"",""Dashboard"",""Feedback"",""LoggedIn"",""ModifyDetails"",""Settings"",""ViewDetails"",""ViewStatus""]","[{""ground_truth_state"":""Cancel Application"",""candidate_state"":""CancelApp"",""ground_truth_normalized"":""cancel application"",""candidate_normalized"":""cancel app"",""similarity"":0.909005,""match_type"":""strict""},{""ground_truth_state"":""Give Feedback"",""candidate_state"":""Feedback"",""ground_truth_normalized"":""give feedback"",""candidate_normalized"":""feedback"",""similarity"":0.899693,""match_type"":""strict""},{""ground_truth_state"":""Login"",""candidate_state"":""LoggedIn"",""ground_truth_normalized"":""login"",""candidate_normalized"":""login"",""similarity"":1.0,""match_type"":""exact_normalized""},{""ground_truth_state"":""Modify Details"",""candidate_state"":""ModifyDetails"",""ground_truth_normalized"":""modify details"",""candidate_normalized"":""modify details"",""similarity"":1.0,""match_type"":""exact_normalized""},{""ground_truth_state"":""View Details"",""candidate_state"":""ViewDetails"",""ground_truth_normalized"":""view details"",""candidate_normalized"":""view details"",""similarity"":1.0,""match_type"":""exact_normalized""},{""ground_truth_state"":""View Status"",""candidate_state"":""ViewStatus"",""ground_truth_normalized"":""view status"",""candidate_normalized"":""view status"",""similarity"":1.0,""match_type"":""exact_normalized""}]","[""Apply for Visa"",""Accept Application"",""Accept Visa"",""Check Status"",""Log Out"",""Make Payment"",""Register"",""Reject Visa"",""Update Status"",""Verify Document Proofs"",""View purpose of application""]","[""Dashboard"",""Settings""]",17,8,6,11,2,0.75,0.352941,0.48
Qwen_2.5_7B,rag,case_32_e_visa_processing_and_follow_up_system,final_results/runs/open_source__qwen25_7b_instruct__rag/case_32_e_visa_processing_and_follow_up_system/run_01.puml,dataset/case_32_e_visa_processing_and_follow_up_system/diagram.puml,sentence-transformers/all-MiniLM-L6-v2,0.800000,0.480000,"[""Apply for Visa"",""Accept Application"",""Accept Visa"",""Cancel Application"",""Check Status"",""Give Feedback"",""Login"",""Log Out"",""Make Payment"",""Modify Details"",""Register"",""Reject Visa"",""Update Status"",""Verify Document Proofs"",""View Details"",""View purpose of application"",""View Status""]","[""CancelApp"",""Dashboard"",""Feedback"",""LoggedIn"",""ModifyDetails"",""Settings"",""ViewDetails"",""ViewStatus""]","[{""ground_truth_state"":""Cancel Application"",""candidate_state"":""CancelApp"",""ground_truth_normalized"":""cancel application"",""candidate_normalized"":""cancel app"",""similarity"":0.909005,""match_type"":""strict""},{""ground_truth_state"":""Give Feedback"",""candidate_state"":""Feedback"",""ground_truth_normalized"":""give feedback"",""candidate_normalized"":""feedback"",""similarity"":0.899693,""match_type"":""strict""},{""ground_truth_state"":""Login"",""candidate_state"":""LoggedIn"",""ground_truth_normalized"":""login"",""candidate_normalized"":""login"",""similarity"":1.0,""match_type"":""exact_normalized""},{""ground_truth_state"":""Modify Details"",""candidate_state"":""ModifyDetails"",""ground_truth_normalized"":""modify details"",""candidate_normalized"":""modify details"",""similarity"":1.0,""match_type"":""exact_normalized""},{""ground_truth_state"":""View Details"",""candidate_state"":""ViewDetails"",""ground_truth_normalized"":""view details"",""candidate_normalized"":""view details"",""similarity"":1.0,""match_type"":""exact_normalized""},{""ground_truth_state"":""View Status"",""candidate_state"":""ViewStatus"",""ground_truth_normalized"":""view status"",""candidate_normalized"":""view status"",""similarity"":1.0,""match_type"":""exact_normalized""}]","[""Apply for Visa"",""Accept Application"",""Accept Visa"",""Check Status"",""Log Out"",""Make Payment"",""Register"",""Reject Visa"",""Update Status"",""Verify Document Proofs"",""View purpose of application""]","[""Dashboard"",""Settings""]",17,8,6,11,2,0.75,0.352941,0.48
Qwen_2.5_7B,syntax_grounded_repair,case_32_e_visa_processing_and_follow_up_system,final_results/runs/open_source__qwen25_7b_instruct__rag_validation_generator_critic_repair__syntax_grounded_no_rules_original_rag/case_32_e_visa_processing_and_follow_up_system/run_01.puml,dataset/case_32_e_visa_processing_and_follow_up_system/diagram.puml,sentence-transformers/all-MiniLM-L6-v2,0.800000,0.480000,"[""Apply for Visa"",""Accept Application"",""Accept Visa"",""Cancel Application"",""Check Status"",""Give Feedback"",""Login"",""Log Out"",""Make Payment"",""Modify Details"",""Register"",""Reject Visa"",""Update Status"",""Verify Document Proofs"",""View Details"",""View purpose of application"",""View Status""]","[""CancelApp"",""Dashboard"",""Feedback"",""LoggedIn"",""ModifyDetails"",""Settings"",""ViewDetails"",""ViewStatus""]","[{""ground_truth_state"":""Cancel Application"",""candidate_state"":""CancelApp"",""ground_truth_normalized"":""cancel application"",""candidate_normalized"":""cancel app"",""similarity"":0.909005,""match_type"":""strict""},{""ground_truth_state"":""Give Feedback"",""candidate_state"":""Feedback"",""ground_truth_normalized"":""give feedback"",""candidate_normalized"":""feedback"",""similarity"":0.899693,""match_type"":""strict""},{""ground_truth_state"":""Login"",""candidate_state"":""LoggedIn"",""ground_truth_normalized"":""login"",""candidate_normalized"":""login"",""similarity"":1.0,""match_type"":""exact_normalized""},{""ground_truth_state"":""Modify Details"",""candidate_state"":""ModifyDetails"",""ground_truth_normalized"":""modify details"",""candidate_normalized"":""modify details"",""similarity"":1.0,""match_type"":""exact_normalized""},{""ground_truth_state"":""View Details"",""candidate_state"":""ViewDetails"",""ground_truth_normalized"":""view details"",""candidate_normalized"":""view details"",""similarity"":1.0,""match_type"":""exact_normalized""},{""ground_truth_state"":""View Status"",""candidate_state"":""ViewStatus"",""ground_truth_normalized"":""view status"",""candidate_normalized"":""view status"",""similarity"":1.0,""match_type"":""exact_normalized""}]","[""Apply for Visa"",""Accept Application"",""Accept Visa"",""Check Status"",""Log Out"",""Make Payment"",""Register"",""Reject Visa"",""Update Status"",""Verify Document Proofs"",""View purpose of application""]","[""Dashboard"",""Settings""]",17,8,6,11,2,0.75,0.352941,0.48
DeepSeek_R1_14B,baseline_repair,case_33_farm_management_system,final_results/runs/open_source__deepseek_r1_14b__few_shot_validation_generator_critic_repair/case_33_farm_management_system/run_01.puml,dataset/case_33_farm_management_system/diagram.puml,sentence-transformers/all-MiniLM-L6-v2,0.800000,0.480000,"[""labour availability"",""labour availability view"",""logout"",""market conditions"",""market conditions report"",""pest control techniques"",""pestcontrol"",""soil condition"",""soil condition view"",""user home"",""user login"",""weather insights"",""weather insights view""]","[""Idle"",""LabourAvailability"",""LoggedIn MainMenu"",""Logout"",""MarketConditions"",""PestControl"",""SoilSuggestions"",""WeatherInsights""]","[{""ground_truth_state"":""labour availability"",""candidate_state"":""LabourAvailability"",""ground_truth_normalized"":""labour availability"",""candidate_normalized"":""labour availability"",""similarity"":1.0,""match_type"":""exact_normalized""},{""ground_truth_state"":""logout"",""candidate_state"":""Logout"",""ground_truth_normalized"":""logout"",""candidate_normalized"":""logout"",""similarity"":1.0,""match_type"":""exact_normalized""},{""ground_truth_state"":""market conditions"",""candidate_state"":""MarketConditions"",""ground_truth_normalized"":""market conditions"",""candidate_normalized"":""market conditions"",""similarity"":1.0,""match_type"":""exact_normalized""},{""ground_truth_state"":""pest control techniques"",""candidate_state"":""PestControl"",""ground_truth_normalized"":""pest control techniques"",""candidate_normalized"":""pest control"",""similarity"":0.892545,""match_type"":""strict""},{""ground_truth_state"":""soil condition"",""candidate_state"":""SoilSuggestions"",""ground_truth_normalized"":""soil condition"",""candidate_normalized"":""soil suggestions"",""similarity"":0.697498,""match_type"":""relaxed""},{""ground_truth_state"":""user login"",""candidate_state"":""LoggedIn MainMenu"",""ground_truth_normalized"":""user login"",""candidate_normalized"":""logged in main menu"",""similarity"":0.532748,""match_type"":""relaxed""},{""ground_truth_state"":""weather insights"",""candidate_state"":""WeatherInsights"",""ground_truth_normalized"":""weather insights"",""candidate_normalized"":""weather insights"",""similarity"":1.0,""match_type"":""exact_normalized""}]","[""labour availability view"",""market conditions report"",""pestcontrol"",""soil condition view"",""user home"",""weather insights view""]","[""Idle""]",13,8,7,6,1,0.875,0.538462,0.666667
DeepSeek_R1_14B,few_shot,case_33_farm_management_system,final_results/runs/open_source__deepseek_r1_14b__few_shot/case_33_farm_management_system/run_01.puml,dataset/case_33_farm_management_system/diagram.puml,sentence-transformers/all-MiniLM-L6-v2,0.800000,0.480000,"[""labour availability"",""labour availability view"",""logout"",""market conditions"",""market conditions report"",""pest control techniques"",""pestcontrol"",""soil condition"",""soil condition view"",""user home"",""user login"",""weather insights"",""weather insights view""]","[""Idle"",""LabourAvailability"",""LoggedIn MainMenu"",""Logout"",""MarketConditions"",""PestControl"",""SoilSuggestions"",""WeatherInsights""]","[{""ground_truth_state"":""labour availability"",""candidate_state"":""LabourAvailability"",""ground_truth_normalized"":""labour availability"",""candidate_normalized"":""labour availability"",""similarity"":1.0,""match_type"":""exact_normalized""},{""ground_truth_state"":""logout"",""candidate_state"":""Logout"",""ground_truth_normalized"":""logout"",""candidate_normalized"":""logout"",""similarity"":1.0,""match_type"":""exact_normalized""},{""ground_truth_state"":""market conditions"",""candidate_state"":""MarketConditions"",""ground_truth_normalized"":""market conditions"",""candidate_normalized"":""market conditions"",""similarity"":1.0,""match_type"":""exact_normalized""},{""ground_truth_state"":""pest control techniques"",""candidate_state"":""PestControl"",""ground_truth_normalized"":""pest control techniques"",""candidate_normalized"":""pest control"",""similarity"":0.892545,""match_type"":""strict""},{""ground_truth_state"":""soil condition"",""candidate_state"":""SoilSuggestions"",""ground_truth_normalized"":""soil condition"",""candidate_normalized"":""soil suggestions"",""similarity"":0.697498,""match_type"":""relaxed""},{""ground_truth_state"":""user login"",""candidate_state"":""LoggedIn MainMenu"",""ground_truth_normalized"":""user login"",""candidate_normalized"":""logged in main menu"",""similarity"":0.532748,""match_type"":""relaxed""},{""ground_truth_state"":""weather insights"",""candidate_state"":""WeatherInsights"",""ground_truth_normalized"":""weather insights"",""candidate_normalized"":""weather insights"",""similarity"":1.0,""match_type"":""exact_normalized""}]","[""labour availability view"",""market conditions report"",""pestcontrol"",""soil condition view"",""user home"",""weather insights view""]","[""Idle""]",13,8,7,6,1,0.875,0.538462,0.666667
DeepSeek_R1_14B,syntax_grounded_repair,case_33_farm_management_system,final_results/runs/open_source__deepseek_r1_14b__few_shot_validation_generator_critic_repair__syntax_grounded_no_rules/case_33_farm_management_system/run_01.puml,dataset/case_33_farm_management_system/diagram.puml,sentence-transformers/all-MiniLM-L6-v2,0.800000,0.480000,"[""labour availability"",""labour availability view"",""logout"",""market conditions"",""market conditions report"",""pest control techniques"",""pestcontrol"",""soil condition"",""soil condition view"",""user home"",""user login"",""weather insights"",""weather insights view""]","[""Idle"",""LabourAvailability"",""LoggedIn MainMenu"",""Logout"",""MarketConditions"",""PestControl"",""SoilSuggestions"",""WeatherInsights""]","[{""ground_truth_state"":""labour availability"",""candidate_state"":""LabourAvailability"",""ground_truth_normalized"":""labour availability"",""candidate_normalized"":""labour availability"",""similarity"":1.0,""match_type"":""exact_normalized""},{""ground_truth_state"":""logout"",""candidate_state"":""Logout"",""ground_truth_normalized"":""logout"",""candidate_normalized"":""logout"",""similarity"":1.0,""match_type"":""exact_normalized""},{""ground_truth_state"":""market conditions"",""candidate_state"":""MarketConditions"",""ground_truth_normalized"":""market conditions"",""candidate_normalized"":""market conditions"",""similarity"":1.0,""match_type"":""exact_normalized""},{""ground_truth_state"":""pest control techniques"",""candidate_state"":""PestControl"",""ground_truth_normalized"":""pest control techniques"",""candidate_normalized"":""pest control"",""similarity"":0.892545,""match_type"":""strict""},{""ground_truth_state"":""soil condition"",""candidate_state"":""SoilSuggestions"",""ground_truth_normalized"":""soil condition"",""candidate_normalized"":""soil suggestions"",""similarity"":0.697498,""match_type"":""relaxed""},{""ground_truth_state"":""user login"",""candidate_state"":""LoggedIn MainMenu"",""ground_truth_normalized"":""user login"",""candidate_normalized"":""logged in main menu"",""similarity"":0.532748,""match_type"":""relaxed""},{""ground_truth_state"":""weather insights"",""candidate_state"":""WeatherInsights"",""ground_truth_normalized"":""weather insights"",""candidate_normalized"":""weather insights"",""similarity"":1.0,""match_type"":""exact_normalized""}]","[""labour availability view"",""market conditions report"",""pestcontrol"",""soil condition view"",""user home"",""weather insights view""]","[""Idle""]",13,8,7,6,1,0.875,0.538462,0.666667
Llama_3.1_8B,baseline_repair,case_33_farm_management_system,final_results/runs/open_source__llama31_8b_instruct__few_shot_validation_generator_critic_repair/case_33_farm_management_system/run_01.puml,dataset/case_33_farm_management_system/diagram.puml,sentence-transformers/all-MiniLM-L6-v2,0.800000,0.480000,"[""labour availability"",""labour availability view"",""logout"",""market conditions"",""market conditions report"",""pest control techniques"",""pestcontrol"",""soil condition"",""soil condition view"",""user home"",""user login"",""weather insights"",""weather insights view""]","[""Labour Availability"",""Logged In"",""Logged Out"",""Main Area"",""Market Conditions"",""Market Report"",""Pest Control Help"",""Pest Control Techniques"",""Session Ended"",""Soil Suggestions"",""Weather Insights""]","[{""ground_truth_state"":""labour availability"",""candidate_state"":""Labour Availability"",""ground_truth_normalized"":""labour availability"",""candidate_normalized"":""labour availability"",""similarity"":1.0,""match_type"":""exact_normalized""},{""ground_truth_state"":""logout"",""candidate_state"":""Logged Out"",""ground_truth_normalized"":""logout"",""candidate_normalized"":""logout"",""similarity"":1.0,""match_type"":""exact_normalized""},{""ground_truth_state"":""market conditions"",""candidate_state"":""Market Conditions"",""ground_truth_normalized"":""market conditions"",""candidate_normalized"":""market conditions"",""similarity"":1.0,""match_type"":""exact_normalized""},{""ground_truth_state"":""market conditions report"",""candidate_state"":""Market Report"",""ground_truth_normalized"":""market conditions report"",""candidate_normalized"":""market report"",""similarity"":0.808552,""match_type"":""strict""},{""ground_truth_state"":""pest control techniques"",""candidate_state"":""Pest Control Techniques"",""ground_truth_normalized"":""pest control techniques"",""candidate_normalized"":""pest control techniques"",""similarity"":1.0,""match_type"":""exact_normalized""},{""ground_truth_state"":""pestcontrol"",""candidate_state"":""Pest Control Help"",""ground_truth_normalized"":""pestcontrol"",""candidate_normalized"":""pest control help"",""similarity"":0.718159,""match_type"":""relaxed""},{""ground_truth_state"":""soil condition"",""candidate_state"":""Soil Suggestions"",""ground_truth_normalized"":""soil condition"",""candidate_normalized"":""soil suggestions"",""similarity"":0.697498,""match_type"":""relaxed""},{""ground_truth_state"":""user login"",""candidate_state"":""Logged In"",""ground_truth_normalized"":""user login"",""candidate_normalized"":""login"",""similarity"":0.843187,""match_type"":""strict""},{""ground_truth_state"":""weather insights"",""candidate_state"":""Weather Insights"",""ground_truth_normalized"":""weather insights"",""candidate_normalized"":""weather insights"",""similarity"":1.0,""match_type"":""exact_normalized""}]","[""labour availability view"",""soil condition view"",""user home"",""weather insights view""]","[""Main Area"",""Session Ended""]",13,11,9,4,2,0.818182,0.692308,0.75
Llama_3.1_8B,few_shot,case_33_farm_management_system,final_results/runs/open_source__llama31_8b_instruct__few_shot/case_33_farm_management_system/run_01.puml,dataset/case_33_farm_management_system/diagram.puml,sentence-transformers/all-MiniLM-L6-v2,0.800000,0.480000,"[""labour availability"",""labour availability view"",""logout"",""market conditions"",""market conditions report"",""pest control techniques"",""pestcontrol"",""soil condition"",""soil condition view"",""user home"",""user login"",""weather insights"",""weather insights view""]","[""Labour Availability"",""Logged In"",""Logged Out"",""Main Area"",""Market Conditions"",""Market Report"",""Pest Control Help"",""Pest Control Techniques"",""Session Ended"",""Soil Suggestions"",""Weather Insights""]","[{""ground_truth_state"":""labour availability"",""candidate_state"":""Labour Availability"",""ground_truth_normalized"":""labour availability"",""candidate_normalized"":""labour availability"",""similarity"":1.0,""match_type"":""exact_normalized""},{""ground_truth_state"":""logout"",""candidate_state"":""Logged Out"",""ground_truth_normalized"":""logout"",""candidate_normalized"":""logout"",""similarity"":1.0,""match_type"":""exact_normalized""},{""ground_truth_state"":""market conditions"",""candidate_state"":""Market Conditions"",""ground_truth_normalized"":""market conditions"",""candidate_normalized"":""market conditions"",""similarity"":1.0,""match_type"":""exact_normalized""},{""ground_truth_state"":""market conditions report"",""candidate_state"":""Market Report"",""ground_truth_normalized"":""market conditions report"",""candidate_normalized"":""market report"",""similarity"":0.808552,""match_type"":""strict""},{""ground_truth_state"":""pest control techniques"",""candidate_state"":""Pest Control Techniques"",""ground_truth_normalized"":""pest control techniques"",""candidate_normalized"":""pest control techniques"",""similarity"":1.0,""match_type"":""exact_normalized""},{""ground_truth_state"":""pestcontrol"",""candidate_state"":""Pest Control Help"",""ground_truth_normalized"":""pestcontrol"",""candidate_normalized"":""pest control help"",""similarity"":0.718159,""match_type"":""relaxed""},{""ground_truth_state"":""soil condition"",""candidate_state"":""Soil Suggestions"",""ground_truth_normalized"":""soil condition"",""candidate_normalized"":""soil suggestions"",""similarity"":0.697498,""match_type"":""relaxed""},{""ground_truth_state"":""user login"",""candidate_state"":""Logged In"",""ground_truth_normalized"":""user login"",""candidate_normalized"":""login"",""similarity"":0.843187,""match_type"":""strict""},{""ground_truth_state"":""weather insights"",""candidate_state"":""Weather Insights"",""ground_truth_normalized"":""weather insights"",""candidate_normalized"":""weather insights"",""similarity"":1.0,""match_type"":""exact_normalized""}]","[""labour availability view"",""soil condition view"",""user home"",""weather insights view""]","[""Main Area"",""Session Ended""]",13,11,9,4,2,0.818182,0.692308,0.75
Llama_3.1_8B,syntax_grounded_repair,case_33_farm_management_system,final_results/runs/open_source__llama31_8b_instruct__few_shot_validation_generator_critic_repair__syntax_grounded/case_33_farm_management_system/run_01.puml,dataset/case_33_farm_management_system/diagram.puml,sentence-transformers/all-MiniLM-L6-v2,0.800000,0.480000,"[""labour availability"",""labour availability view"",""logout"",""market conditions"",""market conditions report"",""pest control techniques"",""pestcontrol"",""soil condition"",""soil condition view"",""user home"",""user login"",""weather insights"",""weather insights view""]","[""Labour Availability"",""Logged In"",""Logged Out"",""Main Area"",""Market Conditions"",""Market Report"",""Pest Control Help"",""Pest Control Techniques"",""Session Ended"",""Soil Suggestions"",""Weather Insights""]","[{""ground_truth_state"":""labour availability"",""candidate_state"":""Labour Availability"",""ground_truth_normalized"":""labour availability"",""candidate_normalized"":""labour availability"",""similarity"":1.0,""match_type"":""exact_normalized""},{""ground_truth_state"":""logout"",""candidate_state"":""Logged Out"",""ground_truth_normalized"":""logout"",""candidate_normalized"":""logout"",""similarity"":1.0,""match_type"":""exact_normalized""},{""ground_truth_state"":""market conditions"",""candidate_state"":""Market Conditions"",""ground_truth_normalized"":""market conditions"",""candidate_normalized"":""market conditions"",""similarity"":1.0,""match_type"":""exact_normalized""},{""ground_truth_state"":""market conditions report"",""candidate_state"":""Market Report"",""ground_truth_normalized"":""market conditions report"",""candidate_normalized"":""market report"",""similarity"":0.808552,""match_type"":""strict""},{""ground_truth_state"":""pest control techniques"",""candidate_state"":""Pest Control Techniques"",""ground_truth_normalized"":""pest control techniques"",""candidate_normalized"":""pest control techniques"",""similarity"":1.0,""match_type"":""exact_normalized""},{""ground_truth_state"":""pestcontrol"",""candidate_state"":""Pest Control Help"",""ground_truth_normalized"":""pestcontrol"",""candidate_normalized"":""pest control help"",""similarity"":0.718159,""match_type"":""relaxed""},{""ground_truth_state"":""soil condition"",""candidate_state"":""Soil Suggestions"",""ground_truth_normalized"":""soil condition"",""candidate_normalized"":""soil suggestions"",""similarity"":0.697498,""match_type"":""relaxed""},{""ground_truth_state"":""user login"",""candidate_state"":""Logged In"",""ground_truth_normalized"":""user login"",""candidate_normalized"":""login"",""similarity"":0.843187,""match_type"":""strict""},{""ground_truth_state"":""weather insights"",""candidate_state"":""Weather Insights"",""ground_truth_normalized"":""weather insights"",""candidate_normalized"":""weather insights"",""similarity"":1.0,""match_type"":""exact_normalized""}]","[""labour availability view"",""soil condition view"",""user home"",""weather insights view""]","[""Main Area"",""Session Ended""]",13,11,9,4,2,0.818182,0.692308,0.75
Mistral,baseline_repair,case_33_farm_management_system,final_results/runs/open_source__mistral__rag_validation_generator_critic_repair/case_33_farm_management_system/run_01.puml,dataset/case_33_farm_management_system/diagram.puml,sentence-transformers/all-MiniLM-L6-v2,0.800000,0.480000,"[""labour availability"",""labour availability view"",""logout"",""market conditions"",""market conditions report"",""pest control techniques"",""pestcontrol"",""soil condition"",""soil condition view"",""user home"",""user login"",""weather insights"",""weather insights view""]","[""Continue"",""Dashboard"",""LabourAvailability"",""LoggedIn"",""MarketConditions"",""MarketReport"",""PestControlHelp"",""PestControlTechniques"",""PhotoRequired"",""Results"",""SoilInfo"",""Suggestions"",""WeatherInsights""]","[{""ground_truth_state"":""labour availability"",""candidate_state"":""LabourAvailability"",""ground_truth_normalized"":""labour availability"",""candidate_normalized"":""labour availability"",""similarity"":1.0,""match_type"":""exact_normalized""},{""ground_truth_state"":""market conditions"",""candidate_state"":""MarketConditions"",""ground_truth_normalized"":""market conditions"",""candidate_normalized"":""market conditions"",""similarity"":1.0,""match_type"":""exact_normalized""},{""ground_truth_state"":""market conditions report"",""candidate_state"":""MarketReport"",""ground_truth_normalized"":""market conditions report"",""candidate_normalized"":""market report"",""similarity"":0.808552,""match_type"":""strict""},{""ground_truth_state"":""pest control techniques"",""candidate_state"":""PestControlTechniques"",""ground_truth_normalized"":""pest control techniques"",""candidate_normalized"":""pest control techniques"",""similarity"":1.0,""match_type"":""exact_normalized""},{""ground_truth_state"":""pestcontrol"",""candidate_state"":""PestControlHelp"",""ground_truth_normalized"":""pestcontrol"",""candidate_normalized"":""pest control help"",""similarity"":0.718159,""match_type"":""relaxed""},{""ground_truth_state"":""soil condition"",""candidate_state"":""SoilInfo"",""ground_truth_normalized"":""soil condition"",""candidate_normalized"":""soil info"",""similarity"":0.720561,""match_type"":""relaxed""},{""ground_truth_state"":""user login"",""candidate_state"":""LoggedIn"",""ground_truth_normalized"":""user login"",""candidate_normalized"":""login"",""similarity"":0.843187,""match_type"":""strict""},{""ground_truth_state"":""weather insights"",""candidate_state"":""WeatherInsights"",""ground_truth_normalized"":""weather insights"",""candidate_normalized"":""weather insights"",""similarity"":1.0,""match_type"":""exact_normalized""}]","[""labour availability view"",""logout"",""soil condition view"",""user home"",""weather insights view""]","[""Continue"",""Dashboard"",""PhotoRequired"",""Results"",""Suggestions""]",13,13,8,5,5,0.615385,0.615385,0.615385
Mistral,rag,case_33_farm_management_system,final_results/runs/open_source__mistral__rag/case_33_farm_management_system/run_01.puml,dataset/case_33_farm_management_system/diagram.puml,sentence-transformers/all-MiniLM-L6-v2,0.800000,0.480000,"[""labour availability"",""labour availability view"",""logout"",""market conditions"",""market conditions report"",""pest control techniques"",""pestcontrol"",""soil condition"",""soil condition view"",""user home"",""user login"",""weather insights"",""weather insights view""]","[""Continue"",""Dashboard"",""LabourAvailability"",""LoggedIn"",""MarketConditions"",""MarketReport"",""PestControlHelp"",""PestControlTechniques"",""PhotoRequired"",""Results"",""SoilInfo"",""Suggestions"",""WeatherInsights""]","[{""ground_truth_state"":""labour availability"",""candidate_state"":""LabourAvailability"",""ground_truth_normalized"":""labour availability"",""candidate_normalized"":""labour availability"",""similarity"":1.0,""match_type"":""exact_normalized""},{""ground_truth_state"":""market conditions"",""candidate_state"":""MarketConditions"",""ground_truth_normalized"":""market conditions"",""candidate_normalized"":""market conditions"",""similarity"":1.0,""match_type"":""exact_normalized""},{""ground_truth_state"":""market conditions report"",""candidate_state"":""MarketReport"",""ground_truth_normalized"":""market conditions report"",""candidate_normalized"":""market report"",""similarity"":0.808552,""match_type"":""strict""},{""ground_truth_state"":""pest control techniques"",""candidate_state"":""PestControlTechniques"",""ground_truth_normalized"":""pest control techniques"",""candidate_normalized"":""pest control techniques"",""similarity"":1.0,""match_type"":""exact_normalized""},{""ground_truth_state"":""pestcontrol"",""candidate_state"":""PestControlHelp"",""ground_truth_normalized"":""pestcontrol"",""candidate_normalized"":""pest control help"",""similarity"":0.718159,""match_type"":""relaxed""},{""ground_truth_state"":""soil condition"",""candidate_state"":""SoilInfo"",""ground_truth_normalized"":""soil condition"",""candidate_normalized"":""soil info"",""similarity"":0.720561,""match_type"":""relaxed""},{""ground_truth_state"":""user login"",""candidate_state"":""LoggedIn"",""ground_truth_normalized"":""user login"",""candidate_normalized"":""login"",""similarity"":0.843187,""match_type"":""strict""},{""ground_truth_state"":""weather insights"",""candidate_state"":""WeatherInsights"",""ground_truth_normalized"":""weather insights"",""candidate_normalized"":""weather insights"",""similarity"":1.0,""match_type"":""exact_normalized""}]","[""labour availability view"",""logout"",""soil condition view"",""user home"",""weather insights view""]","[""Continue"",""Dashboard"",""PhotoRequired"",""Results"",""Suggestions""]",13,13,8,5,5,0.615385,0.615385,0.615385
Mistral,syntax_grounded_repair,case_33_farm_management_system,final_results/runs/open_source__mistral__rag_validation_generator_critic_repair__syntax_grounded/case_33_farm_management_system/run_01.puml,dataset/case_33_farm_management_system/diagram.puml,sentence-transformers/all-MiniLM-L6-v2,0.800000,0.480000,"[""labour availability"",""labour availability view"",""logout"",""market conditions"",""market conditions report"",""pest control techniques"",""pestcontrol"",""soil condition"",""soil condition view"",""user home"",""user login"",""weather insights"",""weather insights view""]","[""Continue"",""Dashboard"",""LabourAvailability"",""LoggedIn"",""MarketConditions"",""MarketReport"",""PestControlHelp"",""PestControlTechniques"",""PhotoRequired"",""Results"",""SoilInfo"",""Suggestions"",""WeatherInsights""]","[{""ground_truth_state"":""labour availability"",""candidate_state"":""LabourAvailability"",""ground_truth_normalized"":""labour availability"",""candidate_normalized"":""labour availability"",""similarity"":1.0,""match_type"":""exact_normalized""},{""ground_truth_state"":""market conditions"",""candidate_state"":""MarketConditions"",""ground_truth_normalized"":""market conditions"",""candidate_normalized"":""market conditions"",""similarity"":1.0,""match_type"":""exact_normalized""},{""ground_truth_state"":""market conditions report"",""candidate_state"":""MarketReport"",""ground_truth_normalized"":""market conditions report"",""candidate_normalized"":""market report"",""similarity"":0.808552,""match_type"":""strict""},{""ground_truth_state"":""pest control techniques"",""candidate_state"":""PestControlTechniques"",""ground_truth_normalized"":""pest control techniques"",""candidate_normalized"":""pest control techniques"",""similarity"":1.0,""match_type"":""exact_normalized""},{""ground_truth_state"":""pestcontrol"",""candidate_state"":""PestControlHelp"",""ground_truth_normalized"":""pestcontrol"",""candidate_normalized"":""pest control help"",""similarity"":0.718159,""match_type"":""relaxed""},{""ground_truth_state"":""soil condition"",""candidate_state"":""SoilInfo"",""ground_truth_normalized"":""soil condition"",""candidate_normalized"":""soil info"",""similarity"":0.720561,""match_type"":""relaxed""},{""ground_truth_state"":""user login"",""candidate_state"":""LoggedIn"",""ground_truth_normalized"":""user login"",""candidate_normalized"":""login"",""similarity"":0.843187,""match_type"":""strict""},{""ground_truth_state"":""weather insights"",""candidate_state"":""WeatherInsights"",""ground_truth_normalized"":""weather insights"",""candidate_normalized"":""weather insights"",""similarity"":1.0,""match_type"":""exact_normalized""}]","[""labour availability view"",""logout"",""soil condition view"",""user home"",""weather insights view""]","[""Continue"",""Dashboard"",""PhotoRequired"",""Results"",""Suggestions""]",13,13,8,5,5,0.615385,0.615385,0.615385
Qwen_2.5_7B,baseline_repair,case_33_farm_management_system,final_results/runs/open_source__qwen25_7b_instruct__rag_validation_generator_critic_repair/case_33_farm_management_system/run_01.puml,dataset/case_33_farm_management_system/diagram.puml,sentence-transformers/all-MiniLM-L6-v2,0.800000,0.480000,"[""labour availability"",""labour availability view"",""logout"",""market conditions"",""market conditions report"",""pest control techniques"",""pestcontrol"",""soil condition"",""soil condition view"",""user home"",""user login"",""weather insights"",""weather insights view""]","[""Dashboard"",""LabourAvailability"",""LabourDetails"",""LoggedIn"",""MarketConditions"",""MarketReport"",""PestControlHelp"",""PestControlTechniques"",""SoilSuggestions"",""SoilSuggestionsResult"",""WeatherDetails"",""WeatherInsights""]","[{""ground_truth_state"":""labour availability"",""candidate_state"":""LabourAvailability"",""ground_truth_normalized"":""labour availability"",""candidate_normalized"":""labour availability"",""similarity"":1.0,""match_type"":""exact_normalized""},{""ground_truth_state"":""labour availability view"",""candidate_state"":""LabourDetails"",""ground_truth_normalized"":""labour availability view"",""candidate_normalized"":""labour details"",""similarity"":0.662129,""match_type"":""relaxed""},{""ground_truth_state"":""market conditions"",""candidate_state"":""MarketConditions"",""ground_truth_normalized"":""market conditions"",""candidate_normalized"":""market conditions"",""similarity"":1.0,""match_type"":""exact_normalized""},{""ground_truth_state"":""market conditions report"",""candidate_state"":""MarketReport"",""ground_truth_normalized"":""market conditions report"",""candidate_normalized"":""market report"",""similarity"":0.808552,""match_type"":""strict""},{""ground_truth_state"":""pest control techniques"",""candidate_state"":""PestControlTechniques"",""ground_truth_normalized"":""pest control techniques"",""candidate_normalized"":""pest control techniques"",""similarity"":1.0,""match_type"":""exact_normalized""},{""ground_truth_state"":""pestcontrol"",""candidate_state"":""PestControlHelp"",""ground_truth_normalized"":""pestcontrol"",""candidate_normalized"":""pest control help"",""similarity"":0.718159,""match_type"":""relaxed""},{""ground_truth_state"":""soil condition"",""candidate_state"":""SoilSuggestions"",""ground_truth_normalized"":""soil condition"",""candidate_normalized"":""soil suggestions"",""similarity"":0.697498,""match_type"":""relaxed""},{""ground_truth_state"":""soil condition view"",""candidate_state"":""SoilSuggestionsResult"",""ground_truth_normalized"":""soil condition view"",""candidate_normalized"":""soil suggestions result"",""similarity"":0.637637,""match_type"":""relaxed""},{""ground_truth_state"":""user login"",""candidate_state"":""LoggedIn"",""ground_truth_normalized"":""user login"",""candidate_normalized"":""login"",""similarity"":0.843187,""match_type"":""strict""},{""ground_truth_state"":""weather insights"",""candidate_state"":""WeatherInsights"",""ground_truth_normalized"":""weather insights"",""candidate_normalized"":""weather insights"",""similarity"":1.0,""match_type"":""exact_normalized""},{""ground_truth_state"":""weather insights view"",""candidate_state"":""WeatherDetails"",""ground_truth_normalized"":""weather insights view"",""candidate_normalized"":""weather details"",""similarity"":0.694834,""match_type"":""relaxed""}]","[""logout"",""user home""]","[""Dashboard""]",13,12,11,2,1,0.916667,0.846154,0.88
Qwen_2.5_7B,rag,case_33_farm_management_system,final_results/runs/open_source__qwen25_7b_instruct__rag/case_33_farm_management_system/run_01.puml,dataset/case_33_farm_management_system/diagram.puml,sentence-transformers/all-MiniLM-L6-v2,0.800000,0.480000,"[""labour availability"",""labour availability view"",""logout"",""market conditions"",""market conditions report"",""pest control techniques"",""pestcontrol"",""soil condition"",""soil condition view"",""user home"",""user login"",""weather insights"",""weather insights view""]","[""Dashboard"",""LabourAvailability"",""LabourDetails"",""LoggedIn"",""MarketConditions"",""MarketReport"",""PestControlHelp"",""PestControlTechniques"",""SoilSuggestions"",""SoilSuggestionsResult"",""WeatherDetails"",""WeatherInsights""]","[{""ground_truth_state"":""labour availability"",""candidate_state"":""LabourAvailability"",""ground_truth_normalized"":""labour availability"",""candidate_normalized"":""labour availability"",""similarity"":1.0,""match_type"":""exact_normalized""},{""ground_truth_state"":""labour availability view"",""candidate_state"":""LabourDetails"",""ground_truth_normalized"":""labour availability view"",""candidate_normalized"":""labour details"",""similarity"":0.662129,""match_type"":""relaxed""},{""ground_truth_state"":""market conditions"",""candidate_state"":""MarketConditions"",""ground_truth_normalized"":""market conditions"",""candidate_normalized"":""market conditions"",""similarity"":1.0,""match_type"":""exact_normalized""},{""ground_truth_state"":""market conditions report"",""candidate_state"":""MarketReport"",""ground_truth_normalized"":""market conditions report"",""candidate_normalized"":""market report"",""similarity"":0.808552,""match_type"":""strict""},{""ground_truth_state"":""pest control techniques"",""candidate_state"":""PestControlTechniques"",""ground_truth_normalized"":""pest control techniques"",""candidate_normalized"":""pest control techniques"",""similarity"":1.0,""match_type"":""exact_normalized""},{""ground_truth_state"":""pestcontrol"",""candidate_state"":""PestControlHelp"",""ground_truth_normalized"":""pestcontrol"",""candidate_normalized"":""pest control help"",""similarity"":0.718159,""match_type"":""relaxed""},{""ground_truth_state"":""soil condition"",""candidate_state"":""SoilSuggestions"",""ground_truth_normalized"":""soil condition"",""candidate_normalized"":""soil suggestions"",""similarity"":0.697498,""match_type"":""relaxed""},{""ground_truth_state"":""soil condition view"",""candidate_state"":""SoilSuggestionsResult"",""ground_truth_normalized"":""soil condition view"",""candidate_normalized"":""soil suggestions result"",""similarity"":0.637637,""match_type"":""relaxed""},{""ground_truth_state"":""user login"",""candidate_state"":""LoggedIn"",""ground_truth_normalized"":""user login"",""candidate_normalized"":""login"",""similarity"":0.843187,""match_type"":""strict""},{""ground_truth_state"":""weather insights"",""candidate_state"":""WeatherInsights"",""ground_truth_normalized"":""weather insights"",""candidate_normalized"":""weather insights"",""similarity"":1.0,""match_type"":""exact_normalized""},{""ground_truth_state"":""weather insights view"",""candidate_state"":""WeatherDetails"",""ground_truth_normalized"":""weather insights view"",""candidate_normalized"":""weather details"",""similarity"":0.694834,""match_type"":""relaxed""}]","[""logout"",""user home""]","[""Dashboard""]",13,12,11,2,1,0.916667,0.846154,0.88
Qwen_2.5_7B,syntax_grounded_repair,case_33_farm_management_system,final_results/runs/open_source__qwen25_7b_instruct__rag_validation_generator_critic_repair__syntax_grounded_no_rules_original_rag/case_33_farm_management_system/run_01.puml,dataset/case_33_farm_management_system/diagram.puml,sentence-transformers/all-MiniLM-L6-v2,0.800000,0.480000,"[""labour availability"",""labour availability view"",""logout"",""market conditions"",""market conditions report"",""pest control techniques"",""pestcontrol"",""soil condition"",""soil condition view"",""user home"",""user login"",""weather insights"",""weather insights view""]","[""Dashboard"",""LabourAvailability"",""LabourDetails"",""LoggedIn"",""MarketConditions"",""MarketReport"",""PestControlHelp"",""PestControlTechniques"",""SoilSuggestions"",""SoilSuggestionsResult"",""WeatherDetails"",""WeatherInsights""]","[{""ground_truth_state"":""labour availability"",""candidate_state"":""LabourAvailability"",""ground_truth_normalized"":""labour availability"",""candidate_normalized"":""labour availability"",""similarity"":1.0,""match_type"":""exact_normalized""},{""ground_truth_state"":""labour availability view"",""candidate_state"":""LabourDetails"",""ground_truth_normalized"":""labour availability view"",""candidate_normalized"":""labour details"",""similarity"":0.662129,""match_type"":""relaxed""},{""ground_truth_state"":""market conditions"",""candidate_state"":""MarketConditions"",""ground_truth_normalized"":""market conditions"",""candidate_normalized"":""market conditions"",""similarity"":1.0,""match_type"":""exact_normalized""},{""ground_truth_state"":""market conditions report"",""candidate_state"":""MarketReport"",""ground_truth_normalized"":""market conditions report"",""candidate_normalized"":""market report"",""similarity"":0.808552,""match_type"":""strict""},{""ground_truth_state"":""pest control techniques"",""candidate_state"":""PestControlTechniques"",""ground_truth_normalized"":""pest control techniques"",""candidate_normalized"":""pest control techniques"",""similarity"":1.0,""match_type"":""exact_normalized""},{""ground_truth_state"":""pestcontrol"",""candidate_state"":""PestControlHelp"",""ground_truth_normalized"":""pestcontrol"",""candidate_normalized"":""pest control help"",""similarity"":0.718159,""match_type"":""relaxed""},{""ground_truth_state"":""soil condition"",""candidate_state"":""SoilSuggestions"",""ground_truth_normalized"":""soil condition"",""candidate_normalized"":""soil suggestions"",""similarity"":0.697498,""match_type"":""relaxed""},{""ground_truth_state"":""soil condition view"",""candidate_state"":""SoilSuggestionsResult"",""ground_truth_normalized"":""soil condition view"",""candidate_normalized"":""soil suggestions result"",""similarity"":0.637637,""match_type"":""relaxed""},{""ground_truth_state"":""user login"",""candidate_state"":""LoggedIn"",""ground_truth_normalized"":""user login"",""candidate_normalized"":""login"",""similarity"":0.843187,""match_type"":""strict""},{""ground_truth_state"":""weather insights"",""candidate_state"":""WeatherInsights"",""ground_truth_normalized"":""weather insights"",""candidate_normalized"":""weather insights"",""similarity"":1.0,""match_type"":""exact_normalized""},{""ground_truth_state"":""weather insights view"",""candidate_state"":""WeatherDetails"",""ground_truth_normalized"":""weather insights view"",""candidate_normalized"":""weather details"",""similarity"":0.694834,""match_type"":""relaxed""}]","[""logout"",""user home""]","[""Dashboard""]",13,12,11,2,1,0.916667,0.846154,0.88
DeepSeek_R1_14B,baseline_repair,case_34_green_rides,final_results/runs/open_source__deepseek_r1_14b__few_shot_validation_generator_critic_repair/case_34_green_rides/run_01.puml,dataset/case_34_green_rides/diagram.puml,sentence-transformers/all-MiniLM-L6-v2,0.800000,0.480000,"[""accident"",""details"",""drive mode"",""feedback"",""from and to"",""menu"",""notify"",""order""]","[""AccidentReport"",""DrivingMode"",""Feedback"",""Hungry"",""Initial"",""JourneyDetails"",""LoggedIn"",""Logout"",""Notifications"",""Ordering"",""RestaurantSelection""]","[{""ground_truth_state"":""accident"",""candidate_state"":""AccidentReport"",""ground_truth_normalized"":""accident"",""candidate_normalized"":""accident report"",""similarity"":0.787505,""match_type"":""relaxed_lexical""},{""ground_truth_state"":""drive mode"",""candidate_state"":""DrivingMode"",""ground_truth_normalized"":""drive mode"",""candidate_normalized"":""driving mode"",""similarity"":0.845288,""match_type"":""strict""},{""ground_truth_state"":""feedback"",""candidate_state"":""Feedback"",""ground_truth_normalized"":""feedback"",""candidate_normalized"":""feedback"",""similarity"":1.0,""match_type"":""exact_normalized""},{""ground_truth_state"":""notify"",""candidate_state"":""Notifications"",""ground_truth_normalized"":""notify"",""candidate_normalized"":""notifications"",""similarity"":0.755901,""match_type"":""relaxed""},{""ground_truth_state"":""order"",""candidate_state"":""Ordering"",""ground_truth_normalized"":""order"",""candidate_normalized"":""ordering"",""similarity"":0.893557,""match_type"":""strict""}]","[""details"",""from and to"",""menu""]","[""Hungry"",""Initial"",""JourneyDetails"",""LoggedIn"",""Logout"",""RestaurantSelection""]",8,11,5,3,6,0.454545,0.625,0.526316
DeepSeek_R1_14B,few_shot,case_34_green_rides,final_results/runs/open_source__deepseek_r1_14b__few_shot/case_34_green_rides/run_01.puml,dataset/case_34_green_rides/diagram.puml,sentence-transformers/all-MiniLM-L6-v2,0.800000,0.480000,"[""accident"",""details"",""drive mode"",""feedback"",""from and to"",""menu"",""notify"",""order""]","[""AccidentReport"",""DrivingMode"",""Feedback"",""Hungry"",""Initial"",""JourneyDetails"",""LoggedIn"",""Logout"",""Notifications"",""Ordering"",""RestaurantSelection""]","[{""ground_truth_state"":""accident"",""candidate_state"":""AccidentReport"",""ground_truth_normalized"":""accident"",""candidate_normalized"":""accident report"",""similarity"":0.787505,""match_type"":""relaxed_lexical""},{""ground_truth_state"":""drive mode"",""candidate_state"":""DrivingMode"",""ground_truth_normalized"":""drive mode"",""candidate_normalized"":""driving mode"",""similarity"":0.845288,""match_type"":""strict""},{""ground_truth_state"":""feedback"",""candidate_state"":""Feedback"",""ground_truth_normalized"":""feedback"",""candidate_normalized"":""feedback"",""similarity"":1.0,""match_type"":""exact_normalized""},{""ground_truth_state"":""notify"",""candidate_state"":""Notifications"",""ground_truth_normalized"":""notify"",""candidate_normalized"":""notifications"",""similarity"":0.755901,""match_type"":""relaxed""},{""ground_truth_state"":""order"",""candidate_state"":""Ordering"",""ground_truth_normalized"":""order"",""candidate_normalized"":""ordering"",""similarity"":0.893557,""match_type"":""strict""}]","[""details"",""from and to"",""menu""]","[""Hungry"",""Initial"",""JourneyDetails"",""LoggedIn"",""Logout"",""RestaurantSelection""]",8,11,5,3,6,0.454545,0.625,0.526316
DeepSeek_R1_14B,syntax_grounded_repair,case_34_green_rides,final_results/runs/open_source__deepseek_r1_14b__few_shot_validation_generator_critic_repair__syntax_grounded_no_rules/case_34_green_rides/run_01.puml,dataset/case_34_green_rides/diagram.puml,sentence-transformers/all-MiniLM-L6-v2,0.800000,0.480000,"[""accident"",""details"",""drive mode"",""feedback"",""from and to"",""menu"",""notify"",""order""]","[""AccidentReport"",""DrivingMode"",""Feedback"",""Hungry"",""Initial"",""JourneyDetails"",""LoggedIn"",""Logout"",""Notifications"",""Ordering"",""RestaurantSelection""]","[{""ground_truth_state"":""accident"",""candidate_state"":""AccidentReport"",""ground_truth_normalized"":""accident"",""candidate_normalized"":""accident report"",""similarity"":0.787505,""match_type"":""relaxed_lexical""},{""ground_truth_state"":""drive mode"",""candidate_state"":""DrivingMode"",""ground_truth_normalized"":""drive mode"",""candidate_normalized"":""driving mode"",""similarity"":0.845288,""match_type"":""strict""},{""ground_truth_state"":""feedback"",""candidate_state"":""Feedback"",""ground_truth_normalized"":""feedback"",""candidate_normalized"":""feedback"",""similarity"":1.0,""match_type"":""exact_normalized""},{""ground_truth_state"":""notify"",""candidate_state"":""Notifications"",""ground_truth_normalized"":""notify"",""candidate_normalized"":""notifications"",""similarity"":0.755901,""match_type"":""relaxed""},{""ground_truth_state"":""order"",""candidate_state"":""Ordering"",""ground_truth_normalized"":""order"",""candidate_normalized"":""ordering"",""similarity"":0.893557,""match_type"":""strict""}]","[""details"",""from and to"",""menu""]","[""Hungry"",""Initial"",""JourneyDetails"",""LoggedIn"",""Logout"",""RestaurantSelection""]",8,11,5,3,6,0.454545,0.625,0.526316
Llama_3.1_8B,baseline_repair,case_34_green_rides,final_results/runs/open_source__llama31_8b_instruct__few_shot_validation_generator_critic_repair/case_34_green_rides/run_01.puml,dataset/case_34_green_rides/diagram.puml,sentence-transformers/all-MiniLM-L6-v2,0.800000,0.480000,"[""accident"",""details"",""drive mode"",""feedback"",""from and to"",""menu"",""notify"",""order""]","[""Accident"",""DrivingMode"",""EatPlace"",""Feedback"",""JourneyDetails"",""Login"",""OtherOptions""]","[{""ground_truth_state"":""accident"",""candidate_state"":""Accident"",""ground_truth_normalized"":""accident"",""candidate_normalized"":""accident"",""similarity"":1.0,""match_type"":""exact_normalized""},{""ground_truth_state"":""drive mode"",""candidate_state"":""DrivingMode"",""ground_truth_normalized"":""drive mode"",""candidate_normalized"":""driving mode"",""similarity"":0.845288,""match_type"":""strict""},{""ground_truth_state"":""feedback"",""candidate_state"":""Feedback"",""ground_truth_normalized"":""feedback"",""candidate_normalized"":""feedback"",""similarity"":1.0,""match_type"":""exact_normalized""}]","[""details"",""from and to"",""menu"",""notify"",""order""]","[""EatPlace"",""JourneyDetails"",""Login"",""OtherOptions""]",8,7,3,5,4,0.428571,0.375,0.4
Llama_3.1_8B,few_shot,case_34_green_rides,final_results/runs/open_source__llama31_8b_instruct__few_shot/case_34_green_rides/run_01.puml,dataset/case_34_green_rides/diagram.puml,sentence-transformers/all-MiniLM-L6-v2,0.800000,0.480000,"[""accident"",""details"",""drive mode"",""feedback"",""from and to"",""menu"",""notify"",""order""]","[""Accident"",""DrivingMode"",""EatPlace"",""Feedback"",""JourneyDetails"",""Login"",""OtherOptions""]","[{""ground_truth_state"":""accident"",""candidate_state"":""Accident"",""ground_truth_normalized"":""accident"",""candidate_normalized"":""accident"",""similarity"":1.0,""match_type"":""exact_normalized""},{""ground_truth_state"":""drive mode"",""candidate_state"":""DrivingMode"",""ground_truth_normalized"":""drive mode"",""candidate_normalized"":""driving mode"",""similarity"":0.845288,""match_type"":""strict""},{""ground_truth_state"":""feedback"",""candidate_state"":""Feedback"",""ground_truth_normalized"":""feedback"",""candidate_normalized"":""feedback"",""similarity"":1.0,""match_type"":""exact_normalized""}]","[""details"",""from and to"",""menu"",""notify"",""order""]","[""EatPlace"",""JourneyDetails"",""Login"",""OtherOptions""]",8,7,3,5,4,0.428571,0.375,0.4
Llama_3.1_8B,syntax_grounded_repair,case_34_green_rides,final_results/runs/open_source__llama31_8b_instruct__few_shot_validation_generator_critic_repair__syntax_grounded/case_34_green_rides/run_01.puml,dataset/case_34_green_rides/diagram.puml,sentence-transformers/all-MiniLM-L6-v2,0.800000,0.480000,"[""accident"",""details"",""drive mode"",""feedback"",""from and to"",""menu"",""notify"",""order""]","[""Accident"",""DrivingMode"",""EatPlace"",""Feedback"",""JourneyDetails"",""Login"",""OtherOptions""]","[{""ground_truth_state"":""accident"",""candidate_state"":""Accident"",""ground_truth_normalized"":""accident"",""candidate_normalized"":""accident"",""similarity"":1.0,""match_type"":""exact_normalized""},{""ground_truth_state"":""drive mode"",""candidate_state"":""DrivingMode"",""ground_truth_normalized"":""drive mode"",""candidate_normalized"":""driving mode"",""similarity"":0.845288,""match_type"":""strict""},{""ground_truth_state"":""feedback"",""candidate_state"":""Feedback"",""ground_truth_normalized"":""feedback"",""candidate_normalized"":""feedback"",""similarity"":1.0,""match_type"":""exact_normalized""}]","[""details"",""from and to"",""menu"",""notify"",""order""]","[""EatPlace"",""JourneyDetails"",""Login"",""OtherOptions""]",8,7,3,5,4,0.428571,0.375,0.4
Mistral,baseline_repair,case_34_green_rides,final_results/runs/open_source__mistral__rag_validation_generator_critic_repair/case_34_green_rides/run_01.puml,dataset/case_34_green_rides/diagram.puml,sentence-transformers/all-MiniLM-L6-v2,0.800000,0.480000,"[""accident"",""details"",""drive mode"",""feedback"",""from and to"",""menu"",""notify"",""order""]","[""ExpiryNotification"",""Logout"",""ServiceCenterHome""]",[],"[""accident"",""details"",""drive mode"",""feedback"",""from and to"",""menu"",""notify"",""order""]","[""ExpiryNotification"",""Logout"",""ServiceCenterHome""]",8,3,0,8,3,0.0,0.0,0.0
Mistral,rag,case_34_green_rides,final_results/runs/open_source__mistral__rag/case_34_green_rides/run_01.puml,dataset/case_34_green_rides/diagram.puml,sentence-transformers/all-MiniLM-L6-v2,0.800000,0.480000,"[""accident"",""details"",""drive mode"",""feedback"",""from and to"",""menu"",""notify"",""order""]","[""ExpiryNotification"",""Logout"",""ServiceCenterHome""]",[],"[""accident"",""details"",""drive mode"",""feedback"",""from and to"",""menu"",""notify"",""order""]","[""ExpiryNotification"",""Logout"",""ServiceCenterHome""]",8,3,0,8,3,0.0,0.0,0.0
Mistral,syntax_grounded_repair,case_34_green_rides,final_results/runs/open_source__mistral__rag_validation_generator_critic_repair__syntax_grounded/case_34_green_rides/run_01.puml,dataset/case_34_green_rides/diagram.puml,sentence-transformers/all-MiniLM-L6-v2,0.800000,0.480000,"[""accident"",""details"",""drive mode"",""feedback"",""from and to"",""menu"",""notify"",""order""]","[""AccidentReporting"",""EatSelection"",""ExpiryNotification"",""Feedback"",""InitialState"",""JourneyDetails"",""Logout"",""ServiceCenterHome""]","[{""ground_truth_state"":""accident"",""candidate_state"":""AccidentReporting"",""ground_truth_normalized"":""accident"",""candidate_normalized"":""accident reporting"",""similarity"":0.729557,""match_type"":""relaxed_lexical""},{""ground_truth_state"":""feedback"",""candidate_state"":""Feedback"",""ground_truth_normalized"":""feedback"",""candidate_normalized"":""feedback"",""similarity"":1.0,""match_type"":""exact_normalized""}]","[""details"",""drive mode"",""from and to"",""menu"",""notify"",""order""]","[""EatSelection"",""ExpiryNotification"",""InitialState"",""JourneyDetails"",""Logout"",""ServiceCenterHome""]",8,8,2,6,6,0.25,0.25,0.25
Qwen_2.5_7B,baseline_repair,case_34_green_rides,final_results/runs/open_source__qwen25_7b_instruct__rag_validation_generator_critic_repair/case_34_green_rides/run_01.puml,dataset/case_34_green_rides/diagram.puml,sentence-transformers/all-MiniLM-L6-v2,0.800000,0.480000,"[""accident"",""details"",""drive mode"",""feedback"",""from and to"",""menu"",""notify"",""order""]","[""Accident Notification"",""Driving Mode"",""Driving Notifications"",""Journey Details"",""Order Confirmation"",""Place to Eat""]","[{""ground_truth_state"":""accident"",""candidate_state"":""Accident Notification"",""ground_truth_normalized"":""accident"",""candidate_normalized"":""accident notification"",""similarity"":0.611665,""match_type"":""relaxed_lexical""},{""ground_truth_state"":""drive mode"",""candidate_state"":""Driving Mode"",""ground_truth_normalized"":""drive mode"",""candidate_normalized"":""driving mode"",""similarity"":0.845288,""match_type"":""strict""},{""ground_truth_state"":""order"",""candidate_state"":""Order Confirmation"",""ground_truth_normalized"":""order"",""candidate_normalized"":""order confirmation"",""similarity"":0.621038,""match_type"":""relaxed_lexical""}]","[""details"",""feedback"",""from and to"",""menu"",""notify""]","[""Driving Notifications"",""Journey Details"",""Place to Eat""]",8,6,3,5,3,0.5,0.375,0.428571
Qwen_2.5_7B,rag,case_34_green_rides,final_results/runs/open_source__qwen25_7b_instruct__rag/case_34_green_rides/run_01.puml,dataset/case_34_green_rides/diagram.puml,sentence-transformers/all-MiniLM-L6-v2,0.800000,0.480000,"[""accident"",""details"",""drive mode"",""feedback"",""from and to"",""menu"",""notify"",""order""]","[""Accident Notification"",""Driving Mode"",""Driving Notifications"",""Journey Details"",""Order Confirmation"",""Place to Eat""]","[{""ground_truth_state"":""accident"",""candidate_state"":""Accident Notification"",""ground_truth_normalized"":""accident"",""candidate_normalized"":""accident notification"",""similarity"":0.611665,""match_type"":""relaxed_lexical""},{""ground_truth_state"":""drive mode"",""candidate_state"":""Driving Mode"",""ground_truth_normalized"":""drive mode"",""candidate_normalized"":""driving mode"",""similarity"":0.845288,""match_type"":""strict""},{""ground_truth_state"":""order"",""candidate_state"":""Order Confirmation"",""ground_truth_normalized"":""order"",""candidate_normalized"":""order confirmation"",""similarity"":0.621038,""match_type"":""relaxed_lexical""}]","[""details"",""feedback"",""from and to"",""menu"",""notify""]","[""Driving Notifications"",""Journey Details"",""Place to Eat""]",8,6,3,5,3,0.5,0.375,0.428571
Qwen_2.5_7B,syntax_grounded_repair,case_34_green_rides,final_results/runs/open_source__qwen25_7b_instruct__rag_validation_generator_critic_repair__syntax_grounded_no_rules_original_rag/case_34_green_rides/run_01.puml,dataset/case_34_green_rides/diagram.puml,sentence-transformers/all-MiniLM-L6-v2,0.800000,0.480000,"[""accident"",""details"",""drive mode"",""feedback"",""from and to"",""menu"",""notify"",""order""]","[""Accident Notification"",""Driving Mode"",""Driving Notifications"",""Journey Details"",""Order Confirmation"",""Place to Eat""]","[{""ground_truth_state"":""accident"",""candidate_state"":""Accident Notification"",""ground_truth_normalized"":""accident"",""candidate_normalized"":""accident notification"",""similarity"":0.611665,""match_type"":""relaxed_lexical""},{""ground_truth_state"":""drive mode"",""candidate_state"":""Driving Mode"",""ground_truth_normalized"":""drive mode"",""candidate_normalized"":""driving mode"",""similarity"":0.845288,""match_type"":""strict""},{""ground_truth_state"":""order"",""candidate_state"":""Order Confirmation"",""ground_truth_normalized"":""order"",""candidate_normalized"":""order confirmation"",""similarity"":0.621038,""match_type"":""relaxed_lexical""}]","[""details"",""feedback"",""from and to"",""menu"",""notify""]","[""Driving Notifications"",""Journey Details"",""Place to Eat""]",8,6,3,5,3,0.5,0.375,0.428571
DeepSeek_R1_14B,baseline_repair,case_37_online_quiz_system,final_results/runs/open_source__deepseek_r1_14b__few_shot_validation_generator_critic_repair/case_37_online_quiz_system/run_01.puml,dataset/case_37_online_quiz_system/diagram.puml,sentence-transformers/all-MiniLM-L6-v2,0.800000,0.480000,"[""answer quiz"",""answer quiz by student"",""edit quiz"",""feedback"",""new quiz"",""post quiz"",""quiz answer and result"",""Registration or login"",""Create quiz/edit quiz by teacher"",""s2"",""s3"",""save draft"",""select quiz"",""student profile"",""submit"",""Teacher profile"",""view result""]","[""AnsweringQuiz"",""CreatingQuiz"",""EditingQuiz"",""LoggedIn"",""SelectingQuiz"",""Start"",""StudentMenu"",""SubmittingQuiz"",""TeacherMenu"",""ViewingQuizResults"",""ViewingResult""]","[{""ground_truth_state"":""answer quiz"",""candidate_state"":""AnsweringQuiz"",""ground_truth_normalized"":""answer quiz"",""candidate_normalized"":""answering quiz"",""similarity"":0.89004,""match_type"":""strict""},{""ground_truth_state"":""edit quiz"",""candidate_state"":""EditingQuiz"",""ground_truth_normalized"":""edit quiz"",""candidate_normalized"":""editing quiz"",""similarity"":0.902877,""match_type"":""strict""},{""ground_truth_state"":""post quiz"",""candidate_state"":""SubmittingQuiz"",""ground_truth_normalized"":""post quiz"",""candidate_normalized"":""submit quiz"",""similarity"":0.805518,""match_type"":""strict""},{""ground_truth_state"":""quiz answer and result"",""candidate_state"":""ViewingQuizResults"",""ground_truth_normalized"":""quiz answer and result"",""candidate_normalized"":""view quiz results"",""similarity"":0.661906,""match_type"":""relaxed""},{""ground_truth_state"":""Registration or login"",""candidate_state"":""LoggedIn"",""ground_truth_normalized"":""registration or login"",""candidate_normalized"":""login"",""similarity"":0.710429,""match_type"":""relaxed_lexical""},{""ground_truth_state"":""Create quiz/edit quiz by teacher"",""candidate_state"":""CreatingQuiz"",""ground_truth_normalized"":""registration quiz/edit quiz by teacher"",""candidate_normalized"":""creating quiz"",""similarity"":0.776643,""match_type"":""relaxed""},{""ground_truth_state"":""select quiz"",""candidate_state"":""SelectingQuiz"",""ground_truth_normalized"":""select quiz"",""candidate_normalized"":""select quiz"",""similarity"":1.0,""match_type"":""exact_normalized""},{""ground_truth_state"":""student profile"",""candidate_state"":""StudentMenu"",""ground_truth_normalized"":""student profile"",""candidate_normalized"":""student menu"",""similarity"":0.63368,""match_type"":""relaxed""},{""ground_truth_state"":""Teacher profile"",""candidate_state"":""TeacherMenu"",""ground_truth_normalized"":""teacher profile"",""candidate_normalized"":""teacher menu"",""similarity"":0.587733,""match_type"":""relaxed""},{""ground_truth_state"":""view result"",""candidate_state"":""ViewingResult"",""ground_truth_normalized"":""view result"",""candidate_normalized"":""view result"",""similarity"":1.0,""match_type"":""exact_normalized""}]","[""answer quiz by student"",""feedback"",""new quiz"",""s2"",""s3"",""save draft"",""submit""]","[""Start""]",17,11,10,7,1,0.909091,0.588235,0.714286
DeepSeek_R1_14B,few_shot,case_37_online_quiz_system,final_results/runs/open_source__deepseek_r1_14b__few_shot/case_37_online_quiz_system/run_01.puml,dataset/case_37_online_quiz_system/diagram.puml,sentence-transformers/all-MiniLM-L6-v2,0.800000,0.480000,"[""answer quiz"",""answer quiz by student"",""edit quiz"",""feedback"",""new quiz"",""post quiz"",""quiz answer and result"",""Registration or login"",""Create quiz/edit quiz by teacher"",""s2"",""s3"",""save draft"",""select quiz"",""student profile"",""submit"",""Teacher profile"",""view result""]","[""AnsweringQuiz"",""CreatingQuiz"",""EditingQuiz"",""LoggedIn"",""SelectingQuiz"",""Start"",""StudentMenu"",""SubmittingQuiz"",""TeacherMenu"",""ViewingQuizResults"",""ViewingResult""]","[{""ground_truth_state"":""answer quiz"",""candidate_state"":""AnsweringQuiz"",""ground_truth_normalized"":""answer quiz"",""candidate_normalized"":""answering quiz"",""similarity"":0.89004,""match_type"":""strict""},{""ground_truth_state"":""edit quiz"",""candidate_state"":""EditingQuiz"",""ground_truth_normalized"":""edit quiz"",""candidate_normalized"":""editing quiz"",""similarity"":0.902877,""match_type"":""strict""},{""ground_truth_state"":""post quiz"",""candidate_state"":""SubmittingQuiz"",""ground_truth_normalized"":""post quiz"",""candidate_normalized"":""submit quiz"",""similarity"":0.805518,""match_type"":""strict""},{""ground_truth_state"":""quiz answer and result"",""candidate_state"":""ViewingQuizResults"",""ground_truth_normalized"":""quiz answer and result"",""candidate_normalized"":""view quiz results"",""similarity"":0.661906,""match_type"":""relaxed""},{""ground_truth_state"":""Registration or login"",""candidate_state"":""LoggedIn"",""ground_truth_normalized"":""registration or login"",""candidate_normalized"":""login"",""similarity"":0.710429,""match_type"":""relaxed_lexical""},{""ground_truth_state"":""Create quiz/edit quiz by teacher"",""candidate_state"":""CreatingQuiz"",""ground_truth_normalized"":""registration quiz/edit quiz by teacher"",""candidate_normalized"":""creating quiz"",""similarity"":0.776643,""match_type"":""relaxed""},{""ground_truth_state"":""select quiz"",""candidate_state"":""SelectingQuiz"",""ground_truth_normalized"":""select quiz"",""candidate_normalized"":""select quiz"",""similarity"":1.0,""match_type"":""exact_normalized""},{""ground_truth_state"":""student profile"",""candidate_state"":""StudentMenu"",""ground_truth_normalized"":""student profile"",""candidate_normalized"":""student menu"",""similarity"":0.63368,""match_type"":""relaxed""},{""ground_truth_state"":""Teacher profile"",""candidate_state"":""TeacherMenu"",""ground_truth_normalized"":""teacher profile"",""candidate_normalized"":""teacher menu"",""similarity"":0.587733,""match_type"":""relaxed""},{""ground_truth_state"":""view result"",""candidate_state"":""ViewingResult"",""ground_truth_normalized"":""view result"",""candidate_normalized"":""view result"",""similarity"":1.0,""match_type"":""exact_normalized""}]","[""answer quiz by student"",""feedback"",""new quiz"",""s2"",""s3"",""save draft"",""submit""]","[""Start""]",17,11,10,7,1,0.909091,0.588235,0.714286
DeepSeek_R1_14B,syntax_grounded_repair,case_37_online_quiz_system,final_results/runs/open_source__deepseek_r1_14b__few_shot_validation_generator_critic_repair__syntax_grounded_no_rules/case_37_online_quiz_system/run_01.puml,dataset/case_37_online_quiz_system/diagram.puml,sentence-transformers/all-MiniLM-L6-v2,0.800000,0.480000,"[""answer quiz"",""answer quiz by student"",""edit quiz"",""feedback"",""new quiz"",""post quiz"",""quiz answer and result"",""Registration or login"",""Create quiz/edit quiz by teacher"",""s2"",""s3"",""save draft"",""select quiz"",""student profile"",""submit"",""Teacher profile"",""view result""]","[""AnsweringQuiz"",""CreatingQuiz"",""EditingQuiz"",""LoggedIn"",""SelectingQuiz"",""Start"",""StudentMenu"",""SubmittingQuiz"",""TeacherMenu"",""ViewingQuizResults"",""ViewingResult""]","[{""ground_truth_state"":""answer quiz"",""candidate_state"":""AnsweringQuiz"",""ground_truth_normalized"":""answer quiz"",""candidate_normalized"":""answering quiz"",""similarity"":0.89004,""match_type"":""strict""},{""ground_truth_state"":""edit quiz"",""candidate_state"":""EditingQuiz"",""ground_truth_normalized"":""edit quiz"",""candidate_normalized"":""editing quiz"",""similarity"":0.902877,""match_type"":""strict""},{""ground_truth_state"":""post quiz"",""candidate_state"":""SubmittingQuiz"",""ground_truth_normalized"":""post quiz"",""candidate_normalized"":""submit quiz"",""similarity"":0.805518,""match_type"":""strict""},{""ground_truth_state"":""quiz answer and result"",""candidate_state"":""ViewingQuizResults"",""ground_truth_normalized"":""quiz answer and result"",""candidate_normalized"":""view quiz results"",""similarity"":0.661906,""match_type"":""relaxed""},{""ground_truth_state"":""Registration or login"",""candidate_state"":""LoggedIn"",""ground_truth_normalized"":""registration or login"",""candidate_normalized"":""login"",""similarity"":0.710429,""match_type"":""relaxed_lexical""},{""ground_truth_state"":""Create quiz/edit quiz by teacher"",""candidate_state"":""CreatingQuiz"",""ground_truth_normalized"":""registration quiz/edit quiz by teacher"",""candidate_normalized"":""creating quiz"",""similarity"":0.776643,""match_type"":""relaxed""},{""ground_truth_state"":""select quiz"",""candidate_state"":""SelectingQuiz"",""ground_truth_normalized"":""select quiz"",""candidate_normalized"":""select quiz"",""similarity"":1.0,""match_type"":""exact_normalized""},{""ground_truth_state"":""student profile"",""candidate_state"":""StudentMenu"",""ground_truth_normalized"":""student profile"",""candidate_normalized"":""student menu"",""similarity"":0.63368,""match_type"":""relaxed""},{""ground_truth_state"":""Teacher profile"",""candidate_state"":""TeacherMenu"",""ground_truth_normalized"":""teacher profile"",""candidate_normalized"":""teacher menu"",""similarity"":0.587733,""match_type"":""relaxed""},{""ground_truth_state"":""view result"",""candidate_state"":""ViewingResult"",""ground_truth_normalized"":""view result"",""candidate_normalized"":""view result"",""similarity"":1.0,""match_type"":""exact_normalized""}]","[""answer quiz by student"",""feedback"",""new quiz"",""s2"",""s3"",""save draft"",""submit""]","[""Start""]",17,11,10,7,1,0.909091,0.588235,0.714286
Llama_3.1_8B,baseline_repair,case_37_online_quiz_system,final_results/runs/open_source__llama31_8b_instruct__few_shot_validation_generator_critic_repair/case_37_online_quiz_system/run_01.puml,dataset/case_37_online_quiz_system/diagram.puml,sentence-transformers/all-MiniLM-L6-v2,0.800000,0.480000,"[""answer quiz"",""answer quiz by student"",""edit quiz"",""feedback"",""new quiz"",""post quiz"",""quiz answer and result"",""Registration or login"",""Create quiz/edit quiz by teacher"",""s2"",""s3"",""save draft"",""select quiz"",""student profile"",""submit"",""Teacher profile"",""view result""]","[""AnswerQuiz"",""EditQuiz"",""GettingDetails"",""Login"",""Logout"",""PostQuiz"",""Profile"",""Registration"",""CreateQuiz"",""SaveDraft"",""SelectQuiz"",""Student Profile"",""SubmitQuiz"",""Teacher Profile"",""Update Database"",""ViewResult""]","[{""ground_truth_state"":""answer quiz"",""candidate_state"":""AnswerQuiz"",""ground_truth_normalized"":""answer quiz"",""candidate_normalized"":""answer quiz"",""similarity"":1.0,""match_type"":""exact_normalized""},{""ground_truth_state"":""answer quiz by student"",""candidate_state"":""SubmitQuiz"",""ground_truth_normalized"":""answer quiz by student"",""candidate_normalized"":""submit quiz"",""similarity"":0.688172,""match_type"":""relaxed""},{""ground_truth_state"":""edit quiz"",""candidate_state"":""EditQuiz"",""ground_truth_normalized"":""edit quiz"",""candidate_normalized"":""edit quiz"",""similarity"":1.0,""match_type"":""exact_normalized""},{""ground_truth_state"":""post quiz"",""candidate_state"":""PostQuiz"",""ground_truth_normalized"":""post quiz"",""candidate_normalized"":""post quiz"",""similarity"":1.0,""match_type"":""exact_normalized""},{""ground_truth_state"":""Registration or login"",""candidate_state"":""Registration"",""ground_truth_normalized"":""registration or login"",""candidate_normalized"":""registration"",""similarity"":0.801797,""match_type"":""strict""},{""ground_truth_state"":""Create quiz/edit quiz by teacher"",""candidate_state"":""CreateQuiz"",""ground_truth_normalized"":""registration quiz/edit quiz by teacher"",""candidate_normalized"":""registration quiz"",""similarity"":0.714502,""match_type"":""relaxed_lexical""},{""ground_truth_state"":""save draft"",""candidate_state"":""SaveDraft"",""ground_truth_normalized"":""save draft"",""candidate_normalized"":""save draft"",""similarity"":1.0,""match_type"":""exact_normalized""},{""ground_truth_state"":""select quiz"",""candidate_state"":""SelectQuiz"",""ground_truth_normalized"":""select quiz"",""candidate_normalized"":""select quiz"",""similarity"":1.0,""match_type"":""exact_normalized""},{""ground_truth_state"":""student profile"",""candidate_state"":""Student Profile"",""ground_truth_normalized"":""student profile"",""candidate_normalized"":""student profile"",""similarity"":1.0,""match_type"":""exact_normalized""},{""ground_truth_state"":""Teacher profile"",""candidate_state"":""Teacher Profile"",""ground_truth_normalized"":""teacher profile"",""candidate_normalized"":""teacher profile"",""similarity"":1.0,""match_type"":""exact_normalized""},{""ground_truth_state"":""view result"",""candidate_state"":""ViewResult"",""ground_truth_normalized"":""view result"",""candidate_normalized"":""view result"",""similarity"":1.0,""match_type"":""exact_normalized""}]","[""feedback"",""new quiz"",""quiz answer and result"",""s2"",""s3"",""submit""]","[""GettingDetails"",""Login"",""Logout"",""Profile"",""Update Database""]",17,16,11,6,5,0.6875,0.647059,0.666667
Llama_3.1_8B,few_shot,case_37_online_quiz_system,final_results/runs/open_source__llama31_8b_instruct__few_shot/case_37_online_quiz_system/run_01.puml,dataset/case_37_online_quiz_system/diagram.puml,sentence-transformers/all-MiniLM-L6-v2,0.800000,0.480000,"[""answer quiz"",""answer quiz by student"",""edit quiz"",""feedback"",""new quiz"",""post quiz"",""quiz answer and result"",""Registration or login"",""Create quiz/edit quiz by teacher"",""s2"",""s3"",""save draft"",""select quiz"",""student profile"",""submit"",""Teacher profile"",""view result""]","[""AnswerQuiz"",""EditQuiz"",""GettingDetails"",""Login"",""Logout"",""PostQuiz"",""Profile"",""Registration"",""CreateQuiz"",""SaveDraft"",""SelectQuiz"",""Student Profile"",""SubmitQuiz"",""Teacher Profile"",""Update Database"",""ViewResult""]","[{""ground_truth_state"":""answer quiz"",""candidate_state"":""AnswerQuiz"",""ground_truth_normalized"":""answer quiz"",""candidate_normalized"":""answer quiz"",""similarity"":1.0,""match_type"":""exact_normalized""},{""ground_truth_state"":""answer quiz by student"",""candidate_state"":""SubmitQuiz"",""ground_truth_normalized"":""answer quiz by student"",""candidate_normalized"":""submit quiz"",""similarity"":0.688172,""match_type"":""relaxed""},{""ground_truth_state"":""edit quiz"",""candidate_state"":""EditQuiz"",""ground_truth_normalized"":""edit quiz"",""candidate_normalized"":""edit quiz"",""similarity"":1.0,""match_type"":""exact_normalized""},{""ground_truth_state"":""post quiz"",""candidate_state"":""PostQuiz"",""ground_truth_normalized"":""post quiz"",""candidate_normalized"":""post quiz"",""similarity"":1.0,""match_type"":""exact_normalized""},{""ground_truth_state"":""Registration or login"",""candidate_state"":""Registration"",""ground_truth_normalized"":""registration or login"",""candidate_normalized"":""registration"",""similarity"":0.801797,""match_type"":""strict""},{""ground_truth_state"":""Create quiz/edit quiz by teacher"",""candidate_state"":""CreateQuiz"",""ground_truth_normalized"":""registration quiz/edit quiz by teacher"",""candidate_normalized"":""registration quiz"",""similarity"":0.714502,""match_type"":""relaxed_lexical""},{""ground_truth_state"":""save draft"",""candidate_state"":""SaveDraft"",""ground_truth_normalized"":""save draft"",""candidate_normalized"":""save draft"",""similarity"":1.0,""match_type"":""exact_normalized""},{""ground_truth_state"":""select quiz"",""candidate_state"":""SelectQuiz"",""ground_truth_normalized"":""select quiz"",""candidate_normalized"":""select quiz"",""similarity"":1.0,""match_type"":""exact_normalized""},{""ground_truth_state"":""student profile"",""candidate_state"":""Student Profile"",""ground_truth_normalized"":""student profile"",""candidate_normalized"":""student profile"",""similarity"":1.0,""match_type"":""exact_normalized""},{""ground_truth_state"":""Teacher profile"",""candidate_state"":""Teacher Profile"",""ground_truth_normalized"":""teacher profile"",""candidate_normalized"":""teacher profile"",""similarity"":1.0,""match_type"":""exact_normalized""},{""ground_truth_state"":""view result"",""candidate_state"":""ViewResult"",""ground_truth_normalized"":""view result"",""candidate_normalized"":""view result"",""similarity"":1.0,""match_type"":""exact_normalized""}]","[""feedback"",""new quiz"",""quiz answer and result"",""s2"",""s3"",""submit""]","[""GettingDetails"",""Login"",""Logout"",""Profile"",""Update Database""]",17,16,11,6,5,0.6875,0.647059,0.666667
Llama_3.1_8B,syntax_grounded_repair,case_37_online_quiz_system,final_results/runs/open_source__llama31_8b_instruct__few_shot_validation_generator_critic_repair__syntax_grounded/case_37_online_quiz_system/run_01.puml,dataset/case_37_online_quiz_system/diagram.puml,sentence-transformers/all-MiniLM-L6-v2,0.800000,0.480000,"[""answer quiz"",""answer quiz by student"",""edit quiz"",""feedback"",""new quiz"",""post quiz"",""quiz answer and result"",""Registration or login"",""Create quiz/edit quiz by teacher"",""s2"",""s3"",""save draft"",""select quiz"",""student profile"",""submit"",""Teacher profile"",""view result""]","[""AnswerQuiz"",""EditQuiz"",""GettingDetails"",""Login"",""Logout"",""PostQuiz"",""Profile"",""Registration"",""CreateQuiz"",""SaveDraft"",""SelectQuiz"",""Student Profile"",""SubmitQuiz"",""Teacher Profile"",""Update Database"",""ViewResult""]","[{""ground_truth_state"":""answer quiz"",""candidate_state"":""AnswerQuiz"",""ground_truth_normalized"":""answer quiz"",""candidate_normalized"":""answer quiz"",""similarity"":1.0,""match_type"":""exact_normalized""},{""ground_truth_state"":""answer quiz by student"",""candidate_state"":""SubmitQuiz"",""ground_truth_normalized"":""answer quiz by student"",""candidate_normalized"":""submit quiz"",""similarity"":0.688172,""match_type"":""relaxed""},{""ground_truth_state"":""edit quiz"",""candidate_state"":""EditQuiz"",""ground_truth_normalized"":""edit quiz"",""candidate_normalized"":""edit quiz"",""similarity"":1.0,""match_type"":""exact_normalized""},{""ground_truth_state"":""post quiz"",""candidate_state"":""PostQuiz"",""ground_truth_normalized"":""post quiz"",""candidate_normalized"":""post quiz"",""similarity"":1.0,""match_type"":""exact_normalized""},{""ground_truth_state"":""Registration or login"",""candidate_state"":""Registration"",""ground_truth_normalized"":""registration or login"",""candidate_normalized"":""registration"",""similarity"":0.801797,""match_type"":""strict""},{""ground_truth_state"":""Create quiz/edit quiz by teacher"",""candidate_state"":""CreateQuiz"",""ground_truth_normalized"":""registration quiz/edit quiz by teacher"",""candidate_normalized"":""registration quiz"",""similarity"":0.714502,""match_type"":""relaxed_lexical""},{""ground_truth_state"":""save draft"",""candidate_state"":""SaveDraft"",""ground_truth_normalized"":""save draft"",""candidate_normalized"":""save draft"",""similarity"":1.0,""match_type"":""exact_normalized""},{""ground_truth_state"":""select quiz"",""candidate_state"":""SelectQuiz"",""ground_truth_normalized"":""select quiz"",""candidate_normalized"":""select quiz"",""similarity"":1.0,""match_type"":""exact_normalized""},{""ground_truth_state"":""student profile"",""candidate_state"":""Student Profile"",""ground_truth_normalized"":""student profile"",""candidate_normalized"":""student profile"",""similarity"":1.0,""match_type"":""exact_normalized""},{""ground_truth_state"":""Teacher profile"",""candidate_state"":""Teacher Profile"",""ground_truth_normalized"":""teacher profile"",""candidate_normalized"":""teacher profile"",""similarity"":1.0,""match_type"":""exact_normalized""},{""ground_truth_state"":""view result"",""candidate_state"":""ViewResult"",""ground_truth_normalized"":""view result"",""candidate_normalized"":""view result"",""similarity"":1.0,""match_type"":""exact_normalized""}]","[""feedback"",""new quiz"",""quiz answer and result"",""s2"",""s3"",""submit""]","[""GettingDetails"",""Login"",""Logout"",""Profile"",""Update Database""]",17,16,11,6,5,0.6875,0.647059,0.666667
Mistral,baseline_repair,case_37_online_quiz_system,final_results/runs/open_source__mistral__rag_validation_generator_critic_repair/case_37_online_quiz_system/run_01.puml,dataset/case_37_online_quiz_system/diagram.puml,sentence-transformers/all-MiniLM-L6-v2,0.800000,0.480000,"[""answer quiz"",""answer quiz by student"",""edit quiz"",""feedback"",""new quiz"",""post quiz"",""quiz answer and result"",""Registration or login"",""Create quiz/edit quiz by teacher"",""s2"",""s3"",""save draft"",""select quiz"",""student profile"",""submit"",""Teacher profile"",""view result""]","[""Authentication"",""Buy Books"",""BuyEnterBookID"",""BuyGetBooks"",""BuyNotPaidEnd"",""Enter Book Details"",""Enter Details"",""Enter Member_ID"",""Enter Password"",""Get Books"",""GetEnterBookID"",""GetEnterMemberID"",""Get Member_ID"",""Invalid Member_ID or Password"",""ObtainBooks"",""PayFineAmount"",""Re-enter Details"",""Registration"",""Search Books"",""choose Alternate option"",""StartJoin"",""successful Login"",""Successful Registration"",""DisplayBookAmount"",""Display Suggestion""]","[{""ground_truth_state"":""Registration or login"",""candidate_state"":""Registration"",""ground_truth_normalized"":""registration or login"",""candidate_normalized"":""registration"",""similarity"":0.801797,""match_type"":""strict""},{""ground_truth_state"":""view result"",""candidate_state"":""Display Suggestion"",""ground_truth_normalized"":""view result"",""candidate_normalized"":""view suggestion"",""similarity"":0.532267,""match_type"":""relaxed""}]","[""answer quiz"",""answer quiz by student"",""edit quiz"",""feedback"",""new quiz"",""post quiz"",""quiz answer and result"",""Create quiz/edit quiz by teacher"",""s2"",""s3"",""save draft"",""select quiz"",""student profile"",""submit"",""Teacher profile""]","[""Authentication"",""Buy Books"",""BuyEnterBookID"",""BuyGetBooks"",""BuyNotPaidEnd"",""Enter Book Details"",""Enter Details"",""Enter Member_ID"",""Enter Password"",""Get Books"",""GetEnterBookID"",""GetEnterMemberID"",""Get Member_ID"",""Invalid Member_ID or Password"",""ObtainBooks"",""PayFineAmount"",""Re-enter Details"",""Search Books"",""choose Alternate option"",""StartJoin"",""successful Login"",""Successful Registration"",""DisplayBookAmount""]",17,25,2,15,23,0.08,0.117647,0.095238
Mistral,rag,case_37_online_quiz_system,final_results/runs/open_source__mistral__rag/case_37_online_quiz_system/run_01.puml,dataset/case_37_online_quiz_system/diagram.puml,sentence-transformers/all-MiniLM-L6-v2,0.800000,0.480000,"[""answer quiz"",""answer quiz by student"",""edit quiz"",""feedback"",""new quiz"",""post quiz"",""quiz answer and result"",""Registration or login"",""Create quiz/edit quiz by teacher"",""s2"",""s3"",""save draft"",""select quiz"",""student profile"",""submit"",""Teacher profile"",""view result""]","[""Authentication"",""Buy Books"",""Enter Book Details"",""Enter Book_ID"",""Enter Details"",""Enter Member_ID"",""Enter Password"",""Get Books"",""Get Member_ID"",""Invalid Member_ID or Password"",""Obtain Books"",""PayFineAmount"",""Re-enter Details"",""Registration"",""Search Books"",""choose Alternate option"",""successful Login"",""Successful Registration"",""Display Book Amount"",""Display Suggestion""]","[{""ground_truth_state"":""Registration or login"",""candidate_state"":""Registration"",""ground_truth_normalized"":""registration or login"",""candidate_normalized"":""registration"",""similarity"":0.801797,""match_type"":""strict""},{""ground_truth_state"":""view result"",""candidate_state"":""Display Suggestion"",""ground_truth_normalized"":""view result"",""candidate_normalized"":""view suggestion"",""similarity"":0.532267,""match_type"":""relaxed""}]","[""answer quiz"",""answer quiz by student"",""edit quiz"",""feedback"",""new quiz"",""post quiz"",""quiz answer and result"",""Create quiz/edit quiz by teacher"",""s2"",""s3"",""save draft"",""select quiz"",""student profile"",""submit"",""Teacher profile""]","[""Authentication"",""Buy Books"",""Enter Book Details"",""Enter Book_ID"",""Enter Details"",""Enter Member_ID"",""Enter Password"",""Get Books"",""Get Member_ID"",""Invalid Member_ID or Password"",""Obtain Books"",""PayFineAmount"",""Re-enter Details"",""Search Books"",""choose Alternate option"",""successful Login"",""Successful Registration"",""Display Book Amount""]",17,20,2,15,18,0.1,0.117647,0.108108
Mistral,syntax_grounded_repair,case_37_online_quiz_system,final_results/runs/open_source__mistral__rag_validation_generator_critic_repair__syntax_grounded/case_37_online_quiz_system/run_01.puml,dataset/case_37_online_quiz_system/diagram.puml,sentence-transformers/all-MiniLM-L6-v2,0.800000,0.480000,"[""answer quiz"",""answer quiz by student"",""edit quiz"",""feedback"",""new quiz"",""post quiz"",""quiz answer and result"",""Registration or login"",""Create quiz/edit quiz by teacher"",""s2"",""s3"",""save draft"",""select quiz"",""student profile"",""submit"",""Teacher profile"",""view result""]","[""Authentication"",""Buy Books"",""BuyEnterBookID"",""Enter Book Details"",""Enter Book_ID"",""Enter Details"",""Enter Member_ID"",""Enter Password"",""Get Books"",""Get Member_ID"",""Invalid Member_ID or Password"",""Obtain Books"",""PayFineAmount"",""Re-enter Details"",""Registration"",""Search Books"",""choose Alternate option"",""successful Login"",""Successful Registration"",""Display Book Amount"",""Display Suggestion""]","[{""ground_truth_state"":""Registration or login"",""candidate_state"":""Registration"",""ground_truth_normalized"":""registration or login"",""candidate_normalized"":""registration"",""similarity"":0.801797,""match_type"":""strict""},{""ground_truth_state"":""view result"",""candidate_state"":""Display Suggestion"",""ground_truth_normalized"":""view result"",""candidate_normalized"":""view suggestion"",""similarity"":0.532267,""match_type"":""relaxed""}]","[""answer quiz"",""answer quiz by student"",""edit quiz"",""feedback"",""new quiz"",""post quiz"",""quiz answer and result"",""Create quiz/edit quiz by teacher"",""s2"",""s3"",""save draft"",""select quiz"",""student profile"",""submit"",""Teacher profile""]","[""Authentication"",""Buy Books"",""BuyEnterBookID"",""Enter Book Details"",""Enter Book_ID"",""Enter Details"",""Enter Member_ID"",""Enter Password"",""Get Books"",""Get Member_ID"",""Invalid Member_ID or Password"",""Obtain Books"",""PayFineAmount"",""Re-enter Details"",""Search Books"",""choose Alternate option"",""successful Login"",""Successful Registration"",""Display Book Amount""]",17,21,2,15,19,0.095238,0.117647,0.105263
Qwen_2.5_7B,baseline_repair,case_37_online_quiz_system,final_results/runs/open_source__qwen25_7b_instruct__rag_validation_generator_critic_repair/case_37_online_quiz_system/run_01.puml,dataset/case_37_online_quiz_system/diagram.puml,sentence-transformers/all-MiniLM-L6-v2,0.800000,0.480000,"[""answer quiz"",""answer quiz by student"",""edit quiz"",""feedback"",""new quiz"",""post quiz"",""quiz answer and result"",""Registration or login"",""Create quiz/edit quiz by teacher"",""s2"",""s3"",""save draft"",""select quiz"",""student profile"",""submit"",""Teacher profile"",""view result""]","[""Answer Quiz"",""Edit Quiz"",""Login"",""Login/Register"",""Register"",""Create Quiz"",""Save Quiz"",""Select Quiz"",""Student"",""Submit Quiz"",""Teacher"",""View Result"",""View Results""]","[{""ground_truth_state"":""answer quiz"",""candidate_state"":""Answer Quiz"",""ground_truth_normalized"":""answer quiz"",""candidate_normalized"":""answer quiz"",""similarity"":1.0,""match_type"":""exact_normalized""},{""ground_truth_state"":""answer quiz by student"",""candidate_state"":""Save Quiz"",""ground_truth_normalized"":""answer quiz by student"",""candidate_normalized"":""save quiz"",""similarity"":0.625528,""match_type"":""relaxed""},{""ground_truth_state"":""edit quiz"",""candidate_state"":""Edit Quiz"",""ground_truth_normalized"":""edit quiz"",""candidate_normalized"":""edit quiz"",""similarity"":1.0,""match_type"":""exact_normalized""},{""ground_truth_state"":""new quiz"",""candidate_state"":""Create Quiz"",""ground_truth_normalized"":""new quiz"",""candidate_normalized"":""registration quiz"",""similarity"":0.618543,""match_type"":""relaxed""},{""ground_truth_state"":""post quiz"",""candidate_state"":""Submit Quiz"",""ground_truth_normalized"":""post quiz"",""candidate_normalized"":""submit quiz"",""similarity"":0.805518,""match_type"":""strict""},{""ground_truth_state"":""Registration or login"",""candidate_state"":""Login/Register"",""ground_truth_normalized"":""registration or login"",""candidate_normalized"":""login/register"",""similarity"":0.86033,""match_type"":""strict""},{""ground_truth_state"":""Create quiz/edit quiz by teacher"",""candidate_state"":""Register"",""ground_truth_normalized"":""registration quiz/edit quiz by teacher"",""candidate_normalized"":""registration"",""similarity"":0.366019,""match_type"":""relaxed_lexical""},{""ground_truth_state"":""select quiz"",""candidate_state"":""Select Quiz"",""ground_truth_normalized"":""select quiz"",""candidate_normalized"":""select quiz"",""similarity"":1.0,""match_type"":""exact_normalized""},{""ground_truth_state"":""student profile"",""candidate_state"":""Student"",""ground_truth_normalized"":""student profile"",""candidate_normalized"":""student"",""similarity"":0.68346,""match_type"":""relaxed_lexical""},{""ground_truth_state"":""Teacher profile"",""candidate_state"":""Teacher"",""ground_truth_normalized"":""teacher profile"",""candidate_normalized"":""teacher"",""similarity"":0.683635,""match_type"":""relaxed_lexical""},{""ground_truth_state"":""view result"",""candidate_state"":""View Result"",""ground_truth_normalized"":""view result"",""candidate_normalized"":""view result"",""similarity"":1.0,""match_type"":""exact_normalized""}]","[""feedback"",""quiz answer and result"",""s2"",""s3"",""save draft"",""submit""]","[""Login"",""View Results""]",17,13,11,6,2,0.846154,0.647059,0.733333
Qwen_2.5_7B,rag,case_37_online_quiz_system,final_results/runs/open_source__qwen25_7b_instruct__rag/case_37_online_quiz_system/run_01.puml,dataset/case_37_online_quiz_system/diagram.puml,sentence-transformers/all-MiniLM-L6-v2,0.800000,0.480000,"[""answer quiz"",""answer quiz by student"",""edit quiz"",""feedback"",""new quiz"",""post quiz"",""quiz answer and result"",""Registration or login"",""Create quiz/edit quiz by teacher"",""s2"",""s3"",""save draft"",""select quiz"",""student profile"",""submit"",""Teacher profile"",""view result""]","[""Answer Quiz"",""Edit Quiz"",""Login"",""Login/Register"",""Register"",""Create Quiz"",""Save Quiz"",""Select Quiz"",""Student"",""Submit Quiz"",""Teacher"",""View Result"",""View Results""]","[{""ground_truth_state"":""answer quiz"",""candidate_state"":""Answer Quiz"",""ground_truth_normalized"":""answer quiz"",""candidate_normalized"":""answer quiz"",""similarity"":1.0,""match_type"":""exact_normalized""},{""ground_truth_state"":""answer quiz by student"",""candidate_state"":""Save Quiz"",""ground_truth_normalized"":""answer quiz by student"",""candidate_normalized"":""save quiz"",""similarity"":0.625528,""match_type"":""relaxed""},{""ground_truth_state"":""edit quiz"",""candidate_state"":""Edit Quiz"",""ground_truth_normalized"":""edit quiz"",""candidate_normalized"":""edit quiz"",""similarity"":1.0,""match_type"":""exact_normalized""},{""ground_truth_state"":""new quiz"",""candidate_state"":""Create Quiz"",""ground_truth_normalized"":""new quiz"",""candidate_normalized"":""registration quiz"",""similarity"":0.618543,""match_type"":""relaxed""},{""ground_truth_state"":""post quiz"",""candidate_state"":""Submit Quiz"",""ground_truth_normalized"":""post quiz"",""candidate_normalized"":""submit quiz"",""similarity"":0.805518,""match_type"":""strict""},{""ground_truth_state"":""Registration or login"",""candidate_state"":""Login/Register"",""ground_truth_normalized"":""registration or login"",""candidate_normalized"":""login/register"",""similarity"":0.86033,""match_type"":""strict""},{""ground_truth_state"":""Create quiz/edit quiz by teacher"",""candidate_state"":""Register"",""ground_truth_normalized"":""registration quiz/edit quiz by teacher"",""candidate_normalized"":""registration"",""similarity"":0.366019,""match_type"":""relaxed_lexical""},{""ground_truth_state"":""select quiz"",""candidate_state"":""Select Quiz"",""ground_truth_normalized"":""select quiz"",""candidate_normalized"":""select quiz"",""similarity"":1.0,""match_type"":""exact_normalized""},{""ground_truth_state"":""student profile"",""candidate_state"":""Student"",""ground_truth_normalized"":""student profile"",""candidate_normalized"":""student"",""similarity"":0.68346,""match_type"":""relaxed_lexical""},{""ground_truth_state"":""Teacher profile"",""candidate_state"":""Teacher"",""ground_truth_normalized"":""teacher profile"",""candidate_normalized"":""teacher"",""similarity"":0.683635,""match_type"":""relaxed_lexical""},{""ground_truth_state"":""view result"",""candidate_state"":""View Result"",""ground_truth_normalized"":""view result"",""candidate_normalized"":""view result"",""similarity"":1.0,""match_type"":""exact_normalized""}]","[""feedback"",""quiz answer and result"",""s2"",""s3"",""save draft"",""submit""]","[""Login"",""View Results""]",17,13,11,6,2,0.846154,0.647059,0.733333
Qwen_2.5_7B,syntax_grounded_repair,case_37_online_quiz_system,final_results/runs/open_source__qwen25_7b_instruct__rag_validation_generator_critic_repair__syntax_grounded_no_rules_original_rag/case_37_online_quiz_system/run_01.puml,dataset/case_37_online_quiz_system/diagram.puml,sentence-transformers/all-MiniLM-L6-v2,0.800000,0.480000,"[""answer quiz"",""answer quiz by student"",""edit quiz"",""feedback"",""new quiz"",""post quiz"",""quiz answer and result"",""Registration or login"",""Create quiz/edit quiz by teacher"",""s2"",""s3"",""save draft"",""select quiz"",""student profile"",""submit"",""Teacher profile"",""view result""]","[""Answer Quiz"",""Edit Quiz"",""Login"",""Login/Register"",""Register"",""Create Quiz"",""Save Quiz"",""Select Quiz"",""Student"",""Submit Quiz"",""Teacher"",""View Result"",""View Results""]","[{""ground_truth_state"":""answer quiz"",""candidate_state"":""Answer Quiz"",""ground_truth_normalized"":""answer quiz"",""candidate_normalized"":""answer quiz"",""similarity"":1.0,""match_type"":""exact_normalized""},{""ground_truth_state"":""answer quiz by student"",""candidate_state"":""Save Quiz"",""ground_truth_normalized"":""answer quiz by student"",""candidate_normalized"":""save quiz"",""similarity"":0.625528,""match_type"":""relaxed""},{""ground_truth_state"":""edit quiz"",""candidate_state"":""Edit Quiz"",""ground_truth_normalized"":""edit quiz"",""candidate_normalized"":""edit quiz"",""similarity"":1.0,""match_type"":""exact_normalized""},{""ground_truth_state"":""new quiz"",""candidate_state"":""Create Quiz"",""ground_truth_normalized"":""new quiz"",""candidate_normalized"":""registration quiz"",""similarity"":0.618543,""match_type"":""relaxed""},{""ground_truth_state"":""post quiz"",""candidate_state"":""Submit Quiz"",""ground_truth_normalized"":""post quiz"",""candidate_normalized"":""submit quiz"",""similarity"":0.805518,""match_type"":""strict""},{""ground_truth_state"":""Registration or login"",""candidate_state"":""Login/Register"",""ground_truth_normalized"":""registration or login"",""candidate_normalized"":""login/register"",""similarity"":0.86033,""match_type"":""strict""},{""ground_truth_state"":""Create quiz/edit quiz by teacher"",""candidate_state"":""Register"",""ground_truth_normalized"":""registration quiz/edit quiz by teacher"",""candidate_normalized"":""registration"",""similarity"":0.366019,""match_type"":""relaxed_lexical""},{""ground_truth_state"":""select quiz"",""candidate_state"":""Select Quiz"",""ground_truth_normalized"":""select quiz"",""candidate_normalized"":""select quiz"",""similarity"":1.0,""match_type"":""exact_normalized""},{""ground_truth_state"":""student profile"",""candidate_state"":""Student"",""ground_truth_normalized"":""student profile"",""candidate_normalized"":""student"",""similarity"":0.68346,""match_type"":""relaxed_lexical""},{""ground_truth_state"":""Teacher profile"",""candidate_state"":""Teacher"",""ground_truth_normalized"":""teacher profile"",""candidate_normalized"":""teacher"",""similarity"":0.683635,""match_type"":""relaxed_lexical""},{""ground_truth_state"":""view result"",""candidate_state"":""View Result"",""ground_truth_normalized"":""view result"",""candidate_normalized"":""view result"",""similarity"":1.0,""match_type"":""exact_normalized""}]","[""feedback"",""quiz answer and result"",""s2"",""s3"",""save draft"",""submit""]","[""Login"",""View Results""]",17,13,11,6,2,0.846154,0.647059,0.733333
DeepSeek_R1_14B,baseline_repair,case_39_website_development,final_results/runs/open_source__deepseek_r1_14b__few_shot_validation_generator_critic_repair/case_39_website_development/run_01.puml,dataset/case_39_website_development/diagram.puml,sentence-transformers/all-MiniLM-L6-v2,0.800000,0.480000,"[""Available departments"",""Career opportunities"",""Employment/Internship application form"",""History of the firm"",""Homepage"",""News/blog"",""Photos"",""Updates"",""Verification"",""Display Projects"",""Walk-through""]","[""Application Checked"",""Apply"",""Career Info"",""Contact"",""Homepage"",""Job Application"",""Projects"",""View Photos"",""View Updates"",""View Videos""]","[{""ground_truth_state"":""Career opportunities"",""candidate_state"":""Career Info"",""ground_truth_normalized"":""career opportunities"",""candidate_normalized"":""career info"",""similarity"":0.700464,""match_type"":""relaxed""},{""ground_truth_state"":""Employment/Internship application form"",""candidate_state"":""Job Application"",""ground_truth_normalized"":""employment/internship application form"",""candidate_normalized"":""job application"",""similarity"":0.617234,""match_type"":""relaxed""},{""ground_truth_state"":""Homepage"",""candidate_state"":""Homepage"",""ground_truth_normalized"":""homepage"",""candidate_normalized"":""homepage"",""similarity"":1.0,""match_type"":""exact_normalized""},{""ground_truth_state"":""Photos"",""candidate_state"":""View Photos"",""ground_truth_normalized"":""photos"",""candidate_normalized"":""view photos"",""similarity"":0.67181,""match_type"":""relaxed_lexical""},{""ground_truth_state"":""Updates"",""candidate_state"":""View Updates"",""ground_truth_normalized"":""updates"",""candidate_normalized"":""view updates"",""similarity"":0.677468,""match_type"":""relaxed_lexical""},{""ground_truth_state"":""Display Projects"",""candidate_state"":""Projects"",""ground_truth_normalized"":""view projects"",""candidate_normalized"":""projects"",""similarity"":0.674986,""match_type"":""relaxed_lexical""}]","[""Available departments"",""History of the firm"",""News/blog"",""Verification"",""Walk-through""]","[""Application Checked"",""Apply"",""Contact"",""View Videos""]",11,10,6,5,4,0.6,0.545455,0.571429
DeepSeek_R1_14B,few_shot,case_39_website_development,final_results/runs/open_source__deepseek_r1_14b__few_shot/case_39_website_development/run_01.puml,dataset/case_39_website_development/diagram.puml,sentence-transformers/all-MiniLM-L6-v2,0.800000,0.480000,"[""Available departments"",""Career opportunities"",""Employment/Internship application form"",""History of the firm"",""Homepage"",""News/blog"",""Photos"",""Updates"",""Verification"",""Display Projects"",""Walk-through""]","[""Application Checked"",""Apply"",""Career Info"",""Contact"",""Homepage"",""Job Application"",""Projects"",""View Photos"",""View Updates"",""View Videos""]","[{""ground_truth_state"":""Career opportunities"",""candidate_state"":""Career Info"",""ground_truth_normalized"":""career opportunities"",""candidate_normalized"":""career info"",""similarity"":0.700464,""match_type"":""relaxed""},{""ground_truth_state"":""Employment/Internship application form"",""candidate_state"":""Job Application"",""ground_truth_normalized"":""employment/internship application form"",""candidate_normalized"":""job application"",""similarity"":0.617234,""match_type"":""relaxed""},{""ground_truth_state"":""Homepage"",""candidate_state"":""Homepage"",""ground_truth_normalized"":""homepage"",""candidate_normalized"":""homepage"",""similarity"":1.0,""match_type"":""exact_normalized""},{""ground_truth_state"":""Photos"",""candidate_state"":""View Photos"",""ground_truth_normalized"":""photos"",""candidate_normalized"":""view photos"",""similarity"":0.67181,""match_type"":""relaxed_lexical""},{""ground_truth_state"":""Updates"",""candidate_state"":""View Updates"",""ground_truth_normalized"":""updates"",""candidate_normalized"":""view updates"",""similarity"":0.677468,""match_type"":""relaxed_lexical""},{""ground_truth_state"":""Display Projects"",""candidate_state"":""Projects"",""ground_truth_normalized"":""view projects"",""candidate_normalized"":""projects"",""similarity"":0.674986,""match_type"":""relaxed_lexical""}]","[""Available departments"",""History of the firm"",""News/blog"",""Verification"",""Walk-through""]","[""Application Checked"",""Apply"",""Contact"",""View Videos""]",11,10,6,5,4,0.6,0.545455,0.571429
DeepSeek_R1_14B,syntax_grounded_repair,case_39_website_development,final_results/runs/open_source__deepseek_r1_14b__few_shot_validation_generator_critic_repair__syntax_grounded_no_rules/case_39_website_development/run_01.puml,dataset/case_39_website_development/diagram.puml,sentence-transformers/all-MiniLM-L6-v2,0.800000,0.480000,"[""Available departments"",""Career opportunities"",""Employment/Internship application form"",""History of the firm"",""Homepage"",""News/blog"",""Photos"",""Updates"",""Verification"",""Display Projects"",""Walk-through""]","[""Application Checked"",""Apply"",""Career Info"",""Contact"",""Homepage"",""Job Application"",""Projects"",""View Photos"",""View Updates"",""View Videos""]","[{""ground_truth_state"":""Career opportunities"",""candidate_state"":""Career Info"",""ground_truth_normalized"":""career opportunities"",""candidate_normalized"":""career info"",""similarity"":0.700464,""match_type"":""relaxed""},{""ground_truth_state"":""Employment/Internship application form"",""candidate_state"":""Job Application"",""ground_truth_normalized"":""employment/internship application form"",""candidate_normalized"":""job application"",""similarity"":0.617234,""match_type"":""relaxed""},{""ground_truth_state"":""Homepage"",""candidate_state"":""Homepage"",""ground_truth_normalized"":""homepage"",""candidate_normalized"":""homepage"",""similarity"":1.0,""match_type"":""exact_normalized""},{""ground_truth_state"":""Photos"",""candidate_state"":""View Photos"",""ground_truth_normalized"":""photos"",""candidate_normalized"":""view photos"",""similarity"":0.67181,""match_type"":""relaxed_lexical""},{""ground_truth_state"":""Updates"",""candidate_state"":""View Updates"",""ground_truth_normalized"":""updates"",""candidate_normalized"":""view updates"",""similarity"":0.677468,""match_type"":""relaxed_lexical""},{""ground_truth_state"":""Display Projects"",""candidate_state"":""Projects"",""ground_truth_normalized"":""view projects"",""candidate_normalized"":""projects"",""similarity"":0.674986,""match_type"":""relaxed_lexical""}]","[""Available departments"",""History of the firm"",""News/blog"",""Verification"",""Walk-through""]","[""Application Checked"",""Apply"",""Contact"",""View Videos""]",11,10,6,5,4,0.6,0.545455,0.571429
Llama_3.1_8B,baseline_repair,case_39_website_development,final_results/runs/open_source__llama31_8b_instruct__few_shot_validation_generator_critic_repair/case_39_website_development/run_01.puml,dataset/case_39_website_development/diagram.puml,sentence-transformers/all-MiniLM-L6-v2,0.800000,0.480000,"[""Available departments"",""Career opportunities"",""Employment/Internship application form"",""History of the firm"",""Homepage"",""News/blog"",""Photos"",""Updates"",""Verification"",""Display Projects"",""Walk-through""]","[""Career Opportunities"",""Homepage"",""Job Application Status"",""Open Application Form"",""Project Details"",""View Photos"",""View Updates"",""Watch Videos""]","[{""ground_truth_state"":""Career opportunities"",""candidate_state"":""Career Opportunities"",""ground_truth_normalized"":""career opportunities"",""candidate_normalized"":""career opportunities"",""similarity"":1.0,""match_type"":""exact_normalized""},{""ground_truth_state"":""Employment/Internship application form"",""candidate_state"":""Open Application Form"",""ground_truth_normalized"":""employment/internship application form"",""candidate_normalized"":""open application form"",""similarity"":0.504454,""match_type"":""relaxed""},{""ground_truth_state"":""Homepage"",""candidate_state"":""Homepage"",""ground_truth_normalized"":""homepage"",""candidate_normalized"":""homepage"",""similarity"":1.0,""match_type"":""exact_normalized""},{""ground_truth_state"":""Photos"",""candidate_state"":""View Photos"",""ground_truth_normalized"":""photos"",""candidate_normalized"":""view photos"",""similarity"":0.67181,""match_type"":""relaxed_lexical""},{""ground_truth_state"":""Updates"",""candidate_state"":""View Updates"",""ground_truth_normalized"":""updates"",""candidate_normalized"":""view updates"",""similarity"":0.677468,""match_type"":""relaxed_lexical""},{""ground_truth_state"":""Display Projects"",""candidate_state"":""Project Details"",""ground_truth_normalized"":""view projects"",""candidate_normalized"":""project details"",""similarity"":0.55976,""match_type"":""relaxed""}]","[""Available departments"",""History of the firm"",""News/blog"",""Verification"",""Walk-through""]","[""Job Application Status"",""Watch Videos""]",11,8,6,5,2,0.75,0.545455,0.631579
Llama_3.1_8B,few_shot,case_39_website_development,final_results/runs/open_source__llama31_8b_instruct__few_shot/case_39_website_development/run_01.puml,dataset/case_39_website_development/diagram.puml,sentence-transformers/all-MiniLM-L6-v2,0.800000,0.480000,"[""Available departments"",""Career opportunities"",""Employment/Internship application form"",""History of the firm"",""Homepage"",""News/blog"",""Photos"",""Updates"",""Verification"",""Display Projects"",""Walk-through""]","[""Career Opportunities"",""Homepage"",""Job Application Status"",""Open Application Form"",""Project Details"",""View Photos"",""View Updates"",""Watch Videos""]","[{""ground_truth_state"":""Career opportunities"",""candidate_state"":""Career Opportunities"",""ground_truth_normalized"":""career opportunities"",""candidate_normalized"":""career opportunities"",""similarity"":1.0,""match_type"":""exact_normalized""},{""ground_truth_state"":""Employment/Internship application form"",""candidate_state"":""Open Application Form"",""ground_truth_normalized"":""employment/internship application form"",""candidate_normalized"":""open application form"",""similarity"":0.504454,""match_type"":""relaxed""},{""ground_truth_state"":""Homepage"",""candidate_state"":""Homepage"",""ground_truth_normalized"":""homepage"",""candidate_normalized"":""homepage"",""similarity"":1.0,""match_type"":""exact_normalized""},{""ground_truth_state"":""Photos"",""candidate_state"":""View Photos"",""ground_truth_normalized"":""photos"",""candidate_normalized"":""view photos"",""similarity"":0.67181,""match_type"":""relaxed_lexical""},{""ground_truth_state"":""Updates"",""candidate_state"":""View Updates"",""ground_truth_normalized"":""updates"",""candidate_normalized"":""view updates"",""similarity"":0.677468,""match_type"":""relaxed_lexical""},{""ground_truth_state"":""Display Projects"",""candidate_state"":""Project Details"",""ground_truth_normalized"":""view projects"",""candidate_normalized"":""project details"",""similarity"":0.55976,""match_type"":""relaxed""}]","[""Available departments"",""History of the firm"",""News/blog"",""Verification"",""Walk-through""]","[""Job Application Status"",""Watch Videos""]",11,8,6,5,2,0.75,0.545455,0.631579
Llama_3.1_8B,syntax_grounded_repair,case_39_website_development,final_results/runs/open_source__llama31_8b_instruct__few_shot_validation_generator_critic_repair__syntax_grounded/case_39_website_development/run_01.puml,dataset/case_39_website_development/diagram.puml,sentence-transformers/all-MiniLM-L6-v2,0.800000,0.480000,"[""Available departments"",""Career opportunities"",""Employment/Internship application form"",""History of the firm"",""Homepage"",""News/blog"",""Photos"",""Updates"",""Verification"",""Display Projects"",""Walk-through""]","[""Career Opportunities"",""Homepage"",""Job Application Status"",""Open Application Form"",""Project Details"",""View Photos"",""View Updates"",""Watch Videos""]","[{""ground_truth_state"":""Career opportunities"",""candidate_state"":""Career Opportunities"",""ground_truth_normalized"":""career opportunities"",""candidate_normalized"":""career opportunities"",""similarity"":1.0,""match_type"":""exact_normalized""},{""ground_truth_state"":""Employment/Internship application form"",""candidate_state"":""Open Application Form"",""ground_truth_normalized"":""employment/internship application form"",""candidate_normalized"":""open application form"",""similarity"":0.504454,""match_type"":""relaxed""},{""ground_truth_state"":""Homepage"",""candidate_state"":""Homepage"",""ground_truth_normalized"":""homepage"",""candidate_normalized"":""homepage"",""similarity"":1.0,""match_type"":""exact_normalized""},{""ground_truth_state"":""Photos"",""candidate_state"":""View Photos"",""ground_truth_normalized"":""photos"",""candidate_normalized"":""view photos"",""similarity"":0.67181,""match_type"":""relaxed_lexical""},{""ground_truth_state"":""Updates"",""candidate_state"":""View Updates"",""ground_truth_normalized"":""updates"",""candidate_normalized"":""view updates"",""similarity"":0.677468,""match_type"":""relaxed_lexical""},{""ground_truth_state"":""Display Projects"",""candidate_state"":""Project Details"",""ground_truth_normalized"":""view projects"",""candidate_normalized"":""project details"",""similarity"":0.55976,""match_type"":""relaxed""}]","[""Available departments"",""History of the firm"",""News/blog"",""Verification"",""Walk-through""]","[""Job Application Status"",""Watch Videos""]",11,8,6,5,2,0.75,0.545455,0.631579
Mistral,baseline_repair,case_39_website_development,final_results/runs/open_source__mistral__rag_validation_generator_critic_repair/case_39_website_development/run_01.puml,dataset/case_39_website_development/diagram.puml,sentence-transformers/all-MiniLM-L6-v2,0.800000,0.480000,"[""Available departments"",""Career opportunities"",""Employment/Internship application form"",""History of the firm"",""Homepage"",""News/blog"",""Photos"",""Updates"",""Verification"",""Display Projects"",""Walk-through""]","[""CareerOpportunities"",""Homepage"",""JobApplications"",""NavigationBar"",""Projects"",""User""]","[{""ground_truth_state"":""Career opportunities"",""candidate_state"":""CareerOpportunities"",""ground_truth_normalized"":""career opportunities"",""candidate_normalized"":""career opportunities"",""similarity"":1.0,""match_type"":""exact_normalized""},{""ground_truth_state"":""Employment/Internship application form"",""candidate_state"":""JobApplications"",""ground_truth_normalized"":""employment/internship application form"",""candidate_normalized"":""job applications"",""similarity"":0.595507,""match_type"":""relaxed""},{""ground_truth_state"":""Homepage"",""candidate_state"":""Homepage"",""ground_truth_normalized"":""homepage"",""candidate_normalized"":""homepage"",""similarity"":1.0,""match_type"":""exact_normalized""},{""ground_truth_state"":""Display Projects"",""candidate_state"":""Projects"",""ground_truth_normalized"":""view projects"",""candidate_normalized"":""projects"",""similarity"":0.674986,""match_type"":""relaxed_lexical""}]","[""Available departments"",""History of the firm"",""News/blog"",""Photos"",""Updates"",""Verification"",""Walk-through""]","[""NavigationBar"",""User""]",11,6,4,7,2,0.666667,0.363636,0.470588
Mistral,rag,case_39_website_development,final_results/runs/open_source__mistral__rag/case_39_website_development/run_01.puml,dataset/case_39_website_development/diagram.puml,sentence-transformers/all-MiniLM-L6-v2,0.800000,0.480000,"[""Available departments"",""Career opportunities"",""Employment/Internship application form"",""History of the firm"",""Homepage"",""News/blog"",""Photos"",""Updates"",""Verification"",""Display Projects"",""Walk-through""]","[""ApplicationForm"",""CareerOpportunities"",""Homepage"",""JobApplications"",""NavigationBar"",""Photos"",""Projects"",""Updates"",""Videos""]","[{""ground_truth_state"":""Career opportunities"",""candidate_state"":""CareerOpportunities"",""ground_truth_normalized"":""career opportunities"",""candidate_normalized"":""career opportunities"",""similarity"":1.0,""match_type"":""exact_normalized""},{""ground_truth_state"":""Employment/Internship application form"",""candidate_state"":""JobApplications"",""ground_truth_normalized"":""employment/internship application form"",""candidate_normalized"":""job applications"",""similarity"":0.595507,""match_type"":""relaxed""},{""ground_truth_state"":""Homepage"",""candidate_state"":""Homepage"",""ground_truth_normalized"":""homepage"",""candidate_normalized"":""homepage"",""similarity"":1.0,""match_type"":""exact_normalized""},{""ground_truth_state"":""Photos"",""candidate_state"":""Photos"",""ground_truth_normalized"":""photos"",""candidate_normalized"":""photos"",""similarity"":1.0,""match_type"":""exact_normalized""},{""ground_truth_state"":""Updates"",""candidate_state"":""Updates"",""ground_truth_normalized"":""updates"",""candidate_normalized"":""updates"",""similarity"":1.0,""match_type"":""exact_normalized""},{""ground_truth_state"":""Display Projects"",""candidate_state"":""Projects"",""ground_truth_normalized"":""view projects"",""candidate_normalized"":""projects"",""similarity"":0.674986,""match_type"":""relaxed_lexical""}]","[""Available departments"",""History of the firm"",""News/blog"",""Verification"",""Walk-through""]","[""ApplicationForm"",""NavigationBar"",""Videos""]",11,9,6,5,3,0.666667,0.545455,0.6
Mistral,syntax_grounded_repair,case_39_website_development,final_results/runs/open_source__mistral__rag_validation_generator_critic_repair__syntax_grounded/case_39_website_development/run_01.puml,dataset/case_39_website_development/diagram.puml,sentence-transformers/all-MiniLM-L6-v2,0.800000,0.480000,"[""Available departments"",""Career opportunities"",""Employment/Internship application form"",""History of the firm"",""Homepage"",""News/blog"",""Photos"",""Updates"",""Verification"",""Display Projects"",""Walk-through""]","[""ApplicationForm"",""CareerOpportunities"",""Homepage"",""JobApplications"",""NavigationBar"",""Photos"",""Projects"",""TerminalState"",""Updates"",""Videos""]","[{""ground_truth_state"":""Career opportunities"",""candidate_state"":""CareerOpportunities"",""ground_truth_normalized"":""career opportunities"",""candidate_normalized"":""career opportunities"",""similarity"":1.0,""match_type"":""exact_normalized""},{""ground_truth_state"":""Employment/Internship application form"",""candidate_state"":""JobApplications"",""ground_truth_normalized"":""employment/internship application form"",""candidate_normalized"":""job applications"",""similarity"":0.595507,""match_type"":""relaxed""},{""ground_truth_state"":""Homepage"",""candidate_state"":""Homepage"",""ground_truth_normalized"":""homepage"",""candidate_normalized"":""homepage"",""similarity"":1.0,""match_type"":""exact_normalized""},{""ground_truth_state"":""Photos"",""candidate_state"":""Photos"",""ground_truth_normalized"":""photos"",""candidate_normalized"":""photos"",""similarity"":1.0,""match_type"":""exact_normalized""},{""ground_truth_state"":""Updates"",""candidate_state"":""Updates"",""ground_truth_normalized"":""updates"",""candidate_normalized"":""updates"",""similarity"":1.0,""match_type"":""exact_normalized""},{""ground_truth_state"":""Display Projects"",""candidate_state"":""Projects"",""ground_truth_normalized"":""view projects"",""candidate_normalized"":""projects"",""similarity"":0.674986,""match_type"":""relaxed_lexical""}]","[""Available departments"",""History of the firm"",""News/blog"",""Verification"",""Walk-through""]","[""ApplicationForm"",""NavigationBar"",""TerminalState"",""Videos""]",11,10,6,5,4,0.6,0.545455,0.571429
Qwen_2.5_7B,baseline_repair,case_39_website_development,final_results/runs/open_source__qwen25_7b_instruct__rag_validation_generator_critic_repair/case_39_website_development/run_01.puml,dataset/case_39_website_development/diagram.puml,sentence-transformers/all-MiniLM-L6-v2,0.800000,0.480000,"[""Available departments"",""Career opportunities"",""Employment/Internship application form"",""History of the firm"",""Homepage"",""News/blog"",""Photos"",""Updates"",""Verification"",""Display Projects"",""Walk-through""]","[""ApplicationForm"",""CareerOpopportunitiesReview"",""CareerOpportunities"",""CareerOpportunitiesReview"",""HomePage"",""NavigationBar"",""Projects"",""ViewPhotos"",""ViewUpdates"",""ViewVideos""]","[{""ground_truth_state"":""Career opportunities"",""candidate_state"":""CareerOpportunities"",""ground_truth_normalized"":""career opportunities"",""candidate_normalized"":""career opportunities"",""similarity"":1.0,""match_type"":""exact_normalized""},{""ground_truth_state"":""Employment/Internship application form"",""candidate_state"":""ApplicationForm"",""ground_truth_normalized"":""employment/internship application form"",""candidate_normalized"":""application"",""similarity"":0.439868,""match_type"":""relaxed_lexical""},{""ground_truth_state"":""Homepage"",""candidate_state"":""HomePage"",""ground_truth_normalized"":""homepage"",""candidate_normalized"":""home page"",""similarity"":0.958927,""match_type"":""strict""},{""ground_truth_state"":""Photos"",""candidate_state"":""ViewPhotos"",""ground_truth_normalized"":""photos"",""candidate_normalized"":""view photos"",""similarity"":0.67181,""match_type"":""relaxed_lexical""},{""ground_truth_state"":""Updates"",""candidate_state"":""ViewUpdates"",""ground_truth_normalized"":""updates"",""candidate_normalized"":""view updates"",""similarity"":0.677468,""match_type"":""relaxed_lexical""},{""ground_truth_state"":""Display Projects"",""candidate_state"":""Projects"",""ground_truth_normalized"":""view projects"",""candidate_normalized"":""projects"",""similarity"":0.674986,""match_type"":""relaxed_lexical""}]","[""Available departments"",""History of the firm"",""News/blog"",""Verification"",""Walk-through""]","[""CareerOpopportunitiesReview"",""CareerOpportunitiesReview"",""NavigationBar"",""ViewVideos""]",11,10,6,5,4,0.6,0.545455,0.571429
Qwen_2.5_7B,rag,case_39_website_development,final_results/runs/open_source__qwen25_7b_instruct__rag/case_39_website_development/run_01.puml,dataset/case_39_website_development/diagram.puml,sentence-transformers/all-MiniLM-L6-v2,0.800000,0.480000,"[""Available departments"",""Career opportunities"",""Employment/Internship application form"",""History of the firm"",""Homepage"",""News/blog"",""Photos"",""Updates"",""Verification"",""Display Projects"",""Walk-through""]","[""ApplicationForm"",""CareerOpportunities"",""CareerOpportunitiesReview"",""HomePage"",""NavigationBar"",""Projects"",""ViewPhotos"",""ViewUpdates"",""ViewVideos""]","[{""ground_truth_state"":""Career opportunities"",""candidate_state"":""CareerOpportunities"",""ground_truth_normalized"":""career opportunities"",""candidate_normalized"":""career opportunities"",""similarity"":1.0,""match_type"":""exact_normalized""},{""ground_truth_state"":""Employment/Internship application form"",""candidate_state"":""ApplicationForm"",""ground_truth_normalized"":""employment/internship application form"",""candidate_normalized"":""application"",""similarity"":0.439868,""match_type"":""relaxed_lexical""},{""ground_truth_state"":""Homepage"",""candidate_state"":""HomePage"",""ground_truth_normalized"":""homepage"",""candidate_normalized"":""home page"",""similarity"":0.958927,""match_type"":""strict""},{""ground_truth_state"":""Photos"",""candidate_state"":""ViewPhotos"",""ground_truth_normalized"":""photos"",""candidate_normalized"":""view photos"",""similarity"":0.67181,""match_type"":""relaxed_lexical""},{""ground_truth_state"":""Updates"",""candidate_state"":""ViewUpdates"",""ground_truth_normalized"":""updates"",""candidate_normalized"":""view updates"",""similarity"":0.677468,""match_type"":""relaxed_lexical""},{""ground_truth_state"":""Display Projects"",""candidate_state"":""Projects"",""ground_truth_normalized"":""view projects"",""candidate_normalized"":""projects"",""similarity"":0.674986,""match_type"":""relaxed_lexical""}]","[""Available departments"",""History of the firm"",""News/blog"",""Verification"",""Walk-through""]","[""CareerOpportunitiesReview"",""NavigationBar"",""ViewVideos""]",11,9,6,5,3,0.666667,0.545455,0.6
Qwen_2.5_7B,syntax_grounded_repair,case_39_website_development,final_results/runs/open_source__qwen25_7b_instruct__rag_validation_generator_critic_repair__syntax_grounded_no_rules_original_rag/case_39_website_development/run_01.puml,dataset/case_39_website_development/diagram.puml,sentence-transformers/all-MiniLM-L6-v2,0.800000,0.480000,"[""Available departments"",""Career opportunities"",""Employment/Internship application form"",""History of the firm"",""Homepage"",""News/blog"",""Photos"",""Updates"",""Verification"",""Display Projects"",""Walk-through""]","[""ApplicationForm"",""CareerOpportunities"",""CareerOpportunitiesReview"",""HomePage"",""NavigationBar"",""Projects"",""ViewPhotos"",""ViewUpdates"",""ViewVideos""]","[{""ground_truth_state"":""Career opportunities"",""candidate_state"":""CareerOpportunities"",""ground_truth_normalized"":""career opportunities"",""candidate_normalized"":""career opportunities"",""similarity"":1.0,""match_type"":""exact_normalized""},{""ground_truth_state"":""Employment/Internship application form"",""candidate_state"":""ApplicationForm"",""ground_truth_normalized"":""employment/internship application form"",""candidate_normalized"":""application"",""similarity"":0.439868,""match_type"":""relaxed_lexical""},{""ground_truth_state"":""Homepage"",""candidate_state"":""HomePage"",""ground_truth_normalized"":""homepage"",""candidate_normalized"":""home page"",""similarity"":0.958927,""match_type"":""strict""},{""ground_truth_state"":""Photos"",""candidate_state"":""ViewPhotos"",""ground_truth_normalized"":""photos"",""candidate_normalized"":""view photos"",""similarity"":0.67181,""match_type"":""relaxed_lexical""},{""ground_truth_state"":""Updates"",""candidate_state"":""ViewUpdates"",""ground_truth_normalized"":""updates"",""candidate_normalized"":""view updates"",""similarity"":0.677468,""match_type"":""relaxed_lexical""},{""ground_truth_state"":""Display Projects"",""candidate_state"":""Projects"",""ground_truth_normalized"":""view projects"",""candidate_normalized"":""projects"",""similarity"":0.674986,""match_type"":""relaxed_lexical""}]","[""Available departments"",""History of the firm"",""News/blog"",""Verification"",""Walk-through""]","[""CareerOpportunitiesReview"",""NavigationBar"",""ViewVideos""]",11,9,6,5,3,0.666667,0.545455,0.6
DeepSeek_R1_14B,baseline_repair,case_41_video_suggestion_system,final_results/runs/open_source__deepseek_r1_14b__few_shot_validation_generator_critic_repair/case_41_video_suggestion_system/run_01.puml,dataset/case_41_video_suggestion_system/diagram.puml,sentence-transformers/all-MiniLM-L6-v2,0.800000,0.480000,"[""Other Videos watched by similar users"",""Paid Promotion Videos"",""Request Suggestion"",""Retrieve Other Attributes of videos"",""Retrieve Unique Id"",""Similar Genre Videos"",""Similar Tag Videos"",""Suggest Videos"",""Trending Videos""]","[""Add video details"",""Gather suggested videos"",""Send suggestions"",""User identification"",""User suggestion request""]","[{""ground_truth_state"":""Request Suggestion"",""candidate_state"":""User suggestion request"",""ground_truth_normalized"":""request suggestion"",""candidate_normalized"":""user suggestion request"",""similarity"":0.830367,""match_type"":""strict""},{""ground_truth_state"":""Retrieve Other Attributes of videos"",""candidate_state"":""Add video details"",""ground_truth_normalized"":""retrieve other attributes of videos"",""candidate_normalized"":""add video details"",""similarity"":0.591422,""match_type"":""relaxed""},{""ground_truth_state"":""Suggest Videos"",""candidate_state"":""Gather suggested videos"",""ground_truth_normalized"":""suggest videos"",""candidate_normalized"":""gather suggested videos"",""similarity"":0.766994,""match_type"":""relaxed""}]","[""Other Videos watched by similar users"",""Paid Promotion Videos"",""Retrieve Unique Id"",""Similar Genre Videos"",""Similar Tag Videos"",""Trending Videos""]","[""Send suggestions"",""User identification""]",9,5,3,6,2,0.6,0.333333,0.428571
DeepSeek_R1_14B,few_shot,case_41_video_suggestion_system,final_results/runs/open_source__deepseek_r1_14b__few_shot/case_41_video_suggestion_system/run_01.puml,dataset/case_41_video_suggestion_system/diagram.puml,sentence-transformers/all-MiniLM-L6-v2,0.800000,0.480000,"[""Other Videos watched by similar users"",""Paid Promotion Videos"",""Request Suggestion"",""Retrieve Other Attributes of videos"",""Retrieve Unique Id"",""Similar Genre Videos"",""Similar Tag Videos"",""Suggest Videos"",""Trending Videos""]","[""Add video details"",""Gather suggested videos"",""Send suggestions"",""User identification"",""User suggestion request""]","[{""ground_truth_state"":""Request Suggestion"",""candidate_state"":""User suggestion request"",""ground_truth_normalized"":""request suggestion"",""candidate_normalized"":""user suggestion request"",""similarity"":0.830367,""match_type"":""strict""},{""ground_truth_state"":""Retrieve Other Attributes of videos"",""candidate_state"":""Add video details"",""ground_truth_normalized"":""retrieve other attributes of videos"",""candidate_normalized"":""add video details"",""similarity"":0.591422,""match_type"":""relaxed""},{""ground_truth_state"":""Suggest Videos"",""candidate_state"":""Gather suggested videos"",""ground_truth_normalized"":""suggest videos"",""candidate_normalized"":""gather suggested videos"",""similarity"":0.766994,""match_type"":""relaxed""}]","[""Other Videos watched by similar users"",""Paid Promotion Videos"",""Retrieve Unique Id"",""Similar Genre Videos"",""Similar Tag Videos"",""Trending Videos""]","[""Send suggestions"",""User identification""]",9,5,3,6,2,0.6,0.333333,0.428571
DeepSeek_R1_14B,syntax_grounded_repair,case_41_video_suggestion_system,final_results/runs/open_source__deepseek_r1_14b__few_shot_validation_generator_critic_repair__syntax_grounded_no_rules/case_41_video_suggestion_system/run_01.puml,dataset/case_41_video_suggestion_system/diagram.puml,sentence-transformers/all-MiniLM-L6-v2,0.800000,0.480000,"[""Other Videos watched by similar users"",""Paid Promotion Videos"",""Request Suggestion"",""Retrieve Other Attributes of videos"",""Retrieve Unique Id"",""Similar Genre Videos"",""Similar Tag Videos"",""Suggest Videos"",""Trending Videos""]","[""Add video details"",""Gather suggested videos"",""Send suggestions"",""User identification"",""User suggestion request""]","[{""ground_truth_state"":""Request Suggestion"",""candidate_state"":""User suggestion request"",""ground_truth_normalized"":""request suggestion"",""candidate_normalized"":""user suggestion request"",""similarity"":0.830367,""match_type"":""strict""},{""ground_truth_state"":""Retrieve Other Attributes of videos"",""candidate_state"":""Add video details"",""ground_truth_normalized"":""retrieve other attributes of videos"",""candidate_normalized"":""add video details"",""similarity"":0.591422,""match_type"":""relaxed""},{""ground_truth_state"":""Suggest Videos"",""candidate_state"":""Gather suggested videos"",""ground_truth_normalized"":""suggest videos"",""candidate_normalized"":""gather suggested videos"",""similarity"":0.766994,""match_type"":""relaxed""}]","[""Other Videos watched by similar users"",""Paid Promotion Videos"",""Retrieve Unique Id"",""Similar Genre Videos"",""Similar Tag Videos"",""Trending Videos""]","[""Send suggestions"",""User identification""]",9,5,3,6,2,0.6,0.333333,0.428571
Llama_3.1_8B,baseline_repair,case_41_video_suggestion_system,final_results/runs/open_source__llama31_8b_instruct__few_shot_validation_generator_critic_repair/case_41_video_suggestion_system/run_01.puml,dataset/case_41_video_suggestion_system/diagram.puml,sentence-transformers/all-MiniLM-L6-v2,0.800000,0.480000,"[""Other Videos watched by similar users"",""Paid Promotion Videos"",""Request Suggestion"",""Retrieve Other Attributes of videos"",""Retrieve Unique Id"",""Similar Genre Videos"",""Similar Tag Videos"",""Suggest Videos"",""Trending Videos""]","[""Adding Details"",""Gathering Videos"",""Identifying User"",""Idle"",""Promoted Videos"",""Receiving Request"",""Sending Suggestions"",""Similar Videos"",""Trending Videos"",""User Preferences"",""User Profile""]","[{""ground_truth_state"":""Paid Promotion Videos"",""candidate_state"":""Promoted Videos"",""ground_truth_normalized"":""payment promotion videos"",""candidate_normalized"":""promoted videos"",""similarity"":0.72948,""match_type"":""relaxed""},{""ground_truth_state"":""Request Suggestion"",""candidate_state"":""Receiving Request"",""ground_truth_normalized"":""request suggestion"",""candidate_normalized"":""receiving request"",""similarity"":0.61137,""match_type"":""relaxed""},{""ground_truth_state"":""Similar Genre Videos"",""candidate_state"":""Similar Videos"",""ground_truth_normalized"":""similar genre videos"",""candidate_normalized"":""similar videos"",""similarity"":0.812945,""match_type"":""strict""},{""ground_truth_state"":""Suggest Videos"",""candidate_state"":""Gathering Videos"",""ground_truth_normalized"":""suggest videos"",""candidate_normalized"":""gathering videos"",""similarity"":0.61407,""match_type"":""relaxed""},{""ground_truth_state"":""Trending Videos"",""candidate_state"":""Trending Videos"",""ground_truth_normalized"":""trending videos"",""candidate_normalized"":""trending videos"",""similarity"":1.0,""match_type"":""exact_normalized""}]","[""Other Videos watched by similar users"",""Retrieve Other Attributes of videos"",""Retrieve Unique Id"",""Similar Tag Videos""]","[""Adding Details"",""Identifying User"",""Idle"",""Sending Suggestions"",""User Preferences"",""User Profile""]",9,11,5,4,6,0.454545,0.555556,0.5
Llama_3.1_8B,few_shot,case_41_video_suggestion_system,final_results/runs/open_source__llama31_8b_instruct__few_shot/case_41_video_suggestion_system/run_01.puml,dataset/case_41_video_suggestion_system/diagram.puml,sentence-transformers/all-MiniLM-L6-v2,0.800000,0.480000,"[""Other Videos watched by similar users"",""Paid Promotion Videos"",""Request Suggestion"",""Retrieve Other Attributes of videos"",""Retrieve Unique Id"",""Similar Genre Videos"",""Similar Tag Videos"",""Suggest Videos"",""Trending Videos""]","[""Adding Details"",""Gathering Videos"",""Identifying User"",""Idle"",""Promoted Videos"",""Receiving Request"",""Sending Suggestions"",""Similar Videos"",""Trending Videos"",""User Preferences"",""User Profile""]","[{""ground_truth_state"":""Paid Promotion Videos"",""candidate_state"":""Promoted Videos"",""ground_truth_normalized"":""payment promotion videos"",""candidate_normalized"":""promoted videos"",""similarity"":0.72948,""match_type"":""relaxed""},{""ground_truth_state"":""Request Suggestion"",""candidate_state"":""Receiving Request"",""ground_truth_normalized"":""request suggestion"",""candidate_normalized"":""receiving request"",""similarity"":0.61137,""match_type"":""relaxed""},{""ground_truth_state"":""Similar Genre Videos"",""candidate_state"":""Similar Videos"",""ground_truth_normalized"":""similar genre videos"",""candidate_normalized"":""similar videos"",""similarity"":0.812945,""match_type"":""strict""},{""ground_truth_state"":""Suggest Videos"",""candidate_state"":""Gathering Videos"",""ground_truth_normalized"":""suggest videos"",""candidate_normalized"":""gathering videos"",""similarity"":0.61407,""match_type"":""relaxed""},{""ground_truth_state"":""Trending Videos"",""candidate_state"":""Trending Videos"",""ground_truth_normalized"":""trending videos"",""candidate_normalized"":""trending videos"",""similarity"":1.0,""match_type"":""exact_normalized""}]","[""Other Videos watched by similar users"",""Retrieve Other Attributes of videos"",""Retrieve Unique Id"",""Similar Tag Videos""]","[""Adding Details"",""Identifying User"",""Idle"",""Sending Suggestions"",""User Preferences"",""User Profile""]",9,11,5,4,6,0.454545,0.555556,0.5
Llama_3.1_8B,syntax_grounded_repair,case_41_video_suggestion_system,final_results/runs/open_source__llama31_8b_instruct__few_shot_validation_generator_critic_repair__syntax_grounded/case_41_video_suggestion_system/run_01.puml,dataset/case_41_video_suggestion_system/diagram.puml,sentence-transformers/all-MiniLM-L6-v2,0.800000,0.480000,"[""Other Videos watched by similar users"",""Paid Promotion Videos"",""Request Suggestion"",""Retrieve Other Attributes of videos"",""Retrieve Unique Id"",""Similar Genre Videos"",""Similar Tag Videos"",""Suggest Videos"",""Trending Videos""]","[""Adding Details"",""Gathering Videos"",""Identifying User"",""Idle"",""Promoted Videos"",""Receiving Request"",""Sending Suggestions"",""Similar Videos"",""Trending Videos"",""User Preferences"",""User Profile""]","[{""ground_truth_state"":""Paid Promotion Videos"",""candidate_state"":""Promoted Videos"",""ground_truth_normalized"":""payment promotion videos"",""candidate_normalized"":""promoted videos"",""similarity"":0.72948,""match_type"":""relaxed""},{""ground_truth_state"":""Request Suggestion"",""candidate_state"":""Receiving Request"",""ground_truth_normalized"":""request suggestion"",""candidate_normalized"":""receiving request"",""similarity"":0.61137,""match_type"":""relaxed""},{""ground_truth_state"":""Similar Genre Videos"",""candidate_state"":""Similar Videos"",""ground_truth_normalized"":""similar genre videos"",""candidate_normalized"":""similar videos"",""similarity"":0.812945,""match_type"":""strict""},{""ground_truth_state"":""Suggest Videos"",""candidate_state"":""Gathering Videos"",""ground_truth_normalized"":""suggest videos"",""candidate_normalized"":""gathering videos"",""similarity"":0.61407,""match_type"":""relaxed""},{""ground_truth_state"":""Trending Videos"",""candidate_state"":""Trending Videos"",""ground_truth_normalized"":""trending videos"",""candidate_normalized"":""trending videos"",""similarity"":1.0,""match_type"":""exact_normalized""}]","[""Other Videos watched by similar users"",""Retrieve Other Attributes of videos"",""Retrieve Unique Id"",""Similar Tag Videos""]","[""Adding Details"",""Identifying User"",""Idle"",""Sending Suggestions"",""User Preferences"",""User Profile""]",9,11,5,4,6,0.454545,0.555556,0.5
Mistral,baseline_repair,case_41_video_suggestion_system,final_results/runs/open_source__mistral__rag_validation_generator_critic_repair/case_41_video_suggestion_system/run_01.puml,dataset/case_41_video_suggestion_system/diagram.puml,sentence-transformers/all-MiniLM-L6-v2,0.800000,0.480000,"[""Other Videos watched by similar users"",""Paid Promotion Videos"",""Request Suggestion"",""Retrieve Other Attributes of videos"",""Retrieve Unique Id"",""Similar Genre Videos"",""Similar Tag Videos"",""Suggest Videos"",""Trending Videos""]","[""AddDetails"",""GatherVideos"",""IdentifyUser"",""SendSuggestions"",""UserRequest""]","[{""ground_truth_state"":""Request Suggestion"",""candidate_state"":""UserRequest"",""ground_truth_normalized"":""request suggestion"",""candidate_normalized"":""user request"",""similarity"":0.687282,""match_type"":""relaxed""},{""ground_truth_state"":""Suggest Videos"",""candidate_state"":""GatherVideos"",""ground_truth_normalized"":""suggest videos"",""candidate_normalized"":""gather videos"",""similarity"":0.558923,""match_type"":""relaxed""}]","[""Other Videos watched by similar users"",""Paid Promotion Videos"",""Retrieve Other Attributes of videos"",""Retrieve Unique Id"",""Similar Genre Videos"",""Similar Tag Videos"",""Trending Videos""]","[""AddDetails"",""IdentifyUser"",""SendSuggestions""]",9,5,2,7,3,0.4,0.222222,0.285714
Mistral,rag,case_41_video_suggestion_system,final_results/runs/open_source__mistral__rag/case_41_video_suggestion_system/run_01.puml,dataset/case_41_video_suggestion_system/diagram.puml,sentence-transformers/all-MiniLM-L6-v2,0.800000,0.480000,"[""Other Videos watched by similar users"",""Paid Promotion Videos"",""Request Suggestion"",""Retrieve Other Attributes of videos"",""Retrieve Unique Id"",""Similar Genre Videos"",""Similar Tag Videos"",""Suggest Videos"",""Trending Videos""]","[""AddDetails"",""GatherVideos"",""IdentifyUser"",""SendSuggestions"",""UserRequest""]","[{""ground_truth_state"":""Request Suggestion"",""candidate_state"":""UserRequest"",""ground_truth_normalized"":""request suggestion"",""candidate_normalized"":""user request"",""similarity"":0.687282,""match_type"":""relaxed""},{""ground_truth_state"":""Suggest Videos"",""candidate_state"":""GatherVideos"",""ground_truth_normalized"":""suggest videos"",""candidate_normalized"":""gather videos"",""similarity"":0.558923,""match_type"":""relaxed""}]","[""Other Videos watched by similar users"",""Paid Promotion Videos"",""Retrieve Other Attributes of videos"",""Retrieve Unique Id"",""Similar Genre Videos"",""Similar Tag Videos"",""Trending Videos""]","[""AddDetails"",""IdentifyUser"",""SendSuggestions""]",9,5,2,7,3,0.4,0.222222,0.285714
Mistral,syntax_grounded_repair,case_41_video_suggestion_system,final_results/runs/open_source__mistral__rag_validation_generator_critic_repair__syntax_grounded/case_41_video_suggestion_system/run_01.puml,dataset/case_41_video_suggestion_system/diagram.puml,sentence-transformers/all-MiniLM-L6-v2,0.800000,0.480000,"[""Other Videos watched by similar users"",""Paid Promotion Videos"",""Request Suggestion"",""Retrieve Other Attributes of videos"",""Retrieve Unique Id"",""Similar Genre Videos"",""Similar Tag Videos"",""Suggest Videos"",""Trending Videos""]","[""AddDetails"",""GatherVideos"",""IdentifyUser"",""SendSuggestions"",""UserRequest""]","[{""ground_truth_state"":""Request Suggestion"",""candidate_state"":""UserRequest"",""ground_truth_normalized"":""request suggestion"",""candidate_normalized"":""user request"",""similarity"":0.687282,""match_type"":""relaxed""},{""ground_truth_state"":""Suggest Videos"",""candidate_state"":""GatherVideos"",""ground_truth_normalized"":""suggest videos"",""candidate_normalized"":""gather videos"",""similarity"":0.558923,""match_type"":""relaxed""}]","[""Other Videos watched by similar users"",""Paid Promotion Videos"",""Retrieve Other Attributes of videos"",""Retrieve Unique Id"",""Similar Genre Videos"",""Similar Tag Videos"",""Trending Videos""]","[""AddDetails"",""IdentifyUser"",""SendSuggestions""]",9,5,2,7,3,0.4,0.222222,0.285714
Qwen_2.5_7B,baseline_repair,case_41_video_suggestion_system,final_results/runs/open_source__qwen25_7b_instruct__rag_validation_generator_critic_repair/case_41_video_suggestion_system/run_01.puml,dataset/case_41_video_suggestion_system/diagram.puml,sentence-transformers/all-MiniLM-L6-v2,0.800000,0.480000,"[""Other Videos watched by similar users"",""Paid Promotion Videos"",""Request Suggestion"",""Retrieve Other Attributes of videos"",""Retrieve Unique Id"",""Similar Genre Videos"",""Similar Tag Videos"",""Suggest Videos"",""Trending Videos""]","[""UserDelivery"",""UserRequest"",""VideoCollection"",""VideoDetails""]","[{""ground_truth_state"":""Request Suggestion"",""candidate_state"":""UserRequest"",""ground_truth_normalized"":""request suggestion"",""candidate_normalized"":""user request"",""similarity"":0.687282,""match_type"":""relaxed""},{""ground_truth_state"":""Suggest Videos"",""candidate_state"":""VideoCollection"",""ground_truth_normalized"":""suggest videos"",""candidate_normalized"":""video collection"",""similarity"":0.592197,""match_type"":""relaxed""}]","[""Other Videos watched by similar users"",""Paid Promotion Videos"",""Retrieve Other Attributes of videos"",""Retrieve Unique Id"",""Similar Genre Videos"",""Similar Tag Videos"",""Trending Videos""]","[""UserDelivery"",""VideoDetails""]",9,4,2,7,2,0.5,0.222222,0.307692
Qwen_2.5_7B,rag,case_41_video_suggestion_system,final_results/runs/open_source__qwen25_7b_instruct__rag/case_41_video_suggestion_system/run_01.puml,dataset/case_41_video_suggestion_system/diagram.puml,sentence-transformers/all-MiniLM-L6-v2,0.800000,0.480000,"[""Other Videos watched by similar users"",""Paid Promotion Videos"",""Request Suggestion"",""Retrieve Other Attributes of videos"",""Retrieve Unique Id"",""Similar Genre Videos"",""Similar Tag Videos"",""Suggest Videos"",""Trending Videos""]","[""UserDelivery"",""UserRequest"",""VideoCollection"",""VideoDetails""]","[{""ground_truth_state"":""Request Suggestion"",""candidate_state"":""UserRequest"",""ground_truth_normalized"":""request suggestion"",""candidate_normalized"":""user request"",""similarity"":0.687282,""match_type"":""relaxed""},{""ground_truth_state"":""Suggest Videos"",""candidate_state"":""VideoCollection"",""ground_truth_normalized"":""suggest videos"",""candidate_normalized"":""video collection"",""similarity"":0.592197,""match_type"":""relaxed""}]","[""Other Videos watched by similar users"",""Paid Promotion Videos"",""Retrieve Other Attributes of videos"",""Retrieve Unique Id"",""Similar Genre Videos"",""Similar Tag Videos"",""Trending Videos""]","[""UserDelivery"",""VideoDetails""]",9,4,2,7,2,0.5,0.222222,0.307692
Qwen_2.5_7B,syntax_grounded_repair,case_41_video_suggestion_system,final_results/runs/open_source__qwen25_7b_instruct__rag_validation_generator_critic_repair__syntax_grounded_no_rules_original_rag/case_41_video_suggestion_system/run_01.puml,dataset/case_41_video_suggestion_system/diagram.puml,sentence-transformers/all-MiniLM-L6-v2,0.800000,0.480000,"[""Other Videos watched by similar users"",""Paid Promotion Videos"",""Request Suggestion"",""Retrieve Other Attributes of videos"",""Retrieve Unique Id"",""Similar Genre Videos"",""Similar Tag Videos"",""Suggest Videos"",""Trending Videos""]","[""UserDelivery"",""UserRequest"",""VideoCollection"",""VideoDetails""]","[{""ground_truth_state"":""Request Suggestion"",""candidate_state"":""UserRequest"",""ground_truth_normalized"":""request suggestion"",""candidate_normalized"":""user request"",""similarity"":0.687282,""match_type"":""relaxed""},{""ground_truth_state"":""Suggest Videos"",""candidate_state"":""VideoCollection"",""ground_truth_normalized"":""suggest videos"",""candidate_normalized"":""video collection"",""similarity"":0.592197,""match_type"":""relaxed""}]","[""Other Videos watched by similar users"",""Paid Promotion Videos"",""Retrieve Other Attributes of videos"",""Retrieve Unique Id"",""Similar Genre Videos"",""Similar Tag Videos"",""Trending Videos""]","[""UserDelivery"",""VideoDetails""]",9,4,2,7,2,0.5,0.222222,0.307692
DeepSeek_R1_14B,baseline_repair,case_45_alarm_clock,final_results/runs/open_source__deepseek_r1_14b__few_shot_validation_generator_critic_repair/case_45_alarm_clock/run_01.puml,dataset/case_45_alarm_clock/diagram.puml,sentence-transformers/all-MiniLM-L6-v2,0.800000,0.480000,"[""Prepared"",""Ringing"",""Unprepared""]","[""Alarm Set"",""Off"",""Ringing""]","[{""ground_truth_state"":""Ringing"",""candidate_state"":""Ringing"",""ground_truth_normalized"":""ringing"",""candidate_normalized"":""ringing"",""similarity"":1.0,""match_type"":""exact_normalized""}]","[""Prepared"",""Unprepared""]","[""Alarm Set"",""Off""]",3,3,1,2,2,0.333333,0.333333,0.333333
DeepSeek_R1_14B,few_shot,case_45_alarm_clock,final_results/runs/open_source__deepseek_r1_14b__few_shot/case_45_alarm_clock/run_01.puml,dataset/case_45_alarm_clock/diagram.puml,sentence-transformers/all-MiniLM-L6-v2,0.800000,0.480000,"[""Prepared"",""Ringing"",""Unprepared""]","[""Alarm Set"",""Off"",""Ringing""]","[{""ground_truth_state"":""Ringing"",""candidate_state"":""Ringing"",""ground_truth_normalized"":""ringing"",""candidate_normalized"":""ringing"",""similarity"":1.0,""match_type"":""exact_normalized""}]","[""Prepared"",""Unprepared""]","[""Alarm Set"",""Off""]",3,3,1,2,2,0.333333,0.333333,0.333333
DeepSeek_R1_14B,syntax_grounded_repair,case_45_alarm_clock,final_results/runs/open_source__deepseek_r1_14b__few_shot_validation_generator_critic_repair__syntax_grounded_no_rules/case_45_alarm_clock/run_01.puml,dataset/case_45_alarm_clock/diagram.puml,sentence-transformers/all-MiniLM-L6-v2,0.800000,0.480000,"[""Prepared"",""Ringing"",""Unprepared""]","[""Alarm Set"",""Off"",""Ringing""]","[{""ground_truth_state"":""Ringing"",""candidate_state"":""Ringing"",""ground_truth_normalized"":""ringing"",""candidate_normalized"":""ringing"",""similarity"":1.0,""match_type"":""exact_normalized""}]","[""Prepared"",""Unprepared""]","[""Alarm Set"",""Off""]",3,3,1,2,2,0.333333,0.333333,0.333333
Llama_3.1_8B,baseline_repair,case_45_alarm_clock,final_results/runs/open_source__llama31_8b_instruct__few_shot_validation_generator_critic_repair/case_45_alarm_clock/run_01.puml,dataset/case_45_alarm_clock/diagram.puml,sentence-transformers/all-MiniLM-L6-v2,0.800000,0.480000,"[""Prepared"",""Ringing"",""Unprepared""]","[""Activated"",""Off"",""Stopped""]",[],"[""Prepared"",""Ringing"",""Unprepared""]","[""Activated"",""Off"",""Stopped""]",3,3,0,3,3,0.0,0.0,0.0
Llama_3.1_8B,few_shot,case_45_alarm_clock,final_results/runs/open_source__llama31_8b_instruct__few_shot/case_45_alarm_clock/run_01.puml,dataset/case_45_alarm_clock/diagram.puml,sentence-transformers/all-MiniLM-L6-v2,0.800000,0.480000,"[""Prepared"",""Ringing"",""Unprepared""]","[""Activated"",""Off"",""Stopped""]",[],"[""Prepared"",""Ringing"",""Unprepared""]","[""Activated"",""Off"",""Stopped""]",3,3,0,3,3,0.0,0.0,0.0
Llama_3.1_8B,syntax_grounded_repair,case_45_alarm_clock,final_results/runs/open_source__llama31_8b_instruct__few_shot_validation_generator_critic_repair__syntax_grounded/case_45_alarm_clock/run_01.puml,dataset/case_45_alarm_clock/diagram.puml,sentence-transformers/all-MiniLM-L6-v2,0.800000,0.480000,"[""Prepared"",""Ringing"",""Unprepared""]","[""Activated"",""Off"",""Stopped""]",[],"[""Prepared"",""Ringing"",""Unprepared""]","[""Activated"",""Off"",""Stopped""]",3,3,0,3,3,0.0,0.0,0.0
Mistral,baseline_repair,case_45_alarm_clock,final_results/runs/open_source__mistral__rag_validation_generator_critic_repair/case_45_alarm_clock/run_01.puml,dataset/case_45_alarm_clock/diagram.puml,sentence-transformers/all-MiniLM-L6-v2,0.800000,0.480000,"[""Prepared"",""Ringing"",""Unprepared""]","[""ActiveAlarm"",""NextScheduledAlarm"",""Off"",""Ringing"",""SetAlarmTime"",""StartRinging"",""Stopped"",""StoppedByUser""]","[{""ground_truth_state"":""Ringing"",""candidate_state"":""Ringing"",""ground_truth_normalized"":""ringing"",""candidate_normalized"":""ringing"",""similarity"":1.0,""match_type"":""exact_normalized""}]","[""Prepared"",""Unprepared""]","[""ActiveAlarm"",""NextScheduledAlarm"",""Off"",""SetAlarmTime"",""StartRinging"",""Stopped"",""StoppedByUser""]",3,8,1,2,7,0.125,0.333333,0.181818
Mistral,rag,case_45_alarm_clock,final_results/runs/open_source__mistral__rag/case_45_alarm_clock/run_01.puml,dataset/case_45_alarm_clock/diagram.puml,sentence-transformers/all-MiniLM-L6-v2,0.800000,0.480000,"[""Prepared"",""Ringing"",""Unprepared""]","[""ActiveAlarm"",""NextScheduledAlarm"",""Off"",""Ringing"",""SetAlarmTime"",""StartRinging"",""Stopped"",""StoppedByUser""]","[{""ground_truth_state"":""Ringing"",""candidate_state"":""Ringing"",""ground_truth_normalized"":""ringing"",""candidate_normalized"":""ringing"",""similarity"":1.0,""match_type"":""exact_normalized""}]","[""Prepared"",""Unprepared""]","[""ActiveAlarm"",""NextScheduledAlarm"",""Off"",""SetAlarmTime"",""StartRinging"",""Stopped"",""StoppedByUser""]",3,8,1,2,7,0.125,0.333333,0.181818
Mistral,syntax_grounded_repair,case_45_alarm_clock,final_results/runs/open_source__mistral__rag_validation_generator_critic_repair__syntax_grounded/case_45_alarm_clock/run_01.puml,dataset/case_45_alarm_clock/diagram.puml,sentence-transformers/all-MiniLM-L6-v2,0.800000,0.480000,"[""Prepared"",""Ringing"",""Unprepared""]","[""ActiveAlarm"",""NextScheduledAlarm"",""Off"",""Ringing"",""SetAlarmTime"",""StartRinging"",""Stopped"",""StoppedByUser""]","[{""ground_truth_state"":""Ringing"",""candidate_state"":""Ringing"",""ground_truth_normalized"":""ringing"",""candidate_normalized"":""ringing"",""similarity"":1.0,""match_type"":""exact_normalized""}]","[""Prepared"",""Unprepared""]","[""ActiveAlarm"",""NextScheduledAlarm"",""Off"",""SetAlarmTime"",""StartRinging"",""Stopped"",""StoppedByUser""]",3,8,1,2,7,0.125,0.333333,0.181818
Qwen_2.5_7B,baseline_repair,case_45_alarm_clock,final_results/runs/open_source__qwen25_7b_instruct__rag_validation_generator_critic_repair/case_45_alarm_clock/run_01.puml,dataset/case_45_alarm_clock/diagram.puml,sentence-transformers/all-MiniLM-L6-v2,0.800000,0.480000,"[""Prepared"",""Ringing"",""Unprepared""]","[""AlarmSet"",""Idle"",""Off"",""Ringing"",""SetAlarm"",""Stopped""]","[{""ground_truth_state"":""Ringing"",""candidate_state"":""Ringing"",""ground_truth_normalized"":""ringing"",""candidate_normalized"":""ringing"",""similarity"":1.0,""match_type"":""exact_normalized""}]","[""Prepared"",""Unprepared""]","[""AlarmSet"",""Idle"",""Off"",""SetAlarm"",""Stopped""]",3,6,1,2,5,0.166667,0.333333,0.222222
Qwen_2.5_7B,rag,case_45_alarm_clock,final_results/runs/open_source__qwen25_7b_instruct__rag/case_45_alarm_clock/run_01.puml,dataset/case_45_alarm_clock/diagram.puml,sentence-transformers/all-MiniLM-L6-v2,0.800000,0.480000,"[""Prepared"",""Ringing"",""Unprepared""]","[""AlarmSet"",""Idle"",""Off"",""Ringing"",""SetAlarm"",""Stopped""]","[{""ground_truth_state"":""Ringing"",""candidate_state"":""Ringing"",""ground_truth_normalized"":""ringing"",""candidate_normalized"":""ringing"",""similarity"":1.0,""match_type"":""exact_normalized""}]","[""Prepared"",""Unprepared""]","[""AlarmSet"",""Idle"",""Off"",""SetAlarm"",""Stopped""]",3,6,1,2,5,0.166667,0.333333,0.222222
Qwen_2.5_7B,syntax_grounded_repair,case_45_alarm_clock,final_results/runs/open_source__qwen25_7b_instruct__rag_validation_generator_critic_repair__syntax_grounded_no_rules_original_rag/case_45_alarm_clock/run_01.puml,dataset/case_45_alarm_clock/diagram.puml,sentence-transformers/all-MiniLM-L6-v2,0.800000,0.480000,"[""Prepared"",""Ringing"",""Unprepared""]","[""AlarmSet"",""Idle"",""Off"",""Ringing"",""SetAlarm"",""Stopped""]","[{""ground_truth_state"":""Ringing"",""candidate_state"":""Ringing"",""ground_truth_normalized"":""ringing"",""candidate_normalized"":""ringing"",""similarity"":1.0,""match_type"":""exact_normalized""}]","[""Prepared"",""Unprepared""]","[""AlarmSet"",""Idle"",""Off"",""SetAlarm"",""Stopped""]",3,6,1,2,5,0.166667,0.333333,0.222222
DeepSeek_R1_14B,baseline_repair,case_46_digital_watch,final_results/runs/open_source__deepseek_r1_14b__few_shot_validation_generator_critic_repair/case_46_digital_watch/run_01.puml,dataset/case_46_digital_watch/diagram.puml,sentence-transformers/all-MiniLM-L6-v2,0.800000,0.480000,"[""Change alarm hour"",""Change alarm minute"",""Change Hour"",""Change minutes"",""Prepared"",""Ringing"",""TurnedOff"",""TurnedOn"",""Unprepared"",""Display"",""Watch""]","[""Adjusting Time State"",""Alarm Off State"",""Alarm State"",""Light On State"",""Normal State""]","[{""ground_truth_state"":""Change alarm hour"",""candidate_state"":""Alarm Off State"",""ground_truth_normalized"":""change alarm hour"",""candidate_normalized"":""alarm off state"",""similarity"":0.560534,""match_type"":""relaxed""},{""ground_truth_state"":""Change alarm minute"",""candidate_state"":""Alarm State"",""ground_truth_normalized"":""change alarm minute"",""candidate_normalized"":""alarm state"",""similarity"":0.569333,""match_type"":""relaxed""},{""ground_truth_state"":""Change minutes"",""candidate_state"":""Adjusting Time State"",""ground_truth_normalized"":""change minutes"",""candidate_normalized"":""adjusting time state"",""similarity"":0.574672,""match_type"":""relaxed""}]","[""Change Hour"",""Prepared"",""Ringing"",""TurnedOff"",""TurnedOn"",""Unprepared"",""Display"",""Watch""]","[""Light On State"",""Normal State""]",11,5,3,8,2,0.6,0.272727,0.375
DeepSeek_R1_14B,few_shot,case_46_digital_watch,final_results/runs/open_source__deepseek_r1_14b__few_shot/case_46_digital_watch/run_01.puml,dataset/case_46_digital_watch/diagram.puml,sentence-transformers/all-MiniLM-L6-v2,0.800000,0.480000,"[""Change alarm hour"",""Change alarm minute"",""Change Hour"",""Change minutes"",""Prepared"",""Ringing"",""TurnedOff"",""TurnedOn"",""Unprepared"",""Display"",""Watch""]","[""Adjusting Time State"",""Alarm Off State"",""Alarm State"",""Light On State"",""Normal State""]","[{""ground_truth_state"":""Change alarm hour"",""candidate_state"":""Alarm Off State"",""ground_truth_normalized"":""change alarm hour"",""candidate_normalized"":""alarm off state"",""similarity"":0.560534,""match_type"":""relaxed""},{""ground_truth_state"":""Change alarm minute"",""candidate_state"":""Alarm State"",""ground_truth_normalized"":""change alarm minute"",""candidate_normalized"":""alarm state"",""similarity"":0.569333,""match_type"":""relaxed""},{""ground_truth_state"":""Change minutes"",""candidate_state"":""Adjusting Time State"",""ground_truth_normalized"":""change minutes"",""candidate_normalized"":""adjusting time state"",""similarity"":0.574672,""match_type"":""relaxed""}]","[""Change Hour"",""Prepared"",""Ringing"",""TurnedOff"",""TurnedOn"",""Unprepared"",""Display"",""Watch""]","[""Light On State"",""Normal State""]",11,5,3,8,2,0.6,0.272727,0.375
DeepSeek_R1_14B,syntax_grounded_repair,case_46_digital_watch,final_results/runs/open_source__deepseek_r1_14b__few_shot_validation_generator_critic_repair__syntax_grounded_no_rules/case_46_digital_watch/run_01.puml,dataset/case_46_digital_watch/diagram.puml,sentence-transformers/all-MiniLM-L6-v2,0.800000,0.480000,"[""Change alarm hour"",""Change alarm minute"",""Change Hour"",""Change minutes"",""Prepared"",""Ringing"",""TurnedOff"",""TurnedOn"",""Unprepared"",""Display"",""Watch""]","[""Adjusting Time State"",""Alarm Off State"",""Alarm State"",""Light On State"",""Normal State""]","[{""ground_truth_state"":""Change alarm hour"",""candidate_state"":""Alarm Off State"",""ground_truth_normalized"":""change alarm hour"",""candidate_normalized"":""alarm off state"",""similarity"":0.560534,""match_type"":""relaxed""},{""ground_truth_state"":""Change alarm minute"",""candidate_state"":""Alarm State"",""ground_truth_normalized"":""change alarm minute"",""candidate_normalized"":""alarm state"",""similarity"":0.569333,""match_type"":""relaxed""},{""ground_truth_state"":""Change minutes"",""candidate_state"":""Adjusting Time State"",""ground_truth_normalized"":""change minutes"",""candidate_normalized"":""adjusting time state"",""similarity"":0.574672,""match_type"":""relaxed""}]","[""Change Hour"",""Prepared"",""Ringing"",""TurnedOff"",""TurnedOn"",""Unprepared"",""Display"",""Watch""]","[""Light On State"",""Normal State""]",11,5,3,8,2,0.6,0.272727,0.375
Llama_3.1_8B,baseline_repair,case_46_digital_watch,final_results/runs/open_source__llama31_8b_instruct__few_shot_validation_generator_critic_repair/case_46_digital_watch/run_01.puml,dataset/case_46_digital_watch/diagram.puml,sentence-transformers/all-MiniLM-L6-v2,0.800000,0.480000,"[""Change alarm hour"",""Change alarm minute"",""Change Hour"",""Change minutes"",""Prepared"",""Ringing"",""TurnedOff"",""TurnedOn"",""Unprepared"",""Display"",""Watch""]","[""Adjust Time"",""Alarm On/Off"",""Alarm Stopped"",""Alarm Triggered"",""Increase Value"",""Light On/Off"",""Switch Mode""]","[{""ground_truth_state"":""Change alarm hour"",""candidate_state"":""Alarm Stopped"",""ground_truth_normalized"":""change alarm hour"",""candidate_normalized"":""alarm stopped"",""similarity"":0.563436,""match_type"":""relaxed""},{""ground_truth_state"":""Change alarm minute"",""candidate_state"":""Alarm On/Off"",""ground_truth_normalized"":""change alarm minute"",""candidate_normalized"":""alarm on/off"",""similarity"":0.63864,""match_type"":""relaxed""},{""ground_truth_state"":""Change Hour"",""candidate_state"":""Adjust Time"",""ground_truth_normalized"":""change hour"",""candidate_normalized"":""adjust time"",""similarity"":0.718374,""match_type"":""relaxed""},{""ground_truth_state"":""TurnedOff"",""candidate_state"":""Light On/Off"",""ground_truth_normalized"":""turned off"",""candidate_normalized"":""light on/off"",""similarity"":0.561535,""match_type"":""relaxed""}]","[""Change minutes"",""Prepared"",""Ringing"",""TurnedOn"",""Unprepared"",""Display"",""Watch""]","[""Alarm Triggered"",""Increase Value"",""Switch Mode""]",11,7,4,7,3,0.571429,0.363636,0.444444
Llama_3.1_8B,few_shot,case_46_digital_watch,final_results/runs/open_source__llama31_8b_instruct__few_shot/case_46_digital_watch/run_01.puml,dataset/case_46_digital_watch/diagram.puml,sentence-transformers/all-MiniLM-L6-v2,0.800000,0.480000,"[""Change alarm hour"",""Change alarm minute"",""Change Hour"",""Change minutes"",""Prepared"",""Ringing"",""TurnedOff"",""TurnedOn"",""Unprepared"",""Display"",""Watch""]","[""Adjust Time"",""Alarm On/Off"",""Alarm Stopped"",""Alarm Triggered"",""Increase Value"",""Light On/Off"",""Switch Mode""]","[{""ground_truth_state"":""Change alarm hour"",""candidate_state"":""Alarm Stopped"",""ground_truth_normalized"":""change alarm hour"",""candidate_normalized"":""alarm stopped"",""similarity"":0.563436,""match_type"":""relaxed""},{""ground_truth_state"":""Change alarm minute"",""candidate_state"":""Alarm On/Off"",""ground_truth_normalized"":""change alarm minute"",""candidate_normalized"":""alarm on/off"",""similarity"":0.63864,""match_type"":""relaxed""},{""ground_truth_state"":""Change Hour"",""candidate_state"":""Adjust Time"",""ground_truth_normalized"":""change hour"",""candidate_normalized"":""adjust time"",""similarity"":0.718374,""match_type"":""relaxed""},{""ground_truth_state"":""TurnedOff"",""candidate_state"":""Light On/Off"",""ground_truth_normalized"":""turned off"",""candidate_normalized"":""light on/off"",""similarity"":0.561535,""match_type"":""relaxed""}]","[""Change minutes"",""Prepared"",""Ringing"",""TurnedOn"",""Unprepared"",""Display"",""Watch""]","[""Alarm Triggered"",""Increase Value"",""Switch Mode""]",11,7,4,7,3,0.571429,0.363636,0.444444
Llama_3.1_8B,syntax_grounded_repair,case_46_digital_watch,final_results/runs/open_source__llama31_8b_instruct__few_shot_validation_generator_critic_repair__syntax_grounded/case_46_digital_watch/run_01.puml,dataset/case_46_digital_watch/diagram.puml,sentence-transformers/all-MiniLM-L6-v2,0.800000,0.480000,"[""Change alarm hour"",""Change alarm minute"",""Change Hour"",""Change minutes"",""Prepared"",""Ringing"",""TurnedOff"",""TurnedOn"",""Unprepared"",""Display"",""Watch""]","[""Adjust Time"",""Alarm On/Off"",""Alarm Stopped"",""Alarm Triggered"",""Increase Value"",""Light On/Off"",""Switch Mode""]","[{""ground_truth_state"":""Change alarm hour"",""candidate_state"":""Alarm Stopped"",""ground_truth_normalized"":""change alarm hour"",""candidate_normalized"":""alarm stopped"",""similarity"":0.563436,""match_type"":""relaxed""},{""ground_truth_state"":""Change alarm minute"",""candidate_state"":""Alarm On/Off"",""ground_truth_normalized"":""change alarm minute"",""candidate_normalized"":""alarm on/off"",""similarity"":0.63864,""match_type"":""relaxed""},{""ground_truth_state"":""Change Hour"",""candidate_state"":""Adjust Time"",""ground_truth_normalized"":""change hour"",""candidate_normalized"":""adjust time"",""similarity"":0.718374,""match_type"":""relaxed""},{""ground_truth_state"":""TurnedOff"",""candidate_state"":""Light On/Off"",""ground_truth_normalized"":""turned off"",""candidate_normalized"":""light on/off"",""similarity"":0.561535,""match_type"":""relaxed""}]","[""Change minutes"",""Prepared"",""Ringing"",""TurnedOn"",""Unprepared"",""Display"",""Watch""]","[""Alarm Triggered"",""Increase Value"",""Switch Mode""]",11,7,4,7,3,0.571429,0.363636,0.444444
Mistral,baseline_repair,case_46_digital_watch,final_results/runs/open_source__mistral__rag_validation_generator_critic_repair/case_46_digital_watch/run_01.puml,dataset/case_46_digital_watch/diagram.puml,sentence-transformers/all-MiniLM-L6-v2,0.800000,0.480000,"[""Change alarm hour"",""Change alarm minute"",""Change Hour"",""Change minutes"",""Prepared"",""Ringing"",""TurnedOff"",""TurnedOn"",""Unprepared"",""Display"",""Watch""]","[""AlarmHourAdjust"",""AlarmMinuteAdjust"",""AlarmOn"",""AlarmRinging"",""AlarmStopped"",""ChangeTime"",""HourAdjust"",""Idle"",""LightOff"",""LightOn"",""LightOnOff"",""MinuteAdjust""]","[{""ground_truth_state"":""Change alarm hour"",""candidate_state"":""AlarmHourAdjust"",""ground_truth_normalized"":""change alarm hour"",""candidate_normalized"":""alarm hour adjust"",""similarity"":0.874127,""match_type"":""strict""},{""ground_truth_state"":""Change alarm minute"",""candidate_state"":""AlarmMinuteAdjust"",""ground_truth_normalized"":""change alarm minute"",""candidate_normalized"":""alarm minute adjust"",""similarity"":0.884212,""match_type"":""strict""},{""ground_truth_state"":""Change Hour"",""candidate_state"":""ChangeTime"",""ground_truth_normalized"":""change hour"",""candidate_normalized"":""change time"",""similarity"":0.835417,""match_type"":""strict""},{""ground_truth_state"":""Change minutes"",""candidate_state"":""MinuteAdjust"",""ground_truth_normalized"":""change minutes"",""candidate_normalized"":""minute adjust"",""similarity"":0.743474,""match_type"":""relaxed""},{""ground_truth_state"":""Ringing"",""candidate_state"":""AlarmRinging"",""ground_truth_normalized"":""ringing"",""candidate_normalized"":""alarm ringing"",""similarity"":0.714544,""match_type"":""relaxed_lexical""},{""ground_truth_state"":""TurnedOff"",""candidate_state"":""LightOff"",""ground_truth_normalized"":""turned off"",""candidate_normalized"":""light off"",""similarity"":0.631029,""match_type"":""relaxed""},{""ground_truth_state"":""TurnedOn"",""candidate_state"":""LightOn"",""ground_truth_normalized"":""turned on"",""candidate_normalized"":""light on"",""similarity"":0.673144,""match_type"":""relaxed""}]","[""Prepared"",""Unprepared"",""Display"",""Watch""]","[""AlarmOn"",""AlarmStopped"",""HourAdjust"",""Idle"",""LightOnOff""]",11,12,7,4,5,0.583333,0.636364,0.608696
Mistral,rag,case_46_digital_watch,final_results/runs/open_source__mistral__rag/case_46_digital_watch/run_01.puml,dataset/case_46_digital_watch/diagram.puml,sentence-transformers/all-MiniLM-L6-v2,0.800000,0.480000,"[""Change alarm hour"",""Change alarm minute"",""Change Hour"",""Change minutes"",""Prepared"",""Ringing"",""TurnedOff"",""TurnedOn"",""Unprepared"",""Display"",""Watch""]","[""AlarmHourAdjust"",""AlarmMinuteAdjust"",""AlarmOn"",""AlarmRinging"",""AlarmStopped"",""ChangeTime"",""HourAdjust"",""Idle"",""LightOff"",""LightOn"",""LightOnOff"",""MinuteAdjust""]","[{""ground_truth_state"":""Change alarm hour"",""candidate_state"":""AlarmHourAdjust"",""ground_truth_normalized"":""change alarm hour"",""candidate_normalized"":""alarm hour adjust"",""similarity"":0.874127,""match_type"":""strict""},{""ground_truth_state"":""Change alarm minute"",""candidate_state"":""AlarmMinuteAdjust"",""ground_truth_normalized"":""change alarm minute"",""candidate_normalized"":""alarm minute adjust"",""similarity"":0.884212,""match_type"":""strict""},{""ground_truth_state"":""Change Hour"",""candidate_state"":""ChangeTime"",""ground_truth_normalized"":""change hour"",""candidate_normalized"":""change time"",""similarity"":0.835417,""match_type"":""strict""},{""ground_truth_state"":""Change minutes"",""candidate_state"":""MinuteAdjust"",""ground_truth_normalized"":""change minutes"",""candidate_normalized"":""minute adjust"",""similarity"":0.743474,""match_type"":""relaxed""},{""ground_truth_state"":""Ringing"",""candidate_state"":""AlarmRinging"",""ground_truth_normalized"":""ringing"",""candidate_normalized"":""alarm ringing"",""similarity"":0.714544,""match_type"":""relaxed_lexical""},{""ground_truth_state"":""TurnedOff"",""candidate_state"":""LightOff"",""ground_truth_normalized"":""turned off"",""candidate_normalized"":""light off"",""similarity"":0.631029,""match_type"":""relaxed""},{""ground_truth_state"":""TurnedOn"",""candidate_state"":""LightOn"",""ground_truth_normalized"":""turned on"",""candidate_normalized"":""light on"",""similarity"":0.673144,""match_type"":""relaxed""}]","[""Prepared"",""Unprepared"",""Display"",""Watch""]","[""AlarmOn"",""AlarmStopped"",""HourAdjust"",""Idle"",""LightOnOff""]",11,12,7,4,5,0.583333,0.636364,0.608696
Mistral,syntax_grounded_repair,case_46_digital_watch,final_results/runs/open_source__mistral__rag_validation_generator_critic_repair__syntax_grounded/case_46_digital_watch/run_01.puml,dataset/case_46_digital_watch/diagram.puml,sentence-transformers/all-MiniLM-L6-v2,0.800000,0.480000,"[""Change alarm hour"",""Change alarm minute"",""Change Hour"",""Change minutes"",""Prepared"",""Ringing"",""TurnedOff"",""TurnedOn"",""Unprepared"",""Display"",""Watch""]","[""AlarmHourAdjust"",""AlarmMinuteAdjust"",""AlarmOn"",""AlarmRinging"",""AlarmStopped"",""ChangeTime"",""HourAdjust"",""Idle"",""LightOff"",""LightOn"",""LightOnOff"",""MinuteAdjust"",""TerminalState""]","[{""ground_truth_state"":""Change alarm hour"",""candidate_state"":""AlarmHourAdjust"",""ground_truth_normalized"":""change alarm hour"",""candidate_normalized"":""alarm hour adjust"",""similarity"":0.874127,""match_type"":""strict""},{""ground_truth_state"":""Change alarm minute"",""candidate_state"":""AlarmMinuteAdjust"",""ground_truth_normalized"":""change alarm minute"",""candidate_normalized"":""alarm minute adjust"",""similarity"":0.884212,""match_type"":""strict""},{""ground_truth_state"":""Change Hour"",""candidate_state"":""ChangeTime"",""ground_truth_normalized"":""change hour"",""candidate_normalized"":""change time"",""similarity"":0.835417,""match_type"":""strict""},{""ground_truth_state"":""Change minutes"",""candidate_state"":""MinuteAdjust"",""ground_truth_normalized"":""change minutes"",""candidate_normalized"":""minute adjust"",""similarity"":0.743474,""match_type"":""relaxed""},{""ground_truth_state"":""Ringing"",""candidate_state"":""AlarmRinging"",""ground_truth_normalized"":""ringing"",""candidate_normalized"":""alarm ringing"",""similarity"":0.714544,""match_type"":""relaxed_lexical""},{""ground_truth_state"":""TurnedOff"",""candidate_state"":""LightOff"",""ground_truth_normalized"":""turned off"",""candidate_normalized"":""light off"",""similarity"":0.631029,""match_type"":""relaxed""},{""ground_truth_state"":""TurnedOn"",""candidate_state"":""LightOn"",""ground_truth_normalized"":""turned on"",""candidate_normalized"":""light on"",""similarity"":0.673144,""match_type"":""relaxed""}]","[""Prepared"",""Unprepared"",""Display"",""Watch""]","[""AlarmOn"",""AlarmStopped"",""HourAdjust"",""Idle"",""LightOnOff"",""TerminalState""]",11,13,7,4,6,0.538462,0.636364,0.583333
Qwen_2.5_7B,baseline_repair,case_46_digital_watch,final_results/runs/open_source__qwen25_7b_instruct__rag_validation_generator_critic_repair/case_46_digital_watch/run_01.puml,dataset/case_46_digital_watch/diagram.puml,sentence-transformers/all-MiniLM-L6-v2,0.800000,0.480000,"[""Change alarm hour"",""Change alarm minute"",""Change Hour"",""Change minutes"",""Prepared"",""Ringing"",""TurnedOff"",""TurnedOn"",""Unprepared"",""Display"",""Watch""]","[""Adjusting Time"",""Alarm Settings"",""Alarm Triggered"",""Idle"",""Light On""]","[{""ground_truth_state"":""Change alarm hour"",""candidate_state"":""Alarm Settings"",""ground_truth_normalized"":""change alarm hour"",""candidate_normalized"":""alarm settings"",""similarity"":0.747257,""match_type"":""relaxed""},{""ground_truth_state"":""Change alarm minute"",""candidate_state"":""Alarm Triggered"",""ground_truth_normalized"":""change alarm minute"",""candidate_normalized"":""alarm triggered"",""similarity"":0.574932,""match_type"":""relaxed""},{""ground_truth_state"":""Change Hour"",""candidate_state"":""Adjusting Time"",""ground_truth_normalized"":""change hour"",""candidate_normalized"":""adjusting time"",""similarity"":0.66726,""match_type"":""relaxed""},{""ground_truth_state"":""TurnedOn"",""candidate_state"":""Light On"",""ground_truth_normalized"":""turned on"",""candidate_normalized"":""light on"",""similarity"":0.673144,""match_type"":""relaxed""}]","[""Change minutes"",""Prepared"",""Ringing"",""TurnedOff"",""Unprepared"",""Display"",""Watch""]","[""Idle""]",11,5,4,7,1,0.8,0.363636,0.5
Qwen_2.5_7B,rag,case_46_digital_watch,final_results/runs/open_source__qwen25_7b_instruct__rag/case_46_digital_watch/run_01.puml,dataset/case_46_digital_watch/diagram.puml,sentence-transformers/all-MiniLM-L6-v2,0.800000,0.480000,"[""Change alarm hour"",""Change alarm minute"",""Change Hour"",""Change minutes"",""Prepared"",""Ringing"",""TurnedOff"",""TurnedOn"",""Unprepared"",""Display"",""Watch""]","[""Adjusting Time"",""Alarm Settings"",""Alarm Triggered"",""Idle"",""Light On""]","[{""ground_truth_state"":""Change alarm hour"",""candidate_state"":""Alarm Settings"",""ground_truth_normalized"":""change alarm hour"",""candidate_normalized"":""alarm settings"",""similarity"":0.747257,""match_type"":""relaxed""},{""ground_truth_state"":""Change alarm minute"",""candidate_state"":""Alarm Triggered"",""ground_truth_normalized"":""change alarm minute"",""candidate_normalized"":""alarm triggered"",""similarity"":0.574932,""match_type"":""relaxed""},{""ground_truth_state"":""Change Hour"",""candidate_state"":""Adjusting Time"",""ground_truth_normalized"":""change hour"",""candidate_normalized"":""adjusting time"",""similarity"":0.66726,""match_type"":""relaxed""},{""ground_truth_state"":""TurnedOn"",""candidate_state"":""Light On"",""ground_truth_normalized"":""turned on"",""candidate_normalized"":""light on"",""similarity"":0.673144,""match_type"":""relaxed""}]","[""Change minutes"",""Prepared"",""Ringing"",""TurnedOff"",""Unprepared"",""Display"",""Watch""]","[""Idle""]",11,5,4,7,1,0.8,0.363636,0.5
Qwen_2.5_7B,syntax_grounded_repair,case_46_digital_watch,final_results/runs/open_source__qwen25_7b_instruct__rag_validation_generator_critic_repair__syntax_grounded_no_rules_original_rag/case_46_digital_watch/run_01.puml,dataset/case_46_digital_watch/diagram.puml,sentence-transformers/all-MiniLM-L6-v2,0.800000,0.480000,"[""Change alarm hour"",""Change alarm minute"",""Change Hour"",""Change minutes"",""Prepared"",""Ringing"",""TurnedOff"",""TurnedOn"",""Unprepared"",""Display"",""Watch""]","[""Adjusting Time"",""Alarm Settings"",""Alarm Triggered"",""Idle"",""Light On""]","[{""ground_truth_state"":""Change alarm hour"",""candidate_state"":""Alarm Settings"",""ground_truth_normalized"":""change alarm hour"",""candidate_normalized"":""alarm settings"",""similarity"":0.747257,""match_type"":""relaxed""},{""ground_truth_state"":""Change alarm minute"",""candidate_state"":""Alarm Triggered"",""ground_truth_normalized"":""change alarm minute"",""candidate_normalized"":""alarm triggered"",""similarity"":0.574932,""match_type"":""relaxed""},{""ground_truth_state"":""Change Hour"",""candidate_state"":""Adjusting Time"",""ground_truth_normalized"":""change hour"",""candidate_normalized"":""adjusting time"",""similarity"":0.66726,""match_type"":""relaxed""},{""ground_truth_state"":""TurnedOn"",""candidate_state"":""Light On"",""ground_truth_normalized"":""turned on"",""candidate_normalized"":""light on"",""similarity"":0.673144,""match_type"":""relaxed""}]","[""Change minutes"",""Prepared"",""Ringing"",""TurnedOff"",""Unprepared"",""Display"",""Watch""]","[""Idle""]",11,5,4,7,1,0.8,0.363636,0.5
DeepSeek_R1_14B,baseline_repair,case_47_safehome_security_function,final_results/runs/open_source__deepseek_r1_14b__few_shot_validation_generator_critic_repair/case_47_safehome_security_function/run_01.puml,dataset/case_47_safehome_security_function/diagram.puml,sentence-transformers/all-MiniLM-L6-v2,0.800000,0.480000,"[""ActingOnAlarm"",""Idle"",""MonitoringSystemStatus"",""Resetting""]","[""Monitoring"",""Normal"",""PowerOnCheck"",""ReadyToUse"",""StartupProblem""]","[{""ground_truth_state"":""MonitoringSystemStatus"",""candidate_state"":""Monitoring"",""ground_truth_normalized"":""monitoring system status"",""candidate_normalized"":""monitoring"",""similarity"":0.728892,""match_type"":""relaxed_lexical""}]","[""ActingOnAlarm"",""Idle"",""Resetting""]","[""Normal"",""PowerOnCheck"",""ReadyToUse"",""StartupProblem""]",4,5,1,3,4,0.2,0.25,0.222222
DeepSeek_R1_14B,few_shot,case_47_safehome_security_function,final_results/runs/open_source__deepseek_r1_14b__few_shot/case_47_safehome_security_function/run_01.puml,dataset/case_47_safehome_security_function/diagram.puml,sentence-transformers/all-MiniLM-L6-v2,0.800000,0.480000,"[""ActingOnAlarm"",""Idle"",""MonitoringSystemStatus"",""Resetting""]","[""Monitoring"",""Normal"",""PowerOnCheck"",""ReadyToUse"",""StartupProblem""]","[{""ground_truth_state"":""MonitoringSystemStatus"",""candidate_state"":""Monitoring"",""ground_truth_normalized"":""monitoring system status"",""candidate_normalized"":""monitoring"",""similarity"":0.728892,""match_type"":""relaxed_lexical""}]","[""ActingOnAlarm"",""Idle"",""Resetting""]","[""Normal"",""PowerOnCheck"",""ReadyToUse"",""StartupProblem""]",4,5,1,3,4,0.2,0.25,0.222222
DeepSeek_R1_14B,syntax_grounded_repair,case_47_safehome_security_function,final_results/runs/open_source__deepseek_r1_14b__few_shot_validation_generator_critic_repair__syntax_grounded_no_rules/case_47_safehome_security_function/run_01.puml,dataset/case_47_safehome_security_function/diagram.puml,sentence-transformers/all-MiniLM-L6-v2,0.800000,0.480000,"[""ActingOnAlarm"",""Idle"",""MonitoringSystemStatus"",""Resetting""]","[""Monitoring"",""Normal"",""PowerOnCheck"",""ReadyToUse"",""StartupProblem""]","[{""ground_truth_state"":""MonitoringSystemStatus"",""candidate_state"":""Monitoring"",""ground_truth_normalized"":""monitoring system status"",""candidate_normalized"":""monitoring"",""similarity"":0.728892,""match_type"":""relaxed_lexical""}]","[""ActingOnAlarm"",""Idle"",""Resetting""]","[""Normal"",""PowerOnCheck"",""ReadyToUse"",""StartupProblem""]",4,5,1,3,4,0.2,0.25,0.222222
Llama_3.1_8B,baseline_repair,case_47_safehome_security_function,final_results/runs/open_source__llama31_8b_instruct__few_shot_validation_generator_critic_repair/case_47_safehome_security_function/run_01.puml,dataset/case_47_safehome_security_function/diagram.puml,sentence-transformers/all-MiniLM-L6-v2,0.800000,0.480000,"[""ActingOnAlarm"",""Idle"",""MonitoringSystemStatus"",""Resetting""]","[""Activate"",""Alarm"",""Monitoring"",""Normal"",""Problem"",""Ready"",""Reset"",""Startup"",""TurnOff""]","[{""ground_truth_state"":""ActingOnAlarm"",""candidate_state"":""Alarm"",""ground_truth_normalized"":""acting on alarm"",""candidate_normalized"":""alarm"",""similarity"":0.853297,""match_type"":""strict""},{""ground_truth_state"":""MonitoringSystemStatus"",""candidate_state"":""Monitoring"",""ground_truth_normalized"":""monitoring system status"",""candidate_normalized"":""monitoring"",""similarity"":0.728892,""match_type"":""relaxed_lexical""},{""ground_truth_state"":""Resetting"",""candidate_state"":""Reset"",""ground_truth_normalized"":""resetting"",""candidate_normalized"":""reset"",""similarity"":0.963797,""match_type"":""strict""}]","[""Idle""]","[""Activate"",""Normal"",""Problem"",""Ready"",""Startup"",""TurnOff""]",4,9,3,1,6,0.333333,0.75,0.461538
Llama_3.1_8B,few_shot,case_47_safehome_security_function,final_results/runs/open_source__llama31_8b_instruct__few_shot/case_47_safehome_security_function/run_01.puml,dataset/case_47_safehome_security_function/diagram.puml,sentence-transformers/all-MiniLM-L6-v2,0.800000,0.480000,"[""ActingOnAlarm"",""Idle"",""MonitoringSystemStatus"",""Resetting""]","[""Activate"",""Alarm"",""Monitoring"",""Normal"",""Problem"",""Ready"",""Reset"",""Startup"",""TurnOff""]","[{""ground_truth_state"":""ActingOnAlarm"",""candidate_state"":""Alarm"",""ground_truth_normalized"":""acting on alarm"",""candidate_normalized"":""alarm"",""similarity"":0.853297,""match_type"":""strict""},{""ground_truth_state"":""MonitoringSystemStatus"",""candidate_state"":""Monitoring"",""ground_truth_normalized"":""monitoring system status"",""candidate_normalized"":""monitoring"",""similarity"":0.728892,""match_type"":""relaxed_lexical""},{""ground_truth_state"":""Resetting"",""candidate_state"":""Reset"",""ground_truth_normalized"":""resetting"",""candidate_normalized"":""reset"",""similarity"":0.963797,""match_type"":""strict""}]","[""Idle""]","[""Activate"",""Normal"",""Problem"",""Ready"",""Startup"",""TurnOff""]",4,9,3,1,6,0.333333,0.75,0.461538
Llama_3.1_8B,syntax_grounded_repair,case_47_safehome_security_function,final_results/runs/open_source__llama31_8b_instruct__few_shot_validation_generator_critic_repair__syntax_grounded/case_47_safehome_security_function/run_01.puml,dataset/case_47_safehome_security_function/diagram.puml,sentence-transformers/all-MiniLM-L6-v2,0.800000,0.480000,"[""ActingOnAlarm"",""Idle"",""MonitoringSystemStatus"",""Resetting""]","[""Activate"",""Alarm"",""Monitoring"",""Normal"",""Problem"",""Ready"",""Reset"",""Startup"",""TurnOff""]","[{""ground_truth_state"":""ActingOnAlarm"",""candidate_state"":""Alarm"",""ground_truth_normalized"":""acting on alarm"",""candidate_normalized"":""alarm"",""similarity"":0.853297,""match_type"":""strict""},{""ground_truth_state"":""MonitoringSystemStatus"",""candidate_state"":""Monitoring"",""ground_truth_normalized"":""monitoring system status"",""candidate_normalized"":""monitoring"",""similarity"":0.728892,""match_type"":""relaxed_lexical""},{""ground_truth_state"":""Resetting"",""candidate_state"":""Reset"",""ground_truth_normalized"":""resetting"",""candidate_normalized"":""reset"",""similarity"":0.963797,""match_type"":""strict""}]","[""Idle""]","[""Activate"",""Normal"",""Problem"",""Ready"",""Startup"",""TurnOff""]",4,9,3,1,6,0.333333,0.75,0.461538
Mistral,baseline_repair,case_47_safehome_security_function,final_results/runs/open_source__mistral__rag_validation_generator_critic_repair/case_47_safehome_security_function/run_01.puml,dataset/case_47_safehome_security_function/diagram.puml,sentence-transformers/all-MiniLM-L6-v2,0.800000,0.480000,"[""ActingOnAlarm"",""Idle"",""MonitoringSystemStatus"",""Resetting""]","[""Activating"",""AlarmActive"",""Checking"",""FalseAlarm"",""Monitoring"",""Normal"",""Password"",""PasswordEntered"",""ReadyToUse"",""Resetting"",""StartMonitoring"",""Startup"",""TimeEnded"",""TurningOff"",""WaitingForPassword""]","[{""ground_truth_state"":""ActingOnAlarm"",""candidate_state"":""FalseAlarm"",""ground_truth_normalized"":""acting on alarm"",""candidate_normalized"":""false alarm"",""similarity"":0.758552,""match_type"":""relaxed""},{""ground_truth_state"":""Idle"",""candidate_state"":""AlarmActive"",""ground_truth_normalized"":""idle"",""candidate_normalized"":""alarm active"",""similarity"":0.524269,""match_type"":""relaxed""},{""ground_truth_state"":""MonitoringSystemStatus"",""candidate_state"":""Monitoring"",""ground_truth_normalized"":""monitoring system status"",""candidate_normalized"":""monitoring"",""similarity"":0.728892,""match_type"":""relaxed_lexical""},{""ground_truth_state"":""Resetting"",""candidate_state"":""Resetting"",""ground_truth_normalized"":""resetting"",""candidate_normalized"":""resetting"",""similarity"":1.0,""match_type"":""exact_normalized""}]",[],"[""Activating"",""Checking"",""Normal"",""Password"",""PasswordEntered"",""ReadyToUse"",""StartMonitoring"",""Startup"",""TimeEnded"",""TurningOff"",""WaitingForPassword""]",4,15,4,0,11,0.266667,1.0,0.421053
Mistral,rag,case_47_safehome_security_function,final_results/runs/open_source__mistral__rag/case_47_safehome_security_function/run_01.puml,dataset/case_47_safehome_security_function/diagram.puml,sentence-transformers/all-MiniLM-L6-v2,0.800000,0.480000,"[""ActingOnAlarm"",""Idle"",""MonitoringSystemStatus"",""Resetting""]","[""Activating"",""AlarmActive"",""Checking"",""FalseAlarm"",""Monitoring"",""Normal"",""Password"",""PasswordEntered"",""ReadyToUse"",""Resetting"",""StartMonitoring"",""Startup"",""TimeEnded"",""TurningOff"",""WaitingForPassword""]","[{""ground_truth_state"":""ActingOnAlarm"",""candidate_state"":""FalseAlarm"",""ground_truth_normalized"":""acting on alarm"",""candidate_normalized"":""false alarm"",""similarity"":0.758552,""match_type"":""relaxed""},{""ground_truth_state"":""Idle"",""candidate_state"":""AlarmActive"",""ground_truth_normalized"":""idle"",""candidate_normalized"":""alarm active"",""similarity"":0.524269,""match_type"":""relaxed""},{""ground_truth_state"":""MonitoringSystemStatus"",""candidate_state"":""Monitoring"",""ground_truth_normalized"":""monitoring system status"",""candidate_normalized"":""monitoring"",""similarity"":0.728892,""match_type"":""relaxed_lexical""},{""ground_truth_state"":""Resetting"",""candidate_state"":""Resetting"",""ground_truth_normalized"":""resetting"",""candidate_normalized"":""resetting"",""similarity"":1.0,""match_type"":""exact_normalized""}]",[],"[""Activating"",""Checking"",""Normal"",""Password"",""PasswordEntered"",""ReadyToUse"",""StartMonitoring"",""Startup"",""TimeEnded"",""TurningOff"",""WaitingForPassword""]",4,15,4,0,11,0.266667,1.0,0.421053
Mistral,syntax_grounded_repair,case_47_safehome_security_function,final_results/runs/open_source__mistral__rag_validation_generator_critic_repair__syntax_grounded/case_47_safehome_security_function/run_01.puml,dataset/case_47_safehome_security_function/diagram.puml,sentence-transformers/all-MiniLM-L6-v2,0.800000,0.480000,"[""ActingOnAlarm"",""Idle"",""MonitoringSystemStatus"",""Resetting""]","[""Activating"",""AlarmActive"",""Checking"",""FalseAlarm"",""Monitoring"",""Normal"",""Password"",""PasswordEntered"",""ReadyToUse"",""Resetting"",""StartMonitoring"",""Startup"",""TimeEnded"",""TurningOff"",""WaitingForPassword""]","[{""ground_truth_state"":""ActingOnAlarm"",""candidate_state"":""FalseAlarm"",""ground_truth_normalized"":""acting on alarm"",""candidate_normalized"":""false alarm"",""similarity"":0.758552,""match_type"":""relaxed""},{""ground_truth_state"":""Idle"",""candidate_state"":""AlarmActive"",""ground_truth_normalized"":""idle"",""candidate_normalized"":""alarm active"",""similarity"":0.524269,""match_type"":""relaxed""},{""ground_truth_state"":""MonitoringSystemStatus"",""candidate_state"":""Monitoring"",""ground_truth_normalized"":""monitoring system status"",""candidate_normalized"":""monitoring"",""similarity"":0.728892,""match_type"":""relaxed_lexical""},{""ground_truth_state"":""Resetting"",""candidate_state"":""Resetting"",""ground_truth_normalized"":""resetting"",""candidate_normalized"":""resetting"",""similarity"":1.0,""match_type"":""exact_normalized""}]",[],"[""Activating"",""Checking"",""Normal"",""Password"",""PasswordEntered"",""ReadyToUse"",""StartMonitoring"",""Startup"",""TimeEnded"",""TurningOff"",""WaitingForPassword""]",4,15,4,0,11,0.266667,1.0,0.421053
Qwen_2.5_7B,baseline_repair,case_47_safehome_security_function,final_results/runs/open_source__qwen25_7b_instruct__rag_validation_generator_critic_repair/case_47_safehome_security_function/run_01.puml,dataset/case_47_safehome_security_function/diagram.puml,sentence-transformers/all-MiniLM-L6-v2,0.800000,0.480000,"[""ActingOnAlarm"",""Idle"",""MonitoringSystemStatus"",""Resetting""]","[""Activate"",""Alarm"",""Idle"",""Monitoring"",""ReadyToUse"",""Reset"",""TurnOff""]","[{""ground_truth_state"":""ActingOnAlarm"",""candidate_state"":""Alarm"",""ground_truth_normalized"":""acting on alarm"",""candidate_normalized"":""alarm"",""similarity"":0.853297,""match_type"":""strict""},{""ground_truth_state"":""Idle"",""candidate_state"":""Idle"",""ground_truth_normalized"":""idle"",""candidate_normalized"":""idle"",""similarity"":1.0,""match_type"":""exact_normalized""},{""ground_truth_state"":""MonitoringSystemStatus"",""candidate_state"":""Monitoring"",""ground_truth_normalized"":""monitoring system status"",""candidate_normalized"":""monitoring"",""similarity"":0.728892,""match_type"":""relaxed_lexical""},{""ground_truth_state"":""Resetting"",""candidate_state"":""Reset"",""ground_truth_normalized"":""resetting"",""candidate_normalized"":""reset"",""similarity"":0.963797,""match_type"":""strict""}]",[],"[""Activate"",""ReadyToUse"",""TurnOff""]",4,7,4,0,3,0.571429,1.0,0.727273
Qwen_2.5_7B,rag,case_47_safehome_security_function,final_results/runs/open_source__qwen25_7b_instruct__rag/case_47_safehome_security_function/run_01.puml,dataset/case_47_safehome_security_function/diagram.puml,sentence-transformers/all-MiniLM-L6-v2,0.800000,0.480000,"[""ActingOnAlarm"",""Idle"",""MonitoringSystemStatus"",""Resetting""]","[""Activate"",""Alarm"",""Idle"",""Monitoring"",""ReadyToUse"",""Reset"",""TurnOff""]","[{""ground_truth_state"":""ActingOnAlarm"",""candidate_state"":""Alarm"",""ground_truth_normalized"":""acting on alarm"",""candidate_normalized"":""alarm"",""similarity"":0.853297,""match_type"":""strict""},{""ground_truth_state"":""Idle"",""candidate_state"":""Idle"",""ground_truth_normalized"":""idle"",""candidate_normalized"":""idle"",""similarity"":1.0,""match_type"":""exact_normalized""},{""ground_truth_state"":""MonitoringSystemStatus"",""candidate_state"":""Monitoring"",""ground_truth_normalized"":""monitoring system status"",""candidate_normalized"":""monitoring"",""similarity"":0.728892,""match_type"":""relaxed_lexical""},{""ground_truth_state"":""Resetting"",""candidate_state"":""Reset"",""ground_truth_normalized"":""resetting"",""candidate_normalized"":""reset"",""similarity"":0.963797,""match_type"":""strict""}]",[],"[""Activate"",""ReadyToUse"",""TurnOff""]",4,7,4,0,3,0.571429,1.0,0.727273
Qwen_2.5_7B,syntax_grounded_repair,case_47_safehome_security_function,final_results/runs/open_source__qwen25_7b_instruct__rag_validation_generator_critic_repair__syntax_grounded_no_rules_original_rag/case_47_safehome_security_function/run_01.puml,dataset/case_47_safehome_security_function/diagram.puml,sentence-transformers/all-MiniLM-L6-v2,0.800000,0.480000,"[""ActingOnAlarm"",""Idle"",""MonitoringSystemStatus"",""Resetting""]","[""Activate"",""Alarm"",""Idle"",""Monitoring"",""ReadyToUse"",""Reset"",""TurnOff""]","[{""ground_truth_state"":""ActingOnAlarm"",""candidate_state"":""Alarm"",""ground_truth_normalized"":""acting on alarm"",""candidate_normalized"":""alarm"",""similarity"":0.853297,""match_type"":""strict""},{""ground_truth_state"":""Idle"",""candidate_state"":""Idle"",""ground_truth_normalized"":""idle"",""candidate_normalized"":""idle"",""similarity"":1.0,""match_type"":""exact_normalized""},{""ground_truth_state"":""MonitoringSystemStatus"",""candidate_state"":""Monitoring"",""ground_truth_normalized"":""monitoring system status"",""candidate_normalized"":""monitoring"",""similarity"":0.728892,""match_type"":""relaxed_lexical""},{""ground_truth_state"":""Resetting"",""candidate_state"":""Reset"",""ground_truth_normalized"":""resetting"",""candidate_normalized"":""reset"",""similarity"":0.963797,""match_type"":""strict""}]",[],"[""Activate"",""ReadyToUse"",""TurnOff""]",4,7,4,0,3,0.571429,1.0,0.727273
DeepSeek_R1_14B,baseline_repair,case_51_process_sale,final_results/runs/open_source__deepseek_r1_14b__few_shot_validation_generator_critic_repair/case_51_process_sale/run_01.puml,dataset/case_51_process_sale/diagram.puml,sentence-transformers/all-MiniLM-L6-v2,0.800000,0.480000,"[""AuthorizingPayment"",""EnteringItems"",""WaitingForPayment"",""WaitingForSale""]","[""Payment"",""Payment Declined"",""Sale Completed"",""Selecting Items"",""VerifyingPayment"",""Waiting for Sale""]","[{""ground_truth_state"":""AuthorizingPayment"",""candidate_state"":""VerifyingPayment"",""ground_truth_normalized"":""authorizing payment"",""candidate_normalized"":""verifying payment"",""similarity"":0.650738,""match_type"":""relaxed""},{""ground_truth_state"":""EnteringItems"",""candidate_state"":""Selecting Items"",""ground_truth_normalized"":""enter items"",""candidate_normalized"":""select items"",""similarity"":0.571568,""match_type"":""relaxed""},{""ground_truth_state"":""WaitingForPayment"",""candidate_state"":""Payment"",""ground_truth_normalized"":""waiting for payment"",""candidate_normalized"":""payment"",""similarity"":0.715955,""match_type"":""relaxed_lexical""},{""ground_truth_state"":""WaitingForSale"",""candidate_state"":""Waiting for Sale"",""ground_truth_normalized"":""waiting for sale"",""candidate_normalized"":""waiting for sale"",""similarity"":1.0,""match_type"":""exact_normalized""}]",[],"[""Payment Declined"",""Sale Completed""]",4,6,4,0,2,0.666667,1.0,0.8
DeepSeek_R1_14B,few_shot,case_51_process_sale,final_results/runs/open_source__deepseek_r1_14b__few_shot/case_51_process_sale/run_01.puml,dataset/case_51_process_sale/diagram.puml,sentence-transformers/all-MiniLM-L6-v2,0.800000,0.480000,"[""AuthorizingPayment"",""EnteringItems"",""WaitingForPayment"",""WaitingForSale""]","[""Payment"",""Payment Declined"",""Sale Completed"",""Selecting Items"",""VerifyingPayment"",""Waiting for Sale""]","[{""ground_truth_state"":""AuthorizingPayment"",""candidate_state"":""VerifyingPayment"",""ground_truth_normalized"":""authorizing payment"",""candidate_normalized"":""verifying payment"",""similarity"":0.650738,""match_type"":""relaxed""},{""ground_truth_state"":""EnteringItems"",""candidate_state"":""Selecting Items"",""ground_truth_normalized"":""enter items"",""candidate_normalized"":""select items"",""similarity"":0.571568,""match_type"":""relaxed""},{""ground_truth_state"":""WaitingForPayment"",""candidate_state"":""Payment"",""ground_truth_normalized"":""waiting for payment"",""candidate_normalized"":""payment"",""similarity"":0.715955,""match_type"":""relaxed_lexical""},{""ground_truth_state"":""WaitingForSale"",""candidate_state"":""Waiting for Sale"",""ground_truth_normalized"":""waiting for sale"",""candidate_normalized"":""waiting for sale"",""similarity"":1.0,""match_type"":""exact_normalized""}]",[],"[""Payment Declined"",""Sale Completed""]",4,6,4,0,2,0.666667,1.0,0.8
DeepSeek_R1_14B,syntax_grounded_repair,case_51_process_sale,final_results/runs/open_source__deepseek_r1_14b__few_shot_validation_generator_critic_repair__syntax_grounded_no_rules/case_51_process_sale/run_01.puml,dataset/case_51_process_sale/diagram.puml,sentence-transformers/all-MiniLM-L6-v2,0.800000,0.480000,"[""AuthorizingPayment"",""EnteringItems"",""WaitingForPayment"",""WaitingForSale""]","[""Payment"",""Payment Declined"",""Sale Completed"",""Selecting Items"",""VerifyingPayment"",""Waiting for Sale""]","[{""ground_truth_state"":""AuthorizingPayment"",""candidate_state"":""VerifyingPayment"",""ground_truth_normalized"":""authorizing payment"",""candidate_normalized"":""verifying payment"",""similarity"":0.650738,""match_type"":""relaxed""},{""ground_truth_state"":""EnteringItems"",""candidate_state"":""Selecting Items"",""ground_truth_normalized"":""enter items"",""candidate_normalized"":""select items"",""similarity"":0.571568,""match_type"":""relaxed""},{""ground_truth_state"":""WaitingForPayment"",""candidate_state"":""Payment"",""ground_truth_normalized"":""waiting for payment"",""candidate_normalized"":""payment"",""similarity"":0.715955,""match_type"":""relaxed_lexical""},{""ground_truth_state"":""WaitingForSale"",""candidate_state"":""Waiting for Sale"",""ground_truth_normalized"":""waiting for sale"",""candidate_normalized"":""waiting for sale"",""similarity"":1.0,""match_type"":""exact_normalized""}]",[],"[""Payment Declined"",""Sale Completed""]",4,6,4,0,2,0.666667,1.0,0.8
Llama_3.1_8B,baseline_repair,case_51_process_sale,final_results/runs/open_source__llama31_8b_instruct__few_shot_validation_generator_critic_repair/case_51_process_sale/run_01.puml,dataset/case_51_process_sale/diagram.puml,sentence-transformers/all-MiniLM-L6-v2,0.800000,0.480000,"[""AuthorizingPayment"",""EnteringItems"",""WaitingForPayment"",""WaitingForSale""]","[""AddingItems"",""Completed"",""Payment"",""VerifyingPayment"",""WaitingForSale""]","[{""ground_truth_state"":""AuthorizingPayment"",""candidate_state"":""VerifyingPayment"",""ground_truth_normalized"":""authorizing payment"",""candidate_normalized"":""verifying payment"",""similarity"":0.650738,""match_type"":""relaxed""},{""ground_truth_state"":""EnteringItems"",""candidate_state"":""AddingItems"",""ground_truth_normalized"":""enter items"",""candidate_normalized"":""adding items"",""similarity"":0.581763,""match_type"":""relaxed""},{""ground_truth_state"":""WaitingForPayment"",""candidate_state"":""Payment"",""ground_truth_normalized"":""waiting for payment"",""candidate_normalized"":""payment"",""similarity"":0.715955,""match_type"":""relaxed_lexical""},{""ground_truth_state"":""WaitingForSale"",""candidate_state"":""WaitingForSale"",""ground_truth_normalized"":""waiting for sale"",""candidate_normalized"":""waiting for sale"",""similarity"":1.0,""match_type"":""exact_normalized""}]",[],"[""Completed""]",4,5,4,0,1,0.8,1.0,0.888889
Llama_3.1_8B,few_shot,case_51_process_sale,final_results/runs/open_source__llama31_8b_instruct__few_shot/case_51_process_sale/run_01.puml,dataset/case_51_process_sale/diagram.puml,sentence-transformers/all-MiniLM-L6-v2,0.800000,0.480000,"[""AuthorizingPayment"",""EnteringItems"",""WaitingForPayment"",""WaitingForSale""]","[""AddingItems"",""Completed"",""Payment"",""VerifyingPayment"",""WaitingForSale""]","[{""ground_truth_state"":""AuthorizingPayment"",""candidate_state"":""VerifyingPayment"",""ground_truth_normalized"":""authorizing payment"",""candidate_normalized"":""verifying payment"",""similarity"":0.650738,""match_type"":""relaxed""},{""ground_truth_state"":""EnteringItems"",""candidate_state"":""AddingItems"",""ground_truth_normalized"":""enter items"",""candidate_normalized"":""adding items"",""similarity"":0.581763,""match_type"":""relaxed""},{""ground_truth_state"":""WaitingForPayment"",""candidate_state"":""Payment"",""ground_truth_normalized"":""waiting for payment"",""candidate_normalized"":""payment"",""similarity"":0.715955,""match_type"":""relaxed_lexical""},{""ground_truth_state"":""WaitingForSale"",""candidate_state"":""WaitingForSale"",""ground_truth_normalized"":""waiting for sale"",""candidate_normalized"":""waiting for sale"",""similarity"":1.0,""match_type"":""exact_normalized""}]",[],"[""Completed""]",4,5,4,0,1,0.8,1.0,0.888889
Llama_3.1_8B,syntax_grounded_repair,case_51_process_sale,final_results/runs/open_source__llama31_8b_instruct__few_shot_validation_generator_critic_repair__syntax_grounded/case_51_process_sale/run_01.puml,dataset/case_51_process_sale/diagram.puml,sentence-transformers/all-MiniLM-L6-v2,0.800000,0.480000,"[""AuthorizingPayment"",""EnteringItems"",""WaitingForPayment"",""WaitingForSale""]","[""AddingItems"",""Completed"",""Payment"",""VerifyingPayment"",""WaitingForSale""]","[{""ground_truth_state"":""AuthorizingPayment"",""candidate_state"":""VerifyingPayment"",""ground_truth_normalized"":""authorizing payment"",""candidate_normalized"":""verifying payment"",""similarity"":0.650738,""match_type"":""relaxed""},{""ground_truth_state"":""EnteringItems"",""candidate_state"":""AddingItems"",""ground_truth_normalized"":""enter items"",""candidate_normalized"":""adding items"",""similarity"":0.581763,""match_type"":""relaxed""},{""ground_truth_state"":""WaitingForPayment"",""candidate_state"":""Payment"",""ground_truth_normalized"":""waiting for payment"",""candidate_normalized"":""payment"",""similarity"":0.715955,""match_type"":""relaxed_lexical""},{""ground_truth_state"":""WaitingForSale"",""candidate_state"":""WaitingForSale"",""ground_truth_normalized"":""waiting for sale"",""candidate_normalized"":""waiting for sale"",""similarity"":1.0,""match_type"":""exact_normalized""}]",[],"[""Completed""]",4,5,4,0,1,0.8,1.0,0.888889
Mistral,baseline_repair,case_51_process_sale,final_results/runs/open_source__mistral__rag_validation_generator_critic_repair/case_51_process_sale/run_01.puml,dataset/case_51_process_sale/diagram.puml,sentence-transformers/all-MiniLM-L6-v2,0.800000,0.480000,"[""AuthorizingPayment"",""EnteringItems"",""WaitingForPayment"",""WaitingForSale""]","[""Payment Completed"",""Payment Verification"",""Recording Items"",""Return to Waiting"",""Waiting for Customer"",""Waiting for Payment"",""WaitingForSale""]","[{""ground_truth_state"":""AuthorizingPayment"",""candidate_state"":""Payment Verification"",""ground_truth_normalized"":""authorizing payment"",""candidate_normalized"":""payment verification"",""similarity"":0.681614,""match_type"":""relaxed""},{""ground_truth_state"":""WaitingForPayment"",""candidate_state"":""Waiting for Payment"",""ground_truth_normalized"":""waiting for payment"",""candidate_normalized"":""waiting for payment"",""similarity"":1.0,""match_type"":""exact_normalized""},{""ground_truth_state"":""WaitingForSale"",""candidate_state"":""WaitingForSale"",""ground_truth_normalized"":""waiting for sale"",""candidate_normalized"":""waiting for sale"",""similarity"":1.0,""match_type"":""exact_normalized""}]","[""EnteringItems""]","[""Payment Completed"",""Recording Items"",""Return to Waiting"",""Waiting for Customer""]",4,7,3,1,4,0.428571,0.75,0.545455
Mistral,rag,case_51_process_sale,final_results/runs/open_source__mistral__rag/case_51_process_sale/run_01.puml,dataset/case_51_process_sale/diagram.puml,sentence-transformers/all-MiniLM-L6-v2,0.800000,0.480000,"[""AuthorizingPayment"",""EnteringItems"",""WaitingForPayment"",""WaitingForSale""]","[""Payment Completed"",""Payment Verification"",""Recording Items"",""Return to Waiting"",""Waiting for Customer"",""Waiting for Payment"",""WaitingForSale""]","[{""ground_truth_state"":""AuthorizingPayment"",""candidate_state"":""Payment Verification"",""ground_truth_normalized"":""authorizing payment"",""candidate_normalized"":""payment verification"",""similarity"":0.681614,""match_type"":""relaxed""},{""ground_truth_state"":""WaitingForPayment"",""candidate_state"":""Waiting for Payment"",""ground_truth_normalized"":""waiting for payment"",""candidate_normalized"":""waiting for payment"",""similarity"":1.0,""match_type"":""exact_normalized""},{""ground_truth_state"":""WaitingForSale"",""candidate_state"":""WaitingForSale"",""ground_truth_normalized"":""waiting for sale"",""candidate_normalized"":""waiting for sale"",""similarity"":1.0,""match_type"":""exact_normalized""}]","[""EnteringItems""]","[""Payment Completed"",""Recording Items"",""Return to Waiting"",""Waiting for Customer""]",4,7,3,1,4,0.428571,0.75,0.545455
Mistral,syntax_grounded_repair,case_51_process_sale,final_results/runs/open_source__mistral__rag_validation_generator_critic_repair__syntax_grounded/case_51_process_sale/run_01.puml,dataset/case_51_process_sale/diagram.puml,sentence-transformers/all-MiniLM-L6-v2,0.800000,0.480000,"[""AuthorizingPayment"",""EnteringItems"",""WaitingForPayment"",""WaitingForSale""]","[""Payment Completed"",""Payment Verification"",""Recording Items"",""Return to Waiting"",""Waiting for Customer"",""Waiting for Payment"",""WaitingForSale""]","[{""ground_truth_state"":""AuthorizingPayment"",""candidate_state"":""Payment Verification"",""ground_truth_normalized"":""authorizing payment"",""candidate_normalized"":""payment verification"",""similarity"":0.681614,""match_type"":""relaxed""},{""ground_truth_state"":""WaitingForPayment"",""candidate_state"":""Waiting for Payment"",""ground_truth_normalized"":""waiting for payment"",""candidate_normalized"":""waiting for payment"",""similarity"":1.0,""match_type"":""exact_normalized""},{""ground_truth_state"":""WaitingForSale"",""candidate_state"":""WaitingForSale"",""ground_truth_normalized"":""waiting for sale"",""candidate_normalized"":""waiting for sale"",""similarity"":1.0,""match_type"":""exact_normalized""}]","[""EnteringItems""]","[""Payment Completed"",""Recording Items"",""Return to Waiting"",""Waiting for Customer""]",4,7,3,1,4,0.428571,0.75,0.545455
Qwen_2.5_7B,baseline_repair,case_51_process_sale,final_results/runs/open_source__qwen25_7b_instruct__rag_validation_generator_critic_repair/case_51_process_sale/run_01.puml,dataset/case_51_process_sale/diagram.puml,sentence-transformers/all-MiniLM-L6-v2,0.800000,0.480000,"[""AuthorizingPayment"",""EnteringItems"",""WaitingForPayment"",""WaitingForSale""]","[""Payment completed"",""Payment verified"",""Record items"",""Waiting for customer"",""Waiting for payment""]","[{""ground_truth_state"":""AuthorizingPayment"",""candidate_state"":""Payment verified"",""ground_truth_normalized"":""authorizing payment"",""candidate_normalized"":""payment verified"",""similarity"":0.648598,""match_type"":""relaxed""},{""ground_truth_state"":""WaitingForPayment"",""candidate_state"":""Waiting for payment"",""ground_truth_normalized"":""waiting for payment"",""candidate_normalized"":""waiting for payment"",""similarity"":1.0,""match_type"":""exact_normalized""},{""ground_truth_state"":""WaitingForSale"",""candidate_state"":""Waiting for customer"",""ground_truth_normalized"":""waiting for sale"",""candidate_normalized"":""waiting for customer"",""similarity"":0.692467,""match_type"":""relaxed""}]","[""EnteringItems""]","[""Payment completed"",""Record items""]",4,5,3,1,2,0.6,0.75,0.666667
Qwen_2.5_7B,rag,case_51_process_sale,final_results/runs/open_source__qwen25_7b_instruct__rag/case_51_process_sale/run_01.puml,dataset/case_51_process_sale/diagram.puml,sentence-transformers/all-MiniLM-L6-v2,0.800000,0.480000,"[""AuthorizingPayment"",""EnteringItems"",""WaitingForPayment"",""WaitingForSale""]","[""Payment completed"",""Payment verified"",""Record items"",""Waiting for customer"",""Waiting for payment""]","[{""ground_truth_state"":""AuthorizingPayment"",""candidate_state"":""Payment verified"",""ground_truth_normalized"":""authorizing payment"",""candidate_normalized"":""payment verified"",""similarity"":0.648598,""match_type"":""relaxed""},{""ground_truth_state"":""WaitingForPayment"",""candidate_state"":""Waiting for payment"",""ground_truth_normalized"":""waiting for payment"",""candidate_normalized"":""waiting for payment"",""similarity"":1.0,""match_type"":""exact_normalized""},{""ground_truth_state"":""WaitingForSale"",""candidate_state"":""Waiting for customer"",""ground_truth_normalized"":""waiting for sale"",""candidate_normalized"":""waiting for customer"",""similarity"":0.692467,""match_type"":""relaxed""}]","[""EnteringItems""]","[""Payment completed"",""Record items""]",4,5,3,1,2,0.6,0.75,0.666667
Qwen_2.5_7B,syntax_grounded_repair,case_51_process_sale,final_results/runs/open_source__qwen25_7b_instruct__rag_validation_generator_critic_repair__syntax_grounded_no_rules_original_rag/case_51_process_sale/run_01.puml,dataset/case_51_process_sale/diagram.puml,sentence-transformers/all-MiniLM-L6-v2,0.800000,0.480000,"[""AuthorizingPayment"",""EnteringItems"",""WaitingForPayment"",""WaitingForSale""]","[""Payment completed"",""Payment verified"",""Record items"",""Waiting for customer"",""Waiting for payment""]","[{""ground_truth_state"":""AuthorizingPayment"",""candidate_state"":""Payment verified"",""ground_truth_normalized"":""authorizing payment"",""candidate_normalized"":""payment verified"",""similarity"":0.648598,""match_type"":""relaxed""},{""ground_truth_state"":""WaitingForPayment"",""candidate_state"":""Waiting for payment"",""ground_truth_normalized"":""waiting for payment"",""candidate_normalized"":""waiting for payment"",""similarity"":1.0,""match_type"":""exact_normalized""},{""ground_truth_state"":""WaitingForSale"",""candidate_state"":""Waiting for customer"",""ground_truth_normalized"":""waiting for sale"",""candidate_normalized"":""waiting for customer"",""similarity"":0.692467,""match_type"":""relaxed""}]","[""EnteringItems""]","[""Payment completed"",""Record items""]",4,5,3,1,2,0.6,0.75,0.666667
DeepSeek_R1_14B,baseline_repair,case_52_microwave_oven,final_results/runs/open_source__deepseek_r1_14b__few_shot_validation_generator_critic_repair/case_52_microwave_oven/run_01.puml,dataset/case_52_microwave_oven/diagram.puml,sentence-transformers/all-MiniLM-L6-v2,0.800000,0.480000,"[""Disabled"",""Enabled"",""Full Power"",""Half Power"",""Operation"",""Set Time"",""Waiting""]","[""Cooking"",""Door Open"",""Full Power"",""Half Power"",""Idle"",""Set Time""]","[{""ground_truth_state"":""Full Power"",""candidate_state"":""Full Power"",""ground_truth_normalized"":""full power"",""candidate_normalized"":""full power"",""similarity"":1.0,""match_type"":""exact_normalized""},{""ground_truth_state"":""Half Power"",""candidate_state"":""Half Power"",""ground_truth_normalized"":""half power"",""candidate_normalized"":""half power"",""similarity"":1.0,""match_type"":""exact_normalized""},{""ground_truth_state"":""Set Time"",""candidate_state"":""Set Time"",""ground_truth_normalized"":""set time"",""candidate_normalized"":""set time"",""similarity"":1.0,""match_type"":""exact_normalized""}]","[""Disabled"",""Enabled"",""Operation"",""Waiting""]","[""Cooking"",""Door Open"",""Idle""]",7,6,3,4,3,0.5,0.428571,0.461538
DeepSeek_R1_14B,few_shot,case_52_microwave_oven,final_results/runs/open_source__deepseek_r1_14b__few_shot/case_52_microwave_oven/run_01.puml,dataset/case_52_microwave_oven/diagram.puml,sentence-transformers/all-MiniLM-L6-v2,0.800000,0.480000,"[""Disabled"",""Enabled"",""Full Power"",""Half Power"",""Operation"",""Set Time"",""Waiting""]","[""Cooking"",""Door Open"",""Full Power"",""Half Power"",""Idle"",""Set Time""]","[{""ground_truth_state"":""Full Power"",""candidate_state"":""Full Power"",""ground_truth_normalized"":""full power"",""candidate_normalized"":""full power"",""similarity"":1.0,""match_type"":""exact_normalized""},{""ground_truth_state"":""Half Power"",""candidate_state"":""Half Power"",""ground_truth_normalized"":""half power"",""candidate_normalized"":""half power"",""similarity"":1.0,""match_type"":""exact_normalized""},{""ground_truth_state"":""Set Time"",""candidate_state"":""Set Time"",""ground_truth_normalized"":""set time"",""candidate_normalized"":""set time"",""similarity"":1.0,""match_type"":""exact_normalized""}]","[""Disabled"",""Enabled"",""Operation"",""Waiting""]","[""Cooking"",""Door Open"",""Idle""]",7,6,3,4,3,0.5,0.428571,0.461538
DeepSeek_R1_14B,syntax_grounded_repair,case_52_microwave_oven,final_results/runs/open_source__deepseek_r1_14b__few_shot_validation_generator_critic_repair__syntax_grounded_no_rules/case_52_microwave_oven/run_01.puml,dataset/case_52_microwave_oven/diagram.puml,sentence-transformers/all-MiniLM-L6-v2,0.800000,0.480000,"[""Disabled"",""Enabled"",""Full Power"",""Half Power"",""Operation"",""Set Time"",""Waiting""]","[""Cooking"",""Door Open"",""Full Power"",""Half Power"",""Idle"",""Set Time""]","[{""ground_truth_state"":""Full Power"",""candidate_state"":""Full Power"",""ground_truth_normalized"":""full power"",""candidate_normalized"":""full power"",""similarity"":1.0,""match_type"":""exact_normalized""},{""ground_truth_state"":""Half Power"",""candidate_state"":""Half Power"",""ground_truth_normalized"":""half power"",""candidate_normalized"":""half power"",""similarity"":1.0,""match_type"":""exact_normalized""},{""ground_truth_state"":""Set Time"",""candidate_state"":""Set Time"",""ground_truth_normalized"":""set time"",""candidate_normalized"":""set time"",""similarity"":1.0,""match_type"":""exact_normalized""}]","[""Disabled"",""Enabled"",""Operation"",""Waiting""]","[""Cooking"",""Door Open"",""Idle""]",7,6,3,4,3,0.5,0.428571,0.461538
Llama_3.1_8B,baseline_repair,case_52_microwave_oven,final_results/runs/open_source__llama31_8b_instruct__few_shot_validation_generator_critic_repair/case_52_microwave_oven/run_01.puml,dataset/case_52_microwave_oven/diagram.puml,sentence-transformers/all-MiniLM-L6-v2,0.800000,0.480000,"[""Disabled"",""Enabled"",""Full Power"",""Half Power"",""Operation"",""Set Time"",""Waiting""]","[""Cancel"",""Cooking"",""Door opened"",""Idle"",""Stopped"",""Waiting for input""]","[{""ground_truth_state"":""Waiting"",""candidate_state"":""Waiting for input"",""ground_truth_normalized"":""waiting"",""candidate_normalized"":""waiting for input"",""similarity"":0.599592,""match_type"":""relaxed_lexical""}]","[""Disabled"",""Enabled"",""Full Power"",""Half Power"",""Operation"",""Set Time""]","[""Cancel"",""Cooking"",""Door opened"",""Idle"",""Stopped""]",7,6,1,6,5,0.166667,0.142857,0.153846
Llama_3.1_8B,few_shot,case_52_microwave_oven,final_results/runs/open_source__llama31_8b_instruct__few_shot/case_52_microwave_oven/run_01.puml,dataset/case_52_microwave_oven/diagram.puml,sentence-transformers/all-MiniLM-L6-v2,0.800000,0.480000,"[""Disabled"",""Enabled"",""Full Power"",""Half Power"",""Operation"",""Set Time"",""Waiting""]","[""Cancel"",""Cooking"",""Door opened"",""Idle"",""Stopped"",""Waiting for input""]","[{""ground_truth_state"":""Waiting"",""candidate_state"":""Waiting for input"",""ground_truth_normalized"":""waiting"",""candidate_normalized"":""waiting for input"",""similarity"":0.599592,""match_type"":""relaxed_lexical""}]","[""Disabled"",""Enabled"",""Full Power"",""Half Power"",""Operation"",""Set Time""]","[""Cancel"",""Cooking"",""Door opened"",""Idle"",""Stopped""]",7,6,1,6,5,0.166667,0.142857,0.153846
Llama_3.1_8B,syntax_grounded_repair,case_52_microwave_oven,final_results/runs/open_source__llama31_8b_instruct__few_shot_validation_generator_critic_repair__syntax_grounded/case_52_microwave_oven/run_01.puml,dataset/case_52_microwave_oven/diagram.puml,sentence-transformers/all-MiniLM-L6-v2,0.800000,0.480000,"[""Disabled"",""Enabled"",""Full Power"",""Half Power"",""Operation"",""Set Time"",""Waiting""]","[""Cancel"",""Cooking"",""Door opened"",""Idle"",""Stopped"",""Waiting for input""]","[{""ground_truth_state"":""Waiting"",""candidate_state"":""Waiting for input"",""ground_truth_normalized"":""waiting"",""candidate_normalized"":""waiting for input"",""similarity"":0.599592,""match_type"":""relaxed_lexical""}]","[""Disabled"",""Enabled"",""Full Power"",""Half Power"",""Operation"",""Set Time""]","[""Cancel"",""Cooking"",""Door opened"",""Idle"",""Stopped""]",7,6,1,6,5,0.166667,0.142857,0.153846
Mistral,baseline_repair,case_52_microwave_oven,final_results/runs/open_source__mistral__rag_validation_generator_critic_repair/case_52_microwave_oven/run_01.puml,dataset/case_52_microwave_oven/diagram.puml,sentence-transformers/all-MiniLM-L6-v2,0.800000,0.480000,"[""Disabled"",""Enabled"",""Full Power"",""Half Power"",""Operation"",""Set Time"",""Waiting""]","[""Cancel"",""CookingTimeInput"",""DoorOpen"",""Idle"",""Inactive"",""PowerLevelSelection"",""Stop"",""TimeDisplay""]","[{""ground_truth_state"":""Disabled"",""candidate_state"":""Inactive"",""ground_truth_normalized"":""disabled"",""candidate_normalized"":""inactive"",""similarity"":0.571497,""match_type"":""relaxed""},{""ground_truth_state"":""Set Time"",""candidate_state"":""CookingTimeInput"",""ground_truth_normalized"":""set time"",""candidate_normalized"":""cooking time input"",""similarity"":0.494017,""match_type"":""relaxed""}]","[""Enabled"",""Full Power"",""Half Power"",""Operation"",""Waiting""]","[""Cancel"",""DoorOpen"",""Idle"",""PowerLevelSelection"",""Stop"",""TimeDisplay""]",7,8,2,5,6,0.25,0.285714,0.266667
Mistral,rag,case_52_microwave_oven,final_results/runs/open_source__mistral__rag/case_52_microwave_oven/run_01.puml,dataset/case_52_microwave_oven/diagram.puml,sentence-transformers/all-MiniLM-L6-v2,0.800000,0.480000,"[""Disabled"",""Enabled"",""Full Power"",""Half Power"",""Operation"",""Set Time"",""Waiting""]","[""Cancel"",""CookingTimeInput"",""DoorOpen"",""Idle"",""Inactive"",""PowerLevelSelection"",""Stop"",""TimeDisplay""]","[{""ground_truth_state"":""Disabled"",""candidate_state"":""Inactive"",""ground_truth_normalized"":""disabled"",""candidate_normalized"":""inactive"",""similarity"":0.571497,""match_type"":""relaxed""},{""ground_truth_state"":""Set Time"",""candidate_state"":""CookingTimeInput"",""ground_truth_normalized"":""set time"",""candidate_normalized"":""cooking time input"",""similarity"":0.494017,""match_type"":""relaxed""}]","[""Enabled"",""Full Power"",""Half Power"",""Operation"",""Waiting""]","[""Cancel"",""DoorOpen"",""Idle"",""PowerLevelSelection"",""Stop"",""TimeDisplay""]",7,8,2,5,6,0.25,0.285714,0.266667
Mistral,syntax_grounded_repair,case_52_microwave_oven,final_results/runs/open_source__mistral__rag_validation_generator_critic_repair__syntax_grounded/case_52_microwave_oven/run_01.puml,dataset/case_52_microwave_oven/diagram.puml,sentence-transformers/all-MiniLM-L6-v2,0.800000,0.480000,"[""Disabled"",""Enabled"",""Full Power"",""Half Power"",""Operation"",""Set Time"",""Waiting""]","[""Cancel"",""CookingTimeInput"",""DoorOpen"",""Idle"",""Inactive"",""PowerLevelSelection"",""Stop"",""TimeDisplay""]","[{""ground_truth_state"":""Disabled"",""candidate_state"":""Inactive"",""ground_truth_normalized"":""disabled"",""candidate_normalized"":""inactive"",""similarity"":0.571497,""match_type"":""relaxed""},{""ground_truth_state"":""Set Time"",""candidate_state"":""CookingTimeInput"",""ground_truth_normalized"":""set time"",""candidate_normalized"":""cooking time input"",""similarity"":0.494017,""match_type"":""relaxed""}]","[""Enabled"",""Full Power"",""Half Power"",""Operation"",""Waiting""]","[""Cancel"",""DoorOpen"",""Idle"",""PowerLevelSelection"",""Stop"",""TimeDisplay""]",7,8,2,5,6,0.25,0.285714,0.266667
Qwen_2.5_7B,baseline_repair,case_52_microwave_oven,final_results/runs/open_source__qwen25_7b_instruct__rag_validation_generator_critic_repair/case_52_microwave_oven/run_01.puml,dataset/case_52_microwave_oven/diagram.puml,sentence-transformers/all-MiniLM-L6-v2,0.800000,0.480000,"[""Disabled"",""Enabled"",""Full Power"",""Half Power"",""Operation"",""Set Time"",""Waiting""]","[""Cancel"",""Cooking"",""DoorClosed"",""DoorOpen"",""Idle"",""PowerSelection"",""TimeSelection"",""WaitingForInput""]","[{""ground_truth_state"":""Half Power"",""candidate_state"":""PowerSelection"",""ground_truth_normalized"":""half power"",""candidate_normalized"":""power selection"",""similarity"":0.507413,""match_type"":""relaxed""},{""ground_truth_state"":""Set Time"",""candidate_state"":""TimeSelection"",""ground_truth_normalized"":""set time"",""candidate_normalized"":""time selection"",""similarity"":0.598224,""match_type"":""relaxed""},{""ground_truth_state"":""Waiting"",""candidate_state"":""WaitingForInput"",""ground_truth_normalized"":""waiting"",""candidate_normalized"":""waiting for input"",""similarity"":0.599592,""match_type"":""relaxed_lexical""}]","[""Disabled"",""Enabled"",""Full Power"",""Operation""]","[""Cancel"",""Cooking"",""DoorClosed"",""DoorOpen"",""Idle""]",7,8,3,4,5,0.375,0.428571,0.4
Qwen_2.5_7B,rag,case_52_microwave_oven,final_results/runs/open_source__qwen25_7b_instruct__rag/case_52_microwave_oven/run_01.puml,dataset/case_52_microwave_oven/diagram.puml,sentence-transformers/all-MiniLM-L6-v2,0.800000,0.480000,"[""Disabled"",""Enabled"",""Full Power"",""Half Power"",""Operation"",""Set Time"",""Waiting""]","[""Cancel"",""Cooking"",""DoorClosed"",""DoorOpen"",""Idle"",""PowerSelection"",""TimeSelection"",""WaitingForInput""]","[{""ground_truth_state"":""Half Power"",""candidate_state"":""PowerSelection"",""ground_truth_normalized"":""half power"",""candidate_normalized"":""power selection"",""similarity"":0.507413,""match_type"":""relaxed""},{""ground_truth_state"":""Set Time"",""candidate_state"":""TimeSelection"",""ground_truth_normalized"":""set time"",""candidate_normalized"":""time selection"",""similarity"":0.598224,""match_type"":""relaxed""},{""ground_truth_state"":""Waiting"",""candidate_state"":""WaitingForInput"",""ground_truth_normalized"":""waiting"",""candidate_normalized"":""waiting for input"",""similarity"":0.599592,""match_type"":""relaxed_lexical""}]","[""Disabled"",""Enabled"",""Full Power"",""Operation""]","[""Cancel"",""Cooking"",""DoorClosed"",""DoorOpen"",""Idle""]",7,8,3,4,5,0.375,0.428571,0.4
Qwen_2.5_7B,syntax_grounded_repair,case_52_microwave_oven,final_results/runs/open_source__qwen25_7b_instruct__rag_validation_generator_critic_repair__syntax_grounded_no_rules_original_rag/case_52_microwave_oven/run_01.puml,dataset/case_52_microwave_oven/diagram.puml,sentence-transformers/all-MiniLM-L6-v2,0.800000,0.480000,"[""Disabled"",""Enabled"",""Full Power"",""Half Power"",""Operation"",""Set Time"",""Waiting""]","[""Cancel"",""Cooking"",""DoorClosed"",""DoorOpen"",""Idle"",""PowerSelection"",""TimeSelection"",""WaitingForInput""]","[{""ground_truth_state"":""Half Power"",""candidate_state"":""PowerSelection"",""ground_truth_normalized"":""half power"",""candidate_normalized"":""power selection"",""similarity"":0.507413,""match_type"":""relaxed""},{""ground_truth_state"":""Set Time"",""candidate_state"":""TimeSelection"",""ground_truth_normalized"":""set time"",""candidate_normalized"":""time selection"",""similarity"":0.598224,""match_type"":""relaxed""},{""ground_truth_state"":""Waiting"",""candidate_state"":""WaitingForInput"",""ground_truth_normalized"":""waiting"",""candidate_normalized"":""waiting for input"",""similarity"":0.599592,""match_type"":""relaxed_lexical""}]","[""Disabled"",""Enabled"",""Full Power"",""Operation""]","[""Cancel"",""Cooking"",""DoorClosed"",""DoorOpen"",""Idle""]",7,8,3,4,5,0.375,0.428571,0.4
DeepSeek_R1_14B,baseline_repair,case_54_weather_station_system,final_results/runs/open_source__deepseek_r1_14b__few_shot_validation_generator_critic_repair/case_54_weather_station_system/run_01.puml,dataset/case_54_weather_station_system/diagram.puml,sentence-transformers/all-MiniLM-L6-v2,0.800000,0.480000,"[""Collecting"",""Configuring"",""Controlled"",""Operation"",""Running"",""Shutdown"",""Summarizing"",""Testing"",""Transmitting""]","[""Configuration"",""ControlledMode"",""Running"",""Shutdown""]","[{""ground_truth_state"":""Configuring"",""candidate_state"":""Configuration"",""ground_truth_normalized"":""configuring"",""candidate_normalized"":""configuration"",""similarity"":0.868244,""match_type"":""strict""},{""ground_truth_state"":""Controlled"",""candidate_state"":""ControlledMode"",""ground_truth_normalized"":""controlled"",""candidate_normalized"":""controlled mode"",""similarity"":0.720561,""match_type"":""relaxed_lexical""},{""ground_truth_state"":""Running"",""candidate_state"":""Running"",""ground_truth_normalized"":""running"",""candidate_normalized"":""running"",""similarity"":1.0,""match_type"":""exact_normalized""},{""ground_truth_state"":""Shutdown"",""candidate_state"":""Shutdown"",""ground_truth_normalized"":""shutdown"",""candidate_normalized"":""shutdown"",""similarity"":1.0,""match_type"":""exact_normalized""}]","[""Collecting"",""Operation"",""Summarizing"",""Testing"",""Transmitting""]",[],9,4,4,5,0,1.0,0.444444,0.615385
DeepSeek_R1_14B,few_shot,case_54_weather_station_system,final_results/runs/open_source__deepseek_r1_14b__few_shot/case_54_weather_station_system/run_01.puml,dataset/case_54_weather_station_system/diagram.puml,sentence-transformers/all-MiniLM-L6-v2,0.800000,0.480000,"[""Collecting"",""Configuring"",""Controlled"",""Operation"",""Running"",""Shutdown"",""Summarizing"",""Testing"",""Transmitting""]","[""Configuration"",""ControlledMode"",""Running"",""Shutdown""]","[{""ground_truth_state"":""Configuring"",""candidate_state"":""Configuration"",""ground_truth_normalized"":""configuring"",""candidate_normalized"":""configuration"",""similarity"":0.868244,""match_type"":""strict""},{""ground_truth_state"":""Controlled"",""candidate_state"":""ControlledMode"",""ground_truth_normalized"":""controlled"",""candidate_normalized"":""controlled mode"",""similarity"":0.720561,""match_type"":""relaxed_lexical""},{""ground_truth_state"":""Running"",""candidate_state"":""Running"",""ground_truth_normalized"":""running"",""candidate_normalized"":""running"",""similarity"":1.0,""match_type"":""exact_normalized""},{""ground_truth_state"":""Shutdown"",""candidate_state"":""Shutdown"",""ground_truth_normalized"":""shutdown"",""candidate_normalized"":""shutdown"",""similarity"":1.0,""match_type"":""exact_normalized""}]","[""Collecting"",""Operation"",""Summarizing"",""Testing"",""Transmitting""]",[],9,4,4,5,0,1.0,0.444444,0.615385
DeepSeek_R1_14B,syntax_grounded_repair,case_54_weather_station_system,final_results/runs/open_source__deepseek_r1_14b__few_shot_validation_generator_critic_repair__syntax_grounded_no_rules/case_54_weather_station_system/run_01.puml,dataset/case_54_weather_station_system/diagram.puml,sentence-transformers/all-MiniLM-L6-v2,0.800000,0.480000,"[""Collecting"",""Configuring"",""Controlled"",""Operation"",""Running"",""Shutdown"",""Summarizing"",""Testing"",""Transmitting""]","[""Configuration"",""ControlledMode"",""Running"",""Shutdown""]","[{""ground_truth_state"":""Configuring"",""candidate_state"":""Configuration"",""ground_truth_normalized"":""configuring"",""candidate_normalized"":""configuration"",""similarity"":0.868244,""match_type"":""strict""},{""ground_truth_state"":""Controlled"",""candidate_state"":""ControlledMode"",""ground_truth_normalized"":""controlled"",""candidate_normalized"":""controlled mode"",""similarity"":0.720561,""match_type"":""relaxed_lexical""},{""ground_truth_state"":""Running"",""candidate_state"":""Running"",""ground_truth_normalized"":""running"",""candidate_normalized"":""running"",""similarity"":1.0,""match_type"":""exact_normalized""},{""ground_truth_state"":""Shutdown"",""candidate_state"":""Shutdown"",""ground_truth_normalized"":""shutdown"",""candidate_normalized"":""shutdown"",""similarity"":1.0,""match_type"":""exact_normalized""}]","[""Collecting"",""Operation"",""Summarizing"",""Testing"",""Transmitting""]",[],9,4,4,5,0,1.0,0.444444,0.615385
Llama_3.1_8B,baseline_repair,case_54_weather_station_system,final_results/runs/open_source__llama31_8b_instruct__few_shot_validation_generator_critic_repair/case_54_weather_station_system/run_01.puml,dataset/case_54_weather_station_system/diagram.puml,sentence-transformers/all-MiniLM-L6-v2,0.800000,0.480000,"[""Collecting"",""Configuring"",""Controlled"",""Operation"",""Running"",""Shutdown"",""Summarizing"",""Testing"",""Transmitting""]","[""ConfigMode"",""Controlled"",""DataCollection"",""Running"",""ShutDown"",""StatusChecking"",""SummaryPreparation""]","[{""ground_truth_state"":""Collecting"",""candidate_state"":""DataCollection"",""ground_truth_normalized"":""collect"",""candidate_normalized"":""data collection"",""similarity"":0.490737,""match_type"":""relaxed""},{""ground_truth_state"":""Configuring"",""candidate_state"":""ConfigMode"",""ground_truth_normalized"":""configuring"",""candidate_normalized"":""config mode"",""similarity"":0.674064,""match_type"":""relaxed""},{""ground_truth_state"":""Controlled"",""candidate_state"":""Controlled"",""ground_truth_normalized"":""controlled"",""candidate_normalized"":""controlled"",""similarity"":1.0,""match_type"":""exact_normalized""},{""ground_truth_state"":""Running"",""candidate_state"":""Running"",""ground_truth_normalized"":""running"",""candidate_normalized"":""running"",""similarity"":1.0,""match_type"":""exact_normalized""},{""ground_truth_state"":""Shutdown"",""candidate_state"":""ShutDown"",""ground_truth_normalized"":""shutdown"",""candidate_normalized"":""shut down"",""similarity"":0.807082,""match_type"":""strict""},{""ground_truth_state"":""Summarizing"",""candidate_state"":""SummaryPreparation"",""ground_truth_normalized"":""summarizing"",""candidate_normalized"":""summary preparation"",""similarity"":0.577728,""match_type"":""relaxed""}]","[""Operation"",""Testing"",""Transmitting""]","[""StatusChecking""]",9,7,6,3,1,0.857143,0.666667,0.75
Llama_3.1_8B,few_shot,case_54_weather_station_system,final_results/runs/open_source__llama31_8b_instruct__few_shot/case_54_weather_station_system/run_01.puml,dataset/case_54_weather_station_system/diagram.puml,sentence-transformers/all-MiniLM-L6-v2,0.800000,0.480000,"[""Collecting"",""Configuring"",""Controlled"",""Operation"",""Running"",""Shutdown"",""Summarizing"",""Testing"",""Transmitting""]","[""ConfigMode"",""Controlled"",""DataCollection"",""Running"",""ShutDown"",""StatusChecking"",""SummaryPreparation""]","[{""ground_truth_state"":""Collecting"",""candidate_state"":""DataCollection"",""ground_truth_normalized"":""collect"",""candidate_normalized"":""data collection"",""similarity"":0.490737,""match_type"":""relaxed""},{""ground_truth_state"":""Configuring"",""candidate_state"":""ConfigMode"",""ground_truth_normalized"":""configuring"",""candidate_normalized"":""config mode"",""similarity"":0.674064,""match_type"":""relaxed""},{""ground_truth_state"":""Controlled"",""candidate_state"":""Controlled"",""ground_truth_normalized"":""controlled"",""candidate_normalized"":""controlled"",""similarity"":1.0,""match_type"":""exact_normalized""},{""ground_truth_state"":""Running"",""candidate_state"":""Running"",""ground_truth_normalized"":""running"",""candidate_normalized"":""running"",""similarity"":1.0,""match_type"":""exact_normalized""},{""ground_truth_state"":""Shutdown"",""candidate_state"":""ShutDown"",""ground_truth_normalized"":""shutdown"",""candidate_normalized"":""shut down"",""similarity"":0.807082,""match_type"":""strict""},{""ground_truth_state"":""Summarizing"",""candidate_state"":""SummaryPreparation"",""ground_truth_normalized"":""summarizing"",""candidate_normalized"":""summary preparation"",""similarity"":0.577728,""match_type"":""relaxed""}]","[""Operation"",""Testing"",""Transmitting""]","[""StatusChecking""]",9,7,6,3,1,0.857143,0.666667,0.75
Llama_3.1_8B,syntax_grounded_repair,case_54_weather_station_system,final_results/runs/open_source__llama31_8b_instruct__few_shot_validation_generator_critic_repair__syntax_grounded/case_54_weather_station_system/run_01.puml,dataset/case_54_weather_station_system/diagram.puml,sentence-transformers/all-MiniLM-L6-v2,0.800000,0.480000,"[""Collecting"",""Configuring"",""Controlled"",""Operation"",""Running"",""Shutdown"",""Summarizing"",""Testing"",""Transmitting""]","[""ConfigMode"",""Controlled"",""DataCollection"",""Running"",""ShutDown"",""StatusChecking"",""SummaryPreparation""]","[{""ground_truth_state"":""Collecting"",""candidate_state"":""DataCollection"",""ground_truth_normalized"":""collect"",""candidate_normalized"":""data collection"",""similarity"":0.490737,""match_type"":""relaxed""},{""ground_truth_state"":""Configuring"",""candidate_state"":""ConfigMode"",""ground_truth_normalized"":""configuring"",""candidate_normalized"":""config mode"",""similarity"":0.674064,""match_type"":""relaxed""},{""ground_truth_state"":""Controlled"",""candidate_state"":""Controlled"",""ground_truth_normalized"":""controlled"",""candidate_normalized"":""controlled"",""similarity"":1.0,""match_type"":""exact_normalized""},{""ground_truth_state"":""Running"",""candidate_state"":""Running"",""ground_truth_normalized"":""running"",""candidate_normalized"":""running"",""similarity"":1.0,""match_type"":""exact_normalized""},{""ground_truth_state"":""Shutdown"",""candidate_state"":""ShutDown"",""ground_truth_normalized"":""shutdown"",""candidate_normalized"":""shut down"",""similarity"":0.807082,""match_type"":""strict""},{""ground_truth_state"":""Summarizing"",""candidate_state"":""SummaryPreparation"",""ground_truth_normalized"":""summarizing"",""candidate_normalized"":""summary preparation"",""similarity"":0.577728,""match_type"":""relaxed""}]","[""Operation"",""Testing"",""Transmitting""]","[""StatusChecking""]",9,7,6,3,1,0.857143,0.666667,0.75
Mistral,baseline_repair,case_54_weather_station_system,final_results/runs/open_source__mistral__rag_validation_generator_critic_repair/case_54_weather_station_system/run_01.puml,dataset/case_54_weather_station_system/diagram.puml,sentence-transformers/all-MiniLM-L6-v2,0.800000,0.480000,"[""Collecting"",""Configuring"",""Controlled"",""Operation"",""Running"",""Shutdown"",""Summarizing"",""Testing"",""Transmitting""]","[""Configuration"",""ConfigurationMode"",""ControlledMode"",""ControlledModeOn"",""DataCollecting"",""DataCollection"",""Running"",""RunningFromShutdown"",""Shutdown"",""ShuttingDown"",""StatusChecking"",""StatusCheckingMode"",""SummaryPreparation"",""WeatherSummaryRequested""]","[{""ground_truth_state"":""Collecting"",""candidate_state"":""DataCollecting"",""ground_truth_normalized"":""collect"",""candidate_normalized"":""data collect"",""similarity"":0.642964,""match_type"":""relaxed_lexical""},{""ground_truth_state"":""Configuring"",""candidate_state"":""Configuration"",""ground_truth_normalized"":""configuring"",""candidate_normalized"":""configuration"",""similarity"":0.868244,""match_type"":""strict""},{""ground_truth_state"":""Controlled"",""candidate_state"":""ControlledMode"",""ground_truth_normalized"":""controlled"",""candidate_normalized"":""controlled mode"",""similarity"":0.720561,""match_type"":""relaxed_lexical""},{""ground_truth_state"":""Running"",""candidate_state"":""Running"",""ground_truth_normalized"":""running"",""candidate_normalized"":""running"",""similarity"":1.0,""match_type"":""exact_normalized""},{""ground_truth_state"":""Shutdown"",""candidate_state"":""Shutdown"",""ground_truth_normalized"":""shutdown"",""candidate_normalized"":""shutdown"",""similarity"":1.0,""match_type"":""exact_normalized""},{""ground_truth_state"":""Summarizing"",""candidate_state"":""SummaryPreparation"",""ground_truth_normalized"":""summarizing"",""candidate_normalized"":""summary preparation"",""similarity"":0.577728,""match_type"":""relaxed""}]","[""Operation"",""Testing"",""Transmitting""]","[""ConfigurationMode"",""ControlledModeOn"",""DataCollection"",""RunningFromShutdown"",""ShuttingDown"",""StatusChecking"",""StatusCheckingMode"",""WeatherSummaryRequested""]",9,14,6,3,8,0.428571,0.666667,0.521739
Mistral,rag,case_54_weather_station_system,final_results/runs/open_source__mistral__rag/case_54_weather_station_system/run_01.puml,dataset/case_54_weather_station_system/diagram.puml,sentence-transformers/all-MiniLM-L6-v2,0.800000,0.480000,"[""Collecting"",""Configuring"",""Controlled"",""Operation"",""Running"",""Shutdown"",""Summarizing"",""Testing"",""Transmitting""]","[""Configuration"",""ConfigurationMode"",""ControlledMode"",""ControlledModeOn"",""DataCollecting"",""DataCollection"",""Running"",""RunningFromShutdown"",""Shutdown"",""ShuttingDown"",""StatusChecking"",""StatusCheckingMode"",""SummaryPreparation"",""WeatherSummaryRequested""]","[{""ground_truth_state"":""Collecting"",""candidate_state"":""DataCollecting"",""ground_truth_normalized"":""collect"",""candidate_normalized"":""data collect"",""similarity"":0.642964,""match_type"":""relaxed_lexical""},{""ground_truth_state"":""Configuring"",""candidate_state"":""Configuration"",""ground_truth_normalized"":""configuring"",""candidate_normalized"":""configuration"",""similarity"":0.868244,""match_type"":""strict""},{""ground_truth_state"":""Controlled"",""candidate_state"":""ControlledMode"",""ground_truth_normalized"":""controlled"",""candidate_normalized"":""controlled mode"",""similarity"":0.720561,""match_type"":""relaxed_lexical""},{""ground_truth_state"":""Running"",""candidate_state"":""Running"",""ground_truth_normalized"":""running"",""candidate_normalized"":""running"",""similarity"":1.0,""match_type"":""exact_normalized""},{""ground_truth_state"":""Shutdown"",""candidate_state"":""Shutdown"",""ground_truth_normalized"":""shutdown"",""candidate_normalized"":""shutdown"",""similarity"":1.0,""match_type"":""exact_normalized""},{""ground_truth_state"":""Summarizing"",""candidate_state"":""SummaryPreparation"",""ground_truth_normalized"":""summarizing"",""candidate_normalized"":""summary preparation"",""similarity"":0.577728,""match_type"":""relaxed""}]","[""Operation"",""Testing"",""Transmitting""]","[""ConfigurationMode"",""ControlledModeOn"",""DataCollection"",""RunningFromShutdown"",""ShuttingDown"",""StatusChecking"",""StatusCheckingMode"",""WeatherSummaryRequested""]",9,14,6,3,8,0.428571,0.666667,0.521739
Mistral,syntax_grounded_repair,case_54_weather_station_system,final_results/runs/open_source__mistral__rag_validation_generator_critic_repair__syntax_grounded/case_54_weather_station_system/run_01.puml,dataset/case_54_weather_station_system/diagram.puml,sentence-transformers/all-MiniLM-L6-v2,0.800000,0.480000,"[""Collecting"",""Configuring"",""Controlled"",""Operation"",""Running"",""Shutdown"",""Summarizing"",""Testing"",""Transmitting""]","[""Configuration"",""ConfigurationMode"",""ControlledModeOn"",""DataCollecting"",""DataCollection"",""Running"",""RunningFromShutdown"",""ShuttingDown"",""StatusChecking"",""StatusCheckingMode"",""WeatherSummaryRequested""]","[{""ground_truth_state"":""Collecting"",""candidate_state"":""DataCollecting"",""ground_truth_normalized"":""collect"",""candidate_normalized"":""data collect"",""similarity"":0.642964,""match_type"":""relaxed_lexical""},{""ground_truth_state"":""Configuring"",""candidate_state"":""Configuration"",""ground_truth_normalized"":""configuring"",""candidate_normalized"":""configuration"",""similarity"":0.868244,""match_type"":""strict""},{""ground_truth_state"":""Controlled"",""candidate_state"":""ControlledModeOn"",""ground_truth_normalized"":""controlled"",""candidate_normalized"":""controlled mode on"",""similarity"":0.672445,""match_type"":""relaxed_lexical""},{""ground_truth_state"":""Running"",""candidate_state"":""Running"",""ground_truth_normalized"":""running"",""candidate_normalized"":""running"",""similarity"":1.0,""match_type"":""exact_normalized""},{""ground_truth_state"":""Shutdown"",""candidate_state"":""ShuttingDown"",""ground_truth_normalized"":""shutdown"",""candidate_normalized"":""shutting down"",""similarity"":0.911447,""match_type"":""strict""}]","[""Operation"",""Summarizing"",""Testing"",""Transmitting""]","[""ConfigurationMode"",""DataCollection"",""RunningFromShutdown"",""StatusChecking"",""StatusCheckingMode"",""WeatherSummaryRequested""]",9,11,5,4,6,0.454545,0.555556,0.5
Qwen_2.5_7B,baseline_repair,case_54_weather_station_system,final_results/runs/open_source__qwen25_7b_instruct__rag_validation_generator_critic_repair/case_54_weather_station_system/run_01.puml,dataset/case_54_weather_station_system/diagram.puml,sentence-transformers/all-MiniLM-L6-v2,0.800000,0.480000,"[""Collecting"",""Configuring"",""Controlled"",""Operation"",""Running"",""Shutdown"",""Summarizing"",""Testing"",""Transmitting""]","[""Configuring"",""ControlledMode"",""DataCollection"",""Running"",""Shutdown"",""StatusChecking"",""SummaryPreparation""]","[{""ground_truth_state"":""Collecting"",""candidate_state"":""DataCollection"",""ground_truth_normalized"":""collect"",""candidate_normalized"":""data collection"",""similarity"":0.490737,""match_type"":""relaxed""},{""ground_truth_state"":""Configuring"",""candidate_state"":""Configuring"",""ground_truth_normalized"":""configuring"",""candidate_normalized"":""configuring"",""similarity"":1.0,""match_type"":""exact_normalized""},{""ground_truth_state"":""Controlled"",""candidate_state"":""ControlledMode"",""ground_truth_normalized"":""controlled"",""candidate_normalized"":""controlled mode"",""similarity"":0.720561,""match_type"":""relaxed_lexical""},{""ground_truth_state"":""Running"",""candidate_state"":""Running"",""ground_truth_normalized"":""running"",""candidate_normalized"":""running"",""similarity"":1.0,""match_type"":""exact_normalized""},{""ground_truth_state"":""Shutdown"",""candidate_state"":""Shutdown"",""ground_truth_normalized"":""shutdown"",""candidate_normalized"":""shutdown"",""similarity"":1.0,""match_type"":""exact_normalized""},{""ground_truth_state"":""Summarizing"",""candidate_state"":""SummaryPreparation"",""ground_truth_normalized"":""summarizing"",""candidate_normalized"":""summary preparation"",""similarity"":0.577728,""match_type"":""relaxed""}]","[""Operation"",""Testing"",""Transmitting""]","[""StatusChecking""]",9,7,6,3,1,0.857143,0.666667,0.75
Qwen_2.5_7B,rag,case_54_weather_station_system,final_results/runs/open_source__qwen25_7b_instruct__rag/case_54_weather_station_system/run_01.puml,dataset/case_54_weather_station_system/diagram.puml,sentence-transformers/all-MiniLM-L6-v2,0.800000,0.480000,"[""Collecting"",""Configuring"",""Controlled"",""Operation"",""Running"",""Shutdown"",""Summarizing"",""Testing"",""Transmitting""]","[""Configuring"",""ControlledMode"",""DataCollection"",""Running"",""Shutdown"",""StatusChecking"",""SummaryPreparation""]","[{""ground_truth_state"":""Collecting"",""candidate_state"":""DataCollection"",""ground_truth_normalized"":""collect"",""candidate_normalized"":""data collection"",""similarity"":0.490737,""match_type"":""relaxed""},{""ground_truth_state"":""Configuring"",""candidate_state"":""Configuring"",""ground_truth_normalized"":""configuring"",""candidate_normalized"":""configuring"",""similarity"":1.0,""match_type"":""exact_normalized""},{""ground_truth_state"":""Controlled"",""candidate_state"":""ControlledMode"",""ground_truth_normalized"":""controlled"",""candidate_normalized"":""controlled mode"",""similarity"":0.720561,""match_type"":""relaxed_lexical""},{""ground_truth_state"":""Running"",""candidate_state"":""Running"",""ground_truth_normalized"":""running"",""candidate_normalized"":""running"",""similarity"":1.0,""match_type"":""exact_normalized""},{""ground_truth_state"":""Shutdown"",""candidate_state"":""Shutdown"",""ground_truth_normalized"":""shutdown"",""candidate_normalized"":""shutdown"",""similarity"":1.0,""match_type"":""exact_normalized""},{""ground_truth_state"":""Summarizing"",""candidate_state"":""SummaryPreparation"",""ground_truth_normalized"":""summarizing"",""candidate_normalized"":""summary preparation"",""similarity"":0.577728,""match_type"":""relaxed""}]","[""Operation"",""Testing"",""Transmitting""]","[""StatusChecking""]",9,7,6,3,1,0.857143,0.666667,0.75
Qwen_2.5_7B,syntax_grounded_repair,case_54_weather_station_system,final_results/runs/open_source__qwen25_7b_instruct__rag_validation_generator_critic_repair__syntax_grounded_no_rules_original_rag/case_54_weather_station_system/run_01.puml,dataset/case_54_weather_station_system/diagram.puml,sentence-transformers/all-MiniLM-L6-v2,0.800000,0.480000,"[""Collecting"",""Configuring"",""Controlled"",""Operation"",""Running"",""Shutdown"",""Summarizing"",""Testing"",""Transmitting""]","[""Configuring"",""ControlledMode"",""DataCollection"",""Running"",""Shutdown"",""StatusChecking"",""SummaryPreparation""]","[{""ground_truth_state"":""Collecting"",""candidate_state"":""DataCollection"",""ground_truth_normalized"":""collect"",""candidate_normalized"":""data collection"",""similarity"":0.490737,""match_type"":""relaxed""},{""ground_truth_state"":""Configuring"",""candidate_state"":""Configuring"",""ground_truth_normalized"":""configuring"",""candidate_normalized"":""configuring"",""similarity"":1.0,""match_type"":""exact_normalized""},{""ground_truth_state"":""Controlled"",""candidate_state"":""ControlledMode"",""ground_truth_normalized"":""controlled"",""candidate_normalized"":""controlled mode"",""similarity"":0.720561,""match_type"":""relaxed_lexical""},{""ground_truth_state"":""Running"",""candidate_state"":""Running"",""ground_truth_normalized"":""running"",""candidate_normalized"":""running"",""similarity"":1.0,""match_type"":""exact_normalized""},{""ground_truth_state"":""Shutdown"",""candidate_state"":""Shutdown"",""ground_truth_normalized"":""shutdown"",""candidate_normalized"":""shutdown"",""similarity"":1.0,""match_type"":""exact_normalized""},{""ground_truth_state"":""Summarizing"",""candidate_state"":""SummaryPreparation"",""ground_truth_normalized"":""summarizing"",""candidate_normalized"":""summary preparation"",""similarity"":0.577728,""match_type"":""relaxed""}]","[""Operation"",""Testing"",""Transmitting""]","[""StatusChecking""]",9,7,6,3,1,0.857143,0.666667,0.75
DeepSeek_R1_14B,baseline_repair,case_59_atm_1,final_results/runs/open_source__deepseek_r1_14b__few_shot_validation_generator_critic_repair/case_59_atm_1/run_01.puml,dataset/case_59_atm_1/diagram.puml,sentence-transformers/all-MiniLM-L6-v2,0.800000,0.480000,"[""EnterAmount <<extended>>"",""ReadAmount <<extended>>"",""ReleaseCard <<extended>>"",""SelectAmount <<extended>>""]","[""Cancel Transaction"",""Check Balance"",""Dispense Cash"",""Enter Custom Amount"",""Insert Card"",""Return Card"",""Select Amount"",""Select Predefined Amount""]","[{""ground_truth_state"":""EnterAmount <<extended>>"",""candidate_state"":""Enter Custom Amount"",""ground_truth_normalized"":""enter amount <<extended>>"",""candidate_normalized"":""enter custom amount"",""similarity"":0.66988,""match_type"":""relaxed""},{""ground_truth_state"":""ReleaseCard <<extended>>"",""candidate_state"":""Insert Card"",""ground_truth_normalized"":""release card <<extended>>"",""candidate_normalized"":""insert card"",""similarity"":0.542683,""match_type"":""relaxed""},{""ground_truth_state"":""SelectAmount <<extended>>"",""candidate_state"":""Select Amount"",""ground_truth_normalized"":""select amount <<extended>>"",""candidate_normalized"":""select amount"",""similarity"":0.824091,""match_type"":""strict""}]","[""ReadAmount <<extended>>""]","[""Cancel Transaction"",""Check Balance"",""Dispense Cash"",""Return Card"",""Select Predefined Amount""]",4,8,3,1,5,0.375,0.75,0.5
DeepSeek_R1_14B,few_shot,case_59_atm_1,final_results/runs/open_source__deepseek_r1_14b__few_shot/case_59_atm_1/run_01.puml,dataset/case_59_atm_1/diagram.puml,sentence-transformers/all-MiniLM-L6-v2,0.800000,0.480000,"[""EnterAmount <<extended>>"",""ReadAmount <<extended>>"",""ReleaseCard <<extended>>"",""SelectAmount <<extended>>""]","[""Cancel Transaction"",""Check Balance"",""Dispense Cash"",""Enter Custom Amount"",""Insert Card"",""Return Card"",""Select Amount"",""Select Predefined Amount""]","[{""ground_truth_state"":""EnterAmount <<extended>>"",""candidate_state"":""Enter Custom Amount"",""ground_truth_normalized"":""enter amount <<extended>>"",""candidate_normalized"":""enter custom amount"",""similarity"":0.66988,""match_type"":""relaxed""},{""ground_truth_state"":""ReleaseCard <<extended>>"",""candidate_state"":""Insert Card"",""ground_truth_normalized"":""release card <<extended>>"",""candidate_normalized"":""insert card"",""similarity"":0.542683,""match_type"":""relaxed""},{""ground_truth_state"":""SelectAmount <<extended>>"",""candidate_state"":""Select Amount"",""ground_truth_normalized"":""select amount <<extended>>"",""candidate_normalized"":""select amount"",""similarity"":0.824091,""match_type"":""strict""}]","[""ReadAmount <<extended>>""]","[""Cancel Transaction"",""Check Balance"",""Dispense Cash"",""Return Card"",""Select Predefined Amount""]",4,8,3,1,5,0.375,0.75,0.5
DeepSeek_R1_14B,syntax_grounded_repair,case_59_atm_1,final_results/runs/open_source__deepseek_r1_14b__few_shot_validation_generator_critic_repair__syntax_grounded_no_rules/case_59_atm_1/run_01.puml,dataset/case_59_atm_1/diagram.puml,sentence-transformers/all-MiniLM-L6-v2,0.800000,0.480000,"[""EnterAmount <<extended>>"",""ReadAmount <<extended>>"",""ReleaseCard <<extended>>"",""SelectAmount <<extended>>""]","[""Cancel Transaction"",""Check Balance"",""Dispense Cash"",""Enter Custom Amount"",""Insert Card"",""Return Card"",""Select Amount"",""Select Predefined Amount""]","[{""ground_truth_state"":""EnterAmount <<extended>>"",""candidate_state"":""Enter Custom Amount"",""ground_truth_normalized"":""enter amount <<extended>>"",""candidate_normalized"":""enter custom amount"",""similarity"":0.66988,""match_type"":""relaxed""},{""ground_truth_state"":""ReleaseCard <<extended>>"",""candidate_state"":""Insert Card"",""ground_truth_normalized"":""release card <<extended>>"",""candidate_normalized"":""insert card"",""similarity"":0.542683,""match_type"":""relaxed""},{""ground_truth_state"":""SelectAmount <<extended>>"",""candidate_state"":""Select Amount"",""ground_truth_normalized"":""select amount <<extended>>"",""candidate_normalized"":""select amount"",""similarity"":0.824091,""match_type"":""strict""}]","[""ReadAmount <<extended>>""]","[""Cancel Transaction"",""Check Balance"",""Dispense Cash"",""Return Card"",""Select Predefined Amount""]",4,8,3,1,5,0.375,0.75,0.5
Llama_3.1_8B,baseline_repair,case_59_atm_1,final_results/runs/open_source__llama31_8b_instruct__few_shot_validation_generator_critic_repair/case_59_atm_1/run_01.puml,dataset/case_59_atm_1/diagram.puml,sentence-transformers/all-MiniLM-L6-v2,0.800000,0.480000,"[""EnterAmount <<extended>>"",""ReadAmount <<extended>>"",""ReleaseCard <<extended>>"",""SelectAmount <<extended>>""]","[""Cancel Transaction"",""Custom Amount"",""Idle"",""Select Amount"",""Transaction Completed""]","[{""ground_truth_state"":""EnterAmount <<extended>>"",""candidate_state"":""Custom Amount"",""ground_truth_normalized"":""enter amount <<extended>>"",""candidate_normalized"":""custom amount"",""similarity"":0.549015,""match_type"":""relaxed""},{""ground_truth_state"":""SelectAmount <<extended>>"",""candidate_state"":""Select Amount"",""ground_truth_normalized"":""select amount <<extended>>"",""candidate_normalized"":""select amount"",""similarity"":0.824091,""match_type"":""strict""}]","[""ReadAmount <<extended>>"",""ReleaseCard <<extended>>""]","[""Cancel Transaction"",""Idle"",""Transaction Completed""]",4,5,2,2,3,0.4,0.5,0.444444
Llama_3.1_8B,few_shot,case_59_atm_1,final_results/runs/open_source__llama31_8b_instruct__few_shot/case_59_atm_1/run_01.puml,dataset/case_59_atm_1/diagram.puml,sentence-transformers/all-MiniLM-L6-v2,0.800000,0.480000,"[""EnterAmount <<extended>>"",""ReadAmount <<extended>>"",""ReleaseCard <<extended>>"",""SelectAmount <<extended>>""]","[""Cancel Transaction"",""Custom Amount"",""Idle"",""Select Amount"",""Transaction Completed""]","[{""ground_truth_state"":""EnterAmount <<extended>>"",""candidate_state"":""Custom Amount"",""ground_truth_normalized"":""enter amount <<extended>>"",""candidate_normalized"":""custom amount"",""similarity"":0.549015,""match_type"":""relaxed""},{""ground_truth_state"":""SelectAmount <<extended>>"",""candidate_state"":""Select Amount"",""ground_truth_normalized"":""select amount <<extended>>"",""candidate_normalized"":""select amount"",""similarity"":0.824091,""match_type"":""strict""}]","[""ReadAmount <<extended>>"",""ReleaseCard <<extended>>""]","[""Cancel Transaction"",""Idle"",""Transaction Completed""]",4,5,2,2,3,0.4,0.5,0.444444
Llama_3.1_8B,syntax_grounded_repair,case_59_atm_1,final_results/runs/open_source__llama31_8b_instruct__few_shot_validation_generator_critic_repair__syntax_grounded/case_59_atm_1/run_01.puml,dataset/case_59_atm_1/diagram.puml,sentence-transformers/all-MiniLM-L6-v2,0.800000,0.480000,"[""EnterAmount <<extended>>"",""ReadAmount <<extended>>"",""ReleaseCard <<extended>>"",""SelectAmount <<extended>>""]","[""Cancel Transaction"",""Custom Amount"",""Idle"",""Select Amount"",""Transaction Completed""]","[{""ground_truth_state"":""EnterAmount <<extended>>"",""candidate_state"":""Custom Amount"",""ground_truth_normalized"":""enter amount <<extended>>"",""candidate_normalized"":""custom amount"",""similarity"":0.549015,""match_type"":""relaxed""},{""ground_truth_state"":""SelectAmount <<extended>>"",""candidate_state"":""Select Amount"",""ground_truth_normalized"":""select amount <<extended>>"",""candidate_normalized"":""select amount"",""similarity"":0.824091,""match_type"":""strict""}]","[""ReadAmount <<extended>>"",""ReleaseCard <<extended>>""]","[""Cancel Transaction"",""Idle"",""Transaction Completed""]",4,5,2,2,3,0.4,0.5,0.444444
Mistral,baseline_repair,case_59_atm_1,final_results/runs/open_source__mistral__rag_validation_generator_critic_repair/case_59_atm_1/run_01.puml,dataset/case_59_atm_1/diagram.puml,sentence-transformers/all-MiniLM-L6-v2,0.800000,0.480000,"[""EnterAmount <<extended>>"",""ReadAmount <<extended>>"",""ReleaseCard <<extended>>"",""SelectAmount <<extended>>""]","[""Cancelling Transaction"",""Dispensing Cash"",""Ejecting Card"",""Entering Custom Amount"",""Printing Receipt"",""Processing Withdrawal"",""Choosing Amount"",""Selecting Predefined Amount"",""Waiting for Input""]","[{""ground_truth_state"":""EnterAmount <<extended>>"",""candidate_state"":""Entering Custom Amount"",""ground_truth_normalized"":""enter amount <<extended>>"",""candidate_normalized"":""enter custom amount"",""similarity"":0.66988,""match_type"":""relaxed""},{""ground_truth_state"":""ReleaseCard <<extended>>"",""candidate_state"":""Ejecting Card"",""ground_truth_normalized"":""release card <<extended>>"",""candidate_normalized"":""ejecting card"",""similarity"":0.566436,""match_type"":""relaxed""},{""ground_truth_state"":""SelectAmount <<extended>>"",""candidate_state"":""Choosing Amount"",""ground_truth_normalized"":""select amount <<extended>>"",""candidate_normalized"":""select amount"",""similarity"":0.824091,""match_type"":""strict""}]","[""ReadAmount <<extended>>""]","[""Cancelling Transaction"",""Dispensing Cash"",""Printing Receipt"",""Processing Withdrawal"",""Selecting Predefined Amount"",""Waiting for Input""]",4,9,3,1,6,0.333333,0.75,0.461538
Mistral,rag,case_59_atm_1,final_results/runs/open_source__mistral__rag/case_59_atm_1/run_01.puml,dataset/case_59_atm_1/diagram.puml,sentence-transformers/all-MiniLM-L6-v2,0.800000,0.480000,"[""EnterAmount <<extended>>"",""ReadAmount <<extended>>"",""ReleaseCard <<extended>>"",""SelectAmount <<extended>>""]","[""Cancelling Transaction"",""Dispensing Cash"",""Ejecting Card"",""Entering Custom Amount"",""Printing Receipt"",""Processing Withdrawal"",""Choosing Amount"",""Selecting Predefined Amount"",""Waiting for Input""]","[{""ground_truth_state"":""EnterAmount <<extended>>"",""candidate_state"":""Entering Custom Amount"",""ground_truth_normalized"":""enter amount <<extended>>"",""candidate_normalized"":""enter custom amount"",""similarity"":0.66988,""match_type"":""relaxed""},{""ground_truth_state"":""ReleaseCard <<extended>>"",""candidate_state"":""Ejecting Card"",""ground_truth_normalized"":""release card <<extended>>"",""candidate_normalized"":""ejecting card"",""similarity"":0.566436,""match_type"":""relaxed""},{""ground_truth_state"":""SelectAmount <<extended>>"",""candidate_state"":""Choosing Amount"",""ground_truth_normalized"":""select amount <<extended>>"",""candidate_normalized"":""select amount"",""similarity"":0.824091,""match_type"":""strict""}]","[""ReadAmount <<extended>>""]","[""Cancelling Transaction"",""Dispensing Cash"",""Printing Receipt"",""Processing Withdrawal"",""Selecting Predefined Amount"",""Waiting for Input""]",4,9,3,1,6,0.333333,0.75,0.461538
Mistral,syntax_grounded_repair,case_59_atm_1,final_results/runs/open_source__mistral__rag_validation_generator_critic_repair__syntax_grounded/case_59_atm_1/run_01.puml,dataset/case_59_atm_1/diagram.puml,sentence-transformers/all-MiniLM-L6-v2,0.800000,0.480000,"[""EnterAmount <<extended>>"",""ReadAmount <<extended>>"",""ReleaseCard <<extended>>"",""SelectAmount <<extended>>""]","[""Cancelling Transaction"",""Dispensing Cash"",""Ejecting Card"",""Entering Custom Amount"",""Printing Receipt"",""Processing Withdrawal"",""Choosing Amount"",""Selecting Predefined Amount"",""Waiting for Input""]","[{""ground_truth_state"":""EnterAmount <<extended>>"",""candidate_state"":""Entering Custom Amount"",""ground_truth_normalized"":""enter amount <<extended>>"",""candidate_normalized"":""enter custom amount"",""similarity"":0.66988,""match_type"":""relaxed""},{""ground_truth_state"":""ReleaseCard <<extended>>"",""candidate_state"":""Ejecting Card"",""ground_truth_normalized"":""release card <<extended>>"",""candidate_normalized"":""ejecting card"",""similarity"":0.566436,""match_type"":""relaxed""},{""ground_truth_state"":""SelectAmount <<extended>>"",""candidate_state"":""Choosing Amount"",""ground_truth_normalized"":""select amount <<extended>>"",""candidate_normalized"":""select amount"",""similarity"":0.824091,""match_type"":""strict""}]","[""ReadAmount <<extended>>""]","[""Cancelling Transaction"",""Dispensing Cash"",""Printing Receipt"",""Processing Withdrawal"",""Selecting Predefined Amount"",""Waiting for Input""]",4,9,3,1,6,0.333333,0.75,0.461538
Qwen_2.5_7B,baseline_repair,case_59_atm_1,final_results/runs/open_source__qwen25_7b_instruct__rag_validation_generator_critic_repair/case_59_atm_1/run_01.puml,dataset/case_59_atm_1/diagram.puml,sentence-transformers/all-MiniLM-L6-v2,0.800000,0.480000,"[""EnterAmount <<extended>>"",""ReadAmount <<extended>>"",""ReleaseCard <<extended>>"",""SelectAmount <<extended>>""]","[""ClosedDown"",""Confiscating"",""Dispensing"",""Ejecting"",""Idle"",""Printing"",""ProcessingWithdrawal"",""Terminating"",""ValidatingAmount"",""WaitingForAmount""]","[{""ground_truth_state"":""EnterAmount <<extended>>"",""candidate_state"":""ValidatingAmount"",""ground_truth_normalized"":""enter amount <<extended>>"",""candidate_normalized"":""validating amount"",""similarity"":0.490704,""match_type"":""relaxed""}]","[""ReadAmount <<extended>>"",""ReleaseCard <<extended>>"",""SelectAmount <<extended>>""]","[""ClosedDown"",""Confiscating"",""Dispensing"",""Ejecting"",""Idle"",""Printing"",""ProcessingWithdrawal"",""Terminating"",""WaitingForAmount""]",4,10,1,3,9,0.1,0.25,0.142857
Qwen_2.5_7B,rag,case_59_atm_1,final_results/runs/open_source__qwen25_7b_instruct__rag/case_59_atm_1/run_01.puml,dataset/case_59_atm_1/diagram.puml,sentence-transformers/all-MiniLM-L6-v2,0.800000,0.480000,"[""EnterAmount <<extended>>"",""ReadAmount <<extended>>"",""ReleaseCard <<extended>>"",""SelectAmount <<extended>>""]","[""ClosedDown"",""Confiscating"",""Dispensing"",""Ejecting"",""Idle"",""Printing"",""ProcessingWithdrawal"",""Terminating"",""ValidatingAmount"",""WaitingForAmount""]","[{""ground_truth_state"":""EnterAmount <<extended>>"",""candidate_state"":""ValidatingAmount"",""ground_truth_normalized"":""enter amount <<extended>>"",""candidate_normalized"":""validating amount"",""similarity"":0.490704,""match_type"":""relaxed""}]","[""ReadAmount <<extended>>"",""ReleaseCard <<extended>>"",""SelectAmount <<extended>>""]","[""ClosedDown"",""Confiscating"",""Dispensing"",""Ejecting"",""Idle"",""Printing"",""ProcessingWithdrawal"",""Terminating"",""WaitingForAmount""]",4,10,1,3,9,0.1,0.25,0.142857
Qwen_2.5_7B,syntax_grounded_repair,case_59_atm_1,final_results/runs/open_source__qwen25_7b_instruct__rag_validation_generator_critic_repair__syntax_grounded_no_rules_original_rag/case_59_atm_1/run_01.puml,dataset/case_59_atm_1/diagram.puml,sentence-transformers/all-MiniLM-L6-v2,0.800000,0.480000,"[""EnterAmount <<extended>>"",""ReadAmount <<extended>>"",""ReleaseCard <<extended>>"",""SelectAmount <<extended>>""]","[""ClosedDown"",""Confiscating"",""Dispensing"",""Ejecting"",""Idle"",""Printing"",""ProcessingWithdrawal"",""Terminating"",""ValidatingAmount"",""WaitingForAmount""]","[{""ground_truth_state"":""EnterAmount <<extended>>"",""candidate_state"":""ValidatingAmount"",""ground_truth_normalized"":""enter amount <<extended>>"",""candidate_normalized"":""validating amount"",""similarity"":0.490704,""match_type"":""relaxed""}]","[""ReadAmount <<extended>>"",""ReleaseCard <<extended>>"",""SelectAmount <<extended>>""]","[""ClosedDown"",""Confiscating"",""Dispensing"",""Ejecting"",""Idle"",""Printing"",""ProcessingWithdrawal"",""Terminating"",""WaitingForAmount""]",4,10,1,3,9,0.1,0.25,0.142857
DeepSeek_R1_14B,baseline_repair,case_60_atm_2,final_results/runs/open_source__deepseek_r1_14b__few_shot_validation_generator_critic_repair/case_60_atm_2/run_01.puml,dataset/case_60_atm_2/diagram.puml,sentence-transformers/all-MiniLM-L6-v2,0.800000,0.480000,"[""EnterAmount"",""ReadAmount <<extended>>"",""SelectAmount <<extended>>"",""VerifyTransaction <<extended>>""]","[""End"",""EnterAmount"",""ReEnterAmount"",""SelectAmount"",""Start"",""VerifyTransaction""]","[{""ground_truth_state"":""EnterAmount"",""candidate_state"":""EnterAmount"",""ground_truth_normalized"":""enter amount"",""candidate_normalized"":""enter amount"",""similarity"":1.0,""match_type"":""exact_normalized""},{""ground_truth_state"":""SelectAmount <<extended>>"",""candidate_state"":""SelectAmount"",""ground_truth_normalized"":""select amount <<extended>>"",""candidate_normalized"":""select amount"",""similarity"":0.824091,""match_type"":""strict""},{""ground_truth_state"":""VerifyTransaction <<extended>>"",""candidate_state"":""VerifyTransaction"",""ground_truth_normalized"":""verify transaction <<extended>>"",""candidate_normalized"":""verify transaction"",""similarity"":0.802673,""match_type"":""strict""}]","[""ReadAmount <<extended>>""]","[""End"",""ReEnterAmount"",""Start""]",4,6,3,1,3,0.5,0.75,0.6
DeepSeek_R1_14B,few_shot,case_60_atm_2,final_results/runs/open_source__deepseek_r1_14b__few_shot/case_60_atm_2/run_01.puml,dataset/case_60_atm_2/diagram.puml,sentence-transformers/all-MiniLM-L6-v2,0.800000,0.480000,"[""EnterAmount"",""ReadAmount <<extended>>"",""SelectAmount <<extended>>"",""VerifyTransaction <<extended>>""]","[""End"",""EnterAmount"",""ReEnterAmount"",""SelectAmount"",""Start"",""VerifyTransaction""]","[{""ground_truth_state"":""EnterAmount"",""candidate_state"":""EnterAmount"",""ground_truth_normalized"":""enter amount"",""candidate_normalized"":""enter amount"",""similarity"":1.0,""match_type"":""exact_normalized""},{""ground_truth_state"":""SelectAmount <<extended>>"",""candidate_state"":""SelectAmount"",""ground_truth_normalized"":""select amount <<extended>>"",""candidate_normalized"":""select amount"",""similarity"":0.824091,""match_type"":""strict""},{""ground_truth_state"":""VerifyTransaction <<extended>>"",""candidate_state"":""VerifyTransaction"",""ground_truth_normalized"":""verify transaction <<extended>>"",""candidate_normalized"":""verify transaction"",""similarity"":0.802673,""match_type"":""strict""}]","[""ReadAmount <<extended>>""]","[""End"",""ReEnterAmount"",""Start""]",4,6,3,1,3,0.5,0.75,0.6
DeepSeek_R1_14B,syntax_grounded_repair,case_60_atm_2,final_results/runs/open_source__deepseek_r1_14b__few_shot_validation_generator_critic_repair__syntax_grounded_no_rules/case_60_atm_2/run_01.puml,dataset/case_60_atm_2/diagram.puml,sentence-transformers/all-MiniLM-L6-v2,0.800000,0.480000,"[""EnterAmount"",""ReadAmount <<extended>>"",""SelectAmount <<extended>>"",""VerifyTransaction <<extended>>""]","[""End"",""EnterAmount"",""ReEnterAmount"",""SelectAmount"",""Start"",""VerifyTransaction""]","[{""ground_truth_state"":""EnterAmount"",""candidate_state"":""EnterAmount"",""ground_truth_normalized"":""enter amount"",""candidate_normalized"":""enter amount"",""similarity"":1.0,""match_type"":""exact_normalized""},{""ground_truth_state"":""SelectAmount <<extended>>"",""candidate_state"":""SelectAmount"",""ground_truth_normalized"":""select amount <<extended>>"",""candidate_normalized"":""select amount"",""similarity"":0.824091,""match_type"":""strict""},{""ground_truth_state"":""VerifyTransaction <<extended>>"",""candidate_state"":""VerifyTransaction"",""ground_truth_normalized"":""verify transaction <<extended>>"",""candidate_normalized"":""verify transaction"",""similarity"":0.802673,""match_type"":""strict""}]","[""ReadAmount <<extended>>""]","[""End"",""ReEnterAmount"",""Start""]",4,6,3,1,3,0.5,0.75,0.6
Llama_3.1_8B,baseline_repair,case_60_atm_2,final_results/runs/open_source__llama31_8b_instruct__few_shot_validation_generator_critic_repair/case_60_atm_2/run_01.puml,dataset/case_60_atm_2/diagram.puml,sentence-transformers/all-MiniLM-L6-v2,0.800000,0.480000,"[""EnterAmount"",""ReadAmount <<extended>>"",""SelectAmount <<extended>>"",""VerifyTransaction <<extended>>""]","[""DispenseCash"",""SelectAmount"",""VerifyTransaction""]","[{""ground_truth_state"":""SelectAmount <<extended>>"",""candidate_state"":""SelectAmount"",""ground_truth_normalized"":""select amount <<extended>>"",""candidate_normalized"":""select amount"",""similarity"":0.824091,""match_type"":""strict""},{""ground_truth_state"":""VerifyTransaction <<extended>>"",""candidate_state"":""VerifyTransaction"",""ground_truth_normalized"":""verify transaction <<extended>>"",""candidate_normalized"":""verify transaction"",""similarity"":0.802673,""match_type"":""strict""}]","[""EnterAmount"",""ReadAmount <<extended>>""]","[""DispenseCash""]",4,3,2,2,1,0.666667,0.5,0.571429
Llama_3.1_8B,few_shot,case_60_atm_2,final_results/runs/open_source__llama31_8b_instruct__few_shot/case_60_atm_2/run_01.puml,dataset/case_60_atm_2/diagram.puml,sentence-transformers/all-MiniLM-L6-v2,0.800000,0.480000,"[""EnterAmount"",""ReadAmount <<extended>>"",""SelectAmount <<extended>>"",""VerifyTransaction <<extended>>""]","[""DispenseCash"",""SelectAmount"",""VerifyTransaction""]","[{""ground_truth_state"":""SelectAmount <<extended>>"",""candidate_state"":""SelectAmount"",""ground_truth_normalized"":""select amount <<extended>>"",""candidate_normalized"":""select amount"",""similarity"":0.824091,""match_type"":""strict""},{""ground_truth_state"":""VerifyTransaction <<extended>>"",""candidate_state"":""VerifyTransaction"",""ground_truth_normalized"":""verify transaction <<extended>>"",""candidate_normalized"":""verify transaction"",""similarity"":0.802673,""match_type"":""strict""}]","[""EnterAmount"",""ReadAmount <<extended>>""]","[""DispenseCash""]",4,3,2,2,1,0.666667,0.5,0.571429
Llama_3.1_8B,syntax_grounded_repair,case_60_atm_2,final_results/runs/open_source__llama31_8b_instruct__few_shot_validation_generator_critic_repair__syntax_grounded/case_60_atm_2/run_01.puml,dataset/case_60_atm_2/diagram.puml,sentence-transformers/all-MiniLM-L6-v2,0.800000,0.480000,"[""EnterAmount"",""ReadAmount <<extended>>"",""SelectAmount <<extended>>"",""VerifyTransaction <<extended>>""]","[""DispenseCash"",""SelectAmount"",""VerifyTransaction""]","[{""ground_truth_state"":""SelectAmount <<extended>>"",""candidate_state"":""SelectAmount"",""ground_truth_normalized"":""select amount <<extended>>"",""candidate_normalized"":""select amount"",""similarity"":0.824091,""match_type"":""strict""},{""ground_truth_state"":""VerifyTransaction <<extended>>"",""candidate_state"":""VerifyTransaction"",""ground_truth_normalized"":""verify transaction <<extended>>"",""candidate_normalized"":""verify transaction"",""similarity"":0.802673,""match_type"":""strict""}]","[""EnterAmount"",""ReadAmount <<extended>>""]","[""DispenseCash""]",4,3,2,2,1,0.666667,0.5,0.571429
Mistral,baseline_repair,case_60_atm_2,final_results/runs/open_source__mistral__rag_validation_generator_critic_repair/case_60_atm_2/run_01.puml,dataset/case_60_atm_2/diagram.puml,sentence-transformers/all-MiniLM-L6-v2,0.800000,0.480000,"[""EnterAmount"",""ReadAmount <<extended>>"",""SelectAmount <<extended>>"",""VerifyTransaction <<extended>>""]","[""RejectedAmount"",""ReturnCard"",""SelectAmount"",""VerifyTransaction""]","[{""ground_truth_state"":""EnterAmount"",""candidate_state"":""RejectedAmount"",""ground_truth_normalized"":""enter amount"",""candidate_normalized"":""rejection amount"",""similarity"":0.49864,""match_type"":""relaxed""},{""ground_truth_state"":""SelectAmount <<extended>>"",""candidate_state"":""SelectAmount"",""ground_truth_normalized"":""select amount <<extended>>"",""candidate_normalized"":""select amount"",""similarity"":0.824091,""match_type"":""strict""},{""ground_truth_state"":""VerifyTransaction <<extended>>"",""candidate_state"":""VerifyTransaction"",""ground_truth_normalized"":""verify transaction <<extended>>"",""candidate_normalized"":""verify transaction"",""similarity"":0.802673,""match_type"":""strict""}]","[""ReadAmount <<extended>>""]","[""ReturnCard""]",4,4,3,1,1,0.75,0.75,0.75
Mistral,rag,case_60_atm_2,final_results/runs/open_source__mistral__rag/case_60_atm_2/run_01.puml,dataset/case_60_atm_2/diagram.puml,sentence-transformers/all-MiniLM-L6-v2,0.800000,0.480000,"[""EnterAmount"",""ReadAmount <<extended>>"",""SelectAmount <<extended>>"",""VerifyTransaction <<extended>>""]","[""RejectedAmount"",""ReturnCard"",""SelectAmount"",""VerifyTransaction""]","[{""ground_truth_state"":""EnterAmount"",""candidate_state"":""RejectedAmount"",""ground_truth_normalized"":""enter amount"",""candidate_normalized"":""rejection amount"",""similarity"":0.49864,""match_type"":""relaxed""},{""ground_truth_state"":""SelectAmount <<extended>>"",""candidate_state"":""SelectAmount"",""ground_truth_normalized"":""select amount <<extended>>"",""candidate_normalized"":""select amount"",""similarity"":0.824091,""match_type"":""strict""},{""ground_truth_state"":""VerifyTransaction <<extended>>"",""candidate_state"":""VerifyTransaction"",""ground_truth_normalized"":""verify transaction <<extended>>"",""candidate_normalized"":""verify transaction"",""similarity"":0.802673,""match_type"":""strict""}]","[""ReadAmount <<extended>>""]","[""ReturnCard""]",4,4,3,1,1,0.75,0.75,0.75
Mistral,syntax_grounded_repair,case_60_atm_2,final_results/runs/open_source__mistral__rag_validation_generator_critic_repair__syntax_grounded/case_60_atm_2/run_01.puml,dataset/case_60_atm_2/diagram.puml,sentence-transformers/all-MiniLM-L6-v2,0.800000,0.480000,"[""EnterAmount"",""ReadAmount <<extended>>"",""SelectAmount <<extended>>"",""VerifyTransaction <<extended>>""]","[""RejectedAmount"",""ReturnCard"",""SelectAmount"",""VerifyTransaction""]","[{""ground_truth_state"":""EnterAmount"",""candidate_state"":""RejectedAmount"",""ground_truth_normalized"":""enter amount"",""candidate_normalized"":""rejection amount"",""similarity"":0.49864,""match_type"":""relaxed""},{""ground_truth_state"":""SelectAmount <<extended>>"",""candidate_state"":""SelectAmount"",""ground_truth_normalized"":""select amount <<extended>>"",""candidate_normalized"":""select amount"",""similarity"":0.824091,""match_type"":""strict""},{""ground_truth_state"":""VerifyTransaction <<extended>>"",""candidate_state"":""VerifyTransaction"",""ground_truth_normalized"":""verify transaction <<extended>>"",""candidate_normalized"":""verify transaction"",""similarity"":0.802673,""match_type"":""strict""}]","[""ReadAmount <<extended>>""]","[""ReturnCard""]",4,4,3,1,1,0.75,0.75,0.75
Qwen_2.5_7B,baseline_repair,case_60_atm_2,final_results/runs/open_source__qwen25_7b_instruct__rag_validation_generator_critic_repair/case_60_atm_2/run_01.puml,dataset/case_60_atm_2/diagram.puml,sentence-transformers/all-MiniLM-L6-v2,0.800000,0.480000,"[""EnterAmount"",""ReadAmount <<extended>>"",""SelectAmount <<extended>>"",""VerifyTransaction <<extended>>""]","[""ReleaseCard"",""SelectAmount"",""SelectAmount <<initial>>"",""VerifyTransaction""]","[{""ground_truth_state"":""EnterAmount"",""candidate_state"":""SelectAmount <<initial>>"",""ground_truth_normalized"":""enter amount"",""candidate_normalized"":""select amount <<initial>>"",""similarity"":0.537633,""match_type"":""relaxed""},{""ground_truth_state"":""SelectAmount <<extended>>"",""candidate_state"":""SelectAmount"",""ground_truth_normalized"":""select amount <<extended>>"",""candidate_normalized"":""select amount"",""similarity"":0.824091,""match_type"":""strict""},{""ground_truth_state"":""VerifyTransaction <<extended>>"",""candidate_state"":""VerifyTransaction"",""ground_truth_normalized"":""verify transaction <<extended>>"",""candidate_normalized"":""verify transaction"",""similarity"":0.802673,""match_type"":""strict""}]","[""ReadAmount <<extended>>""]","[""ReleaseCard""]",4,4,3,1,1,0.75,0.75,0.75
Qwen_2.5_7B,rag,case_60_atm_2,final_results/runs/open_source__qwen25_7b_instruct__rag/case_60_atm_2/run_01.puml,dataset/case_60_atm_2/diagram.puml,sentence-transformers/all-MiniLM-L6-v2,0.800000,0.480000,"[""EnterAmount"",""ReadAmount <<extended>>"",""SelectAmount <<extended>>"",""VerifyTransaction <<extended>>""]","[""ReleaseCard"",""SelectAmount"",""SelectAmount <<initial>>"",""VerifyTransaction""]","[{""ground_truth_state"":""EnterAmount"",""candidate_state"":""SelectAmount <<initial>>"",""ground_truth_normalized"":""enter amount"",""candidate_normalized"":""select amount <<initial>>"",""similarity"":0.537633,""match_type"":""relaxed""},{""ground_truth_state"":""SelectAmount <<extended>>"",""candidate_state"":""SelectAmount"",""ground_truth_normalized"":""select amount <<extended>>"",""candidate_normalized"":""select amount"",""similarity"":0.824091,""match_type"":""strict""},{""ground_truth_state"":""VerifyTransaction <<extended>>"",""candidate_state"":""VerifyTransaction"",""ground_truth_normalized"":""verify transaction <<extended>>"",""candidate_normalized"":""verify transaction"",""similarity"":0.802673,""match_type"":""strict""}]","[""ReadAmount <<extended>>""]","[""ReleaseCard""]",4,4,3,1,1,0.75,0.75,0.75
Qwen_2.5_7B,syntax_grounded_repair,case_60_atm_2,final_results/runs/open_source__qwen25_7b_instruct__rag_validation_generator_critic_repair__syntax_grounded_no_rules_original_rag/case_60_atm_2/run_01.puml,dataset/case_60_atm_2/diagram.puml,sentence-transformers/all-MiniLM-L6-v2,0.800000,0.480000,"[""EnterAmount"",""ReadAmount <<extended>>"",""SelectAmount <<extended>>"",""VerifyTransaction <<extended>>""]","[""ReleaseCard"",""SelectAmount"",""SelectAmount <<initial>>"",""VerifyTransaction""]","[{""ground_truth_state"":""EnterAmount"",""candidate_state"":""SelectAmount <<initial>>"",""ground_truth_normalized"":""enter amount"",""candidate_normalized"":""select amount <<initial>>"",""similarity"":0.537633,""match_type"":""relaxed""},{""ground_truth_state"":""SelectAmount <<extended>>"",""candidate_state"":""SelectAmount"",""ground_truth_normalized"":""select amount <<extended>>"",""candidate_normalized"":""select amount"",""similarity"":0.824091,""match_type"":""strict""},{""ground_truth_state"":""VerifyTransaction <<extended>>"",""candidate_state"":""VerifyTransaction"",""ground_truth_normalized"":""verify transaction <<extended>>"",""candidate_normalized"":""verify transaction"",""similarity"":0.802673,""match_type"":""strict""}]","[""ReadAmount <<extended>>""]","[""ReleaseCard""]",4,4,3,1,1,0.75,0.75,0.75
DeepSeek_R1_14B,baseline_repair,case_65_plane,final_results/runs/open_source__deepseek_r1_14b__few_shot_validation_generator_critic_repair/case_65_plane/run_01.puml,dataset/case_65_plane/diagram.puml,sentence-transformers/all-MiniLM-L6-v2,0.800000,0.480000,"[""In Maintenance"",""Ordered"",""Ready for Use"",""Scheduled for Maintenance""]","[""Arrival"",""Removed from Service"",""Maintenance"",""Operations"",""Order"",""Out of Service"",""Preparation""]","[{""ground_truth_state"":""In Maintenance"",""candidate_state"":""Maintenance"",""ground_truth_normalized"":""in maintenance"",""candidate_normalized"":""maintenance"",""similarity"":0.854492,""match_type"":""strict""},{""ground_truth_state"":""Ordered"",""candidate_state"":""Order"",""ground_truth_normalized"":""ordered"",""candidate_normalized"":""order"",""similarity"":0.914529,""match_type"":""strict""}]","[""Ready for Use"",""Scheduled for Maintenance""]","[""Arrival"",""Removed from Service"",""Operations"",""Out of Service"",""Preparation""]",4,7,2,2,5,0.285714,0.5,0.363636
DeepSeek_R1_14B,few_shot,case_65_plane,final_results/runs/open_source__deepseek_r1_14b__few_shot/case_65_plane/run_01.puml,dataset/case_65_plane/diagram.puml,sentence-transformers/all-MiniLM-L6-v2,0.800000,0.480000,"[""In Maintenance"",""Ordered"",""Ready for Use"",""Scheduled for Maintenance""]","[""Arrival"",""Removed from Service"",""Maintenance"",""Operations"",""Order"",""Out of Service"",""Preparation""]","[{""ground_truth_state"":""In Maintenance"",""candidate_state"":""Maintenance"",""ground_truth_normalized"":""in maintenance"",""candidate_normalized"":""maintenance"",""similarity"":0.854492,""match_type"":""strict""},{""ground_truth_state"":""Ordered"",""candidate_state"":""Order"",""ground_truth_normalized"":""ordered"",""candidate_normalized"":""order"",""similarity"":0.914529,""match_type"":""strict""}]","[""Ready for Use"",""Scheduled for Maintenance""]","[""Arrival"",""Removed from Service"",""Operations"",""Out of Service"",""Preparation""]",4,7,2,2,5,0.285714,0.5,0.363636
DeepSeek_R1_14B,syntax_grounded_repair,case_65_plane,final_results/runs/open_source__deepseek_r1_14b__few_shot_validation_generator_critic_repair__syntax_grounded_no_rules/case_65_plane/run_01.puml,dataset/case_65_plane/diagram.puml,sentence-transformers/all-MiniLM-L6-v2,0.800000,0.480000,"[""In Maintenance"",""Ordered"",""Ready for Use"",""Scheduled for Maintenance""]","[""Arrival"",""Removed from Service"",""Maintenance"",""Operations"",""Order"",""Out of Service"",""Preparation""]","[{""ground_truth_state"":""In Maintenance"",""candidate_state"":""Maintenance"",""ground_truth_normalized"":""in maintenance"",""candidate_normalized"":""maintenance"",""similarity"":0.854492,""match_type"":""strict""},{""ground_truth_state"":""Ordered"",""candidate_state"":""Order"",""ground_truth_normalized"":""ordered"",""candidate_normalized"":""order"",""similarity"":0.914529,""match_type"":""strict""}]","[""Ready for Use"",""Scheduled for Maintenance""]","[""Arrival"",""Removed from Service"",""Operations"",""Out of Service"",""Preparation""]",4,7,2,2,5,0.285714,0.5,0.363636
Llama_3.1_8B,baseline_repair,case_65_plane,final_results/runs/open_source__llama31_8b_instruct__few_shot_validation_generator_critic_repair/case_65_plane/run_01.puml,dataset/case_65_plane/diagram.puml,sentence-transformers/all-MiniLM-L6-v2,0.800000,0.480000,"[""In Maintenance"",""Ordered"",""Ready for Use"",""Scheduled for Maintenance""]","[""Arrival"",""Maintenance"",""Operations"",""Order"",""Plane is no longer available"",""Preparation""]","[{""ground_truth_state"":""In Maintenance"",""candidate_state"":""Maintenance"",""ground_truth_normalized"":""in maintenance"",""candidate_normalized"":""maintenance"",""similarity"":0.854492,""match_type"":""strict""},{""ground_truth_state"":""Ordered"",""candidate_state"":""Order"",""ground_truth_normalized"":""ordered"",""candidate_normalized"":""order"",""similarity"":0.914529,""match_type"":""strict""}]","[""Ready for Use"",""Scheduled for Maintenance""]","[""Arrival"",""Operations"",""Plane is no longer available"",""Preparation""]",4,6,2,2,4,0.333333,0.5,0.4
Llama_3.1_8B,few_shot,case_65_plane,final_results/runs/open_source__llama31_8b_instruct__few_shot/case_65_plane/run_01.puml,dataset/case_65_plane/diagram.puml,sentence-transformers/all-MiniLM-L6-v2,0.800000,0.480000,"[""In Maintenance"",""Ordered"",""Ready for Use"",""Scheduled for Maintenance""]","[""Arrival"",""Maintenance"",""Operations"",""Order"",""Plane is no longer available"",""Preparation""]","[{""ground_truth_state"":""In Maintenance"",""candidate_state"":""Maintenance"",""ground_truth_normalized"":""in maintenance"",""candidate_normalized"":""maintenance"",""similarity"":0.854492,""match_type"":""strict""},{""ground_truth_state"":""Ordered"",""candidate_state"":""Order"",""ground_truth_normalized"":""ordered"",""candidate_normalized"":""order"",""similarity"":0.914529,""match_type"":""strict""}]","[""Ready for Use"",""Scheduled for Maintenance""]","[""Arrival"",""Operations"",""Plane is no longer available"",""Preparation""]",4,6,2,2,4,0.333333,0.5,0.4
Llama_3.1_8B,syntax_grounded_repair,case_65_plane,final_results/runs/open_source__llama31_8b_instruct__few_shot_validation_generator_critic_repair__syntax_grounded/case_65_plane/run_01.puml,dataset/case_65_plane/diagram.puml,sentence-transformers/all-MiniLM-L6-v2,0.800000,0.480000,"[""In Maintenance"",""Ordered"",""Ready for Use"",""Scheduled for Maintenance""]","[""Arrival"",""Maintenance"",""Operations"",""Order"",""Plane is no longer available"",""Preparation""]","[{""ground_truth_state"":""In Maintenance"",""candidate_state"":""Maintenance"",""ground_truth_normalized"":""in maintenance"",""candidate_normalized"":""maintenance"",""similarity"":0.854492,""match_type"":""strict""},{""ground_truth_state"":""Ordered"",""candidate_state"":""Order"",""ground_truth_normalized"":""ordered"",""candidate_normalized"":""order"",""similarity"":0.914529,""match_type"":""strict""}]","[""Ready for Use"",""Scheduled for Maintenance""]","[""Arrival"",""Operations"",""Plane is no longer available"",""Preparation""]",4,6,2,2,4,0.333333,0.5,0.4
Mistral,baseline_repair,case_65_plane,final_results/runs/open_source__mistral__rag_validation_generator_critic_repair/case_65_plane/run_01.puml,dataset/case_65_plane/diagram.puml,sentence-transformers/all-MiniLM-L6-v2,0.800000,0.480000,"[""In Maintenance"",""Ordered"",""Ready for Use"",""Scheduled for Maintenance""]","[""Arrival"",""Removed"",""Maintenance"",""Operations"",""Order"",""OutOfService"",""Preparation""]","[{""ground_truth_state"":""In Maintenance"",""candidate_state"":""Maintenance"",""ground_truth_normalized"":""in maintenance"",""candidate_normalized"":""maintenance"",""similarity"":0.854492,""match_type"":""strict""},{""ground_truth_state"":""Ordered"",""candidate_state"":""Order"",""ground_truth_normalized"":""ordered"",""candidate_normalized"":""order"",""similarity"":0.914529,""match_type"":""strict""}]","[""Ready for Use"",""Scheduled for Maintenance""]","[""Arrival"",""Removed"",""Operations"",""OutOfService"",""Preparation""]",4,7,2,2,5,0.285714,0.5,0.363636
Mistral,rag,case_65_plane,final_results/runs/open_source__mistral__rag/case_65_plane/run_01.puml,dataset/case_65_plane/diagram.puml,sentence-transformers/all-MiniLM-L6-v2,0.800000,0.480000,"[""In Maintenance"",""Ordered"",""Ready for Use"",""Scheduled for Maintenance""]","[""Arrival"",""Removed"",""Maintenance"",""Operations"",""Order"",""OutOfService"",""Preparation""]","[{""ground_truth_state"":""In Maintenance"",""candidate_state"":""Maintenance"",""ground_truth_normalized"":""in maintenance"",""candidate_normalized"":""maintenance"",""similarity"":0.854492,""match_type"":""strict""},{""ground_truth_state"":""Ordered"",""candidate_state"":""Order"",""ground_truth_normalized"":""ordered"",""candidate_normalized"":""order"",""similarity"":0.914529,""match_type"":""strict""}]","[""Ready for Use"",""Scheduled for Maintenance""]","[""Arrival"",""Removed"",""Operations"",""OutOfService"",""Preparation""]",4,7,2,2,5,0.285714,0.5,0.363636
Mistral,syntax_grounded_repair,case_65_plane,final_results/runs/open_source__mistral__rag_validation_generator_critic_repair__syntax_grounded/case_65_plane/run_01.puml,dataset/case_65_plane/diagram.puml,sentence-transformers/all-MiniLM-L6-v2,0.800000,0.480000,"[""In Maintenance"",""Ordered"",""Ready for Use"",""Scheduled for Maintenance""]","[""Arrival"",""Removed"",""Maintenance"",""Operations"",""Order"",""OutOfService"",""Preparation""]","[{""ground_truth_state"":""In Maintenance"",""candidate_state"":""Maintenance"",""ground_truth_normalized"":""in maintenance"",""candidate_normalized"":""maintenance"",""similarity"":0.854492,""match_type"":""strict""},{""ground_truth_state"":""Ordered"",""candidate_state"":""Order"",""ground_truth_normalized"":""ordered"",""candidate_normalized"":""order"",""similarity"":0.914529,""match_type"":""strict""}]","[""Ready for Use"",""Scheduled for Maintenance""]","[""Arrival"",""Removed"",""Operations"",""OutOfService"",""Preparation""]",4,7,2,2,5,0.285714,0.5,0.363636
Qwen_2.5_7B,baseline_repair,case_65_plane,final_results/runs/open_source__qwen25_7b_instruct__rag_validation_generator_critic_repair/case_65_plane/run_01.puml,dataset/case_65_plane/diagram.puml,sentence-transformers/all-MiniLM-L6-v2,0.800000,0.480000,"[""In Maintenance"",""Ordered"",""Ready for Use"",""Scheduled for Maintenance""]","[""Arrival"",""Historic"",""Maintenance"",""Operations"",""Order"",""Out of Service"",""Preparation""]","[{""ground_truth_state"":""In Maintenance"",""candidate_state"":""Maintenance"",""ground_truth_normalized"":""in maintenance"",""candidate_normalized"":""maintenance"",""similarity"":0.854492,""match_type"":""strict""},{""ground_truth_state"":""Ordered"",""candidate_state"":""Order"",""ground_truth_normalized"":""ordered"",""candidate_normalized"":""order"",""similarity"":0.914529,""match_type"":""strict""}]","[""Ready for Use"",""Scheduled for Maintenance""]","[""Arrival"",""Historic"",""Operations"",""Out of Service"",""Preparation""]",4,7,2,2,5,0.285714,0.5,0.363636
Qwen_2.5_7B,rag,case_65_plane,final_results/runs/open_source__qwen25_7b_instruct__rag/case_65_plane/run_01.puml,dataset/case_65_plane/diagram.puml,sentence-transformers/all-MiniLM-L6-v2,0.800000,0.480000,"[""In Maintenance"",""Ordered"",""Ready for Use"",""Scheduled for Maintenance""]","[""Arrival"",""Historic"",""Maintenance"",""Operations"",""Order"",""Out of Service"",""Preparation""]","[{""ground_truth_state"":""In Maintenance"",""candidate_state"":""Maintenance"",""ground_truth_normalized"":""in maintenance"",""candidate_normalized"":""maintenance"",""similarity"":0.854492,""match_type"":""strict""},{""ground_truth_state"":""Ordered"",""candidate_state"":""Order"",""ground_truth_normalized"":""ordered"",""candidate_normalized"":""order"",""similarity"":0.914529,""match_type"":""strict""}]","[""Ready for Use"",""Scheduled for Maintenance""]","[""Arrival"",""Historic"",""Operations"",""Out of Service"",""Preparation""]",4,7,2,2,5,0.285714,0.5,0.363636
Qwen_2.5_7B,syntax_grounded_repair,case_65_plane,final_results/runs/open_source__qwen25_7b_instruct__rag_validation_generator_critic_repair__syntax_grounded_no_rules_original_rag/case_65_plane/run_01.puml,dataset/case_65_plane/diagram.puml,sentence-transformers/all-MiniLM-L6-v2,0.800000,0.480000,"[""In Maintenance"",""Ordered"",""Ready for Use"",""Scheduled for Maintenance""]","[""Arrival"",""Historic"",""Maintenance"",""Operations"",""Order"",""Out of Service"",""Preparation""]","[{""ground_truth_state"":""In Maintenance"",""candidate_state"":""Maintenance"",""ground_truth_normalized"":""in maintenance"",""candidate_normalized"":""maintenance"",""similarity"":0.854492,""match_type"":""strict""},{""ground_truth_state"":""Ordered"",""candidate_state"":""Order"",""ground_truth_normalized"":""ordered"",""candidate_normalized"":""order"",""similarity"":0.914529,""match_type"":""strict""}]","[""Ready for Use"",""Scheduled for Maintenance""]","[""Arrival"",""Historic"",""Operations"",""Out of Service"",""Preparation""]",4,7,2,2,5,0.285714,0.5,0.363636
DeepSeek_R1_14B,baseline_repair,case_67_atm_many_scenarios_1,final_results/runs/open_source__deepseek_r1_14b__few_shot_validation_generator_critic_repair/case_67_atm_many_scenarios_1/run_01.puml,dataset/case_67_atm_many_scenarios_1/diagram.puml,sentence-transformers/all-MiniLM-L6-v2,0.800000,0.480000,"[""Dispensing"",""Ejecting"",""Idle"",""Printing"",""Processing Withdrawal"",""Terminating"",""Validating PIN"",""Waiting for Customer Choice"",""Waiting for PIN""]","[""CardInserted"",""DispenseCash"",""EnterPIN"",""InitialState"",""PINVerified"",""PrintReceipt"",""ProcessTransaction"",""Reset"",""ReturnCard""]","[{""ground_truth_state"":""Printing"",""candidate_state"":""PrintReceipt"",""ground_truth_normalized"":""printing"",""candidate_normalized"":""print receipt"",""similarity"":0.670337,""match_type"":""relaxed""},{""ground_truth_state"":""Processing Withdrawal"",""candidate_state"":""ProcessTransaction"",""ground_truth_normalized"":""processing withdrawal"",""candidate_normalized"":""process transaction"",""similarity"":0.563776,""match_type"":""relaxed""},{""ground_truth_state"":""Validating PIN"",""candidate_state"":""PINVerified"",""ground_truth_normalized"":""validating pin"",""candidate_normalized"":""pin verified"",""similarity"":0.76382,""match_type"":""relaxed""},{""ground_truth_state"":""Waiting for PIN"",""candidate_state"":""EnterPIN"",""ground_truth_normalized"":""waiting for pin"",""candidate_normalized"":""enter pin"",""similarity"":0.670858,""match_type"":""relaxed""}]","[""Dispensing"",""Ejecting"",""Idle"",""Terminating"",""Waiting for Customer Choice""]","[""CardInserted"",""DispenseCash"",""InitialState"",""Reset"",""ReturnCard""]",9,9,4,5,5,0.444444,0.444444,0.444444
DeepSeek_R1_14B,few_shot,case_67_atm_many_scenarios_1,final_results/runs/open_source__deepseek_r1_14b__few_shot/case_67_atm_many_scenarios_1/run_01.puml,dataset/case_67_atm_many_scenarios_1/diagram.puml,sentence-transformers/all-MiniLM-L6-v2,0.800000,0.480000,"[""Dispensing"",""Ejecting"",""Idle"",""Printing"",""Processing Withdrawal"",""Terminating"",""Validating PIN"",""Waiting for Customer Choice"",""Waiting for PIN""]","[""CardInserted"",""DispenseCash"",""EnterPIN"",""InitialState"",""PINVerified"",""PrintReceipt"",""ProcessTransaction"",""Reset"",""ReturnCard""]","[{""ground_truth_state"":""Printing"",""candidate_state"":""PrintReceipt"",""ground_truth_normalized"":""printing"",""candidate_normalized"":""print receipt"",""similarity"":0.670337,""match_type"":""relaxed""},{""ground_truth_state"":""Processing Withdrawal"",""candidate_state"":""ProcessTransaction"",""ground_truth_normalized"":""processing withdrawal"",""candidate_normalized"":""process transaction"",""similarity"":0.563776,""match_type"":""relaxed""},{""ground_truth_state"":""Validating PIN"",""candidate_state"":""PINVerified"",""ground_truth_normalized"":""validating pin"",""candidate_normalized"":""pin verified"",""similarity"":0.76382,""match_type"":""relaxed""},{""ground_truth_state"":""Waiting for PIN"",""candidate_state"":""EnterPIN"",""ground_truth_normalized"":""waiting for pin"",""candidate_normalized"":""enter pin"",""similarity"":0.670858,""match_type"":""relaxed""}]","[""Dispensing"",""Ejecting"",""Idle"",""Terminating"",""Waiting for Customer Choice""]","[""CardInserted"",""DispenseCash"",""InitialState"",""Reset"",""ReturnCard""]",9,9,4,5,5,0.444444,0.444444,0.444444
DeepSeek_R1_14B,syntax_grounded_repair,case_67_atm_many_scenarios_1,final_results/runs/open_source__deepseek_r1_14b__few_shot_validation_generator_critic_repair__syntax_grounded_no_rules/case_67_atm_many_scenarios_1/run_01.puml,dataset/case_67_atm_many_scenarios_1/diagram.puml,sentence-transformers/all-MiniLM-L6-v2,0.800000,0.480000,"[""Dispensing"",""Ejecting"",""Idle"",""Printing"",""Processing Withdrawal"",""Terminating"",""Validating PIN"",""Waiting for Customer Choice"",""Waiting for PIN""]","[""CardInserted"",""DispenseCash"",""EnterPIN"",""InitialState"",""PINVerified"",""PrintReceipt"",""ProcessTransaction"",""Reset"",""ReturnCard""]","[{""ground_truth_state"":""Printing"",""candidate_state"":""PrintReceipt"",""ground_truth_normalized"":""printing"",""candidate_normalized"":""print receipt"",""similarity"":0.670337,""match_type"":""relaxed""},{""ground_truth_state"":""Processing Withdrawal"",""candidate_state"":""ProcessTransaction"",""ground_truth_normalized"":""processing withdrawal"",""candidate_normalized"":""process transaction"",""similarity"":0.563776,""match_type"":""relaxed""},{""ground_truth_state"":""Validating PIN"",""candidate_state"":""PINVerified"",""ground_truth_normalized"":""validating pin"",""candidate_normalized"":""pin verified"",""similarity"":0.76382,""match_type"":""relaxed""},{""ground_truth_state"":""Waiting for PIN"",""candidate_state"":""EnterPIN"",""ground_truth_normalized"":""waiting for pin"",""candidate_normalized"":""enter pin"",""similarity"":0.670858,""match_type"":""relaxed""}]","[""Dispensing"",""Ejecting"",""Idle"",""Terminating"",""Waiting for Customer Choice""]","[""CardInserted"",""DispenseCash"",""InitialState"",""Reset"",""ReturnCard""]",9,9,4,5,5,0.444444,0.444444,0.444444
Llama_3.1_8B,baseline_repair,case_67_atm_many_scenarios_1,final_results/runs/open_source__llama31_8b_instruct__few_shot_validation_generator_critic_repair/case_67_atm_many_scenarios_1/run_01.puml,dataset/case_67_atm_many_scenarios_1/diagram.puml,sentence-transformers/all-MiniLM-L6-v2,0.800000,0.480000,"[""Dispensing"",""Ejecting"",""Idle"",""Printing"",""Processing Withdrawal"",""Terminating"",""Validating PIN"",""Waiting for Customer Choice"",""Waiting for PIN""]","[""CardReturn"",""CashDispensing"",""NotVerified"",""PINEntry"",""PINVerification"",""ReceiptPrinting"",""Reset"",""Verified""]","[{""ground_truth_state"":""Dispensing"",""candidate_state"":""CashDispensing"",""ground_truth_normalized"":""dispensing"",""candidate_normalized"":""cash dispensing"",""similarity"":0.689837,""match_type"":""relaxed_lexical""},{""ground_truth_state"":""Printing"",""candidate_state"":""ReceiptPrinting"",""ground_truth_normalized"":""printing"",""candidate_normalized"":""receipt printing"",""similarity"":0.723049,""match_type"":""relaxed_lexical""},{""ground_truth_state"":""Validating PIN"",""candidate_state"":""PINVerification"",""ground_truth_normalized"":""validating pin"",""candidate_normalized"":""pin verification"",""similarity"":0.853429,""match_type"":""strict""},{""ground_truth_state"":""Waiting for PIN"",""candidate_state"":""PINEntry"",""ground_truth_normalized"":""waiting for pin"",""candidate_normalized"":""pin entry"",""similarity"":0.682385,""match_type"":""relaxed""}]","[""Ejecting"",""Idle"",""Processing Withdrawal"",""Terminating"",""Waiting for Customer Choice""]","[""CardReturn"",""NotVerified"",""Reset"",""Verified""]",9,8,4,5,4,0.5,0.444444,0.470588
Llama_3.1_8B,few_shot,case_67_atm_many_scenarios_1,final_results/runs/open_source__llama31_8b_instruct__few_shot/case_67_atm_many_scenarios_1/run_01.puml,dataset/case_67_atm_many_scenarios_1/diagram.puml,sentence-transformers/all-MiniLM-L6-v2,0.800000,0.480000,"[""Dispensing"",""Ejecting"",""Idle"",""Printing"",""Processing Withdrawal"",""Terminating"",""Validating PIN"",""Waiting for Customer Choice"",""Waiting for PIN""]","[""CardReturn"",""CashDispensing"",""NotVerified"",""PINEntry"",""PINVerification"",""ReceiptPrinting"",""Reset"",""Verified""]","[{""ground_truth_state"":""Dispensing"",""candidate_state"":""CashDispensing"",""ground_truth_normalized"":""dispensing"",""candidate_normalized"":""cash dispensing"",""similarity"":0.689837,""match_type"":""relaxed_lexical""},{""ground_truth_state"":""Printing"",""candidate_state"":""ReceiptPrinting"",""ground_truth_normalized"":""printing"",""candidate_normalized"":""receipt printing"",""similarity"":0.723049,""match_type"":""relaxed_lexical""},{""ground_truth_state"":""Validating PIN"",""candidate_state"":""PINVerification"",""ground_truth_normalized"":""validating pin"",""candidate_normalized"":""pin verification"",""similarity"":0.853429,""match_type"":""strict""},{""ground_truth_state"":""Waiting for PIN"",""candidate_state"":""PINEntry"",""ground_truth_normalized"":""waiting for pin"",""candidate_normalized"":""pin entry"",""similarity"":0.682385,""match_type"":""relaxed""}]","[""Ejecting"",""Idle"",""Processing Withdrawal"",""Terminating"",""Waiting for Customer Choice""]","[""CardReturn"",""NotVerified"",""Reset"",""Verified""]",9,8,4,5,4,0.5,0.444444,0.470588
Llama_3.1_8B,syntax_grounded_repair,case_67_atm_many_scenarios_1,final_results/runs/open_source__llama31_8b_instruct__few_shot_validation_generator_critic_repair__syntax_grounded/case_67_atm_many_scenarios_1/run_01.puml,dataset/case_67_atm_many_scenarios_1/diagram.puml,sentence-transformers/all-MiniLM-L6-v2,0.800000,0.480000,"[""Dispensing"",""Ejecting"",""Idle"",""Printing"",""Processing Withdrawal"",""Terminating"",""Validating PIN"",""Waiting for Customer Choice"",""Waiting for PIN""]","[""CardReturn"",""CashDispensing"",""NotVerified"",""PINEntry"",""PINVerification"",""ReceiptPrinting"",""Reset"",""Verified""]","[{""ground_truth_state"":""Dispensing"",""candidate_state"":""CashDispensing"",""ground_truth_normalized"":""dispensing"",""candidate_normalized"":""cash dispensing"",""similarity"":0.689837,""match_type"":""relaxed_lexical""},{""ground_truth_state"":""Printing"",""candidate_state"":""ReceiptPrinting"",""ground_truth_normalized"":""printing"",""candidate_normalized"":""receipt printing"",""similarity"":0.723049,""match_type"":""relaxed_lexical""},{""ground_truth_state"":""Validating PIN"",""candidate_state"":""PINVerification"",""ground_truth_normalized"":""validating pin"",""candidate_normalized"":""pin verification"",""similarity"":0.853429,""match_type"":""strict""},{""ground_truth_state"":""Waiting for PIN"",""candidate_state"":""PINEntry"",""ground_truth_normalized"":""waiting for pin"",""candidate_normalized"":""pin entry"",""similarity"":0.682385,""match_type"":""relaxed""}]","[""Ejecting"",""Idle"",""Processing Withdrawal"",""Terminating"",""Waiting for Customer Choice""]","[""CardReturn"",""NotVerified"",""Reset"",""Verified""]",9,8,4,5,4,0.5,0.444444,0.470588
Mistral,baseline_repair,case_67_atm_many_scenarios_1,final_results/runs/open_source__mistral__rag_validation_generator_critic_repair/case_67_atm_many_scenarios_1/run_01.puml,dataset/case_67_atm_many_scenarios_1/diagram.puml,sentence-transformers/all-MiniLM-L6-v2,0.800000,0.480000,"[""Dispensing"",""Ejecting"",""Idle"",""Printing"",""Processing Withdrawal"",""Terminating"",""Validating PIN"",""Waiting for Customer Choice"",""Waiting for PIN""]","[""ClosedDown"",""Confiscating"",""Dispensing"",""Ejecting"",""Idle"",""Printing"",""ProcessingWithdrawal"",""Terminating"",""ValidatingPIN"",""WaitingForCustomerChoice"",""WaitingForPIN""]","[{""ground_truth_state"":""Dispensing"",""candidate_state"":""Dispensing"",""ground_truth_normalized"":""dispensing"",""candidate_normalized"":""dispensing"",""similarity"":1.0,""match_type"":""exact_normalized""},{""ground_truth_state"":""Ejecting"",""candidate_state"":""Ejecting"",""ground_truth_normalized"":""ejecting"",""candidate_normalized"":""ejecting"",""similarity"":1.0,""match_type"":""exact_normalized""},{""ground_truth_state"":""Idle"",""candidate_state"":""Idle"",""ground_truth_normalized"":""idle"",""candidate_normalized"":""idle"",""similarity"":1.0,""match_type"":""exact_normalized""},{""ground_truth_state"":""Printing"",""candidate_state"":""Printing"",""ground_truth_normalized"":""printing"",""candidate_normalized"":""printing"",""similarity"":1.0,""match_type"":""exact_normalized""},{""ground_truth_state"":""Processing Withdrawal"",""candidate_state"":""ProcessingWithdrawal"",""ground_truth_normalized"":""processing withdrawal"",""candidate_normalized"":""processing withdrawal"",""similarity"":1.0,""match_type"":""exact_normalized""},{""ground_truth_state"":""Terminating"",""candidate_state"":""Terminating"",""ground_truth_normalized"":""terminating"",""candidate_normalized"":""terminating"",""similarity"":1.0,""match_type"":""exact_normalized""},{""ground_truth_state"":""Validating PIN"",""candidate_state"":""ValidatingPIN"",""ground_truth_normalized"":""validating pin"",""candidate_normalized"":""validating pin"",""similarity"":1.0,""match_type"":""exact_normalized""},{""ground_truth_state"":""Waiting for Customer Choice"",""candidate_state"":""WaitingForCustomerChoice"",""ground_truth_normalized"":""waiting for customer choice"",""candidate_normalized"":""waiting for customer choice"",""similarity"":1.0,""match_type"":""exact_normalized""},{""ground_truth_state"":""Waiting for PIN"",""candidate_state"":""WaitingForPIN"",""ground_truth_normalized"":""waiting for pin"",""candidate_normalized"":""waiting for pin"",""similarity"":1.0,""match_type"":""exact_normalized""}]",[],"[""ClosedDown"",""Confiscating""]",9,11,9,0,2,0.818182,1.0,0.9
Mistral,rag,case_67_atm_many_scenarios_1,final_results/runs/open_source__mistral__rag/case_67_atm_many_scenarios_1/run_01.puml,dataset/case_67_atm_many_scenarios_1/diagram.puml,sentence-transformers/all-MiniLM-L6-v2,0.800000,0.480000,"[""Dispensing"",""Ejecting"",""Idle"",""Printing"",""Processing Withdrawal"",""Terminating"",""Validating PIN"",""Waiting for Customer Choice"",""Waiting for PIN""]","[""ClosedDown"",""Confiscating"",""Dispensing"",""Ejecting"",""Idle"",""Printing"",""ProcessingWithdrawal"",""Terminating"",""ValidatingPIN"",""WaitingForCustomerChoice"",""WaitingForPIN""]","[{""ground_truth_state"":""Dispensing"",""candidate_state"":""Dispensing"",""ground_truth_normalized"":""dispensing"",""candidate_normalized"":""dispensing"",""similarity"":1.0,""match_type"":""exact_normalized""},{""ground_truth_state"":""Ejecting"",""candidate_state"":""Ejecting"",""ground_truth_normalized"":""ejecting"",""candidate_normalized"":""ejecting"",""similarity"":1.0,""match_type"":""exact_normalized""},{""ground_truth_state"":""Idle"",""candidate_state"":""Idle"",""ground_truth_normalized"":""idle"",""candidate_normalized"":""idle"",""similarity"":1.0,""match_type"":""exact_normalized""},{""ground_truth_state"":""Printing"",""candidate_state"":""Printing"",""ground_truth_normalized"":""printing"",""candidate_normalized"":""printing"",""similarity"":1.0,""match_type"":""exact_normalized""},{""ground_truth_state"":""Processing Withdrawal"",""candidate_state"":""ProcessingWithdrawal"",""ground_truth_normalized"":""processing withdrawal"",""candidate_normalized"":""processing withdrawal"",""similarity"":1.0,""match_type"":""exact_normalized""},{""ground_truth_state"":""Terminating"",""candidate_state"":""Terminating"",""ground_truth_normalized"":""terminating"",""candidate_normalized"":""terminating"",""similarity"":1.0,""match_type"":""exact_normalized""},{""ground_truth_state"":""Validating PIN"",""candidate_state"":""ValidatingPIN"",""ground_truth_normalized"":""validating pin"",""candidate_normalized"":""validating pin"",""similarity"":1.0,""match_type"":""exact_normalized""},{""ground_truth_state"":""Waiting for Customer Choice"",""candidate_state"":""WaitingForCustomerChoice"",""ground_truth_normalized"":""waiting for customer choice"",""candidate_normalized"":""waiting for customer choice"",""similarity"":1.0,""match_type"":""exact_normalized""},{""ground_truth_state"":""Waiting for PIN"",""candidate_state"":""WaitingForPIN"",""ground_truth_normalized"":""waiting for pin"",""candidate_normalized"":""waiting for pin"",""similarity"":1.0,""match_type"":""exact_normalized""}]",[],"[""ClosedDown"",""Confiscating""]",9,11,9,0,2,0.818182,1.0,0.9
Mistral,syntax_grounded_repair,case_67_atm_many_scenarios_1,final_results/runs/open_source__mistral__rag_validation_generator_critic_repair__syntax_grounded/case_67_atm_many_scenarios_1/run_01.puml,dataset/case_67_atm_many_scenarios_1/diagram.puml,sentence-transformers/all-MiniLM-L6-v2,0.800000,0.480000,"[""Dispensing"",""Ejecting"",""Idle"",""Printing"",""Processing Withdrawal"",""Terminating"",""Validating PIN"",""Waiting for Customer Choice"",""Waiting for PIN""]","[""ClosedDown"",""Confiscating"",""Dispensing"",""Ejecting"",""Idle"",""Printing"",""ProcessingWithdrawal"",""Terminating"",""ValidatingPIN"",""WaitingForCustomerChoice"",""WaitingForPIN""]","[{""ground_truth_state"":""Dispensing"",""candidate_state"":""Dispensing"",""ground_truth_normalized"":""dispensing"",""candidate_normalized"":""dispensing"",""similarity"":1.0,""match_type"":""exact_normalized""},{""ground_truth_state"":""Ejecting"",""candidate_state"":""Ejecting"",""ground_truth_normalized"":""ejecting"",""candidate_normalized"":""ejecting"",""similarity"":1.0,""match_type"":""exact_normalized""},{""ground_truth_state"":""Idle"",""candidate_state"":""Idle"",""ground_truth_normalized"":""idle"",""candidate_normalized"":""idle"",""similarity"":1.0,""match_type"":""exact_normalized""},{""ground_truth_state"":""Printing"",""candidate_state"":""Printing"",""ground_truth_normalized"":""printing"",""candidate_normalized"":""printing"",""similarity"":1.0,""match_type"":""exact_normalized""},{""ground_truth_state"":""Processing Withdrawal"",""candidate_state"":""ProcessingWithdrawal"",""ground_truth_normalized"":""processing withdrawal"",""candidate_normalized"":""processing withdrawal"",""similarity"":1.0,""match_type"":""exact_normalized""},{""ground_truth_state"":""Terminating"",""candidate_state"":""Terminating"",""ground_truth_normalized"":""terminating"",""candidate_normalized"":""terminating"",""similarity"":1.0,""match_type"":""exact_normalized""},{""ground_truth_state"":""Validating PIN"",""candidate_state"":""ValidatingPIN"",""ground_truth_normalized"":""validating pin"",""candidate_normalized"":""validating pin"",""similarity"":1.0,""match_type"":""exact_normalized""},{""ground_truth_state"":""Waiting for Customer Choice"",""candidate_state"":""WaitingForCustomerChoice"",""ground_truth_normalized"":""waiting for customer choice"",""candidate_normalized"":""waiting for customer choice"",""similarity"":1.0,""match_type"":""exact_normalized""},{""ground_truth_state"":""Waiting for PIN"",""candidate_state"":""WaitingForPIN"",""ground_truth_normalized"":""waiting for pin"",""candidate_normalized"":""waiting for pin"",""similarity"":1.0,""match_type"":""exact_normalized""}]",[],"[""ClosedDown"",""Confiscating""]",9,11,9,0,2,0.818182,1.0,0.9
Qwen_2.5_7B,baseline_repair,case_67_atm_many_scenarios_1,final_results/runs/open_source__qwen25_7b_instruct__rag_validation_generator_critic_repair/case_67_atm_many_scenarios_1/run_01.puml,dataset/case_67_atm_many_scenarios_1/diagram.puml,sentence-transformers/all-MiniLM-L6-v2,0.800000,0.480000,"[""Dispensing"",""Ejecting"",""Idle"",""Printing"",""Processing Withdrawal"",""Terminating"",""Validating PIN"",""Waiting for Customer Choice"",""Waiting for PIN""]","[""ClosedDown"",""Confiscating"",""Dispensing"",""Ejecting"",""Idle"",""Printing"",""ProcessingWithdrawal"",""Terminating"",""ValidatingPIN"",""WaitingForCustomerChoice"",""WaitingForPIN""]","[{""ground_truth_state"":""Dispensing"",""candidate_state"":""Dispensing"",""ground_truth_normalized"":""dispensing"",""candidate_normalized"":""dispensing"",""similarity"":1.0,""match_type"":""exact_normalized""},{""ground_truth_state"":""Ejecting"",""candidate_state"":""Ejecting"",""ground_truth_normalized"":""ejecting"",""candidate_normalized"":""ejecting"",""similarity"":1.0,""match_type"":""exact_normalized""},{""ground_truth_state"":""Idle"",""candidate_state"":""Idle"",""ground_truth_normalized"":""idle"",""candidate_normalized"":""idle"",""similarity"":1.0,""match_type"":""exact_normalized""},{""ground_truth_state"":""Printing"",""candidate_state"":""Printing"",""ground_truth_normalized"":""printing"",""candidate_normalized"":""printing"",""similarity"":1.0,""match_type"":""exact_normalized""},{""ground_truth_state"":""Processing Withdrawal"",""candidate_state"":""ProcessingWithdrawal"",""ground_truth_normalized"":""processing withdrawal"",""candidate_normalized"":""processing withdrawal"",""similarity"":1.0,""match_type"":""exact_normalized""},{""ground_truth_state"":""Terminating"",""candidate_state"":""Terminating"",""ground_truth_normalized"":""terminating"",""candidate_normalized"":""terminating"",""similarity"":1.0,""match_type"":""exact_normalized""},{""ground_truth_state"":""Validating PIN"",""candidate_state"":""ValidatingPIN"",""ground_truth_normalized"":""validating pin"",""candidate_normalized"":""validating pin"",""similarity"":1.0,""match_type"":""exact_normalized""},{""ground_truth_state"":""Waiting for Customer Choice"",""candidate_state"":""WaitingForCustomerChoice"",""ground_truth_normalized"":""waiting for customer choice"",""candidate_normalized"":""waiting for customer choice"",""similarity"":1.0,""match_type"":""exact_normalized""},{""ground_truth_state"":""Waiting for PIN"",""candidate_state"":""WaitingForPIN"",""ground_truth_normalized"":""waiting for pin"",""candidate_normalized"":""waiting for pin"",""similarity"":1.0,""match_type"":""exact_normalized""}]",[],"[""ClosedDown"",""Confiscating""]",9,11,9,0,2,0.818182,1.0,0.9
Qwen_2.5_7B,rag,case_67_atm_many_scenarios_1,final_results/runs/open_source__qwen25_7b_instruct__rag/case_67_atm_many_scenarios_1/run_01.puml,dataset/case_67_atm_many_scenarios_1/diagram.puml,sentence-transformers/all-MiniLM-L6-v2,0.800000,0.480000,"[""Dispensing"",""Ejecting"",""Idle"",""Printing"",""Processing Withdrawal"",""Terminating"",""Validating PIN"",""Waiting for Customer Choice"",""Waiting for PIN""]","[""ClosedDown"",""Confiscating"",""Dispensing"",""Ejecting"",""Idle"",""Printing"",""ProcessingWithdrawal"",""Terminating"",""ValidatingPIN"",""WaitingForCustomerChoice"",""WaitingForPIN""]","[{""ground_truth_state"":""Dispensing"",""candidate_state"":""Dispensing"",""ground_truth_normalized"":""dispensing"",""candidate_normalized"":""dispensing"",""similarity"":1.0,""match_type"":""exact_normalized""},{""ground_truth_state"":""Ejecting"",""candidate_state"":""Ejecting"",""ground_truth_normalized"":""ejecting"",""candidate_normalized"":""ejecting"",""similarity"":1.0,""match_type"":""exact_normalized""},{""ground_truth_state"":""Idle"",""candidate_state"":""Idle"",""ground_truth_normalized"":""idle"",""candidate_normalized"":""idle"",""similarity"":1.0,""match_type"":""exact_normalized""},{""ground_truth_state"":""Printing"",""candidate_state"":""Printing"",""ground_truth_normalized"":""printing"",""candidate_normalized"":""printing"",""similarity"":1.0,""match_type"":""exact_normalized""},{""ground_truth_state"":""Processing Withdrawal"",""candidate_state"":""ProcessingWithdrawal"",""ground_truth_normalized"":""processing withdrawal"",""candidate_normalized"":""processing withdrawal"",""similarity"":1.0,""match_type"":""exact_normalized""},{""ground_truth_state"":""Terminating"",""candidate_state"":""Terminating"",""ground_truth_normalized"":""terminating"",""candidate_normalized"":""terminating"",""similarity"":1.0,""match_type"":""exact_normalized""},{""ground_truth_state"":""Validating PIN"",""candidate_state"":""ValidatingPIN"",""ground_truth_normalized"":""validating pin"",""candidate_normalized"":""validating pin"",""similarity"":1.0,""match_type"":""exact_normalized""},{""ground_truth_state"":""Waiting for Customer Choice"",""candidate_state"":""WaitingForCustomerChoice"",""ground_truth_normalized"":""waiting for customer choice"",""candidate_normalized"":""waiting for customer choice"",""similarity"":1.0,""match_type"":""exact_normalized""},{""ground_truth_state"":""Waiting for PIN"",""candidate_state"":""WaitingForPIN"",""ground_truth_normalized"":""waiting for pin"",""candidate_normalized"":""waiting for pin"",""similarity"":1.0,""match_type"":""exact_normalized""}]",[],"[""ClosedDown"",""Confiscating""]",9,11,9,0,2,0.818182,1.0,0.9
Qwen_2.5_7B,syntax_grounded_repair,case_67_atm_many_scenarios_1,final_results/runs/open_source__qwen25_7b_instruct__rag_validation_generator_critic_repair__syntax_grounded_no_rules_original_rag/case_67_atm_many_scenarios_1/run_01.puml,dataset/case_67_atm_many_scenarios_1/diagram.puml,sentence-transformers/all-MiniLM-L6-v2,0.800000,0.480000,"[""Dispensing"",""Ejecting"",""Idle"",""Printing"",""Processing Withdrawal"",""Terminating"",""Validating PIN"",""Waiting for Customer Choice"",""Waiting for PIN""]","[""ClosedDown"",""Confiscating"",""Dispensing"",""Ejecting"",""Idle"",""Printing"",""ProcessingWithdrawal"",""Terminating"",""ValidatingPIN"",""WaitingForCustomerChoice"",""WaitingForPIN""]","[{""ground_truth_state"":""Dispensing"",""candidate_state"":""Dispensing"",""ground_truth_normalized"":""dispensing"",""candidate_normalized"":""dispensing"",""similarity"":1.0,""match_type"":""exact_normalized""},{""ground_truth_state"":""Ejecting"",""candidate_state"":""Ejecting"",""ground_truth_normalized"":""ejecting"",""candidate_normalized"":""ejecting"",""similarity"":1.0,""match_type"":""exact_normalized""},{""ground_truth_state"":""Idle"",""candidate_state"":""Idle"",""ground_truth_normalized"":""idle"",""candidate_normalized"":""idle"",""similarity"":1.0,""match_type"":""exact_normalized""},{""ground_truth_state"":""Printing"",""candidate_state"":""Printing"",""ground_truth_normalized"":""printing"",""candidate_normalized"":""printing"",""similarity"":1.0,""match_type"":""exact_normalized""},{""ground_truth_state"":""Processing Withdrawal"",""candidate_state"":""ProcessingWithdrawal"",""ground_truth_normalized"":""processing withdrawal"",""candidate_normalized"":""processing withdrawal"",""similarity"":1.0,""match_type"":""exact_normalized""},{""ground_truth_state"":""Terminating"",""candidate_state"":""Terminating"",""ground_truth_normalized"":""terminating"",""candidate_normalized"":""terminating"",""similarity"":1.0,""match_type"":""exact_normalized""},{""ground_truth_state"":""Validating PIN"",""candidate_state"":""ValidatingPIN"",""ground_truth_normalized"":""validating pin"",""candidate_normalized"":""validating pin"",""similarity"":1.0,""match_type"":""exact_normalized""},{""ground_truth_state"":""Waiting for Customer Choice"",""candidate_state"":""WaitingForCustomerChoice"",""ground_truth_normalized"":""waiting for customer choice"",""candidate_normalized"":""waiting for customer choice"",""similarity"":1.0,""match_type"":""exact_normalized""},{""ground_truth_state"":""Waiting for PIN"",""candidate_state"":""WaitingForPIN"",""ground_truth_normalized"":""waiting for pin"",""candidate_normalized"":""waiting for pin"",""similarity"":1.0,""match_type"":""exact_normalized""}]",[],"[""ClosedDown"",""Confiscating""]",9,11,9,0,2,0.818182,1.0,0.9
DeepSeek_R1_14B,baseline_repair,case_70_atm_many_scenarios_7,final_results/runs/open_source__deepseek_r1_14b__few_shot_validation_generator_critic_repair/case_70_atm_many_scenarios_7/run_01.puml,dataset/case_70_atm_many_scenarios_7/diagram.puml,sentence-transformers/all-MiniLM-L6-v2,0.800000,0.480000,"[""Confiscating"",""Ejecting"",""Idle"",""Processing Customer Input"",""Processing Transaction"",""Validating PIN"",""Waiting for Customer Choice"",""Waiting for PIN""]","[""CheckPin"",""InsertCard"",""ProcessRequest"",""DisplayOptions""]","[{""ground_truth_state"":""Processing Transaction"",""candidate_state"":""ProcessRequest"",""ground_truth_normalized"":""processing transaction"",""candidate_normalized"":""process request"",""similarity"":0.566203,""match_type"":""relaxed""},{""ground_truth_state"":""Validating PIN"",""candidate_state"":""CheckPin"",""ground_truth_normalized"":""validating pin"",""candidate_normalized"":""check pin"",""similarity"":0.752916,""match_type"":""relaxed""}]","[""Confiscating"",""Ejecting"",""Idle"",""Processing Customer Input"",""Waiting for Customer Choice"",""Waiting for PIN""]","[""InsertCard"",""DisplayOptions""]",8,4,2,6,2,0.5,0.25,0.333333
DeepSeek_R1_14B,few_shot,case_70_atm_many_scenarios_7,final_results/runs/open_source__deepseek_r1_14b__few_shot/case_70_atm_many_scenarios_7/run_01.puml,dataset/case_70_atm_many_scenarios_7/diagram.puml,sentence-transformers/all-MiniLM-L6-v2,0.800000,0.480000,"[""Confiscating"",""Ejecting"",""Idle"",""Processing Customer Input"",""Processing Transaction"",""Validating PIN"",""Waiting for Customer Choice"",""Waiting for PIN""]",[],[],"[""Confiscating"",""Ejecting"",""Idle"",""Processing Customer Input"",""Processing Transaction"",""Validating PIN"",""Waiting for Customer Choice"",""Waiting for PIN""]",[],8,0,0,8,0,0.0,0.0,0.0
DeepSeek_R1_14B,syntax_grounded_repair,case_70_atm_many_scenarios_7,final_results/runs/open_source__deepseek_r1_14b__few_shot_validation_generator_critic_repair__syntax_grounded_no_rules/case_70_atm_many_scenarios_7/run_01.puml,dataset/case_70_atm_many_scenarios_7/diagram.puml,sentence-transformers/all-MiniLM-L6-v2,0.800000,0.480000,"[""Confiscating"",""Ejecting"",""Idle"",""Processing Customer Input"",""Processing Transaction"",""Validating PIN"",""Waiting for Customer Choice"",""Waiting for PIN""]","[""Greeting"",""KeepCard"",""OptionsMenu"",""PINCheck"",""ProcessRequest"",""ReturnCard""]","[{""ground_truth_state"":""Processing Transaction"",""candidate_state"":""ProcessRequest"",""ground_truth_normalized"":""processing transaction"",""candidate_normalized"":""process request"",""similarity"":0.566203,""match_type"":""relaxed""},{""ground_truth_state"":""Validating PIN"",""candidate_state"":""PINCheck"",""ground_truth_normalized"":""validating pin"",""candidate_normalized"":""pin check"",""similarity"":0.797557,""match_type"":""relaxed""}]","[""Confiscating"",""Ejecting"",""Idle"",""Processing Customer Input"",""Waiting for Customer Choice"",""Waiting for PIN""]","[""Greeting"",""KeepCard"",""OptionsMenu"",""ReturnCard""]",8,6,2,6,4,0.333333,0.25,0.285714
Llama_3.1_8B,baseline_repair,case_70_atm_many_scenarios_7,final_results/runs/open_source__llama31_8b_instruct__few_shot_validation_generator_critic_repair/case_70_atm_many_scenarios_7/run_01.puml,dataset/case_70_atm_many_scenarios_7/diagram.puml,sentence-transformers/all-MiniLM-L6-v2,0.800000,0.480000,"[""Confiscating"",""Ejecting"",""Idle"",""Processing Customer Input"",""Processing Transaction"",""Validating PIN"",""Waiting for Customer Choice"",""Waiting for PIN""]","[""Arrival"",""Cancel Operation"",""Card Held"",""Card Insertion"",""Check Information"",""Correct PIN"",""Greeting"",""Invalid PIN"",""Invalid Request"",""Make Transfer"",""Options Displayed"",""PIN Entry"",""PIN Verification"",""Request Processing"",""Return Card"",""Too Many Incorrect PINs"",""Withdraw Money""]","[{""ground_truth_state"":""Processing Transaction"",""candidate_state"":""Request Processing"",""ground_truth_normalized"":""processing transaction"",""candidate_normalized"":""request processing"",""similarity"":0.576013,""match_type"":""relaxed""},{""ground_truth_state"":""Validating PIN"",""candidate_state"":""PIN Verification"",""ground_truth_normalized"":""validating pin"",""candidate_normalized"":""pin verification"",""similarity"":0.853429,""match_type"":""strict""},{""ground_truth_state"":""Waiting for PIN"",""candidate_state"":""PIN Entry"",""ground_truth_normalized"":""waiting for pin"",""candidate_normalized"":""pin entry"",""similarity"":0.682385,""match_type"":""relaxed""}]","[""Confiscating"",""Ejecting"",""Idle"",""Processing Customer Input"",""Waiting for Customer Choice""]","[""Arrival"",""Cancel Operation"",""Card Held"",""Card Insertion"",""Check Information"",""Correct PIN"",""Greeting"",""Invalid PIN"",""Invalid Request"",""Make Transfer"",""Options Displayed"",""Return Card"",""Too Many Incorrect PINs"",""Withdraw Money""]",8,17,3,5,14,0.176471,0.375,0.24
Llama_3.1_8B,few_shot,case_70_atm_many_scenarios_7,final_results/runs/open_source__llama31_8b_instruct__few_shot/case_70_atm_many_scenarios_7/run_01.puml,dataset/case_70_atm_many_scenarios_7/diagram.puml,sentence-transformers/all-MiniLM-L6-v2,0.800000,0.480000,"[""Confiscating"",""Ejecting"",""Idle"",""Processing Customer Input"",""Processing Transaction"",""Validating PIN"",""Waiting for Customer Choice"",""Waiting for PIN""]","[""Arrival"",""Cancel Operation"",""Card Held"",""Card Insertion"",""Check Information"",""Correct PIN"",""Greeting"",""Invalid PIN"",""Invalid Request"",""Make Transfer"",""Options Displayed"",""PIN Entry"",""PIN Verification"",""Request Processing"",""Return Card"",""Too Many Incorrect PINs"",""Withdraw Money""]","[{""ground_truth_state"":""Processing Transaction"",""candidate_state"":""Request Processing"",""ground_truth_normalized"":""processing transaction"",""candidate_normalized"":""request processing"",""similarity"":0.576013,""match_type"":""relaxed""},{""ground_truth_state"":""Validating PIN"",""candidate_state"":""PIN Verification"",""ground_truth_normalized"":""validating pin"",""candidate_normalized"":""pin verification"",""similarity"":0.853429,""match_type"":""strict""},{""ground_truth_state"":""Waiting for PIN"",""candidate_state"":""PIN Entry"",""ground_truth_normalized"":""waiting for pin"",""candidate_normalized"":""pin entry"",""similarity"":0.682385,""match_type"":""relaxed""}]","[""Confiscating"",""Ejecting"",""Idle"",""Processing Customer Input"",""Waiting for Customer Choice""]","[""Arrival"",""Cancel Operation"",""Card Held"",""Card Insertion"",""Check Information"",""Correct PIN"",""Greeting"",""Invalid PIN"",""Invalid Request"",""Make Transfer"",""Options Displayed"",""Return Card"",""Too Many Incorrect PINs"",""Withdraw Money""]",8,17,3,5,14,0.176471,0.375,0.24
Llama_3.1_8B,syntax_grounded_repair,case_70_atm_many_scenarios_7,final_results/runs/open_source__llama31_8b_instruct__few_shot_validation_generator_critic_repair__syntax_grounded/case_70_atm_many_scenarios_7/run_01.puml,dataset/case_70_atm_many_scenarios_7/diagram.puml,sentence-transformers/all-MiniLM-L6-v2,0.800000,0.480000,"[""Confiscating"",""Ejecting"",""Idle"",""Processing Customer Input"",""Processing Transaction"",""Validating PIN"",""Waiting for Customer Choice"",""Waiting for PIN""]","[""Arrival"",""Cancel Operation"",""Card Held"",""Card Insertion"",""Check Information"",""Correct PIN"",""Greeting"",""Invalid PIN"",""Invalid Request"",""Make Transfer"",""Options Displayed"",""PIN Entry"",""PIN Verification"",""Request Processing"",""Return Card"",""Too Many Incorrect PINs"",""Withdraw Money""]","[{""ground_truth_state"":""Processing Transaction"",""candidate_state"":""Request Processing"",""ground_truth_normalized"":""processing transaction"",""candidate_normalized"":""request processing"",""similarity"":0.576013,""match_type"":""relaxed""},{""ground_truth_state"":""Validating PIN"",""candidate_state"":""PIN Verification"",""ground_truth_normalized"":""validating pin"",""candidate_normalized"":""pin verification"",""similarity"":0.853429,""match_type"":""strict""},{""ground_truth_state"":""Waiting for PIN"",""candidate_state"":""PIN Entry"",""ground_truth_normalized"":""waiting for pin"",""candidate_normalized"":""pin entry"",""similarity"":0.682385,""match_type"":""relaxed""}]","[""Confiscating"",""Ejecting"",""Idle"",""Processing Customer Input"",""Waiting for Customer Choice""]","[""Arrival"",""Cancel Operation"",""Card Held"",""Card Insertion"",""Check Information"",""Correct PIN"",""Greeting"",""Invalid PIN"",""Invalid Request"",""Make Transfer"",""Options Displayed"",""Return Card"",""Too Many Incorrect PINs"",""Withdraw Money""]",8,17,3,5,14,0.176471,0.375,0.24
Mistral,baseline_repair,case_70_atm_many_scenarios_7,final_results/runs/open_source__mistral__rag_validation_generator_critic_repair/case_70_atm_many_scenarios_7/run_01.puml,dataset/case_70_atm_many_scenarios_7/diagram.puml,sentence-transformers/all-MiniLM-L6-v2,0.800000,0.480000,"[""Confiscating"",""Ejecting"",""Idle"",""Processing Customer Input"",""Processing Transaction"",""Validating PIN"",""Waiting for Customer Choice"",""Waiting for PIN""]","[""ClosedDown"",""Confiscating"",""Dispensing"",""Ejecting"",""Idle"",""Printing"",""ProcessingWithdrawal"",""Terminating"",""ValidatingPIN"",""WaitingForCustomerChoice"",""WaitingForPIN""]","[{""ground_truth_state"":""Confiscating"",""candidate_state"":""Confiscating"",""ground_truth_normalized"":""confiscating"",""candidate_normalized"":""confiscating"",""similarity"":1.0,""match_type"":""exact_normalized""},{""ground_truth_state"":""Ejecting"",""candidate_state"":""Ejecting"",""ground_truth_normalized"":""ejecting"",""candidate_normalized"":""ejecting"",""similarity"":1.0,""match_type"":""exact_normalized""},{""ground_truth_state"":""Idle"",""candidate_state"":""Idle"",""ground_truth_normalized"":""idle"",""candidate_normalized"":""idle"",""similarity"":1.0,""match_type"":""exact_normalized""},{""ground_truth_state"":""Processing Transaction"",""candidate_state"":""ProcessingWithdrawal"",""ground_truth_normalized"":""processing transaction"",""candidate_normalized"":""processing withdrawal"",""similarity"":0.621425,""match_type"":""relaxed""},{""ground_truth_state"":""Validating PIN"",""candidate_state"":""ValidatingPIN"",""ground_truth_normalized"":""validating pin"",""candidate_normalized"":""validating pin"",""similarity"":1.0,""match_type"":""exact_normalized""},{""ground_truth_state"":""Waiting for Customer Choice"",""candidate_state"":""WaitingForCustomerChoice"",""ground_truth_normalized"":""waiting for customer choice"",""candidate_normalized"":""waiting for customer choice"",""similarity"":1.0,""match_type"":""exact_normalized""},{""ground_truth_state"":""Waiting for PIN"",""candidate_state"":""WaitingForPIN"",""ground_truth_normalized"":""waiting for pin"",""candidate_normalized"":""waiting for pin"",""similarity"":1.0,""match_type"":""exact_normalized""}]","[""Processing Customer Input""]","[""ClosedDown"",""Dispensing"",""Printing"",""Terminating""]",8,11,7,1,4,0.636364,0.875,0.736842
Mistral,rag,case_70_atm_many_scenarios_7,final_results/runs/open_source__mistral__rag/case_70_atm_many_scenarios_7/run_01.puml,dataset/case_70_atm_many_scenarios_7/diagram.puml,sentence-transformers/all-MiniLM-L6-v2,0.800000,0.480000,"[""Confiscating"",""Ejecting"",""Idle"",""Processing Customer Input"",""Processing Transaction"",""Validating PIN"",""Waiting for Customer Choice"",""Waiting for PIN""]","[""ClosedDown"",""Confiscating"",""Dispensing"",""Ejecting"",""Idle"",""Printing"",""ProcessingWithdrawal"",""Terminating"",""ValidatingPIN"",""WaitingForCustomerChoice"",""WaitingForPIN""]","[{""ground_truth_state"":""Confiscating"",""candidate_state"":""Confiscating"",""ground_truth_normalized"":""confiscating"",""candidate_normalized"":""confiscating"",""similarity"":1.0,""match_type"":""exact_normalized""},{""ground_truth_state"":""Ejecting"",""candidate_state"":""Ejecting"",""ground_truth_normalized"":""ejecting"",""candidate_normalized"":""ejecting"",""similarity"":1.0,""match_type"":""exact_normalized""},{""ground_truth_state"":""Idle"",""candidate_state"":""Idle"",""ground_truth_normalized"":""idle"",""candidate_normalized"":""idle"",""similarity"":1.0,""match_type"":""exact_normalized""},{""ground_truth_state"":""Processing Transaction"",""candidate_state"":""ProcessingWithdrawal"",""ground_truth_normalized"":""processing transaction"",""candidate_normalized"":""processing withdrawal"",""similarity"":0.621425,""match_type"":""relaxed""},{""ground_truth_state"":""Validating PIN"",""candidate_state"":""ValidatingPIN"",""ground_truth_normalized"":""validating pin"",""candidate_normalized"":""validating pin"",""similarity"":1.0,""match_type"":""exact_normalized""},{""ground_truth_state"":""Waiting for Customer Choice"",""candidate_state"":""WaitingForCustomerChoice"",""ground_truth_normalized"":""waiting for customer choice"",""candidate_normalized"":""waiting for customer choice"",""similarity"":1.0,""match_type"":""exact_normalized""},{""ground_truth_state"":""Waiting for PIN"",""candidate_state"":""WaitingForPIN"",""ground_truth_normalized"":""waiting for pin"",""candidate_normalized"":""waiting for pin"",""similarity"":1.0,""match_type"":""exact_normalized""}]","[""Processing Customer Input""]","[""ClosedDown"",""Dispensing"",""Printing"",""Terminating""]",8,11,7,1,4,0.636364,0.875,0.736842
Mistral,syntax_grounded_repair,case_70_atm_many_scenarios_7,final_results/runs/open_source__mistral__rag_validation_generator_critic_repair__syntax_grounded/case_70_atm_many_scenarios_7/run_01.puml,dataset/case_70_atm_many_scenarios_7/diagram.puml,sentence-transformers/all-MiniLM-L6-v2,0.800000,0.480000,"[""Confiscating"",""Ejecting"",""Idle"",""Processing Customer Input"",""Processing Transaction"",""Validating PIN"",""Waiting for Customer Choice"",""Waiting for PIN""]","[""ClosedDown"",""Confiscating"",""Dispensing"",""Ejecting"",""Idle"",""Printing"",""ProcessingWithdrawal"",""Terminating"",""ValidatingPIN"",""WaitingForCustomerChoice"",""WaitingForPIN""]","[{""ground_truth_state"":""Confiscating"",""candidate_state"":""Confiscating"",""ground_truth_normalized"":""confiscating"",""candidate_normalized"":""confiscating"",""similarity"":1.0,""match_type"":""exact_normalized""},{""ground_truth_state"":""Ejecting"",""candidate_state"":""Ejecting"",""ground_truth_normalized"":""ejecting"",""candidate_normalized"":""ejecting"",""similarity"":1.0,""match_type"":""exact_normalized""},{""ground_truth_state"":""Idle"",""candidate_state"":""Idle"",""ground_truth_normalized"":""idle"",""candidate_normalized"":""idle"",""similarity"":1.0,""match_type"":""exact_normalized""},{""ground_truth_state"":""Processing Transaction"",""candidate_state"":""ProcessingWithdrawal"",""ground_truth_normalized"":""processing transaction"",""candidate_normalized"":""processing withdrawal"",""similarity"":0.621425,""match_type"":""relaxed""},{""ground_truth_state"":""Validating PIN"",""candidate_state"":""ValidatingPIN"",""ground_truth_normalized"":""validating pin"",""candidate_normalized"":""validating pin"",""similarity"":1.0,""match_type"":""exact_normalized""},{""ground_truth_state"":""Waiting for Customer Choice"",""candidate_state"":""WaitingForCustomerChoice"",""ground_truth_normalized"":""waiting for customer choice"",""candidate_normalized"":""waiting for customer choice"",""similarity"":1.0,""match_type"":""exact_normalized""},{""ground_truth_state"":""Waiting for PIN"",""candidate_state"":""WaitingForPIN"",""ground_truth_normalized"":""waiting for pin"",""candidate_normalized"":""waiting for pin"",""similarity"":1.0,""match_type"":""exact_normalized""}]","[""Processing Customer Input""]","[""ClosedDown"",""Dispensing"",""Printing"",""Terminating""]",8,11,7,1,4,0.636364,0.875,0.736842
Qwen_2.5_7B,baseline_repair,case_70_atm_many_scenarios_7,final_results/runs/open_source__qwen25_7b_instruct__rag_validation_generator_critic_repair/case_70_atm_many_scenarios_7/run_01.puml,dataset/case_70_atm_many_scenarios_7/diagram.puml,sentence-transformers/all-MiniLM-L6-v2,0.800000,0.480000,"[""Confiscating"",""Ejecting"",""Idle"",""Processing Customer Input"",""Processing Transaction"",""Validating PIN"",""Waiting for Customer Choice"",""Waiting for PIN""]","[""Confiscating"",""Ejecting"",""Idle"",""Terminating"",""ValidatingPIN"",""Waiting for Customer Choice"",""Waiting for PIN""]","[{""ground_truth_state"":""Confiscating"",""candidate_state"":""Confiscating"",""ground_truth_normalized"":""confiscating"",""candidate_normalized"":""confiscating"",""similarity"":1.0,""match_type"":""exact_normalized""},{""ground_truth_state"":""Ejecting"",""candidate_state"":""Ejecting"",""ground_truth_normalized"":""ejecting"",""candidate_normalized"":""ejecting"",""similarity"":1.0,""match_type"":""exact_normalized""},{""ground_truth_state"":""Idle"",""candidate_state"":""Idle"",""ground_truth_normalized"":""idle"",""candidate_normalized"":""idle"",""similarity"":1.0,""match_type"":""exact_normalized""},{""ground_truth_state"":""Validating PIN"",""candidate_state"":""ValidatingPIN"",""ground_truth_normalized"":""validating pin"",""candidate_normalized"":""validating pin"",""similarity"":1.0,""match_type"":""exact_normalized""},{""ground_truth_state"":""Waiting for Customer Choice"",""candidate_state"":""Waiting for Customer Choice"",""ground_truth_normalized"":""waiting for customer choice"",""candidate_normalized"":""waiting for customer choice"",""similarity"":1.0,""match_type"":""exact_normalized""},{""ground_truth_state"":""Waiting for PIN"",""candidate_state"":""Waiting for PIN"",""ground_truth_normalized"":""waiting for pin"",""candidate_normalized"":""waiting for pin"",""similarity"":1.0,""match_type"":""exact_normalized""}]","[""Processing Customer Input"",""Processing Transaction""]","[""Terminating""]",8,7,6,2,1,0.857143,0.75,0.8
Qwen_2.5_7B,rag,case_70_atm_many_scenarios_7,final_results/runs/open_source__qwen25_7b_instruct__rag/case_70_atm_many_scenarios_7/run_01.puml,dataset/case_70_atm_many_scenarios_7/diagram.puml,sentence-transformers/all-MiniLM-L6-v2,0.800000,0.480000,"[""Confiscating"",""Ejecting"",""Idle"",""Processing Customer Input"",""Processing Transaction"",""Validating PIN"",""Waiting for Customer Choice"",""Waiting for PIN""]","[""Confiscating"",""Ejecting"",""Idle"",""Terminating"",""ValidatingPIN"",""Waiting for Customer Choice"",""Waiting for PIN""]","[{""ground_truth_state"":""Confiscating"",""candidate_state"":""Confiscating"",""ground_truth_normalized"":""confiscating"",""candidate_normalized"":""confiscating"",""similarity"":1.0,""match_type"":""exact_normalized""},{""ground_truth_state"":""Ejecting"",""candidate_state"":""Ejecting"",""ground_truth_normalized"":""ejecting"",""candidate_normalized"":""ejecting"",""similarity"":1.0,""match_type"":""exact_normalized""},{""ground_truth_state"":""Idle"",""candidate_state"":""Idle"",""ground_truth_normalized"":""idle"",""candidate_normalized"":""idle"",""similarity"":1.0,""match_type"":""exact_normalized""},{""ground_truth_state"":""Validating PIN"",""candidate_state"":""ValidatingPIN"",""ground_truth_normalized"":""validating pin"",""candidate_normalized"":""validating pin"",""similarity"":1.0,""match_type"":""exact_normalized""},{""ground_truth_state"":""Waiting for Customer Choice"",""candidate_state"":""Waiting for Customer Choice"",""ground_truth_normalized"":""waiting for customer choice"",""candidate_normalized"":""waiting for customer choice"",""similarity"":1.0,""match_type"":""exact_normalized""},{""ground_truth_state"":""Waiting for PIN"",""candidate_state"":""Waiting for PIN"",""ground_truth_normalized"":""waiting for pin"",""candidate_normalized"":""waiting for pin"",""similarity"":1.0,""match_type"":""exact_normalized""}]","[""Processing Customer Input"",""Processing Transaction""]","[""Terminating""]",8,7,6,2,1,0.857143,0.75,0.8
Qwen_2.5_7B,syntax_grounded_repair,case_70_atm_many_scenarios_7,final_results/runs/open_source__qwen25_7b_instruct__rag_validation_generator_critic_repair__syntax_grounded_no_rules_original_rag/case_70_atm_many_scenarios_7/run_01.puml,dataset/case_70_atm_many_scenarios_7/diagram.puml,sentence-transformers/all-MiniLM-L6-v2,0.800000,0.480000,"[""Confiscating"",""Ejecting"",""Idle"",""Processing Customer Input"",""Processing Transaction"",""Validating PIN"",""Waiting for Customer Choice"",""Waiting for PIN""]","[""Confiscating"",""Ejecting"",""Idle"",""Terminating"",""ValidatingPIN"",""Waiting for Customer Choice"",""Waiting for PIN""]","[{""ground_truth_state"":""Confiscating"",""candidate_state"":""Confiscating"",""ground_truth_normalized"":""confiscating"",""candidate_normalized"":""confiscating"",""similarity"":1.0,""match_type"":""exact_normalized""},{""ground_truth_state"":""Ejecting"",""candidate_state"":""Ejecting"",""ground_truth_normalized"":""ejecting"",""candidate_normalized"":""ejecting"",""similarity"":1.0,""match_type"":""exact_normalized""},{""ground_truth_state"":""Idle"",""candidate_state"":""Idle"",""ground_truth_normalized"":""idle"",""candidate_normalized"":""idle"",""similarity"":1.0,""match_type"":""exact_normalized""},{""ground_truth_state"":""Validating PIN"",""candidate_state"":""ValidatingPIN"",""ground_truth_normalized"":""validating pin"",""candidate_normalized"":""validating pin"",""similarity"":1.0,""match_type"":""exact_normalized""},{""ground_truth_state"":""Waiting for Customer Choice"",""candidate_state"":""Waiting for Customer Choice"",""ground_truth_normalized"":""waiting for customer choice"",""candidate_normalized"":""waiting for customer choice"",""similarity"":1.0,""match_type"":""exact_normalized""},{""ground_truth_state"":""Waiting for PIN"",""candidate_state"":""Waiting for PIN"",""ground_truth_normalized"":""waiting for pin"",""candidate_normalized"":""waiting for pin"",""similarity"":1.0,""match_type"":""exact_normalized""}]","[""Processing Customer Input"",""Processing Transaction""]","[""Terminating""]",8,7,6,2,1,0.857143,0.75,0.8
DeepSeek_R1_14B,baseline_repair,case_75_graderate,final_results/runs/open_source__deepseek_r1_14b__few_shot_validation_generator_critic_repair/case_75_graderate/run_01.puml,dataset/case_75_graderate/diagram.puml,sentence-transformers/all-MiniLM-L6-v2,0.800000,0.480000,"[""Active"",""Lapsed"",""Pending""]","[""Active"",""Archived"",""Expired"",""Waiting""]","[{""ground_truth_state"":""Active"",""candidate_state"":""Active"",""ground_truth_normalized"":""active"",""candidate_normalized"":""active"",""similarity"":1.0,""match_type"":""exact_normalized""},{""ground_truth_state"":""Pending"",""candidate_state"":""Waiting"",""ground_truth_normalized"":""pending"",""candidate_normalized"":""waiting"",""similarity"":0.50636,""match_type"":""relaxed""}]","[""Lapsed""]","[""Archived"",""Expired""]",3,4,2,1,2,0.5,0.666667,0.571429
DeepSeek_R1_14B,few_shot,case_75_graderate,final_results/runs/open_source__deepseek_r1_14b__few_shot/case_75_graderate/run_01.puml,dataset/case_75_graderate/diagram.puml,sentence-transformers/all-MiniLM-L6-v2,0.800000,0.480000,"[""Active"",""Lapsed"",""Pending""]","[""Active"",""Archived"",""Expired"",""Waiting""]","[{""ground_truth_state"":""Active"",""candidate_state"":""Active"",""ground_truth_normalized"":""active"",""candidate_normalized"":""active"",""similarity"":1.0,""match_type"":""exact_normalized""},{""ground_truth_state"":""Pending"",""candidate_state"":""Waiting"",""ground_truth_normalized"":""pending"",""candidate_normalized"":""waiting"",""similarity"":0.50636,""match_type"":""relaxed""}]","[""Lapsed""]","[""Archived"",""Expired""]",3,4,2,1,2,0.5,0.666667,0.571429
DeepSeek_R1_14B,syntax_grounded_repair,case_75_graderate,final_results/runs/open_source__deepseek_r1_14b__few_shot_validation_generator_critic_repair__syntax_grounded_no_rules/case_75_graderate/run_01.puml,dataset/case_75_graderate/diagram.puml,sentence-transformers/all-MiniLM-L6-v2,0.800000,0.480000,"[""Active"",""Lapsed"",""Pending""]","[""Active"",""Archived"",""Expired"",""Waiting""]","[{""ground_truth_state"":""Active"",""candidate_state"":""Active"",""ground_truth_normalized"":""active"",""candidate_normalized"":""active"",""similarity"":1.0,""match_type"":""exact_normalized""},{""ground_truth_state"":""Pending"",""candidate_state"":""Waiting"",""ground_truth_normalized"":""pending"",""candidate_normalized"":""waiting"",""similarity"":0.50636,""match_type"":""relaxed""}]","[""Lapsed""]","[""Archived"",""Expired""]",3,4,2,1,2,0.5,0.666667,0.571429
Llama_3.1_8B,baseline_repair,case_75_graderate,final_results/runs/open_source__llama31_8b_instruct__few_shot_validation_generator_critic_repair/case_75_graderate/run_01.puml,dataset/case_75_graderate/diagram.puml,sentence-transformers/all-MiniLM-L6-v2,0.800000,0.480000,"[""Active"",""Lapsed"",""Pending""]","[""Active"",""Archived"",""Expired""]","[{""ground_truth_state"":""Active"",""candidate_state"":""Active"",""ground_truth_normalized"":""active"",""candidate_normalized"":""active"",""similarity"":1.0,""match_type"":""exact_normalized""},{""ground_truth_state"":""Pending"",""candidate_state"":""Expired"",""ground_truth_normalized"":""pending"",""candidate_normalized"":""expired"",""similarity"":0.501204,""match_type"":""relaxed""}]","[""Lapsed""]","[""Archived""]",3,3,2,1,1,0.666667,0.666667,0.666667
Llama_3.1_8B,few_shot,case_75_graderate,final_results/runs/open_source__llama31_8b_instruct__few_shot/case_75_graderate/run_01.puml,dataset/case_75_graderate/diagram.puml,sentence-transformers/all-MiniLM-L6-v2,0.800000,0.480000,"[""Active"",""Lapsed"",""Pending""]","[""Active"",""Archived"",""Expired""]","[{""ground_truth_state"":""Active"",""candidate_state"":""Active"",""ground_truth_normalized"":""active"",""candidate_normalized"":""active"",""similarity"":1.0,""match_type"":""exact_normalized""},{""ground_truth_state"":""Pending"",""candidate_state"":""Expired"",""ground_truth_normalized"":""pending"",""candidate_normalized"":""expired"",""similarity"":0.501204,""match_type"":""relaxed""}]","[""Lapsed""]","[""Archived""]",3,3,2,1,1,0.666667,0.666667,0.666667
Llama_3.1_8B,syntax_grounded_repair,case_75_graderate,final_results/runs/open_source__llama31_8b_instruct__few_shot_validation_generator_critic_repair__syntax_grounded/case_75_graderate/run_01.puml,dataset/case_75_graderate/diagram.puml,sentence-transformers/all-MiniLM-L6-v2,0.800000,0.480000,"[""Active"",""Lapsed"",""Pending""]","[""Active"",""Archived"",""Expired""]","[{""ground_truth_state"":""Active"",""candidate_state"":""Active"",""ground_truth_normalized"":""active"",""candidate_normalized"":""active"",""similarity"":1.0,""match_type"":""exact_normalized""},{""ground_truth_state"":""Pending"",""candidate_state"":""Expired"",""ground_truth_normalized"":""pending"",""candidate_normalized"":""expired"",""similarity"":0.501204,""match_type"":""relaxed""}]","[""Lapsed""]","[""Archived""]",3,3,2,1,1,0.666667,0.666667,0.666667
Mistral,baseline_repair,case_75_graderate,final_results/runs/open_source__mistral__rag_validation_generator_critic_repair/case_75_graderate/run_01.puml,dataset/case_75_graderate/diagram.puml,sentence-transformers/all-MiniLM-L6-v2,0.800000,0.480000,"[""Active"",""Lapsed"",""Pending""]","[""Active"",""Archived"",""Expired"",""Inactive""]","[{""ground_truth_state"":""Active"",""candidate_state"":""Active"",""ground_truth_normalized"":""active"",""candidate_normalized"":""active"",""similarity"":1.0,""match_type"":""exact_normalized""},{""ground_truth_state"":""Pending"",""candidate_state"":""Expired"",""ground_truth_normalized"":""pending"",""candidate_normalized"":""expired"",""similarity"":0.501204,""match_type"":""relaxed""}]","[""Lapsed""]","[""Archived"",""Inactive""]",3,4,2,1,2,0.5,0.666667,0.571429
Mistral,rag,case_75_graderate,final_results/runs/open_source__mistral__rag/case_75_graderate/run_01.puml,dataset/case_75_graderate/diagram.puml,sentence-transformers/all-MiniLM-L6-v2,0.800000,0.480000,"[""Active"",""Lapsed"",""Pending""]","[""Active"",""Archived"",""Expired"",""Inactive""]","[{""ground_truth_state"":""Active"",""candidate_state"":""Active"",""ground_truth_normalized"":""active"",""candidate_normalized"":""active"",""similarity"":1.0,""match_type"":""exact_normalized""},{""ground_truth_state"":""Pending"",""candidate_state"":""Expired"",""ground_truth_normalized"":""pending"",""candidate_normalized"":""expired"",""similarity"":0.501204,""match_type"":""relaxed""}]","[""Lapsed""]","[""Archived"",""Inactive""]",3,4,2,1,2,0.5,0.666667,0.571429
Mistral,syntax_grounded_repair,case_75_graderate,final_results/runs/open_source__mistral__rag_validation_generator_critic_repair__syntax_grounded/case_75_graderate/run_01.puml,dataset/case_75_graderate/diagram.puml,sentence-transformers/all-MiniLM-L6-v2,0.800000,0.480000,"[""Active"",""Lapsed"",""Pending""]","[""Active"",""Archived"",""Expired"",""Inactive""]","[{""ground_truth_state"":""Active"",""candidate_state"":""Active"",""ground_truth_normalized"":""active"",""candidate_normalized"":""active"",""similarity"":1.0,""match_type"":""exact_normalized""},{""ground_truth_state"":""Pending"",""candidate_state"":""Expired"",""ground_truth_normalized"":""pending"",""candidate_normalized"":""expired"",""similarity"":0.501204,""match_type"":""relaxed""}]","[""Lapsed""]","[""Archived"",""Inactive""]",3,4,2,1,2,0.5,0.666667,0.571429
Qwen_2.5_7B,baseline_repair,case_75_graderate,final_results/runs/open_source__qwen25_7b_instruct__rag_validation_generator_critic_repair/case_75_graderate/run_01.puml,dataset/case_75_graderate/diagram.puml,sentence-transformers/all-MiniLM-L6-v2,0.800000,0.480000,"[""Active"",""Lapsed"",""Pending""]","[""Active"",""Expired"",""Waiting""]","[{""ground_truth_state"":""Active"",""candidate_state"":""Active"",""ground_truth_normalized"":""active"",""candidate_normalized"":""active"",""similarity"":1.0,""match_type"":""exact_normalized""},{""ground_truth_state"":""Pending"",""candidate_state"":""Waiting"",""ground_truth_normalized"":""pending"",""candidate_normalized"":""waiting"",""similarity"":0.50636,""match_type"":""relaxed""}]","[""Lapsed""]","[""Expired""]",3,3,2,1,1,0.666667,0.666667,0.666667
Qwen_2.5_7B,rag,case_75_graderate,final_results/runs/open_source__qwen25_7b_instruct__rag/case_75_graderate/run_01.puml,dataset/case_75_graderate/diagram.puml,sentence-transformers/all-MiniLM-L6-v2,0.800000,0.480000,"[""Active"",""Lapsed"",""Pending""]","[""Active"",""Expired"",""Waiting""]","[{""ground_truth_state"":""Active"",""candidate_state"":""Active"",""ground_truth_normalized"":""active"",""candidate_normalized"":""active"",""similarity"":1.0,""match_type"":""exact_normalized""},{""ground_truth_state"":""Pending"",""candidate_state"":""Waiting"",""ground_truth_normalized"":""pending"",""candidate_normalized"":""waiting"",""similarity"":0.50636,""match_type"":""relaxed""}]","[""Lapsed""]","[""Expired""]",3,3,2,1,1,0.666667,0.666667,0.666667
Qwen_2.5_7B,syntax_grounded_repair,case_75_graderate,final_results/runs/open_source__qwen25_7b_instruct__rag_validation_generator_critic_repair__syntax_grounded_no_rules_original_rag/case_75_graderate/run_01.puml,dataset/case_75_graderate/diagram.puml,sentence-transformers/all-MiniLM-L6-v2,0.800000,0.480000,"[""Active"",""Lapsed"",""Pending""]","[""Active"",""Expired"",""Waiting""]","[{""ground_truth_state"":""Active"",""candidate_state"":""Active"",""ground_truth_normalized"":""active"",""candidate_normalized"":""active"",""similarity"":1.0,""match_type"":""exact_normalized""},{""ground_truth_state"":""Pending"",""candidate_state"":""Waiting"",""ground_truth_normalized"":""pending"",""candidate_normalized"":""waiting"",""similarity"":0.50636,""match_type"":""relaxed""}]","[""Lapsed""]","[""Expired""]",3,3,2,1,1,0.666667,0.666667,0.666667
DeepSeek_R1_14B,baseline_repair,case_78_class_campaign_version_2,final_results/runs/open_source__deepseek_r1_14b__few_shot_validation_generator_critic_repair/case_78_class_campaign_version_2/run_01.puml,dataset/case_78_class_campaign_version_2/diagram.puml,sentence-transformers/all-MiniLM-L6-v2,0.800000,0.480000,"[""Active"",""AdvertPreparation"",""Commissioned"",""Completed"",""Paid"",""Running Adverts"",""Scheduling""]","[""ApprovedAdverts"",""Archived"",""AwaitingBalance"",""CompleteCampaign"",""Paid"",""PaymentHandling"",""PrepareAdverts"",""RefundGenerated"",""Running"",""StartCampaign""]","[{""ground_truth_state"":""AdvertPreparation"",""candidate_state"":""PrepareAdverts"",""ground_truth_normalized"":""advert preparation"",""candidate_normalized"":""prepare adverts"",""similarity"":0.921139,""match_type"":""strict""},{""ground_truth_state"":""Completed"",""candidate_state"":""CompleteCampaign"",""ground_truth_normalized"":""completed"",""candidate_normalized"":""complete campaign"",""similarity"":0.492197,""match_type"":""relaxed""},{""ground_truth_state"":""Paid"",""candidate_state"":""Paid"",""ground_truth_normalized"":""payment"",""candidate_normalized"":""payment"",""similarity"":1.0,""match_type"":""exact_normalized""},{""ground_truth_state"":""Running Adverts"",""candidate_state"":""ApprovedAdverts"",""ground_truth_normalized"":""running adverts"",""candidate_normalized"":""approval adverts"",""similarity"":0.541393,""match_type"":""relaxed""}]","[""Active"",""Commissioned"",""Scheduling""]","[""Archived"",""AwaitingBalance"",""PaymentHandling"",""RefundGenerated"",""Running"",""StartCampaign""]",7,10,4,3,6,0.4,0.571429,0.470588
DeepSeek_R1_14B,few_shot,case_78_class_campaign_version_2,final_results/runs/open_source__deepseek_r1_14b__few_shot/case_78_class_campaign_version_2/run_01.puml,dataset/case_78_class_campaign_version_2/diagram.puml,sentence-transformers/all-MiniLM-L6-v2,0.800000,0.480000,"[""Active"",""AdvertPreparation"",""Commissioned"",""Completed"",""Paid"",""Running Adverts"",""Scheduling""]","[""ApprovedAdverts"",""Archived"",""AwaitingBalance"",""CompleteCampaign"",""Paid"",""PaymentHandling"",""PrepareAdverts"",""RefundGenerated"",""Running"",""StartCampaign""]","[{""ground_truth_state"":""AdvertPreparation"",""candidate_state"":""PrepareAdverts"",""ground_truth_normalized"":""advert preparation"",""candidate_normalized"":""prepare adverts"",""similarity"":0.921139,""match_type"":""strict""},{""ground_truth_state"":""Completed"",""candidate_state"":""CompleteCampaign"",""ground_truth_normalized"":""completed"",""candidate_normalized"":""complete campaign"",""similarity"":0.492197,""match_type"":""relaxed""},{""ground_truth_state"":""Paid"",""candidate_state"":""Paid"",""ground_truth_normalized"":""payment"",""candidate_normalized"":""payment"",""similarity"":1.0,""match_type"":""exact_normalized""},{""ground_truth_state"":""Running Adverts"",""candidate_state"":""ApprovedAdverts"",""ground_truth_normalized"":""running adverts"",""candidate_normalized"":""approval adverts"",""similarity"":0.541393,""match_type"":""relaxed""}]","[""Active"",""Commissioned"",""Scheduling""]","[""Archived"",""AwaitingBalance"",""PaymentHandling"",""RefundGenerated"",""Running"",""StartCampaign""]",7,10,4,3,6,0.4,0.571429,0.470588
DeepSeek_R1_14B,syntax_grounded_repair,case_78_class_campaign_version_2,final_results/runs/open_source__deepseek_r1_14b__few_shot_validation_generator_critic_repair__syntax_grounded_no_rules/case_78_class_campaign_version_2/run_01.puml,dataset/case_78_class_campaign_version_2/diagram.puml,sentence-transformers/all-MiniLM-L6-v2,0.800000,0.480000,"[""Active"",""AdvertPreparation"",""Commissioned"",""Completed"",""Paid"",""Running Adverts"",""Scheduling""]","[""ApprovedAdverts"",""Archived"",""AwaitingBalance"",""CompleteCampaign"",""Paid"",""PaymentHandling"",""PrepareAdverts"",""RefundGenerated"",""Running"",""StartCampaign""]","[{""ground_truth_state"":""AdvertPreparation"",""candidate_state"":""PrepareAdverts"",""ground_truth_normalized"":""advert preparation"",""candidate_normalized"":""prepare adverts"",""similarity"":0.921139,""match_type"":""strict""},{""ground_truth_state"":""Completed"",""candidate_state"":""CompleteCampaign"",""ground_truth_normalized"":""completed"",""candidate_normalized"":""complete campaign"",""similarity"":0.492197,""match_type"":""relaxed""},{""ground_truth_state"":""Paid"",""candidate_state"":""Paid"",""ground_truth_normalized"":""payment"",""candidate_normalized"":""payment"",""similarity"":1.0,""match_type"":""exact_normalized""},{""ground_truth_state"":""Running Adverts"",""candidate_state"":""ApprovedAdverts"",""ground_truth_normalized"":""running adverts"",""candidate_normalized"":""approval adverts"",""similarity"":0.541393,""match_type"":""relaxed""}]","[""Active"",""Commissioned"",""Scheduling""]","[""Archived"",""AwaitingBalance"",""PaymentHandling"",""RefundGenerated"",""Running"",""StartCampaign""]",7,10,4,3,6,0.4,0.571429,0.470588
Llama_3.1_8B,baseline_repair,case_78_class_campaign_version_2,final_results/runs/open_source__llama31_8b_instruct__few_shot_validation_generator_critic_repair/case_78_class_campaign_version_2/run_01.puml,dataset/case_78_class_campaign_version_2/diagram.puml,sentence-transformers/all-MiniLM-L6-v2,0.800000,0.480000,"[""Active"",""AdvertPreparation"",""Commissioned"",""Completed"",""Paid"",""Running Adverts"",""Scheduling""]","[""Activate Campaign"",""Adjust Campaign"",""Archive Campaign"",""Complete Campaign"",""Idle"",""Mark Campaign as Paid"",""Pay Campaign"",""Prepare Adverts"",""Refund Campaign"",""Schedule Adverts"",""Start Campaign"",""Wait for Balance""]","[{""ground_truth_state"":""Active"",""candidate_state"":""Idle"",""ground_truth_normalized"":""active"",""candidate_normalized"":""idle"",""similarity"":0.573343,""match_type"":""relaxed""},{""ground_truth_state"":""AdvertPreparation"",""candidate_state"":""Prepare Adverts"",""ground_truth_normalized"":""advert preparation"",""candidate_normalized"":""prepare adverts"",""similarity"":0.921139,""match_type"":""strict""},{""ground_truth_state"":""Completed"",""candidate_state"":""Complete Campaign"",""ground_truth_normalized"":""completed"",""candidate_normalized"":""complete campaign"",""similarity"":0.492197,""match_type"":""relaxed""},{""ground_truth_state"":""Paid"",""candidate_state"":""Pay Campaign"",""ground_truth_normalized"":""payment"",""candidate_normalized"":""payment campaign"",""similarity"":0.689984,""match_type"":""relaxed_lexical""},{""ground_truth_state"":""Running Adverts"",""candidate_state"":""Schedule Adverts"",""ground_truth_normalized"":""running adverts"",""candidate_normalized"":""schedule adverts"",""similarity"":0.700762,""match_type"":""relaxed""}]","[""Commissioned"",""Scheduling""]","[""Activate Campaign"",""Adjust Campaign"",""Archive Campaign"",""Mark Campaign as Paid"",""Refund Campaign"",""Start Campaign"",""Wait for Balance""]",7,12,5,2,7,0.416667,0.714286,0.526316
Llama_3.1_8B,few_shot,case_78_class_campaign_version_2,final_results/runs/open_source__llama31_8b_instruct__few_shot/case_78_class_campaign_version_2/run_01.puml,dataset/case_78_class_campaign_version_2/diagram.puml,sentence-transformers/all-MiniLM-L6-v2,0.800000,0.480000,"[""Active"",""AdvertPreparation"",""Commissioned"",""Completed"",""Paid"",""Running Adverts"",""Scheduling""]","[""Activate Campaign"",""Adjust Campaign"",""Archive Campaign"",""Complete Campaign"",""Idle"",""Mark Campaign as Paid"",""Pay Campaign"",""Prepare Adverts"",""Refund Campaign"",""Schedule Adverts"",""Start Campaign"",""Wait for Balance""]","[{""ground_truth_state"":""Active"",""candidate_state"":""Idle"",""ground_truth_normalized"":""active"",""candidate_normalized"":""idle"",""similarity"":0.573343,""match_type"":""relaxed""},{""ground_truth_state"":""AdvertPreparation"",""candidate_state"":""Prepare Adverts"",""ground_truth_normalized"":""advert preparation"",""candidate_normalized"":""prepare adverts"",""similarity"":0.921139,""match_type"":""strict""},{""ground_truth_state"":""Completed"",""candidate_state"":""Complete Campaign"",""ground_truth_normalized"":""completed"",""candidate_normalized"":""complete campaign"",""similarity"":0.492197,""match_type"":""relaxed""},{""ground_truth_state"":""Paid"",""candidate_state"":""Pay Campaign"",""ground_truth_normalized"":""payment"",""candidate_normalized"":""payment campaign"",""similarity"":0.689984,""match_type"":""relaxed_lexical""},{""ground_truth_state"":""Running Adverts"",""candidate_state"":""Schedule Adverts"",""ground_truth_normalized"":""running adverts"",""candidate_normalized"":""schedule adverts"",""similarity"":0.700762,""match_type"":""relaxed""}]","[""Commissioned"",""Scheduling""]","[""Activate Campaign"",""Adjust Campaign"",""Archive Campaign"",""Mark Campaign as Paid"",""Refund Campaign"",""Start Campaign"",""Wait for Balance""]",7,12,5,2,7,0.416667,0.714286,0.526316
Llama_3.1_8B,syntax_grounded_repair,case_78_class_campaign_version_2,final_results/runs/open_source__llama31_8b_instruct__few_shot_validation_generator_critic_repair__syntax_grounded/case_78_class_campaign_version_2/run_01.puml,dataset/case_78_class_campaign_version_2/diagram.puml,sentence-transformers/all-MiniLM-L6-v2,0.800000,0.480000,"[""Active"",""AdvertPreparation"",""Commissioned"",""Completed"",""Paid"",""Running Adverts"",""Scheduling""]","[""Activate Campaign"",""Adjust Campaign"",""Archive Campaign"",""Complete Campaign"",""End"",""Idle"",""Mark Campaign as Paid"",""Pay Campaign"",""Prepare Adverts"",""Refund Campaign"",""Schedule Adverts"",""Start Campaign"",""Wait for Balance""]","[{""ground_truth_state"":""Active"",""candidate_state"":""Idle"",""ground_truth_normalized"":""active"",""candidate_normalized"":""idle"",""similarity"":0.573343,""match_type"":""relaxed""},{""ground_truth_state"":""AdvertPreparation"",""candidate_state"":""Prepare Adverts"",""ground_truth_normalized"":""advert preparation"",""candidate_normalized"":""prepare adverts"",""similarity"":0.921139,""match_type"":""strict""},{""ground_truth_state"":""Completed"",""candidate_state"":""Complete Campaign"",""ground_truth_normalized"":""completed"",""candidate_normalized"":""complete campaign"",""similarity"":0.492197,""match_type"":""relaxed""},{""ground_truth_state"":""Paid"",""candidate_state"":""Pay Campaign"",""ground_truth_normalized"":""payment"",""candidate_normalized"":""payment campaign"",""similarity"":0.689984,""match_type"":""relaxed_lexical""},{""ground_truth_state"":""Running Adverts"",""candidate_state"":""Schedule Adverts"",""ground_truth_normalized"":""running adverts"",""candidate_normalized"":""schedule adverts"",""similarity"":0.700762,""match_type"":""relaxed""}]","[""Commissioned"",""Scheduling""]","[""Activate Campaign"",""Adjust Campaign"",""Archive Campaign"",""End"",""Mark Campaign as Paid"",""Refund Campaign"",""Start Campaign"",""Wait for Balance""]",7,13,5,2,8,0.384615,0.714286,0.5
Mistral,baseline_repair,case_78_class_campaign_version_2,final_results/runs/open_source__mistral__rag_validation_generator_critic_repair/case_78_class_campaign_version_2/run_01.puml,dataset/case_78_class_campaign_version_2/diagram.puml,sentence-transformers/all-MiniLM-L6-v2,0.800000,0.480000,"[""Active"",""AdvertPreparation"",""Commissioned"",""Completed"",""Paid"",""Running Adverts"",""Scheduling""]","[""Active"",""AdvertPreparation"",""Commissioned"",""Completed"",""Evaluation"",""Monitoring"",""Paid"",""Running"",""Running Adverts"",""Scheduling"",""Survey"",""Suspended""]","[{""ground_truth_state"":""Active"",""candidate_state"":""Active"",""ground_truth_normalized"":""active"",""candidate_normalized"":""active"",""similarity"":1.0,""match_type"":""exact_normalized""},{""ground_truth_state"":""AdvertPreparation"",""candidate_state"":""AdvertPreparation"",""ground_truth_normalized"":""advert preparation"",""candidate_normalized"":""advert preparation"",""similarity"":1.0,""match_type"":""exact_normalized""},{""ground_truth_state"":""Commissioned"",""candidate_state"":""Commissioned"",""ground_truth_normalized"":""commissioned"",""candidate_normalized"":""commissioned"",""similarity"":1.0,""match_type"":""exact_normalized""},{""ground_truth_state"":""Completed"",""candidate_state"":""Completed"",""ground_truth_normalized"":""completed"",""candidate_normalized"":""completed"",""similarity"":1.0,""match_type"":""exact_normalized""},{""ground_truth_state"":""Paid"",""candidate_state"":""Paid"",""ground_truth_normalized"":""payment"",""candidate_normalized"":""payment"",""similarity"":1.0,""match_type"":""exact_normalized""},{""ground_truth_state"":""Running Adverts"",""candidate_state"":""Running Adverts"",""ground_truth_normalized"":""running adverts"",""candidate_normalized"":""running adverts"",""similarity"":1.0,""match_type"":""exact_normalized""},{""ground_truth_state"":""Scheduling"",""candidate_state"":""Scheduling"",""ground_truth_normalized"":""scheduling"",""candidate_normalized"":""scheduling"",""similarity"":1.0,""match_type"":""exact_normalized""}]",[],"[""Evaluation"",""Monitoring"",""Running"",""Survey"",""Suspended""]",7,12,7,0,5,0.583333,1.0,0.736842
Mistral,rag,case_78_class_campaign_version_2,final_results/runs/open_source__mistral__rag/case_78_class_campaign_version_2/run_01.puml,dataset/case_78_class_campaign_version_2/diagram.puml,sentence-transformers/all-MiniLM-L6-v2,0.800000,0.480000,"[""Active"",""AdvertPreparation"",""Commissioned"",""Completed"",""Paid"",""Running Adverts"",""Scheduling""]","[""Active"",""AdvertPreparation"",""Commissioned"",""Completed"",""Evaluation"",""Monitoring"",""Paid"",""Running"",""Running Adverts"",""Scheduling"",""Survey"",""Suspended""]","[{""ground_truth_state"":""Active"",""candidate_state"":""Active"",""ground_truth_normalized"":""active"",""candidate_normalized"":""active"",""similarity"":1.0,""match_type"":""exact_normalized""},{""ground_truth_state"":""AdvertPreparation"",""candidate_state"":""AdvertPreparation"",""ground_truth_normalized"":""advert preparation"",""candidate_normalized"":""advert preparation"",""similarity"":1.0,""match_type"":""exact_normalized""},{""ground_truth_state"":""Commissioned"",""candidate_state"":""Commissioned"",""ground_truth_normalized"":""commissioned"",""candidate_normalized"":""commissioned"",""similarity"":1.0,""match_type"":""exact_normalized""},{""ground_truth_state"":""Completed"",""candidate_state"":""Completed"",""ground_truth_normalized"":""completed"",""candidate_normalized"":""completed"",""similarity"":1.0,""match_type"":""exact_normalized""},{""ground_truth_state"":""Paid"",""candidate_state"":""Paid"",""ground_truth_normalized"":""payment"",""candidate_normalized"":""payment"",""similarity"":1.0,""match_type"":""exact_normalized""},{""ground_truth_state"":""Running Adverts"",""candidate_state"":""Running Adverts"",""ground_truth_normalized"":""running adverts"",""candidate_normalized"":""running adverts"",""similarity"":1.0,""match_type"":""exact_normalized""},{""ground_truth_state"":""Scheduling"",""candidate_state"":""Scheduling"",""ground_truth_normalized"":""scheduling"",""candidate_normalized"":""scheduling"",""similarity"":1.0,""match_type"":""exact_normalized""}]",[],"[""Evaluation"",""Monitoring"",""Running"",""Survey"",""Suspended""]",7,12,7,0,5,0.583333,1.0,0.736842
Mistral,syntax_grounded_repair,case_78_class_campaign_version_2,final_results/runs/open_source__mistral__rag_validation_generator_critic_repair__syntax_grounded/case_78_class_campaign_version_2/run_01.puml,dataset/case_78_class_campaign_version_2/diagram.puml,sentence-transformers/all-MiniLM-L6-v2,0.800000,0.480000,"[""Active"",""AdvertPreparation"",""Commissioned"",""Completed"",""Paid"",""Running Adverts"",""Scheduling""]","[""Active"",""AdvertPreparation"",""Commissioned"",""Completed"",""Paid"",""RunningAdverts"",""Scheduling"",""Suspended""]","[{""ground_truth_state"":""Active"",""candidate_state"":""Active"",""ground_truth_normalized"":""active"",""candidate_normalized"":""active"",""similarity"":1.0,""match_type"":""exact_normalized""},{""ground_truth_state"":""AdvertPreparation"",""candidate_state"":""AdvertPreparation"",""ground_truth_normalized"":""advert preparation"",""candidate_normalized"":""advert preparation"",""similarity"":1.0,""match_type"":""exact_normalized""},{""ground_truth_state"":""Commissioned"",""candidate_state"":""Commissioned"",""ground_truth_normalized"":""commissioned"",""candidate_normalized"":""commissioned"",""similarity"":1.0,""match_type"":""exact_normalized""},{""ground_truth_state"":""Completed"",""candidate_state"":""Completed"",""ground_truth_normalized"":""completed"",""candidate_normalized"":""completed"",""similarity"":1.0,""match_type"":""exact_normalized""},{""ground_truth_state"":""Paid"",""candidate_state"":""Paid"",""ground_truth_normalized"":""payment"",""candidate_normalized"":""payment"",""similarity"":1.0,""match_type"":""exact_normalized""},{""ground_truth_state"":""Running Adverts"",""candidate_state"":""RunningAdverts"",""ground_truth_normalized"":""running adverts"",""candidate_normalized"":""running adverts"",""similarity"":1.0,""match_type"":""exact_normalized""},{""ground_truth_state"":""Scheduling"",""candidate_state"":""Scheduling"",""ground_truth_normalized"":""scheduling"",""candidate_normalized"":""scheduling"",""similarity"":1.0,""match_type"":""exact_normalized""}]",[],"[""Suspended""]",7,8,7,0,1,0.875,1.0,0.933333
Qwen_2.5_7B,baseline_repair,case_78_class_campaign_version_2,final_results/runs/open_source__qwen25_7b_instruct__rag_validation_generator_critic_repair/case_78_class_campaign_version_2/run_01.puml,dataset/case_78_class_campaign_version_2/diagram.puml,sentence-transformers/all-MiniLM-L6-v2,0.800000,0.480000,"[""Active"",""AdvertPreparation"",""Commissioned"",""Completed"",""Paid"",""Running Adverts"",""Scheduling""]","[""Active"",""AdvertPreparation"",""Commissioned"",""Completed"",""Evaluation"",""Monitoring"",""Paid"",""Running"",""RunningAdverts"",""Scheduling"",""Survey""]","[{""ground_truth_state"":""Active"",""candidate_state"":""Active"",""ground_truth_normalized"":""active"",""candidate_normalized"":""active"",""similarity"":1.0,""match_type"":""exact_normalized""},{""ground_truth_state"":""AdvertPreparation"",""candidate_state"":""AdvertPreparation"",""ground_truth_normalized"":""advert preparation"",""candidate_normalized"":""advert preparation"",""similarity"":1.0,""match_type"":""exact_normalized""},{""ground_truth_state"":""Commissioned"",""candidate_state"":""Commissioned"",""ground_truth_normalized"":""commissioned"",""candidate_normalized"":""commissioned"",""similarity"":1.0,""match_type"":""exact_normalized""},{""ground_truth_state"":""Completed"",""candidate_state"":""Completed"",""ground_truth_normalized"":""completed"",""candidate_normalized"":""completed"",""similarity"":1.0,""match_type"":""exact_normalized""},{""ground_truth_state"":""Paid"",""candidate_state"":""Paid"",""ground_truth_normalized"":""payment"",""candidate_normalized"":""payment"",""similarity"":1.0,""match_type"":""exact_normalized""},{""ground_truth_state"":""Running Adverts"",""candidate_state"":""RunningAdverts"",""ground_truth_normalized"":""running adverts"",""candidate_normalized"":""running adverts"",""similarity"":1.0,""match_type"":""exact_normalized""},{""ground_truth_state"":""Scheduling"",""candidate_state"":""Scheduling"",""ground_truth_normalized"":""scheduling"",""candidate_normalized"":""scheduling"",""similarity"":1.0,""match_type"":""exact_normalized""}]",[],"[""Evaluation"",""Monitoring"",""Running"",""Survey""]",7,11,7,0,4,0.636364,1.0,0.777778
Qwen_2.5_7B,rag,case_78_class_campaign_version_2,final_results/runs/open_source__qwen25_7b_instruct__rag/case_78_class_campaign_version_2/run_01.puml,dataset/case_78_class_campaign_version_2/diagram.puml,sentence-transformers/all-MiniLM-L6-v2,0.800000,0.480000,"[""Active"",""AdvertPreparation"",""Commissioned"",""Completed"",""Paid"",""Running Adverts"",""Scheduling""]","[""Active"",""AdvertPreparation"",""Commissioned"",""Completed"",""Evaluation"",""Monitoring"",""Paid"",""Running"",""RunningAdverts"",""Scheduling"",""Survey""]","[{""ground_truth_state"":""Active"",""candidate_state"":""Active"",""ground_truth_normalized"":""active"",""candidate_normalized"":""active"",""similarity"":1.0,""match_type"":""exact_normalized""},{""ground_truth_state"":""AdvertPreparation"",""candidate_state"":""AdvertPreparation"",""ground_truth_normalized"":""advert preparation"",""candidate_normalized"":""advert preparation"",""similarity"":1.0,""match_type"":""exact_normalized""},{""ground_truth_state"":""Commissioned"",""candidate_state"":""Commissioned"",""ground_truth_normalized"":""commissioned"",""candidate_normalized"":""commissioned"",""similarity"":1.0,""match_type"":""exact_normalized""},{""ground_truth_state"":""Completed"",""candidate_state"":""Completed"",""ground_truth_normalized"":""completed"",""candidate_normalized"":""completed"",""similarity"":1.0,""match_type"":""exact_normalized""},{""ground_truth_state"":""Paid"",""candidate_state"":""Paid"",""ground_truth_normalized"":""payment"",""candidate_normalized"":""payment"",""similarity"":1.0,""match_type"":""exact_normalized""},{""ground_truth_state"":""Running Adverts"",""candidate_state"":""RunningAdverts"",""ground_truth_normalized"":""running adverts"",""candidate_normalized"":""running adverts"",""similarity"":1.0,""match_type"":""exact_normalized""},{""ground_truth_state"":""Scheduling"",""candidate_state"":""Scheduling"",""ground_truth_normalized"":""scheduling"",""candidate_normalized"":""scheduling"",""similarity"":1.0,""match_type"":""exact_normalized""}]",[],"[""Evaluation"",""Monitoring"",""Running"",""Survey""]",7,11,7,0,4,0.636364,1.0,0.777778
Qwen_2.5_7B,syntax_grounded_repair,case_78_class_campaign_version_2,final_results/runs/open_source__qwen25_7b_instruct__rag_validation_generator_critic_repair__syntax_grounded_no_rules_original_rag/case_78_class_campaign_version_2/run_01.puml,dataset/case_78_class_campaign_version_2/diagram.puml,sentence-transformers/all-MiniLM-L6-v2,0.800000,0.480000,"[""Active"",""AdvertPreparation"",""Commissioned"",""Completed"",""Paid"",""Running Adverts"",""Scheduling""]","[""Active"",""AdvertPreparation"",""Commissioned"",""Completed"",""Evaluation"",""Monitoring"",""Paid"",""Running"",""RunningAdverts"",""Scheduling"",""Survey""]","[{""ground_truth_state"":""Active"",""candidate_state"":""Active"",""ground_truth_normalized"":""active"",""candidate_normalized"":""active"",""similarity"":1.0,""match_type"":""exact_normalized""},{""ground_truth_state"":""AdvertPreparation"",""candidate_state"":""AdvertPreparation"",""ground_truth_normalized"":""advert preparation"",""candidate_normalized"":""advert preparation"",""similarity"":1.0,""match_type"":""exact_normalized""},{""ground_truth_state"":""Commissioned"",""candidate_state"":""Commissioned"",""ground_truth_normalized"":""commissioned"",""candidate_normalized"":""commissioned"",""similarity"":1.0,""match_type"":""exact_normalized""},{""ground_truth_state"":""Completed"",""candidate_state"":""Completed"",""ground_truth_normalized"":""completed"",""candidate_normalized"":""completed"",""similarity"":1.0,""match_type"":""exact_normalized""},{""ground_truth_state"":""Paid"",""candidate_state"":""Paid"",""ground_truth_normalized"":""payment"",""candidate_normalized"":""payment"",""similarity"":1.0,""match_type"":""exact_normalized""},{""ground_truth_state"":""Running Adverts"",""candidate_state"":""RunningAdverts"",""ground_truth_normalized"":""running adverts"",""candidate_normalized"":""running adverts"",""similarity"":1.0,""match_type"":""exact_normalized""},{""ground_truth_state"":""Scheduling"",""candidate_state"":""Scheduling"",""ground_truth_normalized"":""scheduling"",""candidate_normalized"":""scheduling"",""similarity"":1.0,""match_type"":""exact_normalized""}]",[],"[""Evaluation"",""Monitoring"",""Running"",""Survey""]",7,11,7,0,4,0.636364,1.0,0.777778
DeepSeek_R1_14B,baseline_repair,case_80_staff_member_class,final_results/runs/open_source__deepseek_r1_14b__few_shot_validation_generator_critic_repair/case_80_staff_member_class/run_01.puml,dataset/case_80_staff_member_class/diagram.puml,sentence-transformers/all-MiniLM-L6-v2,0.800000,0.480000,"[""AssignedCampaign"",""Campaign Staff"",""CampaignStaff"",""Employed"",""Ex-employee"",""NotAssigned"",""NotCampaignStaff"",""Staff Contact""]","[""Assigned"",""Unassigned"",""Unemployed""]","[{""ground_truth_state"":""Employed"",""candidate_state"":""Unemployed"",""ground_truth_normalized"":""employed"",""candidate_normalized"":""unemployed"",""similarity"":0.658414,""match_type"":""relaxed""},{""ground_truth_state"":""NotAssigned"",""candidate_state"":""Assigned"",""ground_truth_normalized"":""not assigned"",""candidate_normalized"":""assigned"",""similarity"":0.857469,""match_type"":""strict""}]","[""AssignedCampaign"",""Campaign Staff"",""CampaignStaff"",""Ex-employee"",""NotCampaignStaff"",""Staff Contact""]","[""Unassigned""]",8,3,2,6,1,0.666667,0.25,0.363636
DeepSeek_R1_14B,few_shot,case_80_staff_member_class,final_results/runs/open_source__deepseek_r1_14b__few_shot/case_80_staff_member_class/run_01.puml,dataset/case_80_staff_member_class/diagram.puml,sentence-transformers/all-MiniLM-L6-v2,0.800000,0.480000,"[""AssignedCampaign"",""Campaign Staff"",""CampaignStaff"",""Employed"",""Ex-employee"",""NotAssigned"",""NotCampaignStaff"",""Staff Contact""]","[""Assigned"",""Unassigned"",""Unemployed""]","[{""ground_truth_state"":""Employed"",""candidate_state"":""Unemployed"",""ground_truth_normalized"":""employed"",""candidate_normalized"":""unemployed"",""similarity"":0.658414,""match_type"":""relaxed""},{""ground_truth_state"":""NotAssigned"",""candidate_state"":""Assigned"",""ground_truth_normalized"":""not assigned"",""candidate_normalized"":""assigned"",""similarity"":0.857469,""match_type"":""strict""}]","[""AssignedCampaign"",""Campaign Staff"",""CampaignStaff"",""Ex-employee"",""NotCampaignStaff"",""Staff Contact""]","[""Unassigned""]",8,3,2,6,1,0.666667,0.25,0.363636
DeepSeek_R1_14B,syntax_grounded_repair,case_80_staff_member_class,final_results/runs/open_source__deepseek_r1_14b__few_shot_validation_generator_critic_repair__syntax_grounded_no_rules/case_80_staff_member_class/run_01.puml,dataset/case_80_staff_member_class/diagram.puml,sentence-transformers/all-MiniLM-L6-v2,0.800000,0.480000,"[""AssignedCampaign"",""Campaign Staff"",""CampaignStaff"",""Employed"",""Ex-employee"",""NotAssigned"",""NotCampaignStaff"",""Staff Contact""]","[""Assigned"",""Unassigned"",""Unemployed""]","[{""ground_truth_state"":""Employed"",""candidate_state"":""Unemployed"",""ground_truth_normalized"":""employed"",""candidate_normalized"":""unemployed"",""similarity"":0.658414,""match_type"":""relaxed""},{""ground_truth_state"":""NotAssigned"",""candidate_state"":""Assigned"",""ground_truth_normalized"":""not assigned"",""candidate_normalized"":""assigned"",""similarity"":0.857469,""match_type"":""strict""}]","[""AssignedCampaign"",""Campaign Staff"",""CampaignStaff"",""Ex-employee"",""NotCampaignStaff"",""Staff Contact""]","[""Unassigned""]",8,3,2,6,1,0.666667,0.25,0.363636
Llama_3.1_8B,baseline_repair,case_80_staff_member_class,final_results/runs/open_source__llama31_8b_instruct__few_shot_validation_generator_critic_repair/case_80_staff_member_class/run_01.puml,dataset/case_80_staff_member_class/diagram.puml,sentence-transformers/all-MiniLM-L6-v2,0.800000,0.480000,"[""AssignedCampaign"",""Campaign Staff"",""CampaignStaff"",""Employed"",""Ex-employee"",""NotAssigned"",""NotCampaignStaff"",""Staff Contact""]","[""AddToCampaign"",""ArchiveRecord"",""Archived"",""AssignToClient"",""Assigned to campaign"",""Assigned to client"",""LeaveJob"",""SwitchAssignments"",""Unassigned"",""Unemployed""]","[{""ground_truth_state"":""AssignedCampaign"",""candidate_state"":""Assigned to campaign"",""ground_truth_normalized"":""assigned campaign"",""candidate_normalized"":""assigned to campaign"",""similarity"":0.949934,""match_type"":""strict""},{""ground_truth_state"":""Campaign Staff"",""candidate_state"":""AddToCampaign"",""ground_truth_normalized"":""campaign staff"",""candidate_normalized"":""add to campaign"",""similarity"":0.581292,""match_type"":""relaxed""},{""ground_truth_state"":""Employed"",""candidate_state"":""Unemployed"",""ground_truth_normalized"":""employed"",""candidate_normalized"":""unemployed"",""similarity"":0.658414,""match_type"":""relaxed""},{""ground_truth_state"":""NotAssigned"",""candidate_state"":""Assigned to client"",""ground_truth_normalized"":""not assigned"",""candidate_normalized"":""assigned to client"",""similarity"":0.54641,""match_type"":""relaxed""}]","[""CampaignStaff"",""Ex-employee"",""NotCampaignStaff"",""Staff Contact""]","[""ArchiveRecord"",""Archived"",""AssignToClient"",""LeaveJob"",""SwitchAssignments"",""Unassigned""]",8,10,4,4,6,0.4,0.5,0.444444
Llama_3.1_8B,few_shot,case_80_staff_member_class,final_results/runs/open_source__llama31_8b_instruct__few_shot/case_80_staff_member_class/run_01.puml,dataset/case_80_staff_member_class/diagram.puml,sentence-transformers/all-MiniLM-L6-v2,0.800000,0.480000,"[""AssignedCampaign"",""Campaign Staff"",""CampaignStaff"",""Employed"",""Ex-employee"",""NotAssigned"",""NotCampaignStaff"",""Staff Contact""]","[""AddToCampaign"",""ArchiveRecord"",""Archived"",""AssignToClient"",""Assigned to campaign"",""Assigned to client"",""LeaveJob"",""SwitchAssignments"",""Unassigned"",""Unemployed""]","[{""ground_truth_state"":""AssignedCampaign"",""candidate_state"":""Assigned to campaign"",""ground_truth_normalized"":""assigned campaign"",""candidate_normalized"":""assigned to campaign"",""similarity"":0.949934,""match_type"":""strict""},{""ground_truth_state"":""Campaign Staff"",""candidate_state"":""AddToCampaign"",""ground_truth_normalized"":""campaign staff"",""candidate_normalized"":""add to campaign"",""similarity"":0.581292,""match_type"":""relaxed""},{""ground_truth_state"":""Employed"",""candidate_state"":""Unemployed"",""ground_truth_normalized"":""employed"",""candidate_normalized"":""unemployed"",""similarity"":0.658414,""match_type"":""relaxed""},{""ground_truth_state"":""NotAssigned"",""candidate_state"":""Assigned to client"",""ground_truth_normalized"":""not assigned"",""candidate_normalized"":""assigned to client"",""similarity"":0.54641,""match_type"":""relaxed""}]","[""CampaignStaff"",""Ex-employee"",""NotCampaignStaff"",""Staff Contact""]","[""ArchiveRecord"",""Archived"",""AssignToClient"",""LeaveJob"",""SwitchAssignments"",""Unassigned""]",8,10,4,4,6,0.4,0.5,0.444444
Llama_3.1_8B,syntax_grounded_repair,case_80_staff_member_class,final_results/runs/open_source__llama31_8b_instruct__few_shot_validation_generator_critic_repair__syntax_grounded/case_80_staff_member_class/run_01.puml,dataset/case_80_staff_member_class/diagram.puml,sentence-transformers/all-MiniLM-L6-v2,0.800000,0.480000,"[""AssignedCampaign"",""Campaign Staff"",""CampaignStaff"",""Employed"",""Ex-employee"",""NotAssigned"",""NotCampaignStaff"",""Staff Contact""]","[""AddToCampaign"",""ArchiveRecord"",""Archived"",""AssignToClient"",""Assigned to campaign"",""Assigned to client"",""LeaveJob"",""SwitchAssignments"",""Unassigned"",""Unemployed""]","[{""ground_truth_state"":""AssignedCampaign"",""candidate_state"":""Assigned to campaign"",""ground_truth_normalized"":""assigned campaign"",""candidate_normalized"":""assigned to campaign"",""similarity"":0.949934,""match_type"":""strict""},{""ground_truth_state"":""Campaign Staff"",""candidate_state"":""AddToCampaign"",""ground_truth_normalized"":""campaign staff"",""candidate_normalized"":""add to campaign"",""similarity"":0.581292,""match_type"":""relaxed""},{""ground_truth_state"":""Employed"",""candidate_state"":""Unemployed"",""ground_truth_normalized"":""employed"",""candidate_normalized"":""unemployed"",""similarity"":0.658414,""match_type"":""relaxed""},{""ground_truth_state"":""NotAssigned"",""candidate_state"":""Assigned to client"",""ground_truth_normalized"":""not assigned"",""candidate_normalized"":""assigned to client"",""similarity"":0.54641,""match_type"":""relaxed""}]","[""CampaignStaff"",""Ex-employee"",""NotCampaignStaff"",""Staff Contact""]","[""ArchiveRecord"",""Archived"",""AssignToClient"",""LeaveJob"",""SwitchAssignments"",""Unassigned""]",8,10,4,4,6,0.4,0.5,0.444444
Mistral,baseline_repair,case_80_staff_member_class,final_results/runs/open_source__mistral__rag_validation_generator_critic_repair/case_80_staff_member_class/run_01.puml,dataset/case_80_staff_member_class/diagram.puml,sentence-transformers/all-MiniLM-L6-v2,0.800000,0.480000,"[""AssignedCampaign"",""Campaign Staff"",""CampaignStaff"",""Employed"",""Ex-employee"",""NotAssigned"",""NotCampaignStaff"",""Staff Contact""]","[""Archive"",""Archived"",""Assign"",""AssignedToCampaign"",""AssignedToClient"",""RemoveAssignment"",""LeaveJob"",""LoggedIn"",""LoggedOut"",""SwitchAssignment"",""Unassigned"",""Unemployed""]","[{""ground_truth_state"":""AssignedCampaign"",""candidate_state"":""AssignedToCampaign"",""ground_truth_normalized"":""assigned campaign"",""candidate_normalized"":""assigned to campaign"",""similarity"":0.949934,""match_type"":""strict""},{""ground_truth_state"":""Employed"",""candidate_state"":""Unemployed"",""ground_truth_normalized"":""employed"",""candidate_normalized"":""unemployed"",""similarity"":0.658414,""match_type"":""relaxed""},{""ground_truth_state"":""NotAssigned"",""candidate_state"":""Assign"",""ground_truth_normalized"":""not assigned"",""candidate_normalized"":""assign"",""similarity"":0.714916,""match_type"":""relaxed""}]","[""Campaign Staff"",""CampaignStaff"",""Ex-employee"",""NotCampaignStaff"",""Staff Contact""]","[""Archive"",""Archived"",""AssignedToClient"",""RemoveAssignment"",""LeaveJob"",""LoggedIn"",""LoggedOut"",""SwitchAssignment"",""Unassigned""]",8,12,3,5,9,0.25,0.375,0.3
Mistral,rag,case_80_staff_member_class,final_results/runs/open_source__mistral__rag/case_80_staff_member_class/run_01.puml,dataset/case_80_staff_member_class/diagram.puml,sentence-transformers/all-MiniLM-L6-v2,0.800000,0.480000,"[""AssignedCampaign"",""Campaign Staff"",""CampaignStaff"",""Employed"",""Ex-employee"",""NotAssigned"",""NotCampaignStaff"",""Staff Contact""]","[""Archive"",""Archived"",""Assign"",""AssignedToCampaign"",""AssignedToClient"",""RemoveAssignment"",""LeaveJob"",""LoggedIn"",""SwitchAssignment"",""Unassigned"",""Unemployed""]","[{""ground_truth_state"":""AssignedCampaign"",""candidate_state"":""AssignedToCampaign"",""ground_truth_normalized"":""assigned campaign"",""candidate_normalized"":""assigned to campaign"",""similarity"":0.949934,""match_type"":""strict""},{""ground_truth_state"":""Employed"",""candidate_state"":""Unemployed"",""ground_truth_normalized"":""employed"",""candidate_normalized"":""unemployed"",""similarity"":0.658414,""match_type"":""relaxed""},{""ground_truth_state"":""NotAssigned"",""candidate_state"":""Assign"",""ground_truth_normalized"":""not assigned"",""candidate_normalized"":""assign"",""similarity"":0.714916,""match_type"":""relaxed""}]","[""Campaign Staff"",""CampaignStaff"",""Ex-employee"",""NotCampaignStaff"",""Staff Contact""]","[""Archive"",""Archived"",""AssignedToClient"",""RemoveAssignment"",""LeaveJob"",""LoggedIn"",""SwitchAssignment"",""Unassigned""]",8,11,3,5,8,0.272727,0.375,0.315789
Mistral,syntax_grounded_repair,case_80_staff_member_class,final_results/runs/open_source__mistral__rag_validation_generator_critic_repair__syntax_grounded/case_80_staff_member_class/run_01.puml,dataset/case_80_staff_member_class/diagram.puml,sentence-transformers/all-MiniLM-L6-v2,0.800000,0.480000,"[""AssignedCampaign"",""Campaign Staff"",""CampaignStaff"",""Employed"",""Ex-employee"",""NotAssigned"",""NotCampaignStaff"",""Staff Contact""]","[""Archive"",""Archived"",""Assign"",""AssignedToCampaign"",""AssignedToClient"",""RemoveAssignment"",""LeaveJob"",""LoggedIn"",""SwitchAssignment"",""Unassigned"",""Unemployed""]","[{""ground_truth_state"":""AssignedCampaign"",""candidate_state"":""AssignedToCampaign"",""ground_truth_normalized"":""assigned campaign"",""candidate_normalized"":""assigned to campaign"",""similarity"":0.949934,""match_type"":""strict""},{""ground_truth_state"":""Employed"",""candidate_state"":""Unemployed"",""ground_truth_normalized"":""employed"",""candidate_normalized"":""unemployed"",""similarity"":0.658414,""match_type"":""relaxed""},{""ground_truth_state"":""NotAssigned"",""candidate_state"":""Assign"",""ground_truth_normalized"":""not assigned"",""candidate_normalized"":""assign"",""similarity"":0.714916,""match_type"":""relaxed""}]","[""Campaign Staff"",""CampaignStaff"",""Ex-employee"",""NotCampaignStaff"",""Staff Contact""]","[""Archive"",""Archived"",""AssignedToClient"",""RemoveAssignment"",""LeaveJob"",""LoggedIn"",""SwitchAssignment"",""Unassigned""]",8,11,3,5,8,0.272727,0.375,0.315789
Qwen_2.5_7B,baseline_repair,case_80_staff_member_class,final_results/runs/open_source__qwen25_7b_instruct__rag_validation_generator_critic_repair/case_80_staff_member_class/run_01.puml,dataset/case_80_staff_member_class/diagram.puml,sentence-transformers/all-MiniLM-L6-v2,0.800000,0.480000,"[""AssignedCampaign"",""Campaign Staff"",""CampaignStaff"",""Employed"",""Ex-employee"",""NotAssigned"",""NotCampaignStaff"",""Staff Contact""]","[""Assigned"",""Unassigned"",""Working""]","[{""ground_truth_state"":""Employed"",""candidate_state"":""Working"",""ground_truth_normalized"":""employed"",""candidate_normalized"":""working"",""similarity"":0.651837,""match_type"":""relaxed""},{""ground_truth_state"":""NotAssigned"",""candidate_state"":""Assigned"",""ground_truth_normalized"":""not assigned"",""candidate_normalized"":""assigned"",""similarity"":0.857469,""match_type"":""strict""}]","[""AssignedCampaign"",""Campaign Staff"",""CampaignStaff"",""Ex-employee"",""NotCampaignStaff"",""Staff Contact""]","[""Unassigned""]",8,3,2,6,1,0.666667,0.25,0.363636
Qwen_2.5_7B,rag,case_80_staff_member_class,final_results/runs/open_source__qwen25_7b_instruct__rag/case_80_staff_member_class/run_01.puml,dataset/case_80_staff_member_class/diagram.puml,sentence-transformers/all-MiniLM-L6-v2,0.800000,0.480000,"[""AssignedCampaign"",""Campaign Staff"",""CampaignStaff"",""Employed"",""Ex-employee"",""NotAssigned"",""NotCampaignStaff"",""Staff Contact""]","[""Assigned"",""Unassigned"",""Working""]","[{""ground_truth_state"":""Employed"",""candidate_state"":""Working"",""ground_truth_normalized"":""employed"",""candidate_normalized"":""working"",""similarity"":0.651837,""match_type"":""relaxed""},{""ground_truth_state"":""NotAssigned"",""candidate_state"":""Assigned"",""ground_truth_normalized"":""not assigned"",""candidate_normalized"":""assigned"",""similarity"":0.857469,""match_type"":""strict""}]","[""AssignedCampaign"",""Campaign Staff"",""CampaignStaff"",""Ex-employee"",""NotCampaignStaff"",""Staff Contact""]","[""Unassigned""]",8,3,2,6,1,0.666667,0.25,0.363636
Qwen_2.5_7B,syntax_grounded_repair,case_80_staff_member_class,final_results/runs/open_source__qwen25_7b_instruct__rag_validation_generator_critic_repair__syntax_grounded_no_rules_original_rag/case_80_staff_member_class/run_01.puml,dataset/case_80_staff_member_class/diagram.puml,sentence-transformers/all-MiniLM-L6-v2,0.800000,0.480000,"[""AssignedCampaign"",""Campaign Staff"",""CampaignStaff"",""Employed"",""Ex-employee"",""NotAssigned"",""NotCampaignStaff"",""Staff Contact""]","[""Assigned"",""Unassigned"",""Working""]","[{""ground_truth_state"":""Employed"",""candidate_state"":""Working"",""ground_truth_normalized"":""employed"",""candidate_normalized"":""working"",""similarity"":0.651837,""match_type"":""relaxed""},{""ground_truth_state"":""NotAssigned"",""candidate_state"":""Assigned"",""ground_truth_normalized"":""not assigned"",""candidate_normalized"":""assigned"",""similarity"":0.857469,""match_type"":""strict""}]","[""AssignedCampaign"",""Campaign Staff"",""CampaignStaff"",""Ex-employee"",""NotCampaignStaff"",""Staff Contact""]","[""Unassigned""]",8,3,2,6,1,0.666667,0.25,0.363636
